variant,seed,split,case,R_mm,L_mm,alpha_womersley,kappa,eps,De,pp_dir_10deg,cos_signed_median,frac_flipped,angle_median_deg
sage_cosserat_withleak,1337,test,cs_008_R10p3_L219p9_a10p1_k0p005,10.332632062001387,219.86319845391617,10.142430618716505,0.0053904580648451985,0.046995732503942136,0.05569761982969345,1.0,0.9991782903671265,0.0,2.322878837585449
sage_cosserat_withleak,1337,test,cs_011_R14p0_L181p9_a03p0_k0p014,14.044006058026058,181.87220676453305,3.0168575708216334,0.014121937351325617,0.077219088654973,0.1983285737130814,1.0,0.9995457530021667,0.0,1.727030873298645
sage_cosserat_withleak,1337,test,cs_036_R17p3_L276p1_a08p0_k0p003,17.31499466778154,276.12701618004564,8.021361701813102,0.0029834969688785585,0.06270663011290241,0.05165923410747463,1.0,0.9995248317718506,0.0,1.7663570642471313
sage_cosserat_withleak,1337,test,cs_041_R16p4_L126p5_a08p0_k0p021,16.380952953924872,126.50298452981617,7.9710182832138035,0.02124330119733147,0.1294906441520671,0.34798551749954276,1.0,0.9988532662391663,0.0,2.744166135787964
sage_cosserat_withleak,1337,test,cs_042_R09p1_L132p8_a10p7_k0p011,9.07428353129959,132.76355859514942,10.712075744884107,0.010660025037295294,0.06834920385774537,0.09673208963916997,1.0,0.999411940574646,0.0,1.965031385421753
sage_cosserat_withleak,1337,test,cs_043_R12p3_L259p6_a06p1_k0p020,12.297612930140655,259.5885815717731,6.138198863286343,0.01974936588961313,0.04737347403988381,0.24287005732618525,1.0,0.9993451833724976,0.0,2.0735816955566406
sage_cosserat_withleak,1337,test,cs_069_R13p1_L102p9_a09p7_k0p009,13.148822734681907,102.86134202123537,9.659537039244858,0.008785096495739686,0.12783055787826858,0.11551367652955634,1.0,0.9994979500770569,0.0,1.8156379461288452
sage_cosserat_withleak,1337,test,cs_073_R17p1_L219p1_a08p8_k0p003,17.052436405248233,219.11549442691114,8.814141439119714,0.0029927805368692127,0.07782396425158468,0.05103419977982692,1.0,0.9993985295295715,0.0,1.987314224243164
sage_cosserat_withleak,1337,test,cs_077_R09p2_L151p4_a10p0_k0p005,9.20785348784141,151.41657260303316,9.988312383907285,0.005444190983975563,0.06081139818150236,0.050129312940274146,1.0,0.9998878836631775,0.0,0.8579779267311096
sage_cosserat_withleak,1337,test,cs_101_R17p1_L296p7_a11p6_k0p014,17.06116325157632,296.7454777876344,11.553969292706446,0.014261996667051307,0.05749426538451287,0.2433262534299997,1.0,0.9993851780891418,0.0,2.0092525482177734
sage_cosserat_withleak,1337,test,cs_103_R15p3_L286p2_a07p5_k0p006,15.26161829168939,286.18579683017697,7.52249632089859,0.006024006987283315,0.05332765797858813,0.09193609522638774,1.0,0.9997895956039429,0.0,1.1753647327423096
sage_cosserat_withleak,1337,test,cs_108_R15p3_L157p3_a02p2_k0p017,15.293754870832325,157.25614939483324,2.219900141123518,0.01652590291086547,0.09725377945274051,0.25274310813795087,1.0,0.9996728301048279,0.0,1.4656696319580078
sage_cosserat_withleak,1337,test,cs_127_R09p9_L248p0_a10p7_k0p027,9.92130915509264,248.0385827557328,10.675877396634963,0.026674469300049557,0.03999905597292941,0.26464565647381927,1.0,0.9994906783103943,0.0,1.8287408351898193
sage_cosserat_withleak,1337,test,cs_141_R11p5_L262p4_a02p2_k0p000,11.458340278600033,262.4340458867466,2.23603363554198,0.00012757021987368057,0.04366179029814172,0.0014617429887284563,1.0,0.9999204874038696,0.0,0.7223988771438599
sage_cosserat_withleak,1337,test,cs_145_R10p7_L132p0_a11p4_k0p027,10.68541526716421,132.04906413974186,11.393989353830287,0.02683932389225749,0.08092003784181533,0.28678932127869333,0.9698619482792145,0.9978092312812805,0.0,3.7932822704315186
sage_cosserat_withleak,1337,test,cs_150_R11p5_L181p7_a04p6_k0p020,11.518299636477002,181.71355082438,4.598057815988547,0.019514730234116283,0.0633871254192212,0.22477651016156833,1.0,0.9995990991592407,0.0,1.6223866939544678
sage_cosserat_withleak,1337,test,cs_167_R08p2_L205p2_a11p9_k0p029,8.167573366253167,205.18563210404523,11.938348744333847,0.028818352151288754,0.03980577627439121,0.23537600549017068,1.0,0.9991419315338135,0.0,2.373720645904541
sage_cosserat_withleak,1337,test,cs_203_R08p2_L122p5_a11p7_k0p007,8.217382794358745,122.54736312710918,11.737120847034058,0.006959456601839249,0.0670547499731632,0.057188518938040216,1.0,0.9992807507514954,0.0,2.173218250274658
sage_cosserat_withleak,1337,test,cs_204_R12p4_L232p8_a05p2_k0p008,12.432576699850076,232.80822831481788,5.207207074882933,0.008287663442116892,0.05340265157225443,0.10303701140666176,1.0,0.999725341796875,0.0,1.3429733514785767
sage_cosserat_withleak,1337,test,cs_206_R09p6_L215p3_a11p8_k0p017,9.638041884761433,215.2839528442758,11.817075619528502,0.017454471858595003,0.04476897491627277,0.16822693084952836,1.0,0.9988260269165039,0.0,2.776573657989502
sage_cosserat_withleak,1337,test,cs_207_R14p8_L249p3_a02p6_k0p016,14.829240881322207,249.25664949252578,2.6215250192799315,0.01590100405059888,0.059493862697399674,0.23579981932121089,1.0,0.9997674226760864,0.0,1.2356681823730469
sage_cosserat_withleak,1337,test,cs_209_R10p1_L101p7_a07p4_k0p010,10.120819917927488,101.7083360980719,7.440285153684869,0.00990678838805335,0.0995082635917721,0.1002648212405031,1.0,0.9998400211334229,0.0,1.0247883796691895
sage_cosserat_withleak,1337,test,cs_212_R12p3_L211p8_a06p3_k0p019,12.338677853831664,211.80580528278526,6.342760122167442,0.018696010110296455,0.05825467265808934,0.23068404590292776,1.0,0.999798595905304,0.0,1.1499502658843994
sage_cosserat_withleak,1337,test,cs_221_R10p5_L204p7_a03p8_k0p014,10.490382252632225,204.67218480322697,3.8459641754550846,0.0138257058482252,0.05125455744129443,0.14503693926033523,1.0,0.9995301961898804,0.0,1.7564131021499634
sage_cosserat_withleak,1337,test,cs_227_R14p4_L277p1_a05p3_k0p014,14.418427658248241,277.1340038172114,5.301363838105172,0.01396688597456547,0.052026916436274516,0.20138053503527423,1.0,0.99955153465271,0.0,1.7160038948059082
sage_cosserat_withleak,1337,test,cs_231_R13p0_L240p3_a05p5_k0p019,12.97148968239227,240.34910386029168,5.529877524013183,0.019003727820144537,0.053969369862648796,0.2465066593459958,1.0,0.9996184706687927,0.0,1.582761287689209
sage_cosserat_withleak,1337,test,cs_232_R15p7_L186p4_a07p6_k0p012,15.654714235548212,186.38536863997828,7.595966650351917,0.01240612882235181,0.08399111126467677,0.19421440148331587,1.0,0.999737560749054,0.0,1.312687873840332
sage_cosserat_withleak,1337,test,cs_234_R09p0_L188p8_a06p9_k0p030,9.039784318877945,188.7543935856657,6.857262450562726,0.029651210053235406,0.0478917822634696,0.2680405436749935,1.0,0.999475359916687,0.0,1.8560400009155273
sage_cosserat_withleak,1337,test,cs_237_R11p3_L274p9_a11p9_k0p019,11.34108282364878,274.8799492157583,11.889809393813541,0.01891886211767744,0.04125831242331523,0.21456038220577117,1.0,0.9988900423049927,0.0,2.699796199798584
sage_cosserat_withleak,1337,test,cs_243_R10p7_L196p9_a03p5_k0p020,10.685120152308635,196.91921575267133,3.4852042530363283,0.020074742814701573,0.054261439704945014,0.21450103900178072,1.0,0.9998294115066528,0.0,1.0584163665771484
sage_cosserat_withleak,1337,test,cs_244_R11p7_L295p1_a04p8_k0p019,11.695820140082057,295.08370829461035,4.7886023453704265,0.01872456140796538,0.039635601055972226,0.21899910242948478,1.0,0.9998438954353333,0.0,1.0123975276947021
sage_cosserat_withleak,1337,test,cs_249_R13p4_L183p9_a06p3_k0p012,13.379656937996563,183.94270592169076,6.253312234722841,0.011863671098384052,0.07273817611279805,0.15873184932160347,0.9957289846631722,0.9992044568061829,0.0,2.2855896949768066
sage_cosserat_withleak,1337,test,cs_255_R10p5_L206p1_a06p2_k0p025,10.526340555463111,206.14315889437802,6.240269051325278,0.02524660378219265,0.05106325435158639,0.26575434928020286,1.0,0.9996867179870605,0.0,1.4342230558395386
sage_cosserat_withleak,1337,test,cs_267_R15p8_L136p0_a09p0_k0p011,15.841647847201518,136.00586823878572,9.002830388550995,0.010930430195646728,0.11647767888506334,0.17315602597785346,1.0,0.9995206594467163,0.0,1.7741508483886719
sage_cosserat_withleak,1337,test,cs_291_R12p7_L154p6_a11p6_k0p026,12.732700950050912,154.56718024184406,11.635933302839938,0.026381135330233136,0.08237648464653784,0.33590310688268116,1.0,0.999160647392273,0.0,2.347687005996704
sage_cosserat_withleak,1337,test,cs_292_R14p4_L187p7_a06p1_k0p018,14.387564331140076,187.69446004590728,6.091070410185052,0.01817182441893697,0.07665417683410097,0.2614482928416378,1.0,0.999708890914917,0.0,1.3825347423553467
sage_cosserat_withleak,1337,val,cs_000_R09p8_L228p0_a06p7_k0p015,9.789348136754361,227.9826331430309,6.672684011434852,0.014820021084321922,0.04293900812441602,0.14507834578846715,1.0,0.999790608882904,0.0,1.1725308895111084
sage_cosserat_withleak,1337,val,cs_010_R11p6_L163p7_a05p1_k0p005,11.550610145885386,163.73579328774903,5.1366674156380805,0.004713985780975811,0.07054419753893616,0.05444941198929865,1.0,0.9996570944786072,0.0,1.5005043745040894
sage_cosserat_withleak,1337,val,cs_044_R15p5_L133p3_a07p4_k0p004,15.535177069130189,133.3034756178414,7.401208121935621,0.004461336701963621,0.11653992513793807,0.06930765563001415,1.0,0.9994580149650574,0.0,1.8864742517471313
sage_cosserat_withleak,1337,val,cs_056_R13p8_L203p6_a05p8_k0p003,13.778802937632774,203.5513047123528,5.821946206602572,0.0031107731319378563,0.06769203939569043,0.04286272996865444,1.0,0.9991336464881897,0.0,2.3851547241210938
sage_cosserat_withleak,1337,val,cs_064_R10p8_L101p0_a03p4_k0p031,10.796119193782612,101.01214607231668,3.4248162866480163,0.03110729395226966,0.1068794161253979,0.3358380533047362,1.0,0.9996004700660706,0.0,1.6196706295013428
sage_cosserat_withleak,1337,val,cs_074_R17p1_L141p4_a09p2_k0p020,17.100988944392856,141.41770281837591,9.179064872954681,0.019773118911264792,0.12092537641030571,0.3381398878977045,1.0,0.9997351169586182,0.0,1.3187859058380127
sage_cosserat_withleak,1337,val,cs_086_R10p0_L275p8_a10p8_k0p020,10.04139294969339,275.84623706717616,10.791822930263493,0.019800424415586795,0.03640213858435936,0.19882384212761012,1.0,0.9993263483047485,0.0,2.103149175643921
sage_cosserat_withleak,1337,val,cs_090_R13p9_L105p0_a06p5_k0p012,13.88716063125649,104.97689554401948,6.534815367450279,0.012241659663291484,0.1322877816046032,0.17000189413730207,1.0,0.9996970891952515,0.0,1.410282015800476
sage_cosserat_withleak,1337,val,cs_105_R12p5_L237p2_a07p2_k0p018,12.487717707176497,237.1990006516807,7.196482412958837,0.0181509031980451,0.05264658650697403,0.2266633552674743,1.0,0.9995896220207214,0.0,1.6415135860443115
sage_cosserat_withleak,1337,val,cs_117_R12p5_L100p7_a10p5_k0p010,12.515629257465857,100.65926548640257,10.488117451574483,0.01024315845605953,0.12433658438682445,0.12819957366151744,1.0,0.9998495578765869,0.0,0.9938659071922302
sage_cosserat_withleak,1337,val,cs_120_R10p1_L144p9_a04p9_k0p014,10.084726977879201,144.87440743102388,4.9044366749501185,0.014046124818042287,0.06961013443786224,0.14165133388716963,1.0,0.9992696046829224,0.0,2.1899945735931396
sage_cosserat_withleak,1337,val,cs_154_R09p8_L277p9_a04p5_k0p001,9.786235109693399,277.90254292644227,4.470856904033879,0.0010586313566167327,0.03521462958431333,0.010360015350345022,1.0,0.9998248815536499,0.0,1.0722841024398804
sage_cosserat_withleak,1337,val,cs_163_R16p2_L152p7_a09p6_k0p006,16.198749765649147,152.71987348386645,9.616329901244171,0.006459260849737745,0.1060683812533436,0.10463195017595601,1.0,0.9997527599334717,0.0,1.2741072177886963
sage_cosserat_withleak,1337,val,cs_181_R08p3_L115p6_a11p2_k0p013,8.251120705485146,115.56542371606969,11.165520861428346,0.013081764804294354,0.07139783198266253,0.10793922044099999,1.0,0.9989599585533142,0.0,2.613368034362793
sage_cosserat_withleak,1337,val,cs_182_R08p6_L137p8_a02p8_k0p001,8.598629938826313,137.79496076059377,2.7830575511755864,0.0014826998156791183,0.06240162841488559,0.012749187025390723,1.0,0.9997142553329468,0.0,1.3697364330291748
sage_cosserat_withleak,1337,val,cs_191_R11p6_L122p1_a04p5_k0p001,11.556692137858366,122.07713103471991,4.539556893118883,0.000992905899107872,0.09466713412990949,0.011474707797853135,1.0,0.9995812177658081,0.0,1.6582380533218384
sage_cosserat_withleak,1337,val,cs_192_R09p6_L112p9_a08p3_k0p013,9.62626406234593,112.86084808263581,8.328318774743273,0.012966750816968898,0.08529321040807399,0.12482136739478242,1.0,0.9997027516365051,0.0,1.3970376253128052
sage_cosserat_withleak,1337,val,cs_198_R10p6_L134p7_a03p0_k0p024,10.600010918578532,134.70627910668327,3.0387794839948383,0.023869624648933822,0.07868980561911035,0.25301828190106973,1.0,0.9996464252471924,0.0,1.52373468875885
sage_cosserat_withleak,1337,val,cs_208_R15p1_L211p3_a09p7_k0p011,15.118689716695576,211.32200135358565,9.722945689626343,0.010666787766914671,0.07154337749905589,0.16126785452182701,1.0,0.9997169971466064,0.0,1.3631486892700195
sage_cosserat_withleak,1337,val,cs_242_R11p1_L144p0_a05p5_k0p028,11.059500088639602,144.02331857351896,5.4797552543880785,0.027517248613048124,0.07678964905251859,0.3043270134751237,1.0,0.999230682849884,0.0,2.2475955486297607
sage_cosserat_withleak,1337,val,cs_261_R12p9_L253p3_a07p9_k0p018,12.906835133732944,253.2871487259385,7.877427617712564,0.0175134431064908,0.050957323333045944,0.22604312279948843,1.0,0.9993844032287598,0.0,2.0105185508728027
sage_cosserat_withleak,1337,val,cs_282_R10p0_L204p3_a04p6_k0p006,10.018613235043922,204.29971991412128,4.610087289346258,0.005659941338303978,0.04903880063690401,0.05670476320150444,1.0,0.9995984435081482,0.0,1.6237735748291016
sage_cosserat_withleak,1337,val,cs_289_R10p0_L261p4_a06p9_k0p031,10.013484458500468,261.37708247023414,6.937621506430334,0.031176595146921768,0.038310491355495226,0.31218635097266223,1.0,0.999735951423645,0.0,1.3166325092315674
sage_cosserat_withleak,1337,val,cs_295_R15p8_L158p7_a04p0_k0p015,15.815991131355483,158.68764716391132,3.9849693050340145,0.014939235824352927,0.09966743734639195,0.23627882130719402,1.0,0.9998430609703064,0.0,1.0150998830795288
sage_cosserat_withleak,2026,test,cs_008_R10p3_L219p9_a10p1_k0p005,10.332632062001387,219.86319845391617,10.142430618716505,0.0053904580648451985,0.046995732503942136,0.05569761982969345,1.0,0.999550998210907,0.0,1.7170300483703613
sage_cosserat_withleak,2026,test,cs_011_R14p0_L181p9_a03p0_k0p014,14.044006058026058,181.87220676453305,3.0168575708216334,0.014121937351325617,0.077219088654973,0.1983285737130814,1.0,0.9998612403869629,0.0,0.9544960260391235
sage_cosserat_withleak,2026,test,cs_036_R17p3_L276p1_a08p0_k0p003,17.31499466778154,276.12701618004564,8.021361701813102,0.0029834969688785585,0.06270663011290241,0.05165923410747463,1.0,0.9997397661209106,0.0,1.3071606159210205
sage_cosserat_withleak,2026,test,cs_041_R16p4_L126p5_a08p0_k0p021,16.380952953924872,126.50298452981617,7.9710182832138035,0.02124330119733147,0.1294906441520671,0.34798551749954276,1.0,0.9988523721694946,0.0,2.7452356815338135
sage_cosserat_withleak,2026,test,cs_042_R09p1_L132p8_a10p7_k0p011,9.07428353129959,132.76355859514942,10.712075744884107,0.010660025037295294,0.06834920385774537,0.09673208963916997,1.0,0.9996019005775452,0.0,1.6167683601379395
sage_cosserat_withleak,2026,test,cs_043_R12p3_L259p6_a06p1_k0p020,12.297612930140655,259.5885815717731,6.138198863286343,0.01974936588961313,0.04737347403988381,0.24287005732618525,1.0,0.9994544982910156,0.0,1.8925851583480835
sage_cosserat_withleak,2026,test,cs_069_R13p1_L102p9_a09p7_k0p009,13.148822734681907,102.86134202123537,9.659537039244858,0.008785096495739686,0.12783055787826858,0.11551367652955634,1.0,0.9995670914649963,0.0,1.6859759092330933
sage_cosserat_withleak,2026,test,cs_073_R17p1_L219p1_a08p8_k0p003,17.052436405248233,219.11549442691114,8.814141439119714,0.0029927805368692127,0.07782396425158468,0.05103419977982692,1.0,0.9997108578681946,0.0,1.3778557777404785
sage_cosserat_withleak,2026,test,cs_077_R09p2_L151p4_a10p0_k0p005,9.20785348784141,151.41657260303316,9.988312383907285,0.005444190983975563,0.06081139818150236,0.050129312940274146,1.0,0.9997637271881104,0.0,1.2455267906188965
sage_cosserat_withleak,2026,test,cs_101_R17p1_L296p7_a11p6_k0p014,17.06116325157632,296.7454777876344,11.553969292706446,0.014261996667051307,0.05749426538451287,0.2433262534299997,1.0,0.999675989151001,0.0,1.4586431980133057
sage_cosserat_withleak,2026,test,cs_103_R15p3_L286p2_a07p5_k0p006,15.26161829168939,286.18579683017697,7.52249632089859,0.006024006987283315,0.05332765797858813,0.09193609522638774,1.0,0.999791145324707,0.0,1.1709444522857666
sage_cosserat_withleak,2026,test,cs_108_R15p3_L157p3_a02p2_k0p017,15.293754870832325,157.25614939483324,2.219900141123518,0.01652590291086547,0.09725377945274051,0.25274310813795087,1.0,0.9998949766159058,0.0,0.8303943872451782
sage_cosserat_withleak,2026,test,cs_127_R09p9_L248p0_a10p7_k0p027,9.92130915509264,248.0385827557328,10.675877396634963,0.026674469300049557,0.03999905597292941,0.26464565647381927,1.0,0.9996217489242554,0.0,1.5759460926055908
sage_cosserat_withleak,2026,test,cs_141_R11p5_L262p4_a02p2_k0p000,11.458340278600033,262.4340458867466,2.23603363554198,0.00012757021987368057,0.04366179029814172,0.0014617429887284563,1.0,0.9995309114456177,0.0,1.755075454711914
sage_cosserat_withleak,2026,test,cs_145_R10p7_L132p0_a11p4_k0p027,10.68541526716421,132.04906413974186,11.393989353830287,0.02683932389225749,0.08092003784181533,0.28678932127869333,0.8806144273770173,0.9976158142089844,0.0,3.957254409790039
sage_cosserat_withleak,2026,test,cs_150_R11p5_L181p7_a04p6_k0p020,11.518299636477002,181.71355082438,4.598057815988547,0.019514730234116283,0.0633871254192212,0.22477651016156833,1.0,0.9993269443511963,0.0,2.102264881134033
sage_cosserat_withleak,2026,test,cs_167_R08p2_L205p2_a11p9_k0p029,8.167573366253167,205.18563210404523,11.938348744333847,0.028818352151288754,0.03980577627439121,0.23537600549017068,1.0,0.9994485974311829,0.0,1.9027947187423706
sage_cosserat_withleak,2026,test,cs_203_R08p2_L122p5_a11p7_k0p007,8.217382794358745,122.54736312710918,11.737120847034058,0.006959456601839249,0.0670547499731632,0.057188518938040216,1.0,0.9995171427726746,0.0,1.7805919647216797
sage_cosserat_withleak,2026,test,cs_204_R12p4_L232p8_a05p2_k0p008,12.432576699850076,232.80822831481788,5.207207074882933,0.008287663442116892,0.05340265157225443,0.10303701140666176,1.0,0.9997751712799072,0.0,1.2150673866271973
sage_cosserat_withleak,2026,test,cs_206_R09p6_L215p3_a11p8_k0p017,9.638041884761433,215.2839528442758,11.817075619528502,0.017454471858595003,0.04476897491627277,0.16822693084952836,1.0,0.9994044303894043,0.0,1.9775407314300537
sage_cosserat_withleak,2026,test,cs_207_R14p8_L249p3_a02p6_k0p016,14.829240881322207,249.25664949252578,2.6215250192799315,0.01590100405059888,0.059493862697399674,0.23579981932121089,1.0,0.9998358488082886,0.0,1.0381629467010498
sage_cosserat_withleak,2026,test,cs_209_R10p1_L101p7_a07p4_k0p010,10.120819917927488,101.7083360980719,7.440285153684869,0.00990678838805335,0.0995082635917721,0.1002648212405031,1.0,0.999875545501709,0.0,0.9038479328155518
sage_cosserat_withleak,2026,test,cs_212_R12p3_L211p8_a06p3_k0p019,12.338677853831664,211.80580528278526,6.342760122167442,0.018696010110296455,0.05825467265808934,0.23068404590292776,1.0,0.999713122844696,0.0,1.372448205947876
sage_cosserat_withleak,2026,test,cs_221_R10p5_L204p7_a03p8_k0p014,10.490382252632225,204.67218480322697,3.8459641754550846,0.0138257058482252,0.05125455744129443,0.14503693926033523,1.0,0.9997014999389648,0.0,1.4000459909439087
sage_cosserat_withleak,2026,test,cs_227_R14p4_L277p1_a05p3_k0p014,14.418427658248241,277.1340038172114,5.301363838105172,0.01396688597456547,0.052026916436274516,0.20138053503527423,1.0,0.9995518326759338,0.0,1.7154334783554077
sage_cosserat_withleak,2026,test,cs_231_R13p0_L240p3_a05p5_k0p019,12.97148968239227,240.34910386029168,5.529877524013183,0.019003727820144537,0.053969369862648796,0.2465066593459958,1.0,0.9997212886810303,0.0,1.3527730703353882
sage_cosserat_withleak,2026,test,cs_232_R15p7_L186p4_a07p6_k0p012,15.654714235548212,186.38536863997828,7.595966650351917,0.01240612882235181,0.08399111126467677,0.19421440148331587,1.0,0.9993630647659302,0.0,2.0450706481933594
sage_cosserat_withleak,2026,test,cs_234_R09p0_L188p8_a06p9_k0p030,9.039784318877945,188.7543935856657,6.857262450562726,0.029651210053235406,0.0478917822634696,0.2680405436749935,1.0,0.9996539950370789,0.0,1.5072708129882812
sage_cosserat_withleak,2026,test,cs_237_R11p3_L274p9_a11p9_k0p019,11.34108282364878,274.8799492157583,11.889809393813541,0.01891886211767744,0.04125831242331523,0.21456038220577117,1.0,0.9995759725570679,0.0,1.668649673461914
sage_cosserat_withleak,2026,test,cs_243_R10p7_L196p9_a03p5_k0p020,10.685120152308635,196.91921575267133,3.4852042530363283,0.020074742814701573,0.054261439704945014,0.21450103900178072,1.0,0.9996257424354553,0.0,1.5676043033599854
sage_cosserat_withleak,2026,test,cs_244_R11p7_L295p1_a04p8_k0p019,11.695820140082057,295.08370829461035,4.7886023453704265,0.01872456140796538,0.039635601055972226,0.21899910242948478,1.0,0.9997971653938293,0.0,1.154026985168457
sage_cosserat_withleak,2026,test,cs_249_R13p4_L183p9_a06p3_k0p012,13.379656937996563,183.94270592169076,6.253312234722841,0.011863671098384052,0.07273817611279805,0.15873184932160347,1.0,0.9996351003646851,0.0,1.5478808879852295
sage_cosserat_withleak,2026,test,cs_255_R10p5_L206p1_a06p2_k0p025,10.526340555463111,206.14315889437802,6.240269051325278,0.02524660378219265,0.05106325435158639,0.26575434928020286,1.0,0.999447762966156,0.0,1.9042341709136963
sage_cosserat_withleak,2026,test,cs_267_R15p8_L136p0_a09p0_k0p011,15.841647847201518,136.00586823878572,9.002830388550995,0.010930430195646728,0.11647767888506334,0.17315602597785346,1.0,0.9999271631240845,0.0,0.6916792392730713
sage_cosserat_withleak,2026,test,cs_291_R12p7_L154p6_a11p6_k0p026,12.732700950050912,154.56718024184406,11.635933302839938,0.026381135330233136,0.08237648464653784,0.33590310688268116,1.0,0.9994707107543945,0.0,1.8642464876174927
sage_cosserat_withleak,2026,test,cs_292_R14p4_L187p7_a06p1_k0p018,14.387564331140076,187.69446004590728,6.091070410185052,0.01817182441893697,0.07665417683410097,0.2614482928416378,1.0,0.9995848536491394,0.0,1.6510233879089355
sage_cosserat_withleak,2026,val,cs_000_R09p8_L228p0_a06p7_k0p015,9.789348136754361,227.9826331430309,6.672684011434852,0.014820021084321922,0.04293900812441602,0.14507834578846715,1.0,0.9997365474700928,0.0,1.315219759941101
sage_cosserat_withleak,2026,val,cs_010_R11p6_L163p7_a05p1_k0p005,11.550610145885386,163.73579328774903,5.1366674156380805,0.004713985780975811,0.07054419753893616,0.05444941198929865,1.0,0.9997087121009827,0.0,1.382959246635437
sage_cosserat_withleak,2026,val,cs_044_R15p5_L133p3_a07p4_k0p004,15.535177069130189,133.3034756178414,7.401208121935621,0.004461336701963621,0.11653992513793807,0.06930765563001415,1.0,0.9998225569725037,0.0,1.0793778896331787
sage_cosserat_withleak,2026,val,cs_056_R13p8_L203p6_a05p8_k0p003,13.778802937632774,203.5513047123528,5.821946206602572,0.0031107731319378563,0.06769203939569043,0.04286272996865444,1.0,0.9995577335357666,0.0,1.7041021585464478
sage_cosserat_withleak,2026,val,cs_064_R10p8_L101p0_a03p4_k0p031,10.796119193782612,101.01214607231668,3.4248162866480163,0.03110729395226966,0.1068794161253979,0.3358380533047362,1.0,0.999793529510498,0.0,1.1644086837768555
sage_cosserat_withleak,2026,val,cs_074_R17p1_L141p4_a09p2_k0p020,17.100988944392856,141.41770281837591,9.179064872954681,0.019773118911264792,0.12092537641030571,0.3381398878977045,1.0,0.9998152852058411,0.0,1.1012734174728394
sage_cosserat_withleak,2026,val,cs_086_R10p0_L275p8_a10p8_k0p020,10.04139294969339,275.84623706717616,10.791822930263493,0.019800424415586795,0.03640213858435936,0.19882384212761012,1.0,0.9996219873428345,0.0,1.5755114555358887
sage_cosserat_withleak,2026,val,cs_090_R13p9_L105p0_a06p5_k0p012,13.88716063125649,104.97689554401948,6.534815367450279,0.012241659663291484,0.1322877816046032,0.17000189413730207,1.0,0.999819815158844,0.0,1.0876853466033936
sage_cosserat_withleak,2026,val,cs_105_R12p5_L237p2_a07p2_k0p018,12.487717707176497,237.1990006516807,7.196482412958837,0.0181509031980451,0.05264658650697403,0.2266633552674743,1.0,0.9995859861373901,0.0,1.648769736289978
sage_cosserat_withleak,2026,val,cs_117_R12p5_L100p7_a10p5_k0p010,12.515629257465857,100.65926548640257,10.488117451574483,0.01024315845605953,0.12433658438682445,0.12819957366151744,1.0,0.999813437461853,0.0,1.106768012046814
sage_cosserat_withleak,2026,val,cs_120_R10p1_L144p9_a04p9_k0p014,10.084726977879201,144.87440743102388,4.9044366749501185,0.014046124818042287,0.06961013443786224,0.14165133388716963,1.0,0.9992820024490356,0.0,2.171326160430908
sage_cosserat_withleak,2026,val,cs_154_R09p8_L277p9_a04p5_k0p001,9.786235109693399,277.90254292644227,4.470856904033879,0.0010586313566167327,0.03521462958431333,0.010360015350345022,1.0,0.9996670484542847,0.0,1.4784979820251465
sage_cosserat_withleak,2026,val,cs_163_R16p2_L152p7_a09p6_k0p006,16.198749765649147,152.71987348386645,9.616329901244171,0.006459260849737745,0.1060683812533436,0.10463195017595601,1.0,0.9999475479125977,0.0,0.5866748094558716
sage_cosserat_withleak,2026,val,cs_181_R08p3_L115p6_a11p2_k0p013,8.251120705485146,115.56542371606969,11.165520861428346,0.013081764804294354,0.07139783198266253,0.10793922044099999,1.0,0.9997704029083252,0.0,1.227724552154541
sage_cosserat_withleak,2026,val,cs_182_R08p6_L137p8_a02p8_k0p001,8.598629938826313,137.79496076059377,2.7830575511755864,0.0014826998156791183,0.06240162841488559,0.012749187025390723,1.0,0.9998317956924438,0.0,1.050902009010315
sage_cosserat_withleak,2026,val,cs_191_R11p6_L122p1_a04p5_k0p001,11.556692137858366,122.07713103471991,4.539556893118883,0.000992905899107872,0.09466713412990949,0.011474707797853135,1.0,0.9994294047355652,0.0,1.9356298446655273
sage_cosserat_withleak,2026,val,cs_192_R09p6_L112p9_a08p3_k0p013,9.62626406234593,112.86084808263581,8.328318774743273,0.012966750816968898,0.08529321040807399,0.12482136739478242,1.0,0.999617338180542,0.0,1.5850467681884766
sage_cosserat_withleak,2026,val,cs_198_R10p6_L134p7_a03p0_k0p024,10.600010918578532,134.70627910668327,3.0387794839948383,0.023869624648933822,0.07868980561911035,0.25301828190106973,1.0,0.9994730353355408,0.0,1.860147476196289
sage_cosserat_withleak,2026,val,cs_208_R15p1_L211p3_a09p7_k0p011,15.118689716695576,211.32200135358565,9.722945689626343,0.010666787766914671,0.07154337749905589,0.16126785452182701,1.0,0.9996257424354553,0.0,1.5676043033599854
sage_cosserat_withleak,2026,val,cs_242_R11p1_L144p0_a05p5_k0p028,11.059500088639602,144.02331857351896,5.4797552543880785,0.027517248613048124,0.07678964905251859,0.3043270134751237,1.0,0.9996638298034668,0.0,1.485694169998169
sage_cosserat_withleak,2026,val,cs_261_R12p9_L253p3_a07p9_k0p018,12.906835133732944,253.2871487259385,7.877427617712564,0.0175134431064908,0.050957323333045944,0.22604312279948843,1.0,0.9990736246109009,0.0,2.4664461612701416
sage_cosserat_withleak,2026,val,cs_282_R10p0_L204p3_a04p6_k0p006,10.018613235043922,204.29971991412128,4.610087289346258,0.005659941338303978,0.04903880063690401,0.05670476320150444,1.0,0.9992337226867676,0.0,2.243149995803833
sage_cosserat_withleak,2026,val,cs_289_R10p0_L261p4_a06p9_k0p031,10.013484458500468,261.37708247023414,6.937621506430334,0.031176595146921768,0.038310491355495226,0.31218635097266223,1.0,0.9998980760574341,0.0,0.8179294466972351
sage_cosserat_withleak,2026,val,cs_295_R15p8_L158p7_a04p0_k0p015,15.815991131355483,158.68764716391132,3.9849693050340145,0.014939235824352927,0.09966743734639195,0.23627882130719402,1.0,0.9998261332511902,0.0,1.0684449672698975
sage_cosserat_withleak,777,test,cs_008_R10p3_L219p9_a10p1_k0p005,10.332632062001387,219.86319845391617,10.142430618716505,0.0053904580648451985,0.046995732503942136,0.05569761982969345,1.0,0.9995064735412598,0.0,1.8001582622528076
sage_cosserat_withleak,777,test,cs_011_R14p0_L181p9_a03p0_k0p014,14.044006058026058,181.87220676453305,3.0168575708216334,0.014121937351325617,0.077219088654973,0.1983285737130814,1.0,0.9998823404312134,0.0,0.8789324164390564
sage_cosserat_withleak,777,test,cs_036_R17p3_L276p1_a08p0_k0p003,17.31499466778154,276.12701618004564,8.021361701813102,0.0029834969688785585,0.06270663011290241,0.05165923410747463,1.0,0.9998021721839905,0.0,1.1396944522857666
sage_cosserat_withleak,777,test,cs_041_R16p4_L126p5_a08p0_k0p021,16.380952953924872,126.50298452981617,7.9710182832138035,0.02124330119733147,0.1294906441520671,0.34798551749954276,1.0,0.9989246726036072,0.0,2.6573386192321777
sage_cosserat_withleak,777,test,cs_042_R09p1_L132p8_a10p7_k0p011,9.07428353129959,132.76355859514942,10.712075744884107,0.010660025037295294,0.06834920385774537,0.09673208963916997,1.0,0.9995149970054626,0.0,1.7845444679260254
sage_cosserat_withleak,777,test,cs_043_R12p3_L259p6_a06p1_k0p020,12.297612930140655,259.5885815717731,6.138198863286343,0.01974936588961313,0.04737347403988381,0.24287005732618525,1.0,0.9995453953742981,0.0,1.7277106046676636
sage_cosserat_withleak,777,test,cs_069_R13p1_L102p9_a09p7_k0p009,13.148822734681907,102.86134202123537,9.659537039244858,0.008785096495739686,0.12783055787826858,0.11551367652955634,1.0,0.9997215270996094,0.0,1.3521944284439087
sage_cosserat_withleak,777,test,cs_073_R17p1_L219p1_a08p8_k0p003,17.052436405248233,219.11549442691114,8.814141439119714,0.0029927805368692127,0.07782396425158468,0.05103419977982692,1.0,0.9997474551200867,0.0,1.2877039909362793
sage_cosserat_withleak,777,test,cs_077_R09p2_L151p4_a10p0_k0p005,9.20785348784141,151.41657260303316,9.988312383907285,0.005444190983975563,0.06081139818150236,0.050129312940274146,1.0,0.9999250769615173,0.0,0.7013713121414185
sage_cosserat_withleak,777,test,cs_101_R17p1_L296p7_a11p6_k0p014,17.06116325157632,296.7454777876344,11.553969292706446,0.014261996667051307,0.05749426538451287,0.2433262534299997,1.0,0.9996098279953003,0.0,1.6006498336791992
sage_cosserat_withleak,777,test,cs_103_R15p3_L286p2_a07p5_k0p006,15.26161829168939,286.18579683017697,7.52249632089859,0.006024006987283315,0.05332765797858813,0.09193609522638774,1.0,0.9999284744262695,0.0,0.685427188873291
sage_cosserat_withleak,777,test,cs_108_R15p3_L157p3_a02p2_k0p017,15.293754870832325,157.25614939483324,2.219900141123518,0.01652590291086547,0.09725377945274051,0.25274310813795087,1.0,0.9998925924301147,0.0,0.8398838043212891
sage_cosserat_withleak,777,test,cs_127_R09p9_L248p0_a10p7_k0p027,9.92130915509264,248.0385827557328,10.675877396634963,0.026674469300049557,0.03999905597292941,0.26464565647381927,1.0,0.9997368454933167,0.0,1.3144755363464355
sage_cosserat_withleak,777,test,cs_141_R11p5_L262p4_a02p2_k0p000,11.458340278600033,262.4340458867466,2.23603363554198,0.00012757021987368057,0.04366179029814172,0.0014617429887284563,1.0,0.9997619390487671,0.0,1.2502310276031494
sage_cosserat_withleak,777,test,cs_145_R10p7_L132p0_a11p4_k0p027,10.68541526716421,132.04906413974186,11.393989353830287,0.02683932389225749,0.08092003784181533,0.28678932127869333,0.9492514096830643,0.9963156580924988,0.0,4.919839859008789
sage_cosserat_withleak,777,test,cs_150_R11p5_L181p7_a04p6_k0p020,11.518299636477002,181.71355082438,4.598057815988547,0.019514730234116283,0.0633871254192212,0.22477651016156833,1.0,0.999801516532898,0.0,1.141495943069458
sage_cosserat_withleak,777,test,cs_167_R08p2_L205p2_a11p9_k0p029,8.167573366253167,205.18563210404523,11.938348744333847,0.028818352151288754,0.03980577627439121,0.23537600549017068,1.0,0.9996510148048401,0.0,1.5137486457824707
sage_cosserat_withleak,777,test,cs_203_R08p2_L122p5_a11p7_k0p007,8.217382794358745,122.54736312710918,11.737120847034058,0.006959456601839249,0.0670547499731632,0.057188518938040216,1.0,0.9997606873512268,0.0,1.2535136938095093
sage_cosserat_withleak,777,test,cs_204_R12p4_L232p8_a05p2_k0p008,12.432576699850076,232.80822831481788,5.207207074882933,0.008287663442116892,0.05340265157225443,0.10303701140666176,1.0,0.9998968243598938,0.0,0.8230570554733276
sage_cosserat_withleak,777,test,cs_206_R09p6_L215p3_a11p8_k0p017,9.638041884761433,215.2839528442758,11.817075619528502,0.017454471858595003,0.04476897491627277,0.16822693084952836,1.0,0.9995602965354919,0.0,1.6991569995880127
sage_cosserat_withleak,777,test,cs_207_R14p8_L249p3_a02p6_k0p016,14.829240881322207,249.25664949252578,2.6215250192799315,0.01590100405059888,0.059493862697399674,0.23579981932121089,1.0,0.9999077320098877,0.0,0.7782091498374939
sage_cosserat_withleak,777,test,cs_209_R10p1_L101p7_a07p4_k0p010,10.120819917927488,101.7083360980719,7.440285153684869,0.00990678838805335,0.0995082635917721,0.1002648212405031,1.0,0.9999144077301025,0.0,0.7496490478515625
sage_cosserat_withleak,777,test,cs_212_R12p3_L211p8_a06p3_k0p019,12.338677853831664,211.80580528278526,6.342760122167442,0.018696010110296455,0.05825467265808934,0.23068404590292776,1.0,0.9998108148574829,0.0,1.1145203113555908
sage_cosserat_withleak,777,test,cs_221_R10p5_L204p7_a03p8_k0p014,10.490382252632225,204.67218480322697,3.8459641754550846,0.0138257058482252,0.05125455744129443,0.14503693926033523,1.0,0.9998407363891602,0.0,1.0224945545196533
sage_cosserat_withleak,777,test,cs_227_R14p4_L277p1_a05p3_k0p014,14.418427658248241,277.1340038172114,5.301363838105172,0.01396688597456547,0.052026916436274516,0.20138053503527423,1.0,0.9996625781059265,0.0,1.488457441329956
sage_cosserat_withleak,777,test,cs_231_R13p0_L240p3_a05p5_k0p019,12.97148968239227,240.34910386029168,5.529877524013183,0.019003727820144537,0.053969369862648796,0.2465066593459958,1.0,0.9997403621673584,0.0,1.305662751197815
sage_cosserat_withleak,777,test,cs_232_R15p7_L186p4_a07p6_k0p012,15.654714235548212,186.38536863997828,7.595966650351917,0.01240612882235181,0.08399111126467677,0.19421440148331587,1.0,0.9994432926177979,0.0,1.9118754863739014
sage_cosserat_withleak,777,test,cs_234_R09p0_L188p8_a06p9_k0p030,9.039784318877945,188.7543935856657,6.857262450562726,0.029651210053235406,0.0478917822634696,0.2680405436749935,1.0,0.9998424053192139,0.0,1.0172181129455566
sage_cosserat_withleak,777,test,cs_237_R11p3_L274p9_a11p9_k0p019,11.34108282364878,274.8799492157583,11.889809393813541,0.01891886211767744,0.04125831242331523,0.21456038220577117,1.0,0.9993895292282104,0.0,2.002129077911377
sage_cosserat_withleak,777,test,cs_243_R10p7_L196p9_a03p5_k0p020,10.685120152308635,196.91921575267133,3.4852042530363283,0.020074742814701573,0.054261439704945014,0.21450103900178072,1.0,0.9998165369033813,0.0,1.097535490989685
sage_cosserat_withleak,777,test,cs_244_R11p7_L295p1_a04p8_k0p019,11.695820140082057,295.08370829461035,4.7886023453704265,0.01872456140796538,0.039635601055972226,0.21899910242948478,1.0,0.9997904300689697,0.0,1.1730315685272217
sage_cosserat_withleak,777,test,cs_249_R13p4_L183p9_a06p3_k0p012,13.379656937996563,183.94270592169076,6.253312234722841,0.011863671098384052,0.07273817611279805,0.15873184932160347,1.0,0.9995446801185608,0.0,1.7290692329406738
sage_cosserat_withleak,777,test,cs_255_R10p5_L206p1_a06p2_k0p025,10.526340555463111,206.14315889437802,6.240269051325278,0.02524660378219265,0.05106325435158639,0.26575434928020286,1.0,0.9998133778572083,0.0,1.1069447994232178
sage_cosserat_withleak,777,test,cs_267_R15p8_L136p0_a09p0_k0p011,15.841647847201518,136.00586823878572,9.002830388550995,0.010930430195646728,0.11647767888506334,0.17315602597785346,1.0,0.9999088644981384,0.0,0.7735434174537659
sage_cosserat_withleak,777,test,cs_291_R12p7_L154p6_a11p6_k0p026,12.732700950050912,154.56718024184406,11.635933302839938,0.026381135330233136,0.08237648464653784,0.33590310688268116,1.0,0.9995055198669434,0.0,1.8018968105316162
sage_cosserat_withleak,777,test,cs_292_R14p4_L187p7_a06p1_k0p018,14.387564331140076,187.69446004590728,6.091070410185052,0.01817182441893697,0.07665417683410097,0.2614482928416378,1.0,0.9998047947883606,0.0,1.1321145296096802
sage_cosserat_withleak,777,val,cs_000_R09p8_L228p0_a06p7_k0p015,9.789348136754361,227.9826331430309,6.672684011434852,0.014820021084321922,0.04293900812441602,0.14507834578846715,1.0,0.999958336353302,0.0,0.5230193138122559
sage_cosserat_withleak,777,val,cs_010_R11p6_L163p7_a05p1_k0p005,11.550610145885386,163.73579328774903,5.1366674156380805,0.004713985780975811,0.07054419753893616,0.05444941198929865,1.0,0.9998607635498047,0.0,0.9561347365379333
sage_cosserat_withleak,777,val,cs_044_R15p5_L133p3_a07p4_k0p004,15.535177069130189,133.3034756178414,7.401208121935621,0.004461336701963621,0.11653992513793807,0.06930765563001415,1.0,0.9999092817306519,0.0,0.7717706561088562
sage_cosserat_withleak,777,val,cs_056_R13p8_L203p6_a05p8_k0p003,13.778802937632774,203.5513047123528,5.821946206602572,0.0031107731319378563,0.06769203939569043,0.04286272996865444,1.0,0.9997064471244812,0.0,1.388325810432434
sage_cosserat_withleak,777,val,cs_064_R10p8_L101p0_a03p4_k0p031,10.796119193782612,101.01214607231668,3.4248162866480163,0.03110729395226966,0.1068794161253979,0.3358380533047362,1.0,0.9998071193695068,0.0,1.1253533363342285
sage_cosserat_withleak,777,val,cs_074_R17p1_L141p4_a09p2_k0p020,17.100988944392856,141.41770281837591,9.179064872954681,0.019773118911264792,0.12092537641030571,0.3381398878977045,1.0,0.9995762705802917,0.0,1.6680046319961548
sage_cosserat_withleak,777,val,cs_086_R10p0_L275p8_a10p8_k0p020,10.04139294969339,275.84623706717616,10.791822930263493,0.019800424415586795,0.03640213858435936,0.19882384212761012,1.0,0.9994833469390869,0.0,1.841856837272644
sage_cosserat_withleak,777,val,cs_090_R13p9_L105p0_a06p5_k0p012,13.88716063125649,104.97689554401948,6.534815367450279,0.012241659663291484,0.1322877816046032,0.17000189413730207,1.0,0.9993346333503723,0.0,2.0902209281921387
sage_cosserat_withleak,777,val,cs_105_R12p5_L237p2_a07p2_k0p018,12.487717707176497,237.1990006516807,7.196482412958837,0.0181509031980451,0.05264658650697403,0.2266633552674743,1.0,0.9996668100357056,0.0,1.4790935516357422
sage_cosserat_withleak,777,val,cs_117_R12p5_L100p7_a10p5_k0p010,12.515629257465857,100.65926548640257,10.488117451574483,0.01024315845605953,0.12433658438682445,0.12819957366151744,1.0,0.999778687953949,0.0,1.2054469585418701
sage_cosserat_withleak,777,val,cs_120_R10p1_L144p9_a04p9_k0p014,10.084726977879201,144.87440743102388,4.9044366749501185,0.014046124818042287,0.06961013443786224,0.14165133388716963,1.0,0.9992359280586243,0.0,2.2399191856384277
sage_cosserat_withleak,777,val,cs_154_R09p8_L277p9_a04p5_k0p001,9.786235109693399,277.90254292644227,4.470856904033879,0.0010586313566167327,0.03521462958431333,0.010360015350345022,1.0,0.9998224973678589,0.0,1.0795592069625854
sage_cosserat_withleak,777,val,cs_163_R16p2_L152p7_a09p6_k0p006,16.198749765649147,152.71987348386645,9.616329901244171,0.006459260849737745,0.1060683812533436,0.10463195017595601,1.0,0.9996222853660583,0.0,1.5748281478881836
sage_cosserat_withleak,777,val,cs_181_R08p3_L115p6_a11p2_k0p013,8.251120705485146,115.56542371606969,11.165520861428346,0.013081764804294354,0.07139783198266253,0.10793922044099999,1.0,0.999753475189209,0.0,1.2723398208618164
sage_cosserat_withleak,777,val,cs_182_R08p6_L137p8_a02p8_k0p001,8.598629938826313,137.79496076059377,2.7830575511755864,0.0014826998156791183,0.06240162841488559,0.012749187025390723,1.0,0.999954879283905,0.0,0.5442860722541809
sage_cosserat_withleak,777,val,cs_191_R11p6_L122p1_a04p5_k0p001,11.556692137858366,122.07713103471991,4.539556893118883,0.000992905899107872,0.09466713412990949,0.011474707797853135,1.0,0.9991832971572876,0.0,2.3157901763916016
sage_cosserat_withleak,777,val,cs_192_R09p6_L112p9_a08p3_k0p013,9.62626406234593,112.86084808263581,8.328318774743273,0.012966750816968898,0.08529321040807399,0.12482136739478242,1.0,0.9995942711830139,0.0,1.632188081741333
sage_cosserat_withleak,777,val,cs_198_R10p6_L134p7_a03p0_k0p024,10.600010918578532,134.70627910668327,3.0387794839948383,0.023869624648933822,0.07868980561911035,0.25301828190106973,1.0,0.9997962713241577,0.0,1.1565676927566528
sage_cosserat_withleak,777,val,cs_208_R15p1_L211p3_a09p7_k0p011,15.118689716695576,211.32200135358565,9.722945689626343,0.010666787766914671,0.07154337749905589,0.16126785452182701,1.0,0.999376654624939,0.0,2.0231332778930664
sage_cosserat_withleak,777,val,cs_242_R11p1_L144p0_a05p5_k0p028,11.059500088639602,144.02331857351896,5.4797552543880785,0.027517248613048124,0.07678964905251859,0.3043270134751237,1.0,0.999608039855957,0.0,1.604252576828003
sage_cosserat_withleak,777,val,cs_261_R12p9_L253p3_a07p9_k0p018,12.906835133732944,253.2871487259385,7.877427617712564,0.0175134431064908,0.050957323333045944,0.22604312279948843,1.0,0.9994293451309204,0.0,1.935781478881836
sage_cosserat_withleak,777,val,cs_282_R10p0_L204p3_a04p6_k0p006,10.018613235043922,204.29971991412128,4.610087289346258,0.005659941338303978,0.04903880063690401,0.05670476320150444,1.0,0.9996458888053894,0.0,1.524825930595398
sage_cosserat_withleak,777,val,cs_289_R10p0_L261p4_a06p9_k0p031,10.013484458500468,261.37708247023414,6.937621506430334,0.031176595146921768,0.038310491355495226,0.31218635097266223,1.0,0.9998929500579834,0.0,0.8382512927055359
sage_cosserat_withleak,777,val,cs_295_R15p8_L158p7_a04p0_k0p015,15.815991131355483,158.68764716391132,3.9849693050340145,0.014939235824352927,0.09966743734639195,0.23627882130719402,1.0,0.9998987317085266,0.0,0.815413773059845
sage_cosserat_leak_dir_only,1337,test,cs_008_R10p3_L219p9_a10p1_k0p005,10.332632062001387,219.86319845391617,10.142430618716505,0.0053904580648451985,0.046995732503942136,0.05569761982969345,1.0,0.9994066953659058,0.0,1.9738259315490723
sage_cosserat_leak_dir_only,1337,test,cs_011_R14p0_L181p9_a03p0_k0p014,14.044006058026058,181.87220676453305,3.0168575708216334,0.014121937351325617,0.077219088654973,0.1983285737130814,1.0,0.9998779892921448,0.0,0.895037055015564
sage_cosserat_leak_dir_only,1337,test,cs_036_R17p3_L276p1_a08p0_k0p003,17.31499466778154,276.12701618004564,8.021361701813102,0.0029834969688785585,0.06270663011290241,0.05165923410747463,1.0,0.999668300151825,0.0,1.475782036781311
sage_cosserat_leak_dir_only,1337,test,cs_041_R16p4_L126p5_a08p0_k0p021,16.380952953924872,126.50298452981617,7.9710182832138035,0.02124330119733147,0.1294906441520671,0.34798551749954276,1.0,0.9996117949485779,0.0,1.5965489149093628
sage_cosserat_leak_dir_only,1337,test,cs_042_R09p1_L132p8_a10p7_k0p011,9.07428353129959,132.76355859514942,10.712075744884107,0.010660025037295294,0.06834920385774537,0.09673208963916997,1.0,0.9999048113822937,0.0,0.7905576825141907
sage_cosserat_leak_dir_only,1337,test,cs_043_R12p3_L259p6_a06p1_k0p020,12.297612930140655,259.5885815717731,6.138198863286343,0.01974936588961313,0.04737347403988381,0.24287005732618525,1.0,0.9995272755622864,0.0,1.7618086338043213
sage_cosserat_leak_dir_only,1337,test,cs_069_R13p1_L102p9_a09p7_k0p009,13.148822734681907,102.86134202123537,9.659537039244858,0.008785096495739686,0.12783055787826858,0.11551367652955634,1.0,0.9997420310974121,0.0,1.3014594316482544
sage_cosserat_leak_dir_only,1337,test,cs_073_R17p1_L219p1_a08p8_k0p003,17.052436405248233,219.11549442691114,8.814141439119714,0.0029927805368692127,0.07782396425158468,0.05103419977982692,1.0,0.9997749328613281,0.0,1.2155506610870361
sage_cosserat_leak_dir_only,1337,test,cs_077_R09p2_L151p4_a10p0_k0p005,9.20785348784141,151.41657260303316,9.988312383907285,0.005444190983975563,0.06081139818150236,0.050129312940274146,1.0,0.9999266266822815,0.0,0.6940797567367554
sage_cosserat_leak_dir_only,1337,test,cs_101_R17p1_L296p7_a11p6_k0p014,17.06116325157632,296.7454777876344,11.553969292706446,0.014261996667051307,0.05749426538451287,0.2433262534299997,1.0,0.9996492862701416,0.0,1.5174930095672607
sage_cosserat_leak_dir_only,1337,test,cs_103_R15p3_L286p2_a07p5_k0p006,15.26161829168939,286.18579683017697,7.52249632089859,0.006024006987283315,0.05332765797858813,0.09193609522638774,1.0,0.9999079704284668,0.0,0.7774544358253479
sage_cosserat_leak_dir_only,1337,test,cs_108_R15p3_L157p3_a02p2_k0p017,15.293754870832325,157.25614939483324,2.219900141123518,0.01652590291086547,0.09725377945274051,0.25274310813795087,1.0,0.9997723698616028,0.0,1.2225333452224731
sage_cosserat_leak_dir_only,1337,test,cs_127_R09p9_L248p0_a10p7_k0p027,9.92130915509264,248.0385827557328,10.675877396634963,0.026674469300049557,0.03999905597292941,0.26464565647381927,1.0,0.9997439384460449,0.0,1.2965635061264038
sage_cosserat_leak_dir_only,1337,test,cs_141_R11p5_L262p4_a02p2_k0p000,11.458340278600033,262.4340458867466,2.23603363554198,0.00012757021987368057,0.04366179029814172,0.0014617429887284563,1.0,0.9999691247940063,0.0,0.45023953914642334
sage_cosserat_leak_dir_only,1337,test,cs_145_R10p7_L132p0_a11p4_k0p027,10.68541526716421,132.04906413974186,11.393989353830287,0.02683932389225749,0.08092003784181533,0.28678932127869333,0.9220299436126774,0.9971851706504822,0.0,4.299972057342529
sage_cosserat_leak_dir_only,1337,test,cs_150_R11p5_L181p7_a04p6_k0p020,11.518299636477002,181.71355082438,4.598057815988547,0.019514730234116283,0.0633871254192212,0.22477651016156833,1.0,0.999650239944458,0.0,1.5153636932373047
sage_cosserat_leak_dir_only,1337,test,cs_167_R08p2_L205p2_a11p9_k0p029,8.167573366253167,205.18563210404523,11.938348744333847,0.028818352151288754,0.03980577627439121,0.23537600549017068,1.0,0.9994630217552185,0.0,1.877739667892456
sage_cosserat_leak_dir_only,1337,test,cs_203_R08p2_L122p5_a11p7_k0p007,8.217382794358745,122.54736312710918,11.737120847034058,0.006959456601839249,0.0670547499731632,0.057188518938040216,1.0,0.999864935874939,0.0,0.9416998028755188
sage_cosserat_leak_dir_only,1337,test,cs_204_R12p4_L232p8_a05p2_k0p008,12.432576699850076,232.80822831481788,5.207207074882933,0.008287663442116892,0.05340265157225443,0.10303701140666176,1.0,0.9997261762619019,0.0,1.3409318923950195
sage_cosserat_leak_dir_only,1337,test,cs_206_R09p6_L215p3_a11p8_k0p017,9.638041884761433,215.2839528442758,11.817075619528502,0.017454471858595003,0.04476897491627277,0.16822693084952836,1.0,0.9994996190071106,0.0,1.8126174211502075
sage_cosserat_leak_dir_only,1337,test,cs_207_R14p8_L249p3_a02p6_k0p016,14.829240881322207,249.25664949252578,2.6215250192799315,0.01590100405059888,0.059493862697399674,0.23579981932121089,1.0,0.9997098445892334,0.0,1.3801970481872559
sage_cosserat_leak_dir_only,1337,test,cs_209_R10p1_L101p7_a07p4_k0p010,10.120819917927488,101.7083360980719,7.440285153684869,0.00990678838805335,0.0995082635917721,0.1002648212405031,1.0,0.9999507665634155,0.0,0.5683789253234863
sage_cosserat_leak_dir_only,1337,test,cs_212_R12p3_L211p8_a06p3_k0p019,12.338677853831664,211.80580528278526,6.342760122167442,0.018696010110296455,0.05825467265808934,0.23068404590292776,1.0,0.9999050498008728,0.0,0.7895669341087341
sage_cosserat_leak_dir_only,1337,test,cs_221_R10p5_L204p7_a03p8_k0p014,10.490382252632225,204.67218480322697,3.8459641754550846,0.0138257058482252,0.05125455744129443,0.14503693926033523,1.0,0.9997984766960144,0.0,1.1502904891967773
sage_cosserat_leak_dir_only,1337,test,cs_227_R14p4_L277p1_a05p3_k0p014,14.418427658248241,277.1340038172114,5.301363838105172,0.01396688597456547,0.052026916436274516,0.20138053503527423,1.0,0.9995185732841492,0.0,1.7779523134231567
sage_cosserat_leak_dir_only,1337,test,cs_231_R13p0_L240p3_a05p5_k0p019,12.97148968239227,240.34910386029168,5.529877524013183,0.019003727820144537,0.053969369862648796,0.2465066593459958,1.0,0.999787449836731,0.0,1.1813429594039917
sage_cosserat_leak_dir_only,1337,test,cs_232_R15p7_L186p4_a07p6_k0p012,15.654714235548212,186.38536863997828,7.595966650351917,0.01240612882235181,0.08399111126467677,0.19421440148331587,1.0,0.9996892213821411,0.0,1.428480863571167
sage_cosserat_leak_dir_only,1337,test,cs_234_R09p0_L188p8_a06p9_k0p030,9.039784318877945,188.7543935856657,6.857262450562726,0.029651210053235406,0.0478917822634696,0.2680405436749935,1.0,0.9996258020401001,0.0,1.5674794912338257
sage_cosserat_leak_dir_only,1337,test,cs_237_R11p3_L274p9_a11p9_k0p019,11.34108282364878,274.8799492157583,11.889809393813541,0.01891886211767744,0.04125831242331523,0.21456038220577117,1.0,0.9992176294326782,0.0,2.266585350036621
sage_cosserat_leak_dir_only,1337,test,cs_243_R10p7_L196p9_a03p5_k0p020,10.685120152308635,196.91921575267133,3.4852042530363283,0.020074742814701573,0.054261439704945014,0.21450103900178072,1.0,0.999725341796875,0.0,1.3429005146026611
sage_cosserat_leak_dir_only,1337,test,cs_244_R11p7_L295p1_a04p8_k0p019,11.695820140082057,295.08370829461035,4.7886023453704265,0.01872456140796538,0.039635601055972226,0.21899910242948478,1.0,0.999934196472168,0.0,0.6573014855384827
sage_cosserat_leak_dir_only,1337,test,cs_249_R13p4_L183p9_a06p3_k0p012,13.379656937996563,183.94270592169076,6.253312234722841,0.011863671098384052,0.07273817611279805,0.15873184932160347,1.0,0.9997032284736633,0.0,1.3959165811538696
sage_cosserat_leak_dir_only,1337,test,cs_255_R10p5_L206p1_a06p2_k0p025,10.526340555463111,206.14315889437802,6.240269051325278,0.02524660378219265,0.05106325435158639,0.26575434928020286,1.0,0.9998265504837036,0.0,1.0671621561050415
sage_cosserat_leak_dir_only,1337,test,cs_267_R15p8_L136p0_a09p0_k0p011,15.841647847201518,136.00586823878572,9.002830388550995,0.010930430195646728,0.11647767888506334,0.17315602597785346,1.0,0.9996448755264282,0.0,1.5269420146942139
sage_cosserat_leak_dir_only,1337,test,cs_291_R12p7_L154p6_a11p6_k0p026,12.732700950050912,154.56718024184406,11.635933302839938,0.026381135330233136,0.08237648464653784,0.33590310688268116,1.0,0.9996066093444824,0.0,1.607177734375
sage_cosserat_leak_dir_only,1337,test,cs_292_R14p4_L187p7_a06p1_k0p018,14.387564331140076,187.69446004590728,6.091070410185052,0.01817182441893697,0.07665417683410097,0.2614482928416378,1.0,0.9998720288276672,0.0,0.9166390895843506
sage_cosserat_leak_dir_only,1337,val,cs_000_R09p8_L228p0_a06p7_k0p015,9.789348136754361,227.9826331430309,6.672684011434852,0.014820021084321922,0.04293900812441602,0.14507834578846715,1.0,0.9999170303344727,0.0,0.7380746006965637
sage_cosserat_leak_dir_only,1337,val,cs_010_R11p6_L163p7_a05p1_k0p005,11.550610145885386,163.73579328774903,5.1366674156380805,0.004713985780975811,0.07054419753893616,0.05444941198929865,1.0,0.9996805191040039,0.0,1.4483435153961182
sage_cosserat_leak_dir_only,1337,val,cs_044_R15p5_L133p3_a07p4_k0p004,15.535177069130189,133.3034756178414,7.401208121935621,0.004461336701963621,0.11653992513793807,0.06930765563001415,1.0,0.999824047088623,0.0,1.074836015701294
sage_cosserat_leak_dir_only,1337,val,cs_056_R13p8_L203p6_a05p8_k0p003,13.778802937632774,203.5513047123528,5.821946206602572,0.0031107731319378563,0.06769203939569043,0.04286272996865444,1.0,0.9997745156288147,0.0,1.2167574167251587
sage_cosserat_leak_dir_only,1337,val,cs_064_R10p8_L101p0_a03p4_k0p031,10.796119193782612,101.01214607231668,3.4248162866480163,0.03110729395226966,0.1068794161253979,0.3358380533047362,1.0,0.9997174739837646,0.0,1.361999750137329
sage_cosserat_leak_dir_only,1337,val,cs_074_R17p1_L141p4_a09p2_k0p020,17.100988944392856,141.41770281837591,9.179064872954681,0.019773118911264792,0.12092537641030571,0.3381398878977045,1.0,0.999877393245697,0.0,0.8972206711769104
sage_cosserat_leak_dir_only,1337,val,cs_086_R10p0_L275p8_a10p8_k0p020,10.04139294969339,275.84623706717616,10.791822930263493,0.019800424415586795,0.03640213858435936,0.19882384212761012,1.0,0.9996271133422852,0.0,1.564667820930481
sage_cosserat_leak_dir_only,1337,val,cs_090_R13p9_L105p0_a06p5_k0p012,13.88716063125649,104.97689554401948,6.534815367450279,0.012241659663291484,0.1322877816046032,0.17000189413730207,1.0,0.9996449947357178,0.0,1.5267497301101685
sage_cosserat_leak_dir_only,1337,val,cs_105_R12p5_L237p2_a07p2_k0p018,12.487717707176497,237.1990006516807,7.196482412958837,0.0181509031980451,0.05264658650697403,0.2266633552674743,1.0,0.9997716546058655,0.0,1.2244526147842407
sage_cosserat_leak_dir_only,1337,val,cs_117_R12p5_L100p7_a10p5_k0p010,12.515629257465857,100.65926548640257,10.488117451574483,0.01024315845605953,0.12433658438682445,0.12819957366151744,1.0,0.9999533295631409,0.0,0.5535542964935303
sage_cosserat_leak_dir_only,1337,val,cs_120_R10p1_L144p9_a04p9_k0p014,10.084726977879201,144.87440743102388,4.9044366749501185,0.014046124818042287,0.06961013443786224,0.14165133388716963,1.0,0.9995493292808533,0.0,1.720218300819397
sage_cosserat_leak_dir_only,1337,val,cs_154_R09p8_L277p9_a04p5_k0p001,9.786235109693399,277.90254292644227,4.470856904033879,0.0010586313566167327,0.03521462958431333,0.010360015350345022,1.0,0.9997147917747498,0.0,1.3684500455856323
sage_cosserat_leak_dir_only,1337,val,cs_163_R16p2_L152p7_a09p6_k0p006,16.198749765649147,152.71987348386645,9.616329901244171,0.006459260849737745,0.1060683812533436,0.10463195017595601,1.0,0.999925434589386,0.0,0.699695348739624
sage_cosserat_leak_dir_only,1337,val,cs_181_R08p3_L115p6_a11p2_k0p013,8.251120705485146,115.56542371606969,11.165520861428346,0.013081764804294354,0.07139783198266253,0.10793922044099999,1.0,0.9997830390930176,0.0,1.1934558153152466
sage_cosserat_leak_dir_only,1337,val,cs_182_R08p6_L137p8_a02p8_k0p001,8.598629938826313,137.79496076059377,2.7830575511755864,0.0014826998156791183,0.06240162841488559,0.012749187025390723,1.0,0.9994750022888184,0.0,1.8566726446151733
sage_cosserat_leak_dir_only,1337,val,cs_191_R11p6_L122p1_a04p5_k0p001,11.556692137858366,122.07713103471991,4.539556893118883,0.000992905899107872,0.09466713412990949,0.011474707797853135,1.0,0.9994989037513733,0.0,1.8139123916625977
sage_cosserat_leak_dir_only,1337,val,cs_192_R09p6_L112p9_a08p3_k0p013,9.62626406234593,112.86084808263581,8.328318774743273,0.012966750816968898,0.08529321040807399,0.12482136739478242,1.0,0.999653160572052,0.0,1.5090874433517456
sage_cosserat_leak_dir_only,1337,val,cs_198_R10p6_L134p7_a03p0_k0p024,10.600010918578532,134.70627910668327,3.0387794839948383,0.023869624648933822,0.07868980561911035,0.25301828190106973,1.0,0.9997938871383667,0.0,1.163231611251831
sage_cosserat_leak_dir_only,1337,val,cs_208_R15p1_L211p3_a09p7_k0p011,15.118689716695576,211.32200135358565,9.722945689626343,0.010666787766914671,0.07154337749905589,0.16126785452182701,1.0,0.9997759461402893,0.0,1.2128914594650269
sage_cosserat_leak_dir_only,1337,val,cs_242_R11p1_L144p0_a05p5_k0p028,11.059500088639602,144.02331857351896,5.4797552543880785,0.027517248613048124,0.07678964905251859,0.3043270134751237,1.0,0.9996723532676697,0.0,1.4667375087738037
sage_cosserat_leak_dir_only,1337,val,cs_261_R12p9_L253p3_a07p9_k0p018,12.906835133732944,253.2871487259385,7.877427617712564,0.0175134431064908,0.050957323333045944,0.22604312279948843,1.0,0.9996342658996582,0.0,1.5495866537094116
sage_cosserat_leak_dir_only,1337,val,cs_282_R10p0_L204p3_a04p6_k0p006,10.018613235043922,204.29971991412128,4.610087289346258,0.005659941338303978,0.04903880063690401,0.05670476320150444,1.0,0.9997263550758362,0.0,1.3404209613800049
sage_cosserat_leak_dir_only,1337,val,cs_289_R10p0_L261p4_a06p9_k0p031,10.013484458500468,261.37708247023414,6.937621506430334,0.031176595146921768,0.038310491355495226,0.31218635097266223,1.0,0.999854326248169,0.0,0.9779879450798035
sage_cosserat_leak_dir_only,1337,val,cs_295_R15p8_L158p7_a04p0_k0p015,15.815991131355483,158.68764716391132,3.9849693050340145,0.014939235824352927,0.09966743734639195,0.23627882130719402,1.0,0.9998725056648254,0.0,0.9149296283721924
sage_cosserat_leak_dir_only,2026,test,cs_008_R10p3_L219p9_a10p1_k0p005,10.332632062001387,219.86319845391617,10.142430618716505,0.0053904580648451985,0.046995732503942136,0.05569761982969345,1.0,0.9997842311859131,0.0,1.1901721954345703
sage_cosserat_leak_dir_only,2026,test,cs_011_R14p0_L181p9_a03p0_k0p014,14.044006058026058,181.87220676453305,3.0168575708216334,0.014121937351325617,0.077219088654973,0.1983285737130814,1.0,0.9997425079345703,0.0,1.3001806735992432
sage_cosserat_leak_dir_only,2026,test,cs_036_R17p3_L276p1_a08p0_k0p003,17.31499466778154,276.12701618004564,8.021361701813102,0.0029834969688785585,0.06270663011290241,0.05165923410747463,1.0,0.9997091293334961,0.0,1.381968379020691
sage_cosserat_leak_dir_only,2026,test,cs_041_R16p4_L126p5_a08p0_k0p021,16.380952953924872,126.50298452981617,7.9710182832138035,0.02124330119733147,0.1294906441520671,0.34798551749954276,1.0,0.9997401237487793,0.0,1.3062621355056763
sage_cosserat_leak_dir_only,2026,test,cs_042_R09p1_L132p8_a10p7_k0p011,9.07428353129959,132.76355859514942,10.712075744884107,0.010660025037295294,0.06834920385774537,0.09673208963916997,1.0,0.9997968077659607,0.0,1.1550439596176147
sage_cosserat_leak_dir_only,2026,test,cs_043_R12p3_L259p6_a06p1_k0p020,12.297612930140655,259.5885815717731,6.138198863286343,0.01974936588961313,0.04737347403988381,0.24287005732618525,1.0,0.9996035695075989,0.0,1.6133755445480347
sage_cosserat_leak_dir_only,2026,test,cs_069_R13p1_L102p9_a09p7_k0p009,13.148822734681907,102.86134202123537,9.659537039244858,0.008785096495739686,0.12783055787826858,0.11551367652955634,1.0,0.9995689988136292,0.0,1.6822574138641357
sage_cosserat_leak_dir_only,2026,test,cs_073_R17p1_L219p1_a08p8_k0p003,17.052436405248233,219.11549442691114,8.814141439119714,0.0029927805368692127,0.07782396425158468,0.05103419977982692,1.0,0.9996449947357178,0.0,1.5266855955123901
sage_cosserat_leak_dir_only,2026,test,cs_077_R09p2_L151p4_a10p0_k0p005,9.20785348784141,151.41657260303316,9.988312383907285,0.005444190983975563,0.06081139818150236,0.050129312940274146,1.0,0.9996693134307861,0.0,1.4735262393951416
sage_cosserat_leak_dir_only,2026,test,cs_101_R17p1_L296p7_a11p6_k0p014,17.06116325157632,296.7454777876344,11.553969292706446,0.014261996667051307,0.05749426538451287,0.2433262534299997,1.0,0.9993563890457153,0.0,2.055713415145874
sage_cosserat_leak_dir_only,2026,test,cs_103_R15p3_L286p2_a07p5_k0p006,15.26161829168939,286.18579683017697,7.52249632089859,0.006024006987283315,0.05332765797858813,0.09193609522638774,1.0,0.9996815323829651,0.0,1.446044921875
sage_cosserat_leak_dir_only,2026,test,cs_108_R15p3_L157p3_a02p2_k0p017,15.293754870832325,157.25614939483324,2.219900141123518,0.01652590291086547,0.09725377945274051,0.25274310813795087,1.0,0.9999209642410278,0.0,0.7202283143997192
sage_cosserat_leak_dir_only,2026,test,cs_127_R09p9_L248p0_a10p7_k0p027,9.92130915509264,248.0385827557328,10.675877396634963,0.026674469300049557,0.03999905597292941,0.26464565647381927,1.0,0.9996672868728638,0.0,1.477968454360962
sage_cosserat_leak_dir_only,2026,test,cs_141_R11p5_L262p4_a02p2_k0p000,11.458340278600033,262.4340458867466,2.23603363554198,0.00012757021987368057,0.04366179029814172,0.0014617429887284563,1.0,0.9996169209480286,0.0,1.585972547531128
sage_cosserat_leak_dir_only,2026,test,cs_145_R10p7_L132p0_a11p4_k0p027,10.68541526716421,132.04906413974186,11.393989353830287,0.02683932389225749,0.08092003784181533,0.28678932127869333,0.9453626288158662,0.9972288012504578,0.0,4.266500473022461
sage_cosserat_leak_dir_only,2026,test,cs_150_R11p5_L181p7_a04p6_k0p020,11.518299636477002,181.71355082438,4.598057815988547,0.019514730234116283,0.0633871254192212,0.22477651016156833,1.0,0.99957674741745,0.0,1.6670658588409424
sage_cosserat_leak_dir_only,2026,test,cs_167_R08p2_L205p2_a11p9_k0p029,8.167573366253167,205.18563210404523,11.938348744333847,0.028818352151288754,0.03980577627439121,0.23537600549017068,1.0,0.9994627833366394,0.0,1.8781565427780151
sage_cosserat_leak_dir_only,2026,test,cs_203_R08p2_L122p5_a11p7_k0p007,8.217382794358745,122.54736312710918,11.737120847034058,0.006959456601839249,0.0670547499731632,0.057188518938040216,1.0,0.9997296333312988,0.0,1.3323673009872437
sage_cosserat_leak_dir_only,2026,test,cs_204_R12p4_L232p8_a05p2_k0p008,12.432576699850076,232.80822831481788,5.207207074882933,0.008287663442116892,0.05340265157225443,0.10303701140666176,1.0,0.9995167255401611,0.0,1.7813613414764404
sage_cosserat_leak_dir_only,2026,test,cs_206_R09p6_L215p3_a11p8_k0p017,9.638041884761433,215.2839528442758,11.817075619528502,0.017454471858595003,0.04476897491627277,0.16822693084952836,1.0,0.9994420409202576,0.0,1.9140750169754028
sage_cosserat_leak_dir_only,2026,test,cs_207_R14p8_L249p3_a02p6_k0p016,14.829240881322207,249.25664949252578,2.6215250192799315,0.01590100405059888,0.059493862697399674,0.23579981932121089,1.0,0.9998621940612793,0.0,0.9513130784034729
sage_cosserat_leak_dir_only,2026,test,cs_209_R10p1_L101p7_a07p4_k0p010,10.120819917927488,101.7083360980719,7.440285153684869,0.00990678838805335,0.0995082635917721,0.1002648212405031,1.0,0.9999151229858398,0.0,0.7465101480484009
sage_cosserat_leak_dir_only,2026,test,cs_212_R12p3_L211p8_a06p3_k0p019,12.338677853831664,211.80580528278526,6.342760122167442,0.018696010110296455,0.05825467265808934,0.23068404590292776,1.0,0.9995059370994568,0.0,1.8011361360549927
sage_cosserat_leak_dir_only,2026,test,cs_221_R10p5_L204p7_a03p8_k0p014,10.490382252632225,204.67218480322697,3.8459641754550846,0.0138257058482252,0.05125455744129443,0.14503693926033523,1.0,0.9995365142822266,0.0,1.7445063591003418
sage_cosserat_leak_dir_only,2026,test,cs_227_R14p4_L277p1_a05p3_k0p014,14.418427658248241,277.1340038172114,5.301363838105172,0.01396688597456547,0.052026916436274516,0.20138053503527423,1.0,0.9997610449790955,0.0,1.2525767087936401
sage_cosserat_leak_dir_only,2026,test,cs_231_R13p0_L240p3_a05p5_k0p019,12.97148968239227,240.34910386029168,5.529877524013183,0.019003727820144537,0.053969369862648796,0.2465066593459958,1.0,0.999648928642273,0.0,1.5182664394378662
sage_cosserat_leak_dir_only,2026,test,cs_232_R15p7_L186p4_a07p6_k0p012,15.654714235548212,186.38536863997828,7.595966650351917,0.01240612882235181,0.08399111126467677,0.19421440148331587,1.0,0.9996954798698425,0.0,1.414023518562317
sage_cosserat_leak_dir_only,2026,test,cs_234_R09p0_L188p8_a06p9_k0p030,9.039784318877945,188.7543935856657,6.857262450562726,0.029651210053235406,0.0478917822634696,0.2680405436749935,1.0,0.9996691346168518,0.0,1.4739246368408203
sage_cosserat_leak_dir_only,2026,test,cs_237_R11p3_L274p9_a11p9_k0p019,11.34108282364878,274.8799492157583,11.889809393813541,0.01891886211767744,0.04125831242331523,0.21456038220577117,1.0,0.9994285702705383,0.0,1.9370448589324951
sage_cosserat_leak_dir_only,2026,test,cs_243_R10p7_L196p9_a03p5_k0p020,10.685120152308635,196.91921575267133,3.4852042530363283,0.020074742814701573,0.054261439704945014,0.21450103900178072,1.0,0.9997532367706299,0.0,1.2729547023773193
sage_cosserat_leak_dir_only,2026,test,cs_244_R11p7_L295p1_a04p8_k0p019,11.695820140082057,295.08370829461035,4.7886023453704265,0.01872456140796538,0.039635601055972226,0.21899910242948478,1.0,0.9997077584266663,0.0,1.3852213621139526
sage_cosserat_leak_dir_only,2026,test,cs_249_R13p4_L183p9_a06p3_k0p012,13.379656937996563,183.94270592169076,6.253312234722841,0.011863671098384052,0.07273817611279805,0.15873184932160347,1.0,0.9998699426651001,0.0,0.9240803718566895
sage_cosserat_leak_dir_only,2026,test,cs_255_R10p5_L206p1_a06p2_k0p025,10.526340555463111,206.14315889437802,6.240269051325278,0.02524660378219265,0.05106325435158639,0.26575434928020286,1.0,0.9995079040527344,0.0,1.7975471019744873
sage_cosserat_leak_dir_only,2026,test,cs_267_R15p8_L136p0_a09p0_k0p011,15.841647847201518,136.00586823878572,9.002830388550995,0.010930430195646728,0.11647767888506334,0.17315602597785346,1.0,0.9994299411773682,0.0,1.9347198009490967
sage_cosserat_leak_dir_only,2026,test,cs_291_R12p7_L154p6_a11p6_k0p026,12.732700950050912,154.56718024184406,11.635933302839938,0.026381135330233136,0.08237648464653784,0.33590310688268116,1.0,0.9996785521507263,0.0,1.4527955055236816
sage_cosserat_leak_dir_only,2026,test,cs_292_R14p4_L187p7_a06p1_k0p018,14.387564331140076,187.69446004590728,6.091070410185052,0.01817182441893697,0.07665417683410097,0.2614482928416378,1.0,0.999823272228241,0.0,1.0772002935409546
sage_cosserat_leak_dir_only,2026,val,cs_000_R09p8_L228p0_a06p7_k0p015,9.789348136754361,227.9826331430309,6.672684011434852,0.014820021084321922,0.04293900812441602,0.14507834578846715,1.0,0.9994652271270752,0.0,1.873879313468933
sage_cosserat_leak_dir_only,2026,val,cs_010_R11p6_L163p7_a05p1_k0p005,11.550610145885386,163.73579328774903,5.1366674156380805,0.004713985780975811,0.07054419753893616,0.05444941198929865,1.0,0.9994661808013916,0.0,1.8722076416015625
sage_cosserat_leak_dir_only,2026,val,cs_044_R15p5_L133p3_a07p4_k0p004,15.535177069130189,133.3034756178414,7.401208121935621,0.004461336701963621,0.11653992513793807,0.06930765563001415,1.0,0.9999555945396423,0.0,0.5399548411369324
sage_cosserat_leak_dir_only,2026,val,cs_056_R13p8_L203p6_a05p8_k0p003,13.778802937632774,203.5513047123528,5.821946206602572,0.0031107731319378563,0.06769203939569043,0.04286272996865444,1.0,0.9993453025817871,0.0,2.073392868041992
sage_cosserat_leak_dir_only,2026,val,cs_064_R10p8_L101p0_a03p4_k0p031,10.796119193782612,101.01214607231668,3.4248162866480163,0.03110729395226966,0.1068794161253979,0.3358380533047362,1.0,0.9997445344924927,0.0,1.2952044010162354
sage_cosserat_leak_dir_only,2026,val,cs_074_R17p1_L141p4_a09p2_k0p020,17.100988944392856,141.41770281837591,9.179064872954681,0.019773118911264792,0.12092537641030571,0.3381398878977045,1.0,0.9996634125709534,0.0,1.486615777015686
sage_cosserat_leak_dir_only,2026,val,cs_086_R10p0_L275p8_a10p8_k0p020,10.04139294969339,275.84623706717616,10.791822930263493,0.019800424415586795,0.03640213858435936,0.19882384212761012,1.0,0.9995201826095581,0.0,1.7750329971313477
sage_cosserat_leak_dir_only,2026,val,cs_090_R13p9_L105p0_a06p5_k0p012,13.88716063125649,104.97689554401948,6.534815367450279,0.012241659663291484,0.1322877816046032,0.17000189413730207,1.0,0.9997175931930542,0.0,1.3617124557495117
sage_cosserat_leak_dir_only,2026,val,cs_105_R12p5_L237p2_a07p2_k0p018,12.487717707176497,237.1990006516807,7.196482412958837,0.0181509031980451,0.05264658650697403,0.2266633552674743,1.0,0.9997925162315369,0.0,1.1671782732009888
sage_cosserat_leak_dir_only,2026,val,cs_117_R12p5_L100p7_a10p5_k0p010,12.515629257465857,100.65926548640257,10.488117451574483,0.01024315845605953,0.12433658438682445,0.12819957366151744,1.0,0.9999600052833557,0.0,0.5124368071556091
sage_cosserat_leak_dir_only,2026,val,cs_120_R10p1_L144p9_a04p9_k0p014,10.084726977879201,144.87440743102388,4.9044366749501185,0.014046124818042287,0.06961013443786224,0.14165133388716963,1.0,0.9997751116752625,0.0,1.2151479721069336
sage_cosserat_leak_dir_only,2026,val,cs_154_R09p8_L277p9_a04p5_k0p001,9.786235109693399,277.90254292644227,4.470856904033879,0.0010586313566167327,0.03521462958431333,0.010360015350345022,1.0,0.999810516834259,0.0,1.1153978109359741
sage_cosserat_leak_dir_only,2026,val,cs_163_R16p2_L152p7_a09p6_k0p006,16.198749765649147,152.71987348386645,9.616329901244171,0.006459260849737745,0.1060683812533436,0.10463195017595601,1.0,0.9999020099639893,0.0,0.8019846677780151
sage_cosserat_leak_dir_only,2026,val,cs_181_R08p3_L115p6_a11p2_k0p013,8.251120705485146,115.56542371606969,11.165520861428346,0.013081764804294354,0.07139783198266253,0.10793922044099999,1.0,0.9997807741165161,0.0,1.1998333930969238
sage_cosserat_leak_dir_only,2026,val,cs_182_R08p6_L137p8_a02p8_k0p001,8.598629938826313,137.79496076059377,2.7830575511755864,0.0014826998156791183,0.06240162841488559,0.012749187025390723,1.0,0.9999089241027832,0.0,0.7732904553413391
sage_cosserat_leak_dir_only,2026,val,cs_191_R11p6_L122p1_a04p5_k0p001,11.556692137858366,122.07713103471991,4.539556893118883,0.000992905899107872,0.09466713412990949,0.011474707797853135,1.0,0.9998322129249573,0.0,1.0495978593826294
sage_cosserat_leak_dir_only,2026,val,cs_192_R09p6_L112p9_a08p3_k0p013,9.62626406234593,112.86084808263581,8.328318774743273,0.012966750816968898,0.08529321040807399,0.12482136739478242,1.0,0.9992250800132751,0.0,2.2557663917541504
sage_cosserat_leak_dir_only,2026,val,cs_198_R10p6_L134p7_a03p0_k0p024,10.600010918578532,134.70627910668327,3.0387794839948383,0.023869624648933822,0.07868980561911035,0.25301828190106973,1.0,0.9997320175170898,0.0,1.3265531063079834
sage_cosserat_leak_dir_only,2026,val,cs_208_R15p1_L211p3_a09p7_k0p011,15.118689716695576,211.32200135358565,9.722945689626343,0.010666787766914671,0.07154337749905589,0.16126785452182701,1.0,0.9998258948326111,0.0,1.069177269935608
sage_cosserat_leak_dir_only,2026,val,cs_242_R11p1_L144p0_a05p5_k0p028,11.059500088639602,144.02331857351896,5.4797552543880785,0.027517248613048124,0.07678964905251859,0.3043270134751237,1.0,0.9994757771492004,0.0,1.855301856994629
sage_cosserat_leak_dir_only,2026,val,cs_261_R12p9_L253p3_a07p9_k0p018,12.906835133732944,253.2871487259385,7.877427617712564,0.0175134431064908,0.050957323333045944,0.22604312279948843,1.0,0.9992386102676392,0.0,2.2359838485717773
sage_cosserat_leak_dir_only,2026,val,cs_282_R10p0_L204p3_a04p6_k0p006,10.018613235043922,204.29971991412128,4.610087289346258,0.005659941338303978,0.04903880063690401,0.05670476320150444,1.0,0.9997473359107971,0.0,1.2880078554153442
sage_cosserat_leak_dir_only,2026,val,cs_289_R10p0_L261p4_a06p9_k0p031,10.013484458500468,261.37708247023414,6.937621506430334,0.031176595146921768,0.038310491355495226,0.31218635097266223,1.0,0.9998780488967896,0.0,0.8949277400970459
sage_cosserat_leak_dir_only,2026,val,cs_295_R15p8_L158p7_a04p0_k0p015,15.815991131355483,158.68764716391132,3.9849693050340145,0.014939235824352927,0.09966743734639195,0.23627882130719402,1.0,0.9998578429222107,0.0,0.96611088514328
sage_cosserat_leak_dir_only,777,test,cs_008_R10p3_L219p9_a10p1_k0p005,10.332632062001387,219.86319845391617,10.142430618716505,0.0053904580648451985,0.046995732503942136,0.05569761982969345,1.0,0.9996024370193481,0.0,1.6156785488128662
sage_cosserat_leak_dir_only,777,test,cs_011_R14p0_L181p9_a03p0_k0p014,14.044006058026058,181.87220676453305,3.0168575708216334,0.014121937351325617,0.077219088654973,0.1983285737130814,1.0,0.9998732805252075,0.0,0.9122521877288818
sage_cosserat_leak_dir_only,777,test,cs_036_R17p3_L276p1_a08p0_k0p003,17.31499466778154,276.12701618004564,8.021361701813102,0.0029834969688785585,0.06270663011290241,0.05165923410747463,1.0,0.999676525592804,0.0,1.4573681354522705
sage_cosserat_leak_dir_only,777,test,cs_041_R16p4_L126p5_a08p0_k0p021,16.380952953924872,126.50298452981617,7.9710182832138035,0.02124330119733147,0.1294906441520671,0.34798551749954276,1.0,0.9996944069862366,0.0,1.416512370109558
sage_cosserat_leak_dir_only,777,test,cs_042_R09p1_L132p8_a10p7_k0p011,9.07428353129959,132.76355859514942,10.712075744884107,0.010660025037295294,0.06834920385774537,0.09673208963916997,1.0,0.9999626278877258,0.0,0.4953506886959076
sage_cosserat_leak_dir_only,777,test,cs_043_R12p3_L259p6_a06p1_k0p020,12.297612930140655,259.5885815717731,6.138198863286343,0.01974936588961313,0.04737347403988381,0.24287005732618525,1.0,0.9996410608291626,0.0,1.5351860523223877
sage_cosserat_leak_dir_only,777,test,cs_069_R13p1_L102p9_a09p7_k0p009,13.148822734681907,102.86134202123537,9.659537039244858,0.008785096495739686,0.12783055787826858,0.11551367652955634,1.0,0.9998583793640137,0.0,0.9642863869667053
sage_cosserat_leak_dir_only,777,test,cs_073_R17p1_L219p1_a08p8_k0p003,17.052436405248233,219.11549442691114,8.814141439119714,0.0029927805368692127,0.07782396425158468,0.05103419977982692,1.0,0.9998992681503296,0.0,0.8132510781288147
sage_cosserat_leak_dir_only,777,test,cs_077_R09p2_L151p4_a10p0_k0p005,9.20785348784141,151.41657260303316,9.988312383907285,0.005444190983975563,0.06081139818150236,0.050129312940274146,1.0,0.9997934699058533,0.0,1.1644926071166992
sage_cosserat_leak_dir_only,777,test,cs_101_R17p1_L296p7_a11p6_k0p014,17.06116325157632,296.7454777876344,11.553969292706446,0.014261996667051307,0.05749426538451287,0.2433262534299997,1.0,0.9997493028640747,0.0,1.2829842567443848
sage_cosserat_leak_dir_only,777,test,cs_103_R15p3_L286p2_a07p5_k0p006,15.26161829168939,286.18579683017697,7.52249632089859,0.006024006987283315,0.05332765797858813,0.09193609522638774,1.0,0.9999527931213379,0.0,0.5567265748977661
sage_cosserat_leak_dir_only,777,test,cs_108_R15p3_L157p3_a02p2_k0p017,15.293754870832325,157.25614939483324,2.219900141123518,0.01652590291086547,0.09725377945274051,0.25274310813795087,1.0,0.9997294545173645,0.0,1.3328078985214233
sage_cosserat_leak_dir_only,777,test,cs_127_R09p9_L248p0_a10p7_k0p027,9.92130915509264,248.0385827557328,10.675877396634963,0.026674469300049557,0.03999905597292941,0.26464565647381927,1.0,0.9999321699142456,0.0,0.6673462986946106
sage_cosserat_leak_dir_only,777,test,cs_141_R11p5_L262p4_a02p2_k0p000,11.458340278600033,262.4340458867466,2.23603363554198,0.00012757021987368057,0.04366179029814172,0.0014617429887284563,1.0,0.9999138712882996,0.0,0.7519945502281189
sage_cosserat_leak_dir_only,777,test,cs_145_R10p7_L132p0_a11p4_k0p027,10.68541526716421,132.04906413974186,11.393989353830287,0.02683932389225749,0.08092003784181533,0.28678932127869333,1.0,0.9972197413444519,0.0,4.273471832275391
sage_cosserat_leak_dir_only,777,test,cs_150_R11p5_L181p7_a04p6_k0p020,11.518299636477002,181.71355082438,4.598057815988547,0.019514730234116283,0.0633871254192212,0.22477651016156833,1.0,0.9997051954269409,0.0,1.3913531303405762
sage_cosserat_leak_dir_only,777,test,cs_167_R08p2_L205p2_a11p9_k0p029,8.167573366253167,205.18563210404523,11.938348744333847,0.028818352151288754,0.03980577627439121,0.23537600549017068,1.0,0.999729573726654,0.0,1.3325141668319702
sage_cosserat_leak_dir_only,777,test,cs_203_R08p2_L122p5_a11p7_k0p007,8.217382794358745,122.54736312710918,11.737120847034058,0.006959456601839249,0.0670547499731632,0.057188518938040216,1.0,0.9998821020126343,0.0,0.8798225522041321
sage_cosserat_leak_dir_only,777,test,cs_204_R12p4_L232p8_a05p2_k0p008,12.432576699850076,232.80822831481788,5.207207074882933,0.008287663442116892,0.05340265157225443,0.10303701140666176,1.0,0.9996767044067383,0.0,1.4568982124328613
sage_cosserat_leak_dir_only,777,test,cs_206_R09p6_L215p3_a11p8_k0p017,9.638041884761433,215.2839528442758,11.817075619528502,0.017454471858595003,0.04476897491627277,0.16822693084952836,1.0,0.999631404876709,0.0,1.5556997060775757
sage_cosserat_leak_dir_only,777,test,cs_207_R14p8_L249p3_a02p6_k0p016,14.829240881322207,249.25664949252578,2.6215250192799315,0.01590100405059888,0.059493862697399674,0.23579981932121089,1.0,0.9998916387557983,0.0,0.8436031341552734
sage_cosserat_leak_dir_only,777,test,cs_209_R10p1_L101p7_a07p4_k0p010,10.120819917927488,101.7083360980719,7.440285153684869,0.00990678838805335,0.0995082635917721,0.1002648212405031,1.0,0.9999667406082153,0.0,0.4673001766204834
sage_cosserat_leak_dir_only,777,test,cs_212_R12p3_L211p8_a06p3_k0p019,12.338677853831664,211.80580528278526,6.342760122167442,0.018696010110296455,0.05825467265808934,0.23068404590292776,1.0,0.9998879432678223,0.0,0.8577498197555542
sage_cosserat_leak_dir_only,777,test,cs_221_R10p5_L204p7_a03p8_k0p014,10.490382252632225,204.67218480322697,3.8459641754550846,0.0138257058482252,0.05125455744129443,0.14503693926033523,1.0,0.9998168349266052,0.0,1.0966438055038452
sage_cosserat_leak_dir_only,777,test,cs_227_R14p4_L277p1_a05p3_k0p014,14.418427658248241,277.1340038172114,5.301363838105172,0.01396688597456547,0.052026916436274516,0.20138053503527423,1.0,0.9995376467704773,0.0,1.7423737049102783
sage_cosserat_leak_dir_only,777,test,cs_231_R13p0_L240p3_a05p5_k0p019,12.97148968239227,240.34910386029168,5.529877524013183,0.019003727820144537,0.053969369862648796,0.2465066593459958,1.0,0.9998029470443726,0.0,1.1374602317810059
sage_cosserat_leak_dir_only,777,test,cs_232_R15p7_L186p4_a07p6_k0p012,15.654714235548212,186.38536863997828,7.595966650351917,0.01240612882235181,0.08399111126467677,0.19421440148331587,1.0,0.9999279379844666,0.0,0.6878494620323181
sage_cosserat_leak_dir_only,777,test,cs_234_R09p0_L188p8_a06p9_k0p030,9.039784318877945,188.7543935856657,6.857262450562726,0.029651210053235406,0.0478917822634696,0.2680405436749935,1.0,0.9997378587722778,0.0,1.3119423389434814
sage_cosserat_leak_dir_only,777,test,cs_237_R11p3_L274p9_a11p9_k0p019,11.34108282364878,274.8799492157583,11.889809393813541,0.01891886211767744,0.04125831242331523,0.21456038220577117,1.0,0.9995527863502502,0.0,1.7136073112487793
sage_cosserat_leak_dir_only,777,test,cs_243_R10p7_L196p9_a03p5_k0p020,10.685120152308635,196.91921575267133,3.4852042530363283,0.020074742814701573,0.054261439704945014,0.21450103900178072,1.0,0.9997542500495911,0.0,1.2702617645263672
sage_cosserat_leak_dir_only,777,test,cs_244_R11p7_L295p1_a04p8_k0p019,11.695820140082057,295.08370829461035,4.7886023453704265,0.01872456140796538,0.039635601055972226,0.21899910242948478,1.0,0.9997804164886475,0.0,1.2007300853729248
sage_cosserat_leak_dir_only,777,test,cs_249_R13p4_L183p9_a06p3_k0p012,13.379656937996563,183.94270592169076,6.253312234722841,0.011863671098384052,0.07273817611279805,0.15873184932160347,1.0,0.9992775321006775,0.0,2.1780760288238525
sage_cosserat_leak_dir_only,777,test,cs_255_R10p5_L206p1_a06p2_k0p025,10.526340555463111,206.14315889437802,6.240269051325278,0.02524660378219265,0.05106325435158639,0.26575434928020286,1.0,0.9998022317886353,0.0,1.1395227909088135
sage_cosserat_leak_dir_only,777,test,cs_267_R15p8_L136p0_a09p0_k0p011,15.841647847201518,136.00586823878572,9.002830388550995,0.010930430195646728,0.11647767888506334,0.17315602597785346,1.0,0.9998641014099121,0.0,0.9445008635520935
sage_cosserat_leak_dir_only,777,test,cs_291_R12p7_L154p6_a11p6_k0p026,12.732700950050912,154.56718024184406,11.635933302839938,0.026381135330233136,0.08237648464653784,0.33590310688268116,1.0,0.9997390508651733,0.0,1.3089557886123657
sage_cosserat_leak_dir_only,777,test,cs_292_R14p4_L187p7_a06p1_k0p018,14.387564331140076,187.69446004590728,6.091070410185052,0.01817182441893697,0.07665417683410097,0.2614482928416378,1.0,0.9998491406440735,0.0,0.9952431321144104
sage_cosserat_leak_dir_only,777,val,cs_000_R09p8_L228p0_a06p7_k0p015,9.789348136754361,227.9826331430309,6.672684011434852,0.014820021084321922,0.04293900812441602,0.14507834578846715,1.0,0.9997168779373169,0.0,1.3634358644485474
sage_cosserat_leak_dir_only,777,val,cs_010_R11p6_L163p7_a05p1_k0p005,11.550610145885386,163.73579328774903,5.1366674156380805,0.004713985780975811,0.07054419753893616,0.05444941198929865,1.0,0.9998999238014221,0.0,0.8106000423431396
sage_cosserat_leak_dir_only,777,val,cs_044_R15p5_L133p3_a07p4_k0p004,15.535177069130189,133.3034756178414,7.401208121935621,0.004461336701963621,0.11653992513793807,0.06930765563001415,1.0,0.9998775124549866,0.0,0.8967843651771545
sage_cosserat_leak_dir_only,777,val,cs_056_R13p8_L203p6_a05p8_k0p003,13.778802937632774,203.5513047123528,5.821946206602572,0.0031107731319378563,0.06769203939569043,0.04286272996865444,1.0,0.9998591542243958,0.0,0.9616445899009705
sage_cosserat_leak_dir_only,777,val,cs_064_R10p8_L101p0_a03p4_k0p031,10.796119193782612,101.01214607231668,3.4248162866480163,0.03110729395226966,0.1068794161253979,0.3358380533047362,1.0,0.9997704029083252,0.0,1.227804183959961
sage_cosserat_leak_dir_only,777,val,cs_074_R17p1_L141p4_a09p2_k0p020,17.100988944392856,141.41770281837591,9.179064872954681,0.019773118911264792,0.12092537641030571,0.3381398878977045,1.0,0.9998980164527893,0.0,0.818288266658783
sage_cosserat_leak_dir_only,777,val,cs_086_R10p0_L275p8_a10p8_k0p020,10.04139294969339,275.84623706717616,10.791822930263493,0.019800424415586795,0.03640213858435936,0.19882384212761012,1.0,0.9995595216751099,0.0,1.7007108926773071
sage_cosserat_leak_dir_only,777,val,cs_090_R13p9_L105p0_a06p5_k0p012,13.88716063125649,104.97689554401948,6.534815367450279,0.012241659663291484,0.1322877816046032,0.17000189413730207,1.0,0.9996541142463684,0.0,1.5070111751556396
sage_cosserat_leak_dir_only,777,val,cs_105_R12p5_L237p2_a07p2_k0p018,12.487717707176497,237.1990006516807,7.196482412958837,0.0181509031980451,0.05264658650697403,0.2266633552674743,1.0,0.9997890591621399,0.0,1.176862120628357
sage_cosserat_leak_dir_only,777,val,cs_117_R12p5_L100p7_a10p5_k0p010,12.515629257465857,100.65926548640257,10.488117451574483,0.01024315845605953,0.12433658438682445,0.12819957366151744,1.0,0.9998806118965149,0.0,0.8853652477264404
sage_cosserat_leak_dir_only,777,val,cs_120_R10p1_L144p9_a04p9_k0p014,10.084726977879201,144.87440743102388,4.9044366749501185,0.014046124818042287,0.06961013443786224,0.14165133388716963,1.0,0.9996786713600159,0.0,1.4525259733200073
sage_cosserat_leak_dir_only,777,val,cs_154_R09p8_L277p9_a04p5_k0p001,9.786235109693399,277.90254292644227,4.470856904033879,0.0010586313566167327,0.03521462958431333,0.010360015350345022,1.0,0.9997201561927795,0.0,1.3555188179016113
sage_cosserat_leak_dir_only,777,val,cs_163_R16p2_L152p7_a09p6_k0p006,16.198749765649147,152.71987348386645,9.616329901244171,0.006459260849737745,0.1060683812533436,0.10463195017595601,1.0,0.999872088432312,0.0,0.9164255261421204
sage_cosserat_leak_dir_only,777,val,cs_181_R08p3_L115p6_a11p2_k0p013,8.251120705485146,115.56542371606969,11.165520861428346,0.013081764804294354,0.07139783198266253,0.10793922044099999,1.0,0.9998623132705688,0.0,0.950798749923706
sage_cosserat_leak_dir_only,777,val,cs_182_R08p6_L137p8_a02p8_k0p001,8.598629938826313,137.79496076059377,2.7830575511755864,0.0014826998156791183,0.06240162841488559,0.012749187025390723,1.0,0.999872624874115,0.0,0.9145016670227051
sage_cosserat_leak_dir_only,777,val,cs_191_R11p6_L122p1_a04p5_k0p001,11.556692137858366,122.07713103471991,4.539556893118883,0.000992905899107872,0.09466713412990949,0.011474707797853135,1.0,0.9992434978485107,0.0,2.228794813156128
sage_cosserat_leak_dir_only,777,val,cs_192_R09p6_L112p9_a08p3_k0p013,9.62626406234593,112.86084808263581,8.328318774743273,0.012966750816968898,0.08529321040807399,0.12482136739478242,1.0,0.9998127222061157,0.0,1.1087993383407593
sage_cosserat_leak_dir_only,777,val,cs_198_R10p6_L134p7_a03p0_k0p024,10.600010918578532,134.70627910668327,3.0387794839948383,0.023869624648933822,0.07868980561911035,0.25301828190106973,1.0,0.9996629953384399,0.0,1.487602710723877
sage_cosserat_leak_dir_only,777,val,cs_208_R15p1_L211p3_a09p7_k0p011,15.118689716695576,211.32200135358565,9.722945689626343,0.010666787766914671,0.07154337749905589,0.16126785452182701,1.0,0.9999024271965027,0.0,0.8003970980644226
sage_cosserat_leak_dir_only,777,val,cs_242_R11p1_L144p0_a05p5_k0p028,11.059500088639602,144.02331857351896,5.4797552543880785,0.027517248613048124,0.07678964905251859,0.3043270134751237,1.0,0.9998691082000732,0.0,0.927040159702301
sage_cosserat_leak_dir_only,777,val,cs_261_R12p9_L253p3_a07p9_k0p018,12.906835133732944,253.2871487259385,7.877427617712564,0.0175134431064908,0.050957323333045944,0.22604312279948843,1.0,0.9998073577880859,0.0,1.124570369720459
sage_cosserat_leak_dir_only,777,val,cs_282_R10p0_L204p3_a04p6_k0p006,10.018613235043922,204.29971991412128,4.610087289346258,0.005659941338303978,0.04903880063690401,0.05670476320150444,1.0,0.999901294708252,0.0,0.8050287961959839
sage_cosserat_leak_dir_only,777,val,cs_289_R10p0_L261p4_a06p9_k0p031,10.013484458500468,261.37708247023414,6.937621506430334,0.031176595146921768,0.038310491355495226,0.31218635097266223,1.0,0.9996968507766724,0.0,1.410836935043335
sage_cosserat_leak_dir_only,777,val,cs_295_R15p8_L158p7_a04p0_k0p015,15.815991131355483,158.68764716391132,3.9849693050340145,0.014939235824352927,0.09966743734639195,0.23627882130719402,1.0,0.9997696280479431,0.0,1.2298743724822998
sage_cosserat_leak_mag_only,1337,test,cs_008_R10p3_L219p9_a10p1_k0p005,10.332632062001387,219.86319845391617,10.142430618716505,0.0053904580648451985,0.046995732503942136,0.05569761982969345,0.11951029926156238,0.773607075214386,0.005246793626117373,39.321083068847656
sage_cosserat_leak_mag_only,1337,test,cs_011_R14p0_L181p9_a03p0_k0p014,14.044006058026058,181.87220676453305,3.0168575708216334,0.014121937351325617,0.077219088654973,0.1983285737130814,0.11499611499611499,0.7975489497184753,0.006993006993006993,37.10332107543945
sage_cosserat_leak_mag_only,1337,test,cs_036_R17p3_L276p1_a08p0_k0p003,17.31499466778154,276.12701618004564,8.021361701813102,0.0029834969688785585,0.06270663011290241,0.05165923410747463,0.1975642760487145,0.9500049352645874,0.0,18.1939640045166
sage_cosserat_leak_mag_only,1337,test,cs_041_R16p4_L126p5_a08p0_k0p021,16.380952953924872,126.50298452981617,7.9710182832138035,0.02124330119733147,0.1294906441520671,0.34798551749954276,0.0,-0.8320832848548889,1.0,146.31333923339844
sage_cosserat_leak_mag_only,1337,test,cs_042_R09p1_L132p8_a10p7_k0p011,9.07428353129959,132.76355859514942,10.712075744884107,0.010660025037295294,0.06834920385774537,0.09673208963916997,0.0,-0.5962487459182739,0.9936009307737056,126.60169982910156
sage_cosserat_leak_mag_only,1337,test,cs_043_R12p3_L259p6_a06p1_k0p020,12.297612930140655,259.5885815717731,6.138198863286343,0.01974936588961313,0.04737347403988381,0.24287005732618525,0.08703170028818444,0.6606041193008423,0.19596541786743515,48.65403366088867
sage_cosserat_leak_mag_only,1337,test,cs_069_R13p1_L102p9_a09p7_k0p009,13.148822734681907,102.86134202123537,9.659537039244858,0.008785096495739686,0.12783055787826858,0.11551367652955634,0.0,0.9403703808784485,0.0,19.88614845275879
sage_cosserat_leak_mag_only,1337,test,cs_073_R17p1_L219p1_a08p8_k0p003,17.052436405248233,219.11549442691114,8.814141439119714,0.0029927805368692127,0.07782396425158468,0.05103419977982692,0.015805705474171164,0.9121925830841064,0.0,24.18987274169922
sage_cosserat_leak_mag_only,1337,test,cs_077_R09p2_L151p4_a10p0_k0p005,9.20785348784141,151.41657260303316,9.988312383907285,0.005444190983975563,0.06081139818150236,0.050129312940274146,0.0,0.7189021110534668,0.02120810452565802,44.03608703613281
sage_cosserat_leak_mag_only,1337,test,cs_101_R17p1_L296p7_a11p6_k0p014,17.06116325157632,296.7454777876344,11.553969292706446,0.014261996667051307,0.05749426538451287,0.2433262534299997,0.0,-0.43754032254219055,0.6474708171206226,115.9470443725586
sage_cosserat_leak_mag_only,1337,test,cs_103_R15p3_L286p2_a07p5_k0p006,15.26161829168939,286.18579683017697,7.52249632089859,0.006024006987283315,0.05332765797858813,0.09193609522638774,0.01949756280464942,0.9011472463607788,0.0029996250468691415,25.690719604492188
sage_cosserat_leak_mag_only,1337,test,cs_108_R15p3_L157p3_a02p2_k0p017,15.293754870832325,157.25614939483324,2.219900141123518,0.01652590291086547,0.09725377945274051,0.25274310813795087,0.0019319938176197836,0.8666839599609375,0.0032843894899536323,29.92444610595703
sage_cosserat_leak_mag_only,1337,test,cs_127_R09p9_L248p0_a10p7_k0p027,9.92130915509264,248.0385827557328,10.675877396634963,0.026674469300049557,0.03999905597292941,0.26464565647381927,0.030866564417177913,-0.3484998345375061,0.6506901840490797,110.39558410644531
sage_cosserat_leak_mag_only,1337,test,cs_141_R11p5_L262p4_a02p2_k0p000,11.458340278600033,262.4340458867466,2.23603363554198,0.00012757021987368057,0.04366179029814172,0.0014617429887284563,0.0,-0.4273111820220947,0.8945342571208622,115.29703521728516
sage_cosserat_leak_mag_only,1337,test,cs_145_R10p7_L132p0_a11p4_k0p027,10.68541526716421,132.04906413974186,11.393989353830287,0.02683932389225749,0.08092003784181533,0.28678932127869333,0.04024888197550068,0.42255669832229614,0.2718257826171495,65.00389099121094
sage_cosserat_leak_mag_only,1337,test,cs_150_R11p5_L181p7_a04p6_k0p020,11.518299636477002,181.71355082438,4.598057815988547,0.019514730234116283,0.0633871254192212,0.22477651016156833,0.00506033476060724,0.5281511545181274,0.12144803425457376,58.11937713623047
sage_cosserat_leak_mag_only,1337,test,cs_167_R08p2_L205p2_a11p9_k0p029,8.167573366253167,205.18563210404523,11.938348744333847,0.028818352151288754,0.03980577627439121,0.23537600549017068,0.0,0.216019868850708,0.4349601399961112,77.52462768554688
sage_cosserat_leak_mag_only,1337,test,cs_203_R08p2_L122p5_a11p7_k0p007,8.217382794358745,122.54736312710918,11.737120847034058,0.006959456601839249,0.0670547499731632,0.057188518938040216,0.005369376041473801,0.6510971784591675,0.0007406035919274209,49.37561798095703
sage_cosserat_leak_mag_only,1337,test,cs_204_R12p4_L232p8_a05p2_k0p008,12.432576699850076,232.80822831481788,5.207207074882933,0.008287663442116892,0.05340265157225443,0.10303701140666176,0.011742025937609533,0.05598572641611099,0.4411146161934805,86.79057312011719
sage_cosserat_leak_mag_only,1337,test,cs_206_R09p6_L215p3_a11p8_k0p017,9.638041884761433,215.2839528442758,11.817075619528502,0.017454471858595003,0.04476897491627277,0.16822693084952836,0.0,-0.6373902559280396,0.9064131245339299,129.5974884033203
sage_cosserat_leak_mag_only,1337,test,cs_207_R14p8_L249p3_a02p6_k0p016,14.829240881322207,249.25664949252578,2.6215250192799315,0.01590100405059888,0.059493862697399674,0.23579981932121089,0.017361111111111112,0.5244630575180054,0.19637345679012347,58.367889404296875
sage_cosserat_leak_mag_only,1337,test,cs_209_R10p1_L101p7_a07p4_k0p010,10.120819917927488,101.7083360980719,7.440285153684869,0.00990678838805335,0.0995082635917721,0.1002648212405031,0.22846658941676323,0.934607744216919,0.010042487446890692,20.83513641357422
sage_cosserat_leak_mag_only,1337,test,cs_212_R12p3_L211p8_a06p3_k0p019,12.338677853831664,211.80580528278526,6.342760122167442,0.018696010110296455,0.05825467265808934,0.23068404590292776,0.10869986436737067,0.7460294365882874,0.0027126525867080024,41.75239944458008
sage_cosserat_leak_mag_only,1337,test,cs_221_R10p5_L204p7_a03p8_k0p014,10.490382252632225,204.67218480322697,3.8459641754550846,0.0138257058482252,0.05125455744129443,0.14503693926033523,0.14819136522753792,0.890286386013031,0.0,27.090742111206055
sage_cosserat_leak_mag_only,1337,test,cs_227_R14p4_L277p1_a05p3_k0p014,14.418427658248241,277.1340038172114,5.301363838105172,0.01396688597456547,0.052026916436274516,0.20138053503527423,0.0,-0.641848087310791,0.973191899710704,129.9297637939453
sage_cosserat_leak_mag_only,1337,test,cs_231_R13p0_L240p3_a05p5_k0p019,12.97148968239227,240.34910386029168,5.529877524013183,0.019003727820144537,0.053969369862648796,0.2465066593459958,0.004228329809725159,0.7129726409912109,0.12300595810109552,44.522705078125
sage_cosserat_leak_mag_only,1337,test,cs_232_R15p7_L186p4_a07p6_k0p012,15.654714235548212,186.38536863997828,7.595966650351917,0.01240612882235181,0.08399111126467677,0.19421440148331587,0.0,-0.9876223802566528,1.0,170.97586059570312
sage_cosserat_leak_mag_only,1337,test,cs_234_R09p0_L188p8_a06p9_k0p030,9.039784318877945,188.7543935856657,6.857262450562726,0.029651210053235406,0.0478917822634696,0.2680405436749935,0.0,-0.4397282004356384,0.6735751295336787,116.08653259277344
sage_cosserat_leak_mag_only,1337,test,cs_237_R11p3_L274p9_a11p9_k0p019,11.34108282364878,274.8799492157583,11.889809393813541,0.01891886211767744,0.04125831242331523,0.21456038220577117,0.0,-0.01638229750096798,0.5054495912806539,90.93867492675781
sage_cosserat_leak_mag_only,1337,test,cs_243_R10p7_L196p9_a03p5_k0p020,10.685120152308635,196.91921575267133,3.4852042530363283,0.020074742814701573,0.054261439704945014,0.21450103900178072,0.0,0.22553929686546326,0.42734880182578927,76.96540832519531
sage_cosserat_leak_mag_only,1337,test,cs_244_R11p7_L295p1_a04p8_k0p019,11.695820140082057,295.08370829461035,4.7886023453704265,0.01872456140796538,0.039635601055972226,0.21899910242948478,0.0,-0.29248782992362976,0.6196390452163788,107.0069580078125
sage_cosserat_leak_mag_only,1337,test,cs_249_R13p4_L183p9_a06p3_k0p012,13.379656937996563,183.94270592169076,6.253312234722841,0.011863671098384052,0.07273817611279805,0.15873184932160347,0.0,-0.8552824258804321,1.0,148.79095458984375
sage_cosserat_leak_mag_only,1337,test,cs_255_R10p5_L206p1_a06p2_k0p025,10.526340555463111,206.14315889437802,6.240269051325278,0.02524660378219265,0.05106325435158639,0.26575434928020286,0.0,0.45057380199432373,0.28255433737257163,63.21949768066406
sage_cosserat_leak_mag_only,1337,test,cs_267_R15p8_L136p0_a09p0_k0p011,15.841647847201518,136.00586823878572,9.002830388550995,0.010930430195646728,0.11647767888506334,0.17315602597785346,0.13714063714063715,0.9605382680892944,0.0,16.14969253540039
sage_cosserat_leak_mag_only,1337,test,cs_291_R12p7_L154p6_a11p6_k0p026,12.732700950050912,154.56718024184406,11.635933302839938,0.026381135330233136,0.08237648464653784,0.33590310688268116,0.0,-0.6272456049919128,0.8215172940951653,128.84719848632812
sage_cosserat_leak_mag_only,1337,test,cs_292_R14p4_L187p7_a06p1_k0p018,14.387564331140076,187.69446004590728,6.091070410185052,0.01817182441893697,0.07665417683410097,0.2614482928416378,0.02060466011939149,0.5882160663604736,0.23416137107644908,53.969482421875
sage_cosserat_leak_mag_only,1337,val,cs_000_R09p8_L228p0_a06p7_k0p015,9.789348136754361,227.9826331430309,6.672684011434852,0.014820021084321922,0.04293900812441602,0.14507834578846715,0.07830062869117928,0.6244025230407715,0.0,51.36164855957031
sage_cosserat_leak_mag_only,1337,val,cs_010_R11p6_L163p7_a05p1_k0p005,11.550610145885386,163.73579328774903,5.1366674156380805,0.004713985780975811,0.07054419753893616,0.05444941198929865,0.4298929802285507,0.9801101684570312,0.0,11.446577072143555
sage_cosserat_leak_mag_only,1337,val,cs_044_R15p5_L133p3_a07p4_k0p004,15.535177069130189,133.3034756178414,7.401208121935621,0.004461336701963621,0.11653992513793807,0.06930765563001415,0.0,-0.8976014256477356,0.9837366892545982,153.8445587158203
sage_cosserat_leak_mag_only,1337,val,cs_056_R13p8_L203p6_a05p8_k0p003,13.778802937632774,203.5513047123528,5.821946206602572,0.0031107731319378563,0.06769203939569043,0.04286272996865444,0.3151856892864087,0.935987114906311,0.0,20.611787796020508
sage_cosserat_leak_mag_only,1337,val,cs_064_R10p8_L101p0_a03p4_k0p031,10.796119193782612,101.01214607231668,3.4248162866480163,0.03110729395226966,0.1068794161253979,0.3358380533047362,0.0,-0.9086595773696899,1.0,155.32077026367188
sage_cosserat_leak_mag_only,1337,val,cs_074_R17p1_L141p4_a09p2_k0p020,17.100988944392856,141.41770281837591,9.179064872954681,0.019773118911264792,0.12092537641030571,0.3381398878977045,0.0,-0.86039799451828,0.9438765670202507,149.36129760742188
sage_cosserat_leak_mag_only,1337,val,cs_086_R10p0_L275p8_a10p8_k0p020,10.04139294969339,275.84623706717616,10.791822930263493,0.019800424415586795,0.03640213858435936,0.19882384212761012,0.0,-0.5360339879989624,0.6923672994963193,122.4140625
sage_cosserat_leak_mag_only,1337,val,cs_090_R13p9_L105p0_a06p5_k0p012,13.88716063125649,104.97689554401948,6.534815367450279,0.012241659663291484,0.1322877816046032,0.17000189413730207,0.0,0.14809074997901917,0.4069655570521455,81.48370361328125
sage_cosserat_leak_mag_only,1337,val,cs_105_R12p5_L237p2_a07p2_k0p018,12.487717707176497,237.1990006516807,7.196482412958837,0.0181509031980451,0.05264658650697403,0.2266633552674743,0.0,-0.13351444900035858,0.6690017513134852,97.67272186279297
sage_cosserat_leak_mag_only,1337,val,cs_117_R12p5_L100p7_a10p5_k0p010,12.515629257465857,100.65926548640257,10.488117451574483,0.01024315845605953,0.12433658438682445,0.12819957366151744,0.0,-0.872929573059082,1.0,150.80087280273438
sage_cosserat_leak_mag_only,1337,val,cs_120_R10p1_L144p9_a04p9_k0p014,10.084726977879201,144.87440743102388,4.9044366749501185,0.014046124818042287,0.06961013443786224,0.14165133388716963,0.0,-0.8629590272903442,1.0,149.6504669189453
sage_cosserat_leak_mag_only,1337,val,cs_154_R09p8_L277p9_a04p5_k0p001,9.786235109693399,277.90254292644227,4.470856904033879,0.0010586313566167327,0.03521462958431333,0.010360015350345022,0.6639091958445555,0.9921116828918457,0.0,7.20137882232666
sage_cosserat_leak_mag_only,1337,val,cs_163_R16p2_L152p7_a09p6_k0p006,16.198749765649147,152.71987348386645,9.616329901244171,0.006459260849737745,0.1060683812533436,0.10463195017595601,0.0,0.4676997661590576,0.001557026080186843,62.11491394042969
sage_cosserat_leak_mag_only,1337,val,cs_181_R08p3_L115p6_a11p2_k0p013,8.251120705485146,115.56542371606969,11.165520861428346,0.013081764804294354,0.07139783198266253,0.10793922044099999,0.04508513931888545,0.9374857544898987,0.0,20.366477966308594
sage_cosserat_leak_mag_only,1337,val,cs_182_R08p6_L137p8_a02p8_k0p001,8.598629938826313,137.79496076059377,2.7830575511755864,0.0014826998156791183,0.06240162841488559,0.012749187025390723,0.0,-0.7992070317268372,1.0,143.054443359375
sage_cosserat_leak_mag_only,1337,val,cs_191_R11p6_L122p1_a04p5_k0p001,11.556692137858366,122.07713103471991,4.539556893118883,0.000992905899107872,0.09466713412990949,0.011474707797853135,0.10075243163883281,0.9702411890029907,0.0,14.012908935546875
sage_cosserat_leak_mag_only,1337,val,cs_192_R09p6_L112p9_a08p3_k0p013,9.62626406234593,112.86084808263581,8.328318774743273,0.012966750816968898,0.08529321040807399,0.12482136739478242,0.0,-0.5250853300094604,0.9184466019417475,121.67398834228516
sage_cosserat_leak_mag_only,1337,val,cs_198_R10p6_L134p7_a03p0_k0p024,10.600010918578532,134.70627910668327,3.0387794839948383,0.023869624648933822,0.07868980561911035,0.25301828190106973,0.0,-0.9829933643341064,1.0,169.4180908203125
sage_cosserat_leak_mag_only,1337,val,cs_208_R15p1_L211p3_a09p7_k0p011,15.118689716695576,211.32200135358565,9.722945689626343,0.010666787766914671,0.07154337749905589,0.16126785452182701,0.0,-0.9581460952758789,1.0,163.36463928222656
sage_cosserat_leak_mag_only,1337,val,cs_242_R11p1_L144p0_a05p5_k0p028,11.059500088639602,144.02331857351896,5.4797552543880785,0.027517248613048124,0.07678964905251859,0.3043270134751237,0.004075295944110227,0.5596198439598083,0.18532893460120317,55.97048568725586
sage_cosserat_leak_mag_only,1337,val,cs_261_R12p9_L253p3_a07p9_k0p018,12.906835133732944,253.2871487259385,7.877427617712564,0.0175134431064908,0.050957323333045944,0.22604312279948843,0.0,-0.24376420676708221,0.6762295081967213,104.10881042480469
sage_cosserat_leak_mag_only,1337,val,cs_282_R10p0_L204p3_a04p6_k0p006,10.018613235043922,204.29971991412128,4.610087289346258,0.005659941338303978,0.04903880063690401,0.05670476320150444,0.0,-0.7143405079841614,0.9986462966544188,135.58917236328125
sage_cosserat_leak_mag_only,1337,val,cs_289_R10p0_L261p4_a06p9_k0p031,10.013484458500468,261.37708247023414,6.937621506430334,0.031176595146921768,0.038310491355495226,0.31218635097266223,0.0,0.21383589506149292,0.3049482163406214,77.65275573730469
sage_cosserat_leak_mag_only,1337,val,cs_295_R15p8_L158p7_a04p0_k0p015,15.815991131355483,158.68764716391132,3.9849693050340145,0.014939235824352927,0.09966743734639195,0.23627882130719402,0.0708309009534929,0.9282641410827637,0.0,21.83417510986328
sage_cosserat_leak_mag_only,2026,test,cs_008_R10p3_L219p9_a10p1_k0p005,10.332632062001387,219.86319845391617,10.142430618716505,0.0053904580648451985,0.046995732503942136,0.05569761982969345,0.000388651379712398,0.8391885757446289,0.013602798289933929,32.945465087890625
sage_cosserat_leak_mag_only,2026,test,cs_011_R14p0_L181p9_a03p0_k0p014,14.044006058026058,181.87220676453305,3.0168575708216334,0.014121937351325617,0.077219088654973,0.1983285737130814,0.0017482517482517483,0.7300335168838501,0.0033022533022533025,43.11079406738281
sage_cosserat_leak_mag_only,2026,test,cs_036_R17p3_L276p1_a08p0_k0p003,17.31499466778154,276.12701618004564,8.021361701813102,0.0029834969688785585,0.06270663011290241,0.05165923410747463,0.0,0.8211338520050049,0.0,34.80154037475586
sage_cosserat_leak_mag_only,2026,test,cs_041_R16p4_L126p5_a08p0_k0p021,16.380952953924872,126.50298452981617,7.9710182832138035,0.02124330119733147,0.1294906441520671,0.34798551749954276,0.0,-0.792946457862854,1.0,142.4617156982422
sage_cosserat_leak_mag_only,2026,test,cs_042_R09p1_L132p8_a10p7_k0p011,9.07428353129959,132.76355859514942,10.712075744884107,0.010660025037295294,0.06834920385774537,0.09673208963916997,0.0,-0.14211666584014893,0.6156680240449874,98.17034149169922
sage_cosserat_leak_mag_only,2026,test,cs_043_R12p3_L259p6_a06p1_k0p020,12.297612930140655,259.5885815717731,6.138198863286343,0.01974936588961313,0.04737347403988381,0.24287005732618525,0.0,0.5186998844146729,0.3085494716618636,58.75490951538086
sage_cosserat_leak_mag_only,2026,test,cs_069_R13p1_L102p9_a09p7_k0p009,13.148822734681907,102.86134202123537,9.659537039244858,0.008785096495739686,0.12783055787826858,0.11551367652955634,0.047285464098073555,0.9307217597961426,0.0,21.452394485473633
sage_cosserat_leak_mag_only,2026,test,cs_073_R17p1_L219p1_a08p8_k0p003,17.052436405248233,219.11549442691114,8.814141439119714,0.0029927805368692127,0.07782396425158468,0.05103419977982692,0.0,0.941865861415863,0.0,19.63269805908203
sage_cosserat_leak_mag_only,2026,test,cs_077_R09p2_L151p4_a10p0_k0p005,9.20785348784141,151.41657260303316,9.988312383907285,0.005444190983975563,0.06081139818150236,0.050129312940274146,0.0613520166635107,0.9169635772705078,0.0,23.51386260986328
sage_cosserat_leak_mag_only,2026,test,cs_101_R17p1_L296p7_a11p6_k0p014,17.06116325157632,296.7454777876344,11.553969292706446,0.014261996667051307,0.05749426538451287,0.2433262534299997,0.0,0.09766563028097153,0.47879377431906617,84.39521789550781
sage_cosserat_leak_mag_only,2026,test,cs_103_R15p3_L286p2_a07p5_k0p006,15.26161829168939,286.18579683017697,7.52249632089859,0.006024006987283315,0.05332765797858813,0.09193609522638774,0.0,0.5729762315750122,0.0018747656542932134,55.041969299316406
sage_cosserat_leak_mag_only,2026,test,cs_108_R15p3_L157p3_a02p2_k0p017,15.293754870832325,157.25614939483324,2.219900141123518,0.01652590291086547,0.09725377945274051,0.25274310813795087,0.0,0.7025160789489746,0.16634466769706338,45.37078094482422
sage_cosserat_leak_mag_only,2026,test,cs_127_R09p9_L248p0_a10p7_k0p027,9.92130915509264,248.0385827557328,10.675877396634963,0.026674469300049557,0.03999905597292941,0.26464565647381927,0.021088957055214724,-0.07786525785923004,0.5233895705521472,94.46586608886719
sage_cosserat_leak_mag_only,2026,test,cs_141_R11p5_L262p4_a02p2_k0p000,11.458340278600033,262.4340458867466,2.23603363554198,0.00012757021987368057,0.04366179029814172,0.0014617429887284563,0.0,-0.10201945900917053,0.7209391839876829,95.85546875
sage_cosserat_leak_mag_only,2026,test,cs_145_R10p7_L132p0_a11p4_k0p027,10.68541526716421,132.04906413974186,11.393989353830287,0.02683932389225749,0.08092003784181533,0.28678932127869333,0.072914641259965,0.5945038199424744,0.15282908808088663,53.522727966308594
sage_cosserat_leak_mag_only,2026,test,cs_150_R11p5_L181p7_a04p6_k0p020,11.518299636477002,181.71355082438,4.598057815988547,0.019514730234116283,0.0633871254192212,0.22477651016156833,0.00253016738030362,0.2581867575645447,0.4184507590502141,75.03749084472656
sage_cosserat_leak_mag_only,2026,test,cs_167_R08p2_L205p2_a11p9_k0p029,8.167573366253167,205.18563210404523,11.938348744333847,0.028818352151288754,0.03980577627439121,0.23537600549017068,0.0,0.17670060694217682,0.45887614232937973,79.82235717773438
sage_cosserat_leak_mag_only,2026,test,cs_203_R08p2_L122p5_a11p7_k0p007,8.217382794358745,122.54736312710918,11.737120847034058,0.006959456601839249,0.0670547499731632,0.057188518938040216,0.00018515089798185522,0.49258458614349365,0.0051842251434919455,60.48939514160156
sage_cosserat_leak_mag_only,2026,test,cs_204_R12p4_L232p8_a05p2_k0p008,12.432576699850076,232.80822831481788,5.207207074882933,0.008287663442116892,0.05340265157225443,0.10303701140666176,0.0,0.6241825819015503,0.009638976515948125,51.377784729003906
sage_cosserat_leak_mag_only,2026,test,cs_206_R09p6_L215p3_a11p8_k0p017,9.638041884761433,215.2839528442758,11.817075619528502,0.017454471858595003,0.04476897491627277,0.16822693084952836,0.0,-0.42300572991371155,0.7192393736017897,115.02449035644531
sage_cosserat_leak_mag_only,2026,test,cs_207_R14p8_L249p3_a02p6_k0p016,14.829240881322207,249.25664949252578,2.6215250192799315,0.01590100405059888,0.059493862697399674,0.23579981932121089,0.0,0.19060227274894714,0.4417438271604938,79.01206970214844
sage_cosserat_leak_mag_only,2026,test,cs_209_R10p1_L101p7_a07p4_k0p010,10.120819917927488,101.7083360980719,7.440285153684869,0.00990678838805335,0.0995082635917721,0.1002648212405031,0.0,0.7450501918792725,0.018153727307840865,41.83659362792969
sage_cosserat_leak_mag_only,2026,test,cs_212_R12p3_L211p8_a06p3_k0p019,12.338677853831664,211.80580528278526,6.342760122167442,0.018696010110296455,0.05825467265808934,0.23068404590292776,0.006781631466770006,0.5662657022476196,0.159658980817671,55.509765625
sage_cosserat_leak_mag_only,2026,test,cs_221_R10p5_L204p7_a03p8_k0p014,10.490382252632225,204.67218480322697,3.8459641754550846,0.0138257058482252,0.05125455744129443,0.14503693926033523,0.07001166861143523,0.7892330884933472,0.026837806301050177,37.88610076904297
sage_cosserat_leak_mag_only,2026,test,cs_227_R14p4_L277p1_a05p3_k0p014,14.418427658248241,277.1340038172114,5.301363838105172,0.01396688597456547,0.052026916436274516,0.20138053503527423,0.0,-0.5646355748176575,0.9089681774349084,124.37698364257812
sage_cosserat_leak_mag_only,2026,test,cs_231_R13p0_L240p3_a05p5_k0p019,12.97148968239227,240.34910386029168,5.529877524013183,0.019003727820144537,0.053969369862648796,0.2465066593459958,0.0,0.2634890079498291,0.42302517778204884,74.72280883789062
sage_cosserat_leak_mag_only,2026,test,cs_232_R15p7_L186p4_a07p6_k0p012,15.654714235548212,186.38536863997828,7.595966650351917,0.01240612882235181,0.08399111126467677,0.19421440148331587,0.0,-0.8805230259895325,1.0,151.70550537109375
sage_cosserat_leak_mag_only,2026,test,cs_234_R09p0_L188p8_a06p9_k0p030,9.039784318877945,188.7543935856657,6.857262450562726,0.029651210053235406,0.0478917822634696,0.2680405436749935,0.0,-0.1229991614818573,0.5482632891959317,97.06522369384766
sage_cosserat_leak_mag_only,2026,test,cs_237_R11p3_L274p9_a11p9_k0p019,11.34108282364878,274.8799492157583,11.889809393813541,0.01891886211767744,0.04125831242331523,0.21456038220577117,0.0,-0.2083420753479004,0.5757103931490852,102.02520751953125
sage_cosserat_leak_mag_only,2026,test,cs_243_R10p7_L196p9_a03p5_k0p020,10.685120152308635,196.91921575267133,3.4852042530363283,0.020074742814701573,0.054261439704945014,0.21450103900178072,0.11525294788893116,-0.2657277584075928,0.5574362875618106,105.41020202636719
sage_cosserat_leak_mag_only,2026,test,cs_244_R11p7_L295p1_a04p8_k0p019,11.695820140082057,295.08370829461035,4.7886023453704265,0.01872456140796538,0.039635601055972226,0.21899910242948478,0.0,-0.05658159404993057,0.5540461866873666,93.24361419677734
sage_cosserat_leak_mag_only,2026,test,cs_249_R13p4_L183p9_a06p3_k0p012,13.379656937996563,183.94270592169076,6.253312234722841,0.011863671098384052,0.07273817611279805,0.15873184932160347,0.0,-0.6193706393241882,0.9803921568627451,128.2701873779297
sage_cosserat_leak_mag_only,2026,test,cs_255_R10p5_L206p1_a06p2_k0p025,10.526340555463111,206.14315889437802,6.240269051325278,0.02524660378219265,0.05106325435158639,0.26575434928020286,0.0,0.19824661314487457,0.3873821888824774,78.5655517578125
sage_cosserat_leak_mag_only,2026,test,cs_267_R15p8_L136p0_a09p0_k0p011,15.841647847201518,136.00586823878572,9.002830388550995,0.010930430195646728,0.11647767888506334,0.17315602597785346,0.38403263403263405,0.9736762642860413,0.0,13.175548553466797
sage_cosserat_leak_mag_only,2026,test,cs_291_R12p7_L154p6_a11p6_k0p026,12.732700950050912,154.56718024184406,11.635933302839938,0.026381135330233136,0.08237648464653784,0.33590310688268116,0.0,-0.4095945358276367,0.7324670361169501,114.17936706542969
sage_cosserat_leak_mag_only,2026,test,cs_292_R14p4_L187p7_a06p1_k0p018,14.387564331140076,187.69446004590728,6.091070410185052,0.01817182441893697,0.07665417683410097,0.2614482928416378,0.04756402849990372,0.1467413455247879,0.4569612940496823,81.5618667602539
sage_cosserat_leak_mag_only,2026,val,cs_000_R09p8_L228p0_a06p7_k0p015,9.789348136754361,227.9826331430309,6.672684011434852,0.014820021084321922,0.04293900812441602,0.14507834578846715,0.001143074871404077,0.6971657276153564,0.26271670794437035,45.799949645996094
sage_cosserat_leak_mag_only,2026,val,cs_010_R11p6_L163p7_a05p1_k0p005,11.550610145885386,163.73579328774903,5.1366674156380805,0.004713985780975811,0.07054419753893616,0.05444941198929865,0.526573553419191,0.9857361316680908,0.0,9.688886642456055
sage_cosserat_leak_mag_only,2026,val,cs_044_R15p5_L133p3_a07p4_k0p004,15.535177069130189,133.3034756178414,7.401208121935621,0.004461336701963621,0.11653992513793807,0.06930765563001415,0.0,-0.5839160084724426,0.9808325266214908,125.7264404296875
sage_cosserat_leak_mag_only,2026,val,cs_056_R13p8_L203p6_a05p8_k0p003,13.778802937632774,203.5513047123528,5.821946206602572,0.0031107731319378563,0.06769203939569043,0.04286272996865444,0.7627843671009139,0.9945759177207947,0.0,5.970314979553223
sage_cosserat_leak_mag_only,2026,val,cs_064_R10p8_L101p0_a03p4_k0p031,10.796119193782612,101.01214607231668,3.4248162866480163,0.03110729395226966,0.1068794161253979,0.3358380533047362,0.0,-0.7432366609573364,1.0,138.00787353515625
sage_cosserat_leak_mag_only,2026,val,cs_074_R17p1_L141p4_a09p2_k0p020,17.100988944392856,141.41770281837591,9.179064872954681,0.019773118911264792,0.12092537641030571,0.3381398878977045,0.0,-0.5527697801589966,0.8125361620057859,123.55724334716797
sage_cosserat_leak_mag_only,2026,val,cs_086_R10p0_L275p8_a10p8_k0p020,10.04139294969339,275.84623706717616,10.791822930263493,0.019800424415586795,0.03640213858435936,0.19882384212761012,0.0,-0.5308151245117188,0.6383184812088338,122.060546875
sage_cosserat_leak_mag_only,2026,val,cs_090_R13p9_L105p0_a06p5_k0p012,13.88716063125649,104.97689554401948,6.534815367450279,0.012241659663291484,0.1322877816046032,0.17000189413730207,0.0,-0.18291278183460236,0.6447950740812007,100.53946685791016
sage_cosserat_leak_mag_only,2026,val,cs_105_R12p5_L237p2_a07p2_k0p018,12.487717707176497,237.1990006516807,7.196482412958837,0.0181509031980451,0.05264658650697403,0.2266633552674743,0.0,0.2860778272151947,0.3401439968865538,73.376708984375
sage_cosserat_leak_mag_only,2026,val,cs_117_R12p5_L100p7_a10p5_k0p010,12.515629257465857,100.65926548640257,10.488117451574483,0.01024315845605953,0.12433658438682445,0.12819957366151744,0.0,-0.7702431678771973,1.0,140.375732421875
sage_cosserat_leak_mag_only,2026,val,cs_120_R10p1_L144p9_a04p9_k0p014,10.084726977879201,144.87440743102388,4.9044366749501185,0.014046124818042287,0.06961013443786224,0.14165133388716963,0.0,-0.8398579359054565,0.9947440140159626,147.1251220703125
sage_cosserat_leak_mag_only,2026,val,cs_154_R09p8_L277p9_a04p5_k0p001,9.786235109693399,277.90254292644227,4.470856904033879,0.0010586313566167327,0.03521462958431333,0.010360015350345022,0.6017699115044248,0.9882501363754272,0.0,8.79185962677002
sage_cosserat_leak_mag_only,2026,val,cs_163_R16p2_L152p7_a09p6_k0p006,16.198749765649147,152.71987348386645,9.616329901244171,0.006459260849737745,0.1060683812533436,0.10463195017595601,0.0,-0.1482517123222351,0.6274815103152978,98.52561950683594
sage_cosserat_leak_mag_only,2026,val,cs_181_R08p3_L115p6_a11p2_k0p013,8.251120705485146,115.56542371606969,11.165520861428346,0.013081764804294354,0.07139783198266253,0.10793922044099999,0.03212074303405573,0.7847625613212585,0.02321981424148607,38.30126953125
sage_cosserat_leak_mag_only,2026,val,cs_182_R08p6_L137p8_a02p8_k0p001,8.598629938826313,137.79496076059377,2.7830575511755864,0.0014826998156791183,0.06240162841488559,0.012749187025390723,0.0,-0.6989145874977112,1.0,134.33998107910156
sage_cosserat_leak_mag_only,2026,val,cs_191_R11p6_L122p1_a04p5_k0p001,11.556692137858366,122.07713103471991,4.539556893118883,0.000992905899107872,0.09466713412990949,0.011474707797853135,0.0,0.713169276714325,0.0,44.50663375854492
sage_cosserat_leak_mag_only,2026,val,cs_192_R09p6_L112p9_a08p3_k0p013,9.62626406234593,112.86084808263581,8.328318774743273,0.012966750816968898,0.08529321040807399,0.12482136739478242,0.0,-0.4475690722465515,0.9749514563106796,116.58781433105469
sage_cosserat_leak_mag_only,2026,val,cs_198_R10p6_L134p7_a03p0_k0p024,10.600010918578532,134.70627910668327,3.0387794839948383,0.023869624648933822,0.07868980561911035,0.25301828190106973,0.0,-0.8085699081420898,1.0,143.95645141601562
sage_cosserat_leak_mag_only,2026,val,cs_208_R15p1_L211p3_a09p7_k0p011,15.118689716695576,211.32200135358565,9.722945689626343,0.010666787766914671,0.07154337749905589,0.16126785452182701,0.0,-0.8691542744636536,1.0,150.36050415039062
sage_cosserat_leak_mag_only,2026,val,cs_242_R11p1_L144p0_a05p5_k0p028,11.059500088639602,144.02331857351896,5.4797552543880785,0.027517248613048124,0.07678964905251859,0.3043270134751237,0.015913060353192315,-0.02725236676633358,0.5094119930137784,91.56163787841797
sage_cosserat_leak_mag_only,2026,val,cs_261_R12p9_L253p3_a07p9_k0p018,12.906835133732944,253.2871487259385,7.877427617712564,0.0175134431064908,0.050957323333045944,0.22604312279948843,0.0,-0.16565153002738953,0.8183681073025335,99.53507995605469
sage_cosserat_leak_mag_only,2026,val,cs_282_R10p0_L204p3_a04p6_k0p006,10.018613235043922,204.29971991412128,4.610087289346258,0.005659941338303978,0.04903880063690401,0.05670476320150444,0.0,-0.28928765654563904,0.6667955907948172,106.81531524658203
sage_cosserat_leak_mag_only,2026,val,cs_289_R10p0_L261p4_a06p9_k0p031,10.013484458500468,261.37708247023414,6.937621506430334,0.031176595146921768,0.038310491355495226,0.31218635097266223,0.0,0.24645359814167023,0.3849252013808976,75.73223876953125
sage_cosserat_leak_mag_only,2026,val,cs_295_R15p8_L158p7_a04p0_k0p015,15.815991131355483,158.68764716391132,3.9849693050340145,0.014939235824352927,0.09966743734639195,0.23627882130719402,0.0,0.8075451254844666,0.0,36.143226623535156
sage_cosserat_leak_mag_only,777,test,cs_008_R10p3_L219p9_a10p1_k0p005,10.332632062001387,219.86319845391617,10.142430618716505,0.0053904580648451985,0.046995732503942136,0.05569761982969345,0.0,-0.5050718784332275,0.8299650213758258,120.33612060546875
sage_cosserat_leak_mag_only,777,test,cs_011_R14p0_L181p9_a03p0_k0p014,14.044006058026058,181.87220676453305,3.0168575708216334,0.014121937351325617,0.077219088654973,0.1983285737130814,0.00019425019425019425,0.4506046772003174,0.06934731934731934,63.21751403808594
sage_cosserat_leak_mag_only,777,test,cs_036_R17p3_L276p1_a08p0_k0p003,17.31499466778154,276.12701618004564,8.021361701813102,0.0029834969688785585,0.06270663011290241,0.05165923410747463,0.0,0.9249243140220642,0.00038662284941040013,22.343055725097656
sage_cosserat_leak_mag_only,777,test,cs_041_R16p4_L126p5_a08p0_k0p021,16.380952953924872,126.50298452981617,7.9710182832138035,0.02124330119733147,0.1294906441520671,0.34798551749954276,0.0,-0.7018158435821533,1.0,134.5728759765625
sage_cosserat_leak_mag_only,777,test,cs_042_R09p1_L132p8_a10p7_k0p011,9.07428353129959,132.76355859514942,10.712075744884107,0.010660025037295294,0.06834920385774537,0.09673208963916997,0.050222997866976926,0.8332095742225647,0.0,33.57013702392578
sage_cosserat_leak_mag_only,777,test,cs_043_R12p3_L259p6_a06p1_k0p020,12.297612930140655,259.5885815717731,6.138198863286343,0.01974936588961313,0.04737347403988381,0.24287005732618525,0.0,0.7127925157546997,0.13852065321805956,44.53742218017578
sage_cosserat_leak_mag_only,777,test,cs_069_R13p1_L102p9_a09p7_k0p009,13.148822734681907,102.86134202123537,9.659537039244858,0.008785096495739686,0.12783055787826858,0.11551367652955634,0.14594279042615294,0.8932051658630371,0.0001945903872348706,26.721187591552734
sage_cosserat_leak_mag_only,777,test,cs_073_R17p1_L219p1_a08p8_k0p003,17.052436405248233,219.11549442691114,8.814141439119714,0.0029927805368692127,0.07782396425158468,0.05103419977982692,0.16981495759444873,0.9459680318832397,0.0,18.92074203491211
sage_cosserat_leak_mag_only,777,test,cs_077_R09p2_L151p4_a10p0_k0p005,9.20785348784141,151.41657260303316,9.988312383907285,0.005444190983975563,0.06081139818150236,0.050129312940274146,0.01117212649119485,0.7773050665855408,0.0,38.985511779785156
sage_cosserat_leak_mag_only,777,test,cs_101_R17p1_L296p7_a11p6_k0p014,17.06116325157632,296.7454777876344,11.553969292706446,0.014261996667051307,0.05749426538451287,0.2433262534299997,0.032879377431906616,0.08641968667507172,0.4614785992217899,85.04232788085938
sage_cosserat_leak_mag_only,777,test,cs_103_R15p3_L286p2_a07p5_k0p006,15.26161829168939,286.18579683017697,7.52249632089859,0.006024006987283315,0.05332765797858813,0.09193609522638774,0.16216722909636294,0.973664402961731,0.010498687664041995,13.178522109985352
sage_cosserat_leak_mag_only,777,test,cs_108_R15p3_L157p3_a02p2_k0p017,15.293754870832325,157.25614939483324,2.219900141123518,0.01652590291086547,0.09725377945274051,0.25274310813795087,0.25,0.9342259168624878,0.0,20.896549224853516
sage_cosserat_leak_mag_only,777,test,cs_127_R09p9_L248p0_a10p7_k0p027,9.92130915509264,248.0385827557328,10.675877396634963,0.026674469300049557,0.03999905597292941,0.26464565647381927,0.0017254601226993865,-0.6074597835540771,0.6936349693251533,127.40605163574219
sage_cosserat_leak_mag_only,777,test,cs_141_R11p5_L262p4_a02p2_k0p000,11.458340278600033,262.4340458867466,2.23603363554198,0.00012757021987368057,0.04366179029814172,0.0014617429887284563,0.0,0.391522616147995,0.42802155504234024,66.95072174072266
sage_cosserat_leak_mag_only,777,test,cs_145_R10p7_L132p0_a11p4_k0p027,10.68541526716421,132.04906413974186,11.393989353830287,0.02683932389225749,0.08092003784181533,0.28678932127869333,0.0699980556095664,0.35931944847106934,0.3233521291075248,68.94158935546875
sage_cosserat_leak_mag_only,777,test,cs_150_R11p5_L181p7_a04p6_k0p020,11.518299636477002,181.71355082438,4.598057815988547,0.019514730234116283,0.0633871254192212,0.22477651016156833,0.0,-0.6497405171394348,0.8941222265472947,130.52203369140625
sage_cosserat_leak_mag_only,777,test,cs_167_R08p2_L205p2_a11p9_k0p029,8.167573366253167,205.18563210404523,11.938348744333847,0.028818352151288754,0.03980577627439121,0.23537600549017068,0.0,-0.07926224917173386,0.5362628815866226,94.54615783691406
sage_cosserat_leak_mag_only,777,test,cs_203_R08p2_L122p5_a11p7_k0p007,8.217382794358745,122.54736312710918,11.737120847034058,0.006959456601839249,0.0670547499731632,0.057188518938040216,0.08368820588779856,0.7741418480873108,0.0,39.272701263427734
sage_cosserat_leak_mag_only,777,test,cs_204_R12p4_L232p8_a05p2_k0p008,12.432576699850076,232.80822831481788,5.207207074882933,0.008287663442116892,0.05340265157225443,0.10303701140666176,0.0,-0.26480644941329956,0.6475639677532422,105.35545349121094
sage_cosserat_leak_mag_only,777,test,cs_206_R09p6_L215p3_a11p8_k0p017,9.638041884761433,215.2839528442758,11.817075619528502,0.017454471858595003,0.04476897491627277,0.16822693084952836,0.0,-0.777784526348114,0.8965324384787472,141.05816650390625
sage_cosserat_leak_mag_only,777,test,cs_207_R14p8_L249p3_a02p6_k0p016,14.829240881322207,249.25664949252578,2.6215250192799315,0.01590100405059888,0.059493862697399674,0.23579981932121089,0.0,0.6031807065010071,0.13734567901234568,52.901954650878906
sage_cosserat_leak_mag_only,777,test,cs_209_R10p1_L101p7_a07p4_k0p010,10.120819917927488,101.7083360980719,7.440285153684869,0.00990678838805335,0.0995082635917721,0.1002648212405031,0.21726535341830822,0.9632816314697266,0.0,15.574605941772461
sage_cosserat_leak_mag_only,777,test,cs_212_R12p3_L211p8_a06p3_k0p019,12.338677853831664,211.80580528278526,6.342760122167442,0.018696010110296455,0.05825467265808934,0.23068404590292776,0.020926177097461734,0.5905648469924927,0.02906413485758574,53.802894592285156
sage_cosserat_leak_mag_only,777,test,cs_221_R10p5_L204p7_a03p8_k0p014,10.490382252632225,204.67218480322697,3.8459641754550846,0.0138257058482252,0.05125455744129443,0.14503693926033523,0.09043173862310384,0.915770411491394,0.0,23.68461799621582
sage_cosserat_leak_mag_only,777,test,cs_227_R14p4_L277p1_a05p3_k0p014,14.418427658248241,277.1340038172114,5.301363838105172,0.01396688597456547,0.052026916436274516,0.20138053503527423,0.0,-0.8884239792823792,1.0,152.67587280273438
sage_cosserat_leak_mag_only,777,test,cs_231_R13p0_L240p3_a05p5_k0p019,12.97148968239227,240.34910386029168,5.529877524013183,0.019003727820144537,0.053969369862648796,0.2465066593459958,0.09590620795694792,0.6574903130531311,0.20372861810493945,48.8912467956543
sage_cosserat_leak_mag_only,777,test,cs_232_R15p7_L186p4_a07p6_k0p012,15.654714235548212,186.38536863997828,7.595966650351917,0.01240612882235181,0.08399111126467677,0.19421440148331587,0.0,-0.8122154474258423,1.0,144.31295776367188
sage_cosserat_leak_mag_only,777,test,cs_234_R09p0_L188p8_a06p9_k0p030,9.039784318877945,188.7543935856657,6.857262450562726,0.029651210053235406,0.0478917822634696,0.2680405436749935,0.006140855881788524,-0.3629472255706787,0.6213778545384763,111.28130340576172
sage_cosserat_leak_mag_only,777,test,cs_237_R11p3_L274p9_a11p9_k0p019,11.34108282364878,274.8799492157583,11.889809393813541,0.01891886211767744,0.04125831242331523,0.21456038220577117,0.0,-0.03231262415647507,0.5136239782016349,91.85169982910156
sage_cosserat_leak_mag_only,777,test,cs_243_R10p7_L196p9_a03p5_k0p020,10.685120152308635,196.91921575267133,3.4852042530363283,0.020074742814701573,0.054261439704945014,0.21450103900178072,0.0001901863826550019,-0.260163813829422,0.6154431342715861,105.07978057861328
sage_cosserat_leak_mag_only,777,test,cs_244_R11p7_L295p1_a04p8_k0p019,11.695820140082057,295.08370829461035,4.7886023453704265,0.01872456140796538,0.039635601055972226,0.21899910242948478,0.0,-0.28619274497032166,0.5841257519891325,106.63015747070312
sage_cosserat_leak_mag_only,777,test,cs_249_R13p4_L183p9_a06p3_k0p012,13.379656937996563,183.94270592169076,6.253312234722841,0.011863671098384052,0.07273817611279805,0.15873184932160347,0.0,-0.80523282289505,0.9986410405746458,143.6327362060547
sage_cosserat_leak_mag_only,777,test,cs_255_R10p5_L206p1_a06p2_k0p025,10.526340555463111,206.14315889437802,6.240269051325278,0.02524660378219265,0.05106325435158639,0.26575434928020286,0.0017311021350259665,0.40071696043014526,0.05808809386420465,66.37699127197266
sage_cosserat_leak_mag_only,777,test,cs_267_R15p8_L136p0_a09p0_k0p011,15.841647847201518,136.00586823878572,9.002830388550995,0.010930430195646728,0.11647767888506334,0.17315602597785346,0.0,0.9244296550750732,0.0,22.41748809814453
sage_cosserat_leak_mag_only,777,test,cs_291_R12p7_L154p6_a11p6_k0p026,12.732700950050912,154.56718024184406,11.635933302839938,0.026381135330233136,0.08237648464653784,0.33590310688268116,0.0,-0.6352613568305969,0.9029237531052934,129.4393768310547
sage_cosserat_leak_mag_only,777,test,cs_292_R14p4_L187p7_a06p1_k0p018,14.387564331140076,187.69446004590728,6.091070410185052,0.01817182441893697,0.07665417683410097,0.2614482928416378,0.0,-0.6288926005363464,0.9233583670325438,128.96847534179688
sage_cosserat_leak_mag_only,777,val,cs_000_R09p8_L228p0_a06p7_k0p015,9.789348136754361,227.9826331430309,6.672684011434852,0.014820021084321922,0.04293900812441602,0.14507834578846715,0.0,-0.021426064893603325,0.5149552295675367,91.22771453857422
sage_cosserat_leak_mag_only,777,val,cs_010_R11p6_L163p7_a05p1_k0p005,11.550610145885386,163.73579328774903,5.1366674156380805,0.004713985780975811,0.07054419753893616,0.05444941198929865,0.30400870669327046,0.9645742177963257,0.0,15.296351432800293
sage_cosserat_leak_mag_only,777,val,cs_044_R15p5_L133p3_a07p4_k0p004,15.535177069130189,133.3034756178414,7.401208121935621,0.004461336701963621,0.11653992513793807,0.06930765563001415,0.0,-0.8576851487159729,0.9814133591481123,149.05764770507812
sage_cosserat_leak_mag_only,777,val,cs_056_R13p8_L203p6_a05p8_k0p003,13.778802937632774,203.5513047123528,5.821946206602572,0.0031107731319378563,0.06769203939569043,0.04286272996865444,0.11841337740618316,0.8936409950256348,0.012638537818393934,26.665597915649414
sage_cosserat_leak_mag_only,777,val,cs_064_R10p8_L101p0_a03p4_k0p031,10.796119193782612,101.01214607231668,3.4248162866480163,0.03110729395226966,0.1068794161253979,0.3358380533047362,0.0,-0.8965483903884888,1.0,153.7080078125
sage_cosserat_leak_mag_only,777,val,cs_074_R17p1_L141p4_a09p2_k0p020,17.100988944392856,141.41770281837591,9.179064872954681,0.019773118911264792,0.12092537641030571,0.3381398878977045,0.0,0.4234246611595154,0.21002892960462874,64.94901275634766
sage_cosserat_leak_mag_only,777,val,cs_086_R10p0_L275p8_a10p8_k0p020,10.04139294969339,275.84623706717616,10.791822930263493,0.019800424415586795,0.03640213858435936,0.19882384212761012,0.0,-0.7413188815116882,0.7756683456024797,137.8438720703125
sage_cosserat_leak_mag_only,777,val,cs_090_R13p9_L105p0_a06p5_k0p012,13.88716063125649,104.97689554401948,6.534815367450279,0.012241659663291484,0.1322877816046032,0.17000189413730207,0.2607273426977102,0.9567971229553223,0.0,16.903242111206055
sage_cosserat_leak_mag_only,777,val,cs_105_R12p5_L237p2_a07p2_k0p018,12.487717707176497,237.1990006516807,7.196482412958837,0.0181509031980451,0.05264658650697403,0.2266633552674743,0.0,-0.23959767818450928,0.5746254135045729,103.86279296875
sage_cosserat_leak_mag_only,777,val,cs_117_R12p5_L100p7_a10p5_k0p010,12.515629257465857,100.65926548640257,10.488117451574483,0.01024315845605953,0.12433658438682445,0.12819957366151744,0.0,-0.1858004629611969,0.6559553588608813,100.70780181884766
sage_cosserat_leak_mag_only,777,val,cs_120_R10p1_L144p9_a04p9_k0p014,10.084726977879201,144.87440743102388,4.9044366749501185,0.014046124818042287,0.06961013443786224,0.14165133388716963,0.0,-0.8394617438316345,1.0,147.0833282470703
sage_cosserat_leak_mag_only,777,val,cs_154_R09p8_L277p9_a04p5_k0p001,9.786235109693399,277.90254292644227,4.470856904033879,0.0010586313566167327,0.03521462958431333,0.010360015350345022,0.8543670642554829,0.9961832761764526,0.0,5.00748348236084
sage_cosserat_leak_mag_only,777,val,cs_163_R16p2_L152p7_a09p6_k0p006,16.198749765649147,152.71987348386645,9.616329901244171,0.006459260849737745,0.1060683812533436,0.10463195017595601,0.061502530167380304,0.7459818124771118,0.06967691708836123,41.756500244140625
sage_cosserat_leak_mag_only,777,val,cs_181_R08p3_L115p6_a11p2_k0p013,8.251120705485146,115.56542371606969,11.165520861428346,0.013081764804294354,0.07139783198266253,0.10793922044099999,0.04121517027863777,0.5992187261581421,0.02186532507739938,53.186031341552734
sage_cosserat_leak_mag_only,777,val,cs_182_R08p6_L137p8_a02p8_k0p001,8.598629938826313,137.79496076059377,2.7830575511755864,0.0014826998156791183,0.06240162841488559,0.012749187025390723,0.0,-0.10551216453313828,0.5185612617811117,96.05667114257812
sage_cosserat_leak_mag_only,777,val,cs_191_R11p6_L122p1_a04p5_k0p001,11.556692137858366,122.07713103471991,4.539556893118883,0.000992905899107872,0.09466713412990949,0.011474707797853135,0.7889521013029914,0.9904794096946716,0.0,7.912517547607422
sage_cosserat_leak_mag_only,777,val,cs_192_R09p6_L112p9_a08p3_k0p013,9.62626406234593,112.86084808263581,8.328318774743273,0.012966750816968898,0.08529321040807399,0.12482136739478242,0.0,-0.6984942555427551,0.9359223300970874,134.3063201904297
sage_cosserat_leak_mag_only,777,val,cs_198_R10p6_L134p7_a03p0_k0p024,10.600010918578532,134.70627910668327,3.0387794839948383,0.023869624648933822,0.07868980561911035,0.25301828190106973,0.0,-0.9561964273452759,1.0,162.97879028320312
sage_cosserat_leak_mag_only,777,val,cs_208_R15p1_L211p3_a09p7_k0p011,15.118689716695576,211.32200135358565,9.722945689626343,0.010666787766914671,0.07154337749905589,0.16126785452182701,0.0,-0.9771004915237427,1.0,167.7147674560547
sage_cosserat_leak_mag_only,777,val,cs_242_R11p1_L144p0_a05p5_k0p028,11.059500088639602,144.02331857351896,5.4797552543880785,0.027517248613048124,0.07678964905251859,0.3043270134751237,0.03784203376673782,0.39966800808906555,0.30758781292451,66.44257354736328
sage_cosserat_leak_mag_only,777,val,cs_261_R12p9_L253p3_a07p9_k0p018,12.906835133732944,253.2871487259385,7.877427617712564,0.0175134431064908,0.050957323333045944,0.22604312279948843,0.0,0.02308596484363079,0.4903129657228018,88.67715454101562
sage_cosserat_leak_mag_only,777,val,cs_282_R10p0_L204p3_a04p6_k0p006,10.018613235043922,204.29971991412128,4.610087289346258,0.005659941338303978,0.04903880063690401,0.05670476320150444,0.0,-0.9419382214546204,1.0,160.379638671875
sage_cosserat_leak_mag_only,777,val,cs_289_R10p0_L261p4_a06p9_k0p031,10.013484458500468,261.37708247023414,6.937621506430334,0.031176595146921768,0.038310491355495226,0.31218635097266223,0.03068661296509398,0.061948999762535095,0.4800537015726889,86.44830322265625
sage_cosserat_leak_mag_only,777,val,cs_295_R15p8_L158p7_a04p0_k0p015,15.815991131355483,158.68764716391132,3.9849693050340145,0.014939235824352927,0.09966743734639195,0.23627882130719402,0.20529285853278847,0.9387048482894897,0.0,20.16482162475586
sage_cosserat_noleak,1337,test,cs_008_R10p3_L219p9_a10p1_k0p005,10.332632062001387,219.86319845391617,10.142430618716505,0.0053904580648451985,0.046995732503942136,0.05569761982969345,0.1150408083948698,0.7623604536056519,0.010882238631947143,40.32726287841797
sage_cosserat_noleak,1337,test,cs_011_R14p0_L181p9_a03p0_k0p014,14.044006058026058,181.87220676453305,3.0168575708216334,0.014121937351325617,0.077219088654973,0.1983285737130814,0.09343434343434344,0.7809208035469055,0.008741258741258742,38.65503692626953
sage_cosserat_noleak,1337,test,cs_036_R17p3_L276p1_a08p0_k0p003,17.31499466778154,276.12701618004564,8.021361701813102,0.0029834969688785585,0.06270663011290241,0.05165923410747463,0.2223081384109801,0.9475125670433044,0.0,18.645902633666992
sage_cosserat_noleak,1337,test,cs_041_R16p4_L126p5_a08p0_k0p021,16.380952953924872,126.50298452981617,7.9710182832138035,0.02124330119733147,0.1294906441520671,0.34798551749954276,0.0,-0.8291316628456116,1.0,146.0096435546875
sage_cosserat_noleak,1337,test,cs_042_R09p1_L132p8_a10p7_k0p011,9.07428353129959,132.76355859514942,10.712075744884107,0.010660025037295294,0.06834920385774537,0.09673208963916997,0.0,-0.4550683796405792,0.9538491370952104,117.06932830810547
sage_cosserat_noleak,1337,test,cs_043_R12p3_L259p6_a06p1_k0p020,12.297612930140655,259.5885815717731,6.138198863286343,0.01974936588961313,0.04737347403988381,0.24287005732618525,0.0851104707012488,0.6418251395225525,0.20441882804995196,50.07194519042969
sage_cosserat_noleak,1337,test,cs_069_R13p1_L102p9_a09p7_k0p009,13.148822734681907,102.86134202123537,9.659537039244858,0.008785096495739686,0.12783055787826858,0.11551367652955634,0.0,0.9237751960754395,0.0,22.51561737060547
sage_cosserat_noleak,1337,test,cs_073_R17p1_L219p1_a08p8_k0p003,17.052436405248233,219.11549442691114,8.814141439119714,0.0029927805368692127,0.07782396425158468,0.05103419977982692,0.0,0.8937842845916748,0.0,26.64730453491211
sage_cosserat_noleak,1337,test,cs_077_R09p2_L151p4_a10p0_k0p005,9.20785348784141,151.41657260303316,9.988312383907285,0.005444190983975563,0.06081139818150236,0.050129312940274146,0.0,0.6835852265357971,0.02120810452565802,46.875553131103516
sage_cosserat_noleak,1337,test,cs_101_R17p1_L296p7_a11p6_k0p014,17.06116325157632,296.7454777876344,11.553969292706446,0.014261996667051307,0.05749426538451287,0.2433262534299997,0.0,-0.43471068143844604,0.664396887159533,115.76687622070312
sage_cosserat_noleak,1337,test,cs_103_R15p3_L286p2_a07p5_k0p006,15.26161829168939,286.18579683017697,7.52249632089859,0.006024006987283315,0.05332765797858813,0.09193609522638774,0.009373828271466067,0.8939300775527954,0.0031871016122984627,26.628671646118164
sage_cosserat_noleak,1337,test,cs_108_R15p3_L157p3_a02p2_k0p017,15.293754870832325,157.25614939483324,2.219900141123518,0.01652590291086547,0.09725377945274051,0.25274310813795087,0.0019319938176197836,0.8601295351982117,0.011012364760432767,30.668859481811523
sage_cosserat_noleak,1337,test,cs_127_R09p9_L248p0_a10p7_k0p027,9.92130915509264,248.0385827557328,10.675877396634963,0.026674469300049557,0.03999905597292941,0.26464565647381927,0.029141104294478526,-0.38110214471817017,0.6583588957055214,112.40196228027344
sage_cosserat_noleak,1337,test,cs_141_R11p5_L262p4_a02p2_k0p000,11.458340278600033,262.4340458867466,2.23603363554198,0.00012757021987368057,0.04366179029814172,0.0014617429887284563,0.0,-0.4615451693534851,0.897036181678214,117.48685455322266
sage_cosserat_noleak,1337,test,cs_145_R10p7_L132p0_a11p4_k0p027,10.68541526716421,132.04906413974186,11.393989353830287,0.02683932389225749,0.08092003784181533,0.28678932127869333,0.06455376239548902,0.45544418692588806,0.24946529263076025,62.9064826965332
sage_cosserat_noleak,1337,test,cs_150_R11p5_L181p7_a04p6_k0p020,11.518299636477002,181.71355082438,4.598057815988547,0.019514730234116283,0.0633871254192212,0.22477651016156833,0.00253016738030362,0.4868016541004181,0.14460879719735306,60.86941909790039
sage_cosserat_noleak,1337,test,cs_167_R08p2_L205p2_a11p9_k0p029,8.167573366253167,205.18563210404523,11.938348744333847,0.028818352151288754,0.03980577627439121,0.23537600549017068,0.0,0.2108994722366333,0.4378767256465098,77.8249282836914
sage_cosserat_noleak,1337,test,cs_203_R08p2_L122p5_a11p7_k0p007,8.217382794358745,122.54736312710918,11.737120847034058,0.006959456601839249,0.0670547499731632,0.057188518938040216,0.0,0.7435665726661682,0.0,41.96387481689453
sage_cosserat_noleak,1337,test,cs_204_R12p4_L232p8_a05p2_k0p008,12.432576699850076,232.80822831481788,5.207207074882933,0.008287663442116892,0.05340265157225443,0.10303701140666176,0.006133894146512443,0.12196391820907593,0.38713634770417105,82.99453735351562
sage_cosserat_noleak,1337,test,cs_206_R09p6_L215p3_a11p8_k0p017,9.638041884761433,215.2839528442758,11.817075619528502,0.017454471858595003,0.04476897491627277,0.16822693084952836,0.0,-0.6447647213935852,0.9097688292319165,130.14804077148438
sage_cosserat_noleak,1337,test,cs_207_R14p8_L249p3_a02p6_k0p016,14.829240881322207,249.25664949252578,2.6215250192799315,0.01590100405059888,0.059493862697399674,0.23579981932121089,0.04282407407407408,0.47669851779937744,0.23283179012345678,61.529998779296875
sage_cosserat_noleak,1337,test,cs_209_R10p1_L101p7_a07p4_k0p010,10.120819917927488,101.7083360980719,7.440285153684869,0.00990678838805335,0.0995082635917721,0.1002648212405031,0.024913093858632676,0.9142535924911499,0.01197373503283121,23.900049209594727
sage_cosserat_noleak,1337,test,cs_212_R12p3_L211p8_a06p3_k0p019,12.338677853831664,211.80580528278526,6.342760122167442,0.018696010110296455,0.05825467265808934,0.23068404590292776,0.0838984692888975,0.7395004034042358,0.004650261577213718,42.311119079589844
sage_cosserat_noleak,1337,test,cs_221_R10p5_L204p7_a03p8_k0p014,10.490382252632225,204.67218480322697,3.8459641754550846,0.0138257058482252,0.05125455744129443,0.14503693926033523,0.14507973551147413,0.8954402804374695,0.0,26.434959411621094
sage_cosserat_noleak,1337,test,cs_227_R14p4_L277p1_a05p3_k0p014,14.418427658248241,277.1340038172114,5.301363838105172,0.01396688597456547,0.052026916436274516,0.20138053503527423,0.0,-0.6673616766929626,0.9726133076181293,131.86375427246094
sage_cosserat_noleak,1337,test,cs_231_R13p0_L240p3_a05p5_k0p019,12.97148968239227,240.34910386029168,5.529877524013183,0.019003727820144537,0.053969369862648796,0.2465066593459958,0.059965404574284065,0.7070663571357727,0.11935421871996925,45.003273010253906
sage_cosserat_noleak,1337,test,cs_232_R15p7_L186p4_a07p6_k0p012,15.654714235548212,186.38536863997828,7.595966650351917,0.01240612882235181,0.08399111126467677,0.19421440148331587,0.0,-0.9872835874557495,1.0,170.85293579101562
sage_cosserat_noleak,1337,test,cs_234_R09p0_L188p8_a06p9_k0p030,9.039784318877945,188.7543935856657,6.857262450562726,0.029651210053235406,0.0478917822634696,0.2680405436749935,0.0,-0.3912716209888458,0.6263672999424295,113.03363800048828
sage_cosserat_noleak,1337,test,cs_237_R11p3_L274p9_a11p9_k0p019,11.34108282364878,274.8799492157583,11.889809393813541,0.01891886211767744,0.04125831242331523,0.21456038220577117,0.0021409108602569093,0.027283743023872375,0.4922148695990658,88.43655395507812
sage_cosserat_noleak,1337,test,cs_243_R10p7_L196p9_a03p5_k0p020,10.685120152308635,196.91921575267133,3.4852042530363283,0.020074742814701573,0.054261439704945014,0.21450103900178072,0.0,0.24544605612754822,0.41745910992772917,75.79180145263672
sage_cosserat_noleak,1337,test,cs_244_R11p7_L295p1_a04p8_k0p019,11.695820140082057,295.08370829461035,4.7886023453704265,0.01872456140796538,0.039635601055972226,0.21899910242948478,0.0,-0.2994256317615509,0.627595575392975,107.42310333251953
sage_cosserat_noleak,1337,test,cs_249_R13p4_L183p9_a06p3_k0p012,13.379656937996563,183.94270592169076,6.253312234722841,0.011863671098384052,0.07273817611279805,0.15873184932160347,0.0,-0.8709004521369934,1.0,150.56344604492188
sage_cosserat_noleak,1337,test,cs_255_R10p5_L206p1_a06p2_k0p025,10.526340555463111,206.14315889437802,6.240269051325278,0.02524660378219265,0.05106325435158639,0.26575434928020286,0.0,0.48558229207992554,0.2817849586458934,60.94936752319336
sage_cosserat_noleak,1337,test,cs_267_R15p8_L136p0_a09p0_k0p011,15.841647847201518,136.00586823878572,9.002830388550995,0.010930430195646728,0.11647767888506334,0.17315602597785346,0.1796814296814297,0.9556320905685425,0.0,17.131336212158203
sage_cosserat_noleak,1337,test,cs_291_R12p7_L154p6_a11p6_k0p026,12.732700950050912,154.56718024184406,11.635933302839938,0.026381135330233136,0.08237648464653784,0.33590310688268116,0.0,-0.6280268430709839,0.8253391935792088,128.90469360351562
sage_cosserat_noleak,1337,test,cs_292_R14p4_L187p7_a06p1_k0p018,14.387564331140076,187.69446004590728,6.091070410185052,0.01817182441893697,0.07665417683410097,0.2614482928416378,0.024648565376468323,0.7250970005989075,0.1765838628923551,43.52307891845703
sage_cosserat_noleak,1337,val,cs_000_R09p8_L228p0_a06p7_k0p015,9.789348136754361,227.9826331430309,6.672684011434852,0.014820021084321922,0.04293900812441602,0.14507834578846715,0.06286911792722423,0.6128652691841125,0.0,52.203025817871094
sage_cosserat_noleak,1337,val,cs_010_R11p6_L163p7_a05p1_k0p005,11.550610145885386,163.73579328774903,5.1366674156380805,0.004713985780975811,0.07054419753893616,0.05444941198929865,0.38527117721748594,0.9765777587890625,0.0,12.42519474029541
sage_cosserat_noleak,1337,val,cs_044_R15p5_L133p3_a07p4_k0p004,15.535177069130189,133.3034756178414,7.401208121935621,0.004461336701963621,0.11653992513793807,0.06930765563001415,0.0,-0.845815122127533,0.9812197483059051,147.75936889648438
sage_cosserat_noleak,1337,val,cs_056_R13p8_L203p6_a05p8_k0p003,13.778802937632774,203.5513047123528,5.821946206602572,0.0031107731319378563,0.06769203939569043,0.04286272996865444,0.3181022749368073,0.936833918094635,0.0,20.47352409362793
sage_cosserat_noleak,1337,val,cs_064_R10p8_L101p0_a03p4_k0p031,10.796119193782612,101.01214607231668,3.4248162866480163,0.03110729395226966,0.1068794161253979,0.3358380533047362,0.0,-0.9049340486526489,1.0,154.8144073486328
sage_cosserat_noleak,1337,val,cs_074_R17p1_L141p4_a09p2_k0p020,17.100988944392856,141.41770281837591,9.179064872954681,0.019773118911264792,0.12092537641030571,0.3381398878977045,0.0,-0.8819661140441895,0.9515911282545805,151.8804473876953
sage_cosserat_noleak,1337,val,cs_086_R10p0_L275p8_a10p8_k0p020,10.04139294969339,275.84623706717616,10.791822930263493,0.019800424415586795,0.03640213858435936,0.19882384212761012,0.0,-0.5517172813415527,0.6968229368461837,123.48490905761719
sage_cosserat_noleak,1337,val,cs_090_R13p9_L105p0_a06p5_k0p012,13.88716063125649,104.97689554401948,6.534815367450279,0.012241659663291484,0.1322877816046032,0.17000189413730207,0.0,-0.0784967690706253,0.5472387916105446,94.50216674804688
sage_cosserat_noleak,1337,val,cs_105_R12p5_L237p2_a07p2_k0p018,12.487717707176497,237.1990006516807,7.196482412958837,0.0181509031980451,0.05264658650697403,0.2266633552674743,0.0003891807744697412,-0.15493731200695038,0.7682428488032691,98.91315460205078
sage_cosserat_noleak,1337,val,cs_117_R12p5_L100p7_a10p5_k0p010,12.515629257465857,100.65926548640257,10.488117451574483,0.01024315845605953,0.12433658438682445,0.12819957366151744,0.0,-0.8804029822349548,1.0,151.69100952148438
sage_cosserat_noleak,1337,val,cs_120_R10p1_L144p9_a04p9_k0p014,10.084726977879201,144.87440743102388,4.9044366749501185,0.014046124818042287,0.06961013443786224,0.14165133388716963,0.0,-0.8702574372291565,1.0,150.4885711669922
sage_cosserat_noleak,1337,val,cs_154_R09p8_L277p9_a04p5_k0p001,9.786235109693399,277.90254292644227,4.470856904033879,0.0010586313566167327,0.03521462958431333,0.010360015350345022,0.6121585225086572,0.9907042980194092,0.0,7.818359375
sage_cosserat_noleak,1337,val,cs_163_R16p2_L152p7_a09p6_k0p006,16.198749765649147,152.71987348386645,9.616329901244171,0.006459260849737745,0.1060683812533436,0.10463195017595601,0.0,0.09898403286933899,0.3065395095367847,84.31932830810547
sage_cosserat_noleak,1337,val,cs_181_R08p3_L115p6_a11p2_k0p013,8.251120705485146,115.56542371606969,11.165520861428346,0.013081764804294354,0.07139783198266253,0.10793922044099999,0.0005804953560371517,0.9173468947410583,0.0,23.458749771118164
sage_cosserat_noleak,1337,val,cs_182_R08p6_L137p8_a02p8_k0p001,8.598629938826313,137.79496076059377,2.7830575511755864,0.0014826998156791183,0.06240162841488559,0.012749187025390723,0.0,-0.8118687868118286,1.0,144.27891540527344
sage_cosserat_noleak,1337,val,cs_191_R11p6_L122p1_a04p5_k0p001,11.556692137858366,122.07713103471991,4.539556893118883,0.000992905899107872,0.09466713412990949,0.011474707797853135,0.0178014314553129,0.9655807614326477,0.0,15.07619857788086
sage_cosserat_noleak,1337,val,cs_192_R09p6_L112p9_a08p3_k0p013,9.62626406234593,112.86084808263581,8.328318774743273,0.012966750816968898,0.08529321040807399,0.12482136739478242,0.0,-0.4614180326461792,0.9034951456310679,117.4786376953125
sage_cosserat_noleak,1337,val,cs_198_R10p6_L134p7_a03p0_k0p024,10.600010918578532,134.70627910668327,3.0387794839948383,0.023869624648933822,0.07868980561911035,0.25301828190106973,0.0,-0.9872686862945557,1.0,170.8475799560547
sage_cosserat_noleak,1337,val,cs_208_R15p1_L211p3_a09p7_k0p011,15.118689716695576,211.32200135358565,9.722945689626343,0.010666787766914671,0.07154337749905589,0.16126785452182701,0.0,-0.9577746987342834,1.0,163.29046630859375
sage_cosserat_noleak,1337,val,cs_242_R11p1_L144p0_a05p5_k0p028,11.059500088639602,144.02331857351896,5.4797552543880785,0.027517248613048124,0.07678964905251859,0.3043270134751237,0.010867455850960606,0.49578657746315,0.21890161071220648,60.27836990356445
sage_cosserat_noleak,1337,val,cs_261_R12p9_L253p3_a07p9_k0p018,12.906835133732944,253.2871487259385,7.877427617712564,0.0175134431064908,0.050957323333045944,0.22604312279948843,0.0,-0.256935179233551,0.6933681073025335,104.88827514648438
sage_cosserat_noleak,1337,val,cs_282_R10p0_L204p3_a04p6_k0p006,10.018613235043922,204.29971991412128,4.610087289346258,0.005659941338303978,0.04903880063690401,0.05670476320150444,0.0,-0.7341029047966003,1.0,137.23147583007812
sage_cosserat_noleak,1337,val,cs_289_R10p0_L261p4_a06p9_k0p031,10.013484458500468,261.37708247023414,6.937621506430334,0.031176595146921768,0.038310491355495226,0.31218635097266223,0.0007671653241273494,0.2412877082824707,0.25182201764480244,76.03744506835938
sage_cosserat_noleak,1337,val,cs_295_R15p8_L158p7_a04p0_k0p015,15.815991131355483,158.68764716391132,3.9849693050340145,0.014939235824352927,0.09966743734639195,0.23627882130719402,0.11811636505156645,0.9307953119277954,0.0,21.440868377685547
sage_cosserat_noleak,2026,test,cs_008_R10p3_L219p9_a10p1_k0p005,10.332632062001387,219.86319845391617,10.142430618716505,0.0053904580648451985,0.046995732503942136,0.05569761982969345,0.003692188107267781,0.847488522529602,0.012048192771084338,32.060455322265625
sage_cosserat_noleak,2026,test,cs_011_R14p0_L181p9_a03p0_k0p014,14.044006058026058,181.87220676453305,3.0168575708216334,0.014121937351325617,0.077219088654973,0.1983285737130814,0.0,0.7183470726013184,0.0033022533022533025,44.08181381225586
sage_cosserat_noleak,2026,test,cs_036_R17p3_L276p1_a08p0_k0p003,17.31499466778154,276.12701618004564,8.021361701813102,0.0029834969688785585,0.06270663011290241,0.05165923410747463,0.0,0.7776914238929749,0.0,38.950313568115234
sage_cosserat_noleak,2026,test,cs_041_R16p4_L126p5_a08p0_k0p021,16.380952953924872,126.50298452981617,7.9710182832138035,0.02124330119733147,0.1294906441520671,0.34798551749954276,0.0,-0.7922368049621582,1.0,142.39503479003906
sage_cosserat_noleak,2026,test,cs_042_R09p1_L132p8_a10p7_k0p011,9.07428353129959,132.76355859514942,10.712075744884107,0.010660025037295294,0.06834920385774537,0.09673208963916997,0.0,-0.025095591321587563,0.5187124297071941,91.43801879882812
sage_cosserat_noleak,2026,test,cs_043_R12p3_L259p6_a06p1_k0p020,12.297612930140655,259.5885815717731,6.138198863286343,0.01974936588961313,0.04737347403988381,0.24287005732618525,0.0,0.5304215550422668,0.31469740634005766,57.96605682373047
sage_cosserat_noleak,2026,test,cs_069_R13p1_L102p9_a09p7_k0p009,13.148822734681907,102.86134202123537,9.659537039244858,0.008785096495739686,0.12783055787826858,0.11551367652955634,0.04592333138742946,0.9196116924285889,0.0,23.130619049072266
sage_cosserat_noleak,2026,test,cs_073_R17p1_L219p1_a08p8_k0p003,17.052436405248233,219.11549442691114,8.814141439119714,0.0029927805368692127,0.07782396425158468,0.05103419977982692,0.0,0.9277766942977905,0.0,21.909141540527344
sage_cosserat_noleak,2026,test,cs_077_R09p2_L151p4_a10p0_k0p005,9.20785348784141,151.41657260303316,9.988312383907285,0.005444190983975563,0.06081139818150236,0.050129312940274146,0.0,0.8840000033378601,0.0,27.871286392211914
sage_cosserat_noleak,2026,test,cs_101_R17p1_L296p7_a11p6_k0p014,17.06116325157632,296.7454777876344,11.553969292706446,0.014261996667051307,0.05749426538451287,0.2433262534299997,0.0,0.1261959671974182,0.47315175097276263,82.75016784667969
sage_cosserat_noleak,2026,test,cs_103_R15p3_L286p2_a07p5_k0p006,15.26161829168939,286.18579683017697,7.52249632089859,0.006024006987283315,0.05332765797858813,0.09193609522638774,0.0,0.5582818984985352,0.00562429696287964,56.06293487548828
sage_cosserat_noleak,2026,test,cs_108_R15p3_L157p3_a02p2_k0p017,15.293754870832325,157.25614939483324,2.219900141123518,0.01652590291086547,0.09725377945274051,0.25274310813795087,0.0,0.7132760286331177,0.15745749613601237,44.497901916503906
sage_cosserat_noleak,2026,test,cs_127_R09p9_L248p0_a10p7_k0p027,9.92130915509264,248.0385827557328,10.675877396634963,0.026674469300049557,0.03999905597292941,0.26464565647381927,0.02396472392638037,-0.06286092102527618,0.5233895705521472,93.60403442382812
sage_cosserat_noleak,2026,test,cs_141_R11p5_L262p4_a02p2_k0p000,11.458340278600033,262.4340458867466,2.23603363554198,0.00012757021987368057,0.04366179029814172,0.0014617429887284563,0.0,-0.13269023597240448,0.770977675134719,97.62507629394531
sage_cosserat_noleak,2026,test,cs_145_R10p7_L132p0_a11p4_k0p027,10.68541526716421,132.04906413974186,11.393989353830287,0.02683932389225749,0.08092003784181533,0.28678932127869333,0.072914641259965,0.5969759821891785,0.15574567373128526,53.346378326416016
sage_cosserat_noleak,2026,test,cs_150_R11p5_L181p7_a04p6_k0p020,11.518299636477002,181.71355082438,4.598057815988547,0.019514730234116283,0.0633871254192212,0.22477651016156833,0.0,0.28466081619262695,0.4040482678084858,73.46142578125
sage_cosserat_noleak,2026,test,cs_167_R08p2_L205p2_a11p9_k0p029,8.167573366253167,205.18563210404523,11.938348744333847,0.028818352151288754,0.03980577627439121,0.23537600549017068,0.0,0.1672511100769043,0.4608205327629788,80.37196350097656
sage_cosserat_noleak,2026,test,cs_203_R08p2_L122p5_a11p7_k0p007,8.217382794358745,122.54736312710918,11.737120847034058,0.006959456601839249,0.0670547499731632,0.057188518938040216,0.00037030179596371043,0.5967288613319397,0.0007406035919274209,53.36402130126953
sage_cosserat_noleak,2026,test,cs_204_R12p4_L232p8_a05p2_k0p008,12.432576699850076,232.80822831481788,5.207207074882933,0.008287663442116892,0.05340265157225443,0.10303701140666176,0.0,0.5995363593101501,0.009638976515948125,53.163299560546875
sage_cosserat_noleak,2026,test,cs_206_R09p6_L215p3_a11p8_k0p017,9.638041884761433,215.2839528442758,11.817075619528502,0.017454471858595003,0.04476897491627277,0.16822693084952836,0.0,-0.4458774924278259,0.7119686800894854,116.47948455810547
sage_cosserat_noleak,2026,test,cs_207_R14p8_L249p3_a02p6_k0p016,14.829240881322207,249.25664949252578,2.6215250192799315,0.01590100405059888,0.059493862697399674,0.23579981932121089,0.0,0.21937106549739838,0.4363425925925926,77.3279037475586
sage_cosserat_noleak,2026,test,cs_209_R10p1_L101p7_a07p4_k0p010,10.120819917927488,101.7083360980719,7.440285153684869,0.00990678838805335,0.0995082635917721,0.1002648212405031,0.0,0.725997269153595,0.018153727307840865,43.44812774658203
sage_cosserat_noleak,2026,test,cs_212_R12p3_L211p8_a06p3_k0p019,12.338677853831664,211.80580528278526,6.342760122167442,0.018696010110296455,0.05825467265808934,0.23068404590292776,0.00019376089905057158,0.5672224760055542,0.15462119744235614,55.44322967529297
sage_cosserat_noleak,2026,test,cs_221_R10p5_L204p7_a03p8_k0p014,10.490382252632225,204.67218480322697,3.8459641754550846,0.0138257058482252,0.05125455744129443,0.14503693926033523,0.0705950991831972,0.7776914834976196,0.045702061454686894,38.95030212402344
sage_cosserat_noleak,2026,test,cs_227_R14p4_L277p1_a05p3_k0p014,14.418427658248241,277.1340038172114,5.301363838105172,0.01396688597456547,0.052026916436274516,0.20138053503527423,0.0,-0.5584286451339722,0.8979749276759884,123.94718933105469
sage_cosserat_noleak,2026,test,cs_231_R13p0_L240p3_a05p5_k0p019,12.97148968239227,240.34910386029168,5.529877524013183,0.019003727820144537,0.053969369862648796,0.2465066593459958,0.0,0.26977455615997314,0.4082260234480108,74.3491439819336
sage_cosserat_noleak,2026,test,cs_232_R15p7_L186p4_a07p6_k0p012,15.654714235548212,186.38536863997828,7.595966650351917,0.01240612882235181,0.08399111126467677,0.19421440148331587,0.0,-0.8731703758239746,1.0,150.8291778564453
sage_cosserat_noleak,2026,test,cs_234_R09p0_L188p8_a06p9_k0p030,9.039784318877945,188.7543935856657,6.857262450562726,0.029651210053235406,0.0478917822634696,0.2680405436749935,0.0,-0.12895575165748596,0.5517175206294377,97.40924835205078
sage_cosserat_noleak,2026,test,cs_237_R11p3_L274p9_a11p9_k0p019,11.34108282364878,274.8799492157583,11.889809393813541,0.01891886211767744,0.04125831242331523,0.21456038220577117,0.0,-0.20495185256004333,0.5749318801089919,101.82667541503906
sage_cosserat_noleak,2026,test,cs_243_R10p7_L196p9_a03p5_k0p020,10.685120152308635,196.91921575267133,3.4852042530363283,0.020074742814701573,0.054261439704945014,0.21450103900178072,0.04697603651578547,-0.2781965136528015,0.5604792696842906,106.152587890625
sage_cosserat_noleak,2026,test,cs_244_R11p7_L295p1_a04p8_k0p019,11.695820140082057,295.08370829461035,4.7886023453704265,0.01872456140796538,0.039635601055972226,0.21899910242948478,0.0,-0.03302780166268349,0.5400737434504173,91.8927001953125
sage_cosserat_noleak,2026,test,cs_249_R13p4_L183p9_a06p3_k0p012,13.379656937996563,183.94270592169076,6.253312234722841,0.011863671098384052,0.07273817611279805,0.15873184932160347,0.0,-0.6044610738754272,0.98058629392351,127.19007110595703
sage_cosserat_noleak,2026,test,cs_255_R10p5_L206p1_a06p2_k0p025,10.526340555463111,206.14315889437802,6.240269051325278,0.02524660378219265,0.05106325435158639,0.26575434928020286,0.0,0.20454756915569305,0.3935372186959031,78.19698333740234
sage_cosserat_noleak,2026,test,cs_267_R15p8_L136p0_a09p0_k0p011,15.841647847201518,136.00586823878572,9.002830388550995,0.010930430195646728,0.11647767888506334,0.17315602597785346,0.39141414141414144,0.9741123914718628,0.0,13.065467834472656
sage_cosserat_noleak,2026,test,cs_291_R12p7_L154p6_a11p6_k0p026,12.732700950050912,154.56718024184406,11.635933302839938,0.026381135330233136,0.08237648464653784,0.33590310688268116,0.0,-0.39033371210098267,0.7393464551882285,112.97526550292969
sage_cosserat_noleak,2026,test,cs_292_R14p4_L187p7_a06p1_k0p018,14.387564331140076,187.69446004590728,6.091070410185052,0.01817182441893697,0.07665417683410097,0.2614482928416378,0.0,0.15393325686454773,0.45330252262661275,81.14505767822266
sage_cosserat_noleak,2026,val,cs_000_R09p8_L228p0_a06p7_k0p015,9.789348136754361,227.9826331430309,6.672684011434852,0.014820021084321922,0.04293900812441602,0.14507834578846715,0.009716136406934655,0.6848334670066833,0.2516669841874643,46.777488708496094
sage_cosserat_noleak,2026,val,cs_010_R11p6_L163p7_a05p1_k0p005,11.550610145885386,163.73579328774903,5.1366674156380805,0.004713985780975811,0.07054419753893616,0.05444941198929865,0.4596408489025939,0.9831992387771606,0.0,10.517487525939941
sage_cosserat_noleak,2026,val,cs_044_R15p5_L133p3_a07p4_k0p004,15.535177069130189,133.3034756178414,7.401208121935621,0.004461336701963621,0.11653992513793807,0.06930765563001415,0.0,-0.545582115650177,0.9808325266214908,123.064453125
sage_cosserat_noleak,2026,val,cs_056_R13p8_L203p6_a05p8_k0p003,13.778802937632774,203.5513047123528,5.821946206602572,0.0031107731319378563,0.06769203939569043,0.04286272996865444,0.8753645732062998,0.9954778552055359,0.0,5.450967788696289
sage_cosserat_noleak,2026,val,cs_064_R10p8_L101p0_a03p4_k0p031,10.796119193782612,101.01214607231668,3.4248162866480163,0.03110729395226966,0.1068794161253979,0.3358380533047362,0.0,-0.7419613003730774,1.0,137.8987579345703
sage_cosserat_noleak,2026,val,cs_074_R17p1_L141p4_a09p2_k0p020,17.100988944392856,141.41770281837591,9.179064872954681,0.019773118911264792,0.12092537641030571,0.3381398878977045,0.0,-0.5453157424926758,0.7832208293153327,123.04623413085938
sage_cosserat_noleak,2026,val,cs_086_R10p0_L275p8_a10p8_k0p020,10.04139294969339,275.84623706717616,10.791822930263493,0.019800424415586795,0.03640213858435936,0.19882384212761012,0.0,-0.5165393948554993,0.6398682681131345,121.10041046142578
sage_cosserat_noleak,2026,val,cs_090_R13p9_L105p0_a06p5_k0p012,13.88716063125649,104.97689554401948,6.534815367450279,0.012241659663291484,0.1322877816046032,0.17000189413730207,0.0,-0.21524053812026978,0.6636521069847989,102.42963409423828
sage_cosserat_noleak,2026,val,cs_105_R12p5_L237p2_a07p2_k0p018,12.487717707176497,237.1990006516807,7.196482412958837,0.0181509031980451,0.05264658650697403,0.2266633552674743,0.0,0.2875756621360779,0.3440358046312512,73.28712463378906
sage_cosserat_noleak,2026,val,cs_117_R12p5_L100p7_a10p5_k0p010,12.515629257465857,100.65926548640257,10.488117451574483,0.01024315845605953,0.12433658438682445,0.12819957366151744,0.0,-0.7873960137367249,1.0,141.9428253173828
sage_cosserat_noleak,2026,val,cs_120_R10p1_L144p9_a04p9_k0p014,10.084726977879201,144.87440743102388,4.9044366749501185,0.014046124818042287,0.06961013443786224,0.14165133388716963,0.0,-0.8314893245697021,0.9941600155732918,146.2520294189453
sage_cosserat_noleak,2026,val,cs_154_R09p8_L277p9_a04p5_k0p001,9.786235109693399,277.90254292644227,4.470856904033879,0.0010586313566167327,0.03521462958431333,0.010360015350345022,0.6465948441708349,0.9898809790611267,0.0,8.157812118530273
sage_cosserat_noleak,2026,val,cs_163_R16p2_L152p7_a09p6_k0p006,16.198749765649147,152.71987348386645,9.616329901244171,0.006459260849737745,0.1060683812533436,0.10463195017595601,0.0,-0.2500424087047577,0.6887894122226548,104.48001098632812
sage_cosserat_noleak,2026,val,cs_181_R08p3_L115p6_a11p2_k0p013,8.251120705485146,115.56542371606969,11.165520861428346,0.013081764804294354,0.07139783198266253,0.10793922044099999,0.024380804953560372,0.7695039510726929,0.02321981424148607,39.690635681152344
sage_cosserat_noleak,2026,val,cs_182_R08p6_L137p8_a02p8_k0p001,8.598629938826313,137.79496076059377,2.7830575511755864,0.0014826998156791183,0.06240162841488559,0.012749187025390723,0.0,-0.6862009167671204,1.0,133.3301239013672
sage_cosserat_noleak,2026,val,cs_191_R11p6_L122p1_a04p5_k0p001,11.556692137858366,122.07713103471991,4.539556893118883,0.000992905899107872,0.09466713412990949,0.011474707797853135,0.0,0.7316542267799377,0.0,42.97474670410156
sage_cosserat_noleak,2026,val,cs_192_R09p6_L112p9_a08p3_k0p013,9.62626406234593,112.86084808263581,8.328318774743273,0.012966750816968898,0.08529321040807399,0.12482136739478242,0.0,-0.3873635530471802,0.9749514563106796,112.79054260253906
sage_cosserat_noleak,2026,val,cs_198_R10p6_L134p7_a03p0_k0p024,10.600010918578532,134.70627910668327,3.0387794839948383,0.023869624648933822,0.07868980561911035,0.25301828190106973,0.0,-0.8077623844146729,1.0,143.8778839111328
sage_cosserat_noleak,2026,val,cs_208_R15p1_L211p3_a09p7_k0p011,15.118689716695576,211.32200135358565,9.722945689626343,0.010666787766914671,0.07154337749905589,0.16126785452182701,0.0,-0.8664225935935974,1.0,150.04554748535156
sage_cosserat_noleak,2026,val,cs_242_R11p1_L144p0_a05p5_k0p028,11.059500088639602,144.02331857351896,5.4797552543880785,0.027517248613048124,0.07678964905251859,0.3043270134751237,0.0223170968367941,-0.049524445086717606,0.5158160294973801,92.83869934082031
sage_cosserat_noleak,2026,val,cs_261_R12p9_L253p3_a07p9_k0p018,12.906835133732944,253.2871487259385,7.877427617712564,0.0175134431064908,0.050957323333045944,0.22604312279948843,0.0,-0.13376359641551971,0.7555886736214605,97.6871337890625
sage_cosserat_noleak,2026,val,cs_282_R10p0_L204p3_a04p6_k0p006,10.018613235043922,204.29971991412128,4.610087289346258,0.005659941338303978,0.04903880063690401,0.05670476320150444,0.0,-0.31186115741729736,0.6724037903693676,108.17142486572266
sage_cosserat_noleak,2026,val,cs_289_R10p0_L261p4_a06p9_k0p031,10.013484458500468,261.37708247023414,6.937621506430334,0.031176595146921768,0.038310491355495226,0.31218635097266223,0.0,0.24958303570747375,0.38550057537399307,75.54715728759766
sage_cosserat_noleak,2026,val,cs_295_R15p8_L158p7_a04p0_k0p015,15.815991131355483,158.68764716391132,3.9849693050340145,0.014939235824352927,0.09966743734639195,0.23627882130719402,0.0,0.785433828830719,0.0,38.23917770385742
sage_cosserat_noleak,777,test,cs_008_R10p3_L219p9_a10p1_k0p005,10.332632062001387,219.86319845391617,10.142430618716505,0.0053904580648451985,0.046995732503942136,0.05569761982969345,0.0,0.30791419744491577,0.24349008938981734,72.06642150878906
sage_cosserat_noleak,777,test,cs_011_R14p0_L181p9_a03p0_k0p014,14.044006058026058,181.87220676453305,3.0168575708216334,0.014121937351325617,0.077219088654973,0.1983285737130814,0.09965034965034965,0.7014789581298828,0.013791763791763792,45.45421600341797
sage_cosserat_noleak,777,test,cs_036_R17p3_L276p1_a08p0_k0p003,17.31499466778154,276.12701618004564,8.021361701813102,0.0029834969688785585,0.06270663011290241,0.05165923410747463,0.2696694374637541,0.9761109352111816,0.006765899864682003,12.548896789550781
sage_cosserat_noleak,777,test,cs_041_R16p4_L126p5_a08p0_k0p021,16.380952953924872,126.50298452981617,7.9710182832138035,0.02124330119733147,0.1294906441520671,0.34798551749954276,0.0,-0.7063058614730835,0.9920059490611638,134.9351348876953
sage_cosserat_noleak,777,test,cs_042_R09p1_L132p8_a10p7_k0p011,9.07428353129959,132.76355859514942,10.712075744884107,0.010660025037295294,0.06834920385774537,0.09673208963916997,0.055264688772542175,0.7722225785255432,0.2633313942214466,39.44609832763672
sage_cosserat_noleak,777,test,cs_043_R12p3_L259p6_a06p1_k0p020,12.297612930140655,259.5885815717731,6.138198863286343,0.01974936588961313,0.04737347403988381,0.24287005732618525,0.0,0.7279777526855469,0.17002881844380405,43.282867431640625
sage_cosserat_noleak,777,test,cs_069_R13p1_L102p9_a09p7_k0p009,13.148822734681907,102.86134202123537,9.659537039244858,0.008785096495739686,0.12783055787826858,0.11551367652955634,0.0,0.8650230169296265,0.0,30.11466407775879
sage_cosserat_noleak,777,test,cs_073_R17p1_L219p1_a08p8_k0p003,17.052436405248233,219.11549442691114,8.814141439119714,0.0029927805368692127,0.07782396425158468,0.05103419977982692,0.07401696222050887,0.8575147986412048,0.0,30.961318969726562
sage_cosserat_noleak,777,test,cs_077_R09p2_L151p4_a10p0_k0p005,9.20785348784141,151.41657260303316,9.988312383907285,0.005444190983975563,0.06081139818150236,0.050129312940274146,0.0,0.5684860348701477,0.0,55.35527420043945
sage_cosserat_noleak,777,test,cs_101_R17p1_L296p7_a11p6_k0p014,17.06116325157632,296.7454777876344,11.553969292706446,0.014261996667051307,0.05749426538451287,0.2433262534299997,0.009143968871595331,-0.03556617349386215,0.5136186770428015,92.03822326660156
sage_cosserat_noleak,777,test,cs_103_R15p3_L286p2_a07p5_k0p006,15.26161829168939,286.18579683017697,7.52249632089859,0.006024006987283315,0.05332765797858813,0.09193609522638774,0.005061867266591676,0.800390362739563,0.0022497187851518562,36.832603454589844
sage_cosserat_noleak,777,test,cs_108_R15p3_L157p3_a02p2_k0p017,15.293754870832325,157.25614939483324,2.219900141123518,0.01652590291086547,0.09725377945274051,0.25274310813795087,0.05486862442040186,0.8348369598388672,0.033423493044822256,33.40113067626953
sage_cosserat_noleak,777,test,cs_127_R09p9_L248p0_a10p7_k0p027,9.92130915509264,248.0385827557328,10.675877396634963,0.026674469300049557,0.03999905597292941,0.26464565647381927,0.02492331288343558,-0.48099860548973083,0.6736963190184049,118.75067138671875
sage_cosserat_noleak,777,test,cs_141_R11p5_L262p4_a02p2_k0p000,11.458340278600033,262.4340458867466,2.23603363554198,0.00012757021987368057,0.04366179029814172,0.0014617429887284563,0.0,0.6966443061828613,0.33140877598152424,45.84160614013672
sage_cosserat_noleak,777,test,cs_145_R10p7_L132p0_a11p4_k0p027,10.68541526716421,132.04906413974186,11.393989353830287,0.02683932389225749,0.08092003784181533,0.28678932127869333,0.06688703091580789,0.41057997941970825,0.2626871475792339,65.75872039794922
sage_cosserat_noleak,777,test,cs_150_R11p5_L181p7_a04p6_k0p020,11.518299636477002,181.71355082438,4.598057815988547,0.019514730234116283,0.0633871254192212,0.22477651016156833,0.007979758660957572,0.17385748028755188,0.35889451148306734,79.98782348632812
sage_cosserat_noleak,777,test,cs_167_R08p2_L205p2_a11p9_k0p029,8.167573366253167,205.18563210404523,11.938348744333847,0.028818352151288754,0.03980577627439121,0.23537600549017068,0.0033054637371184134,0.11380117386579514,0.4658759478903364,83.46551513671875
sage_cosserat_noleak,777,test,cs_203_R08p2_L122p5_a11p7_k0p007,8.217382794358745,122.54736312710918,11.737120847034058,0.006959456601839249,0.0670547499731632,0.057188518938040216,0.12553230883169783,0.8952962756156921,0.0,26.453489303588867
sage_cosserat_noleak,777,test,cs_204_R12p4_L232p8_a05p2_k0p008,12.432576699850076,232.80822831481788,5.207207074882933,0.008287663442116892,0.05340265157225443,0.10303701140666176,0.008412197686645636,0.6101360321044922,0.0,52.400657653808594
sage_cosserat_noleak,777,test,cs_206_R09p6_L215p3_a11p8_k0p017,9.638041884761433,215.2839528442758,11.817075619528502,0.017454471858595003,0.04476897491627277,0.16822693084952836,0.0,-0.6832131147384644,0.8982102908277405,133.09524536132812
sage_cosserat_noleak,777,test,cs_207_R14p8_L249p3_a02p6_k0p016,14.829240881322207,249.25664949252578,2.6215250192799315,0.01590100405059888,0.059493862697399674,0.23579981932121089,0.0,0.7161910533905029,0.10030864197530864,44.25910568237305
sage_cosserat_noleak,777,test,cs_209_R10p1_L101p7_a07p4_k0p010,10.120819917927488,101.7083360980719,7.440285153684869,0.00990678838805335,0.0995082635917721,0.1002648212405031,0.03997682502896872,0.9389863610267639,0.0,20.117979049682617
sage_cosserat_noleak,777,test,cs_212_R12p3_L211p8_a06p3_k0p019,12.338677853831664,211.80580528278526,6.342760122167442,0.018696010110296455,0.05825467265808934,0.23068404590292776,0.08176709939934121,0.6871403455734253,0.0,46.59583282470703
sage_cosserat_noleak,777,test,cs_221_R10p5_L204p7_a03p8_k0p014,10.490382252632225,204.67218480322697,3.8459641754550846,0.0138257058482252,0.05125455744129443,0.14503693926033523,0.17852975495915985,0.9060100317001343,0.0,25.04033660888672
sage_cosserat_noleak,777,test,cs_227_R14p4_L277p1_a05p3_k0p014,14.418427658248241,277.1340038172114,5.301363838105172,0.01396688597456547,0.052026916436274516,0.20138053503527423,0.0,-0.7690934538841248,1.0,140.2725372314453
sage_cosserat_noleak,777,test,cs_231_R13p0_L240p3_a05p5_k0p019,12.97148968239227,240.34910386029168,5.529877524013183,0.019003727820144537,0.053969369862648796,0.2465066593459958,0.011531808571977706,0.7552881240844727,0.13184701133961177,40.94944381713867
sage_cosserat_noleak,777,test,cs_232_R15p7_L186p4_a07p6_k0p012,15.654714235548212,186.38536863997828,7.595966650351917,0.01240612882235181,0.08399111126467677,0.19421440148331587,0.0,-0.9641733169555664,1.0,164.61680603027344
sage_cosserat_noleak,777,test,cs_234_R09p0_L188p8_a06p9_k0p030,9.039784318877945,188.7543935856657,6.857262450562726,0.029651210053235406,0.0478917822634696,0.2680405436749935,0.037037037037037035,-0.3258105218410492,0.7182882364229515,109.01468658447266
sage_cosserat_noleak,777,test,cs_237_R11p3_L274p9_a11p9_k0p019,11.34108282364878,274.8799492157583,11.889809393813541,0.01891886211767744,0.04125831242331523,0.21456038220577117,0.0,-0.001240293844603002,0.5003892565200467,90.07106018066406
sage_cosserat_noleak,777,test,cs_243_R10p7_L196p9_a03p5_k0p020,10.685120152308635,196.91921575267133,3.4852042530363283,0.020074742814701573,0.054261439704945014,0.21450103900178072,0.0,-0.07173372805118561,0.5290985165462153,94.11357116699219
sage_cosserat_noleak,777,test,cs_244_R11p7_L295p1_a04p8_k0p019,11.695820140082057,295.08370829461035,4.7886023453704265,0.01872456140796538,0.039635601055972226,0.21899910242948478,0.0,-0.6324584484100342,0.8232097807102658,129.2317352294922
sage_cosserat_noleak,777,test,cs_249_R13p4_L183p9_a06p3_k0p012,13.379656937996563,183.94270592169076,6.253312234722841,0.011863671098384052,0.07273817611279805,0.15873184932160347,0.0,-0.8159216642379761,0.9330227140361095,144.6785888671875
sage_cosserat_noleak,777,test,cs_255_R10p5_L206p1_a06p2_k0p025,10.526340555463111,206.14315889437802,6.240269051325278,0.02524660378219265,0.05106325435158639,0.26575434928020286,0.0,0.4962764382362366,0.2252356222350452,60.24604415893555
sage_cosserat_noleak,777,test,cs_267_R15p8_L136p0_a09p0_k0p011,15.841647847201518,136.00586823878572,9.002830388550995,0.010930430195646728,0.11647767888506334,0.17315602597785346,0.08547008547008547,0.9667263031005859,0.0,14.821765899658203
sage_cosserat_noleak,777,test,cs_291_R12p7_L154p6_a11p6_k0p026,12.732700950050912,154.56718024184406,11.635933302839938,0.026381135330233136,0.08237648464653784,0.33590310688268116,0.0,-0.6825180649757385,0.9409516529715268,133.0407257080078
sage_cosserat_noleak,777,test,cs_292_R14p4_L187p7_a06p1_k0p018,14.387564331140076,187.69446004590728,6.091070410185052,0.01817182441893697,0.07665417683410097,0.2614482928416378,0.00038513383400731754,0.18684236705303192,0.4128634700558444,79.23143005371094
sage_cosserat_noleak,777,val,cs_000_R09p8_L228p0_a06p7_k0p015,9.789348136754361,227.9826331430309,6.672684011434852,0.014820021084321922,0.04293900812441602,0.14507834578846715,0.0,0.0956413745880127,0.3574014097923414,84.51176452636719
sage_cosserat_noleak,777,val,cs_010_R11p6_L163p7_a05p1_k0p005,11.550610145885386,163.73579328774903,5.1366674156380805,0.004713985780975811,0.07054419753893616,0.05444941198929865,0.21512787955740975,0.9423382878303528,0.0,19.55197525024414
sage_cosserat_noleak,777,val,cs_044_R15p5_L133p3_a07p4_k0p004,15.535177069130189,133.3034756178414,7.401208121935621,0.004461336701963621,0.11653992513793807,0.06930765563001415,0.0,-0.8361874222755432,0.9932236205227493,146.73968505859375
sage_cosserat_noleak,777,val,cs_056_R13p8_L203p6_a05p8_k0p003,13.778802937632774,203.5513047123528,5.821946206602572,0.0031107731319378563,0.06769203939569043,0.04286272996865444,0.15905113746840366,0.8838847875595093,0.0,27.88540267944336
sage_cosserat_noleak,777,val,cs_064_R10p8_L101p0_a03p4_k0p031,10.796119193782612,101.01214607231668,3.4248162866480163,0.03110729395226966,0.1068794161253979,0.3358380533047362,0.0,-0.9027090072631836,1.0,154.51646423339844
sage_cosserat_noleak,777,val,cs_074_R17p1_L141p4_a09p2_k0p020,17.100988944392856,141.41770281837591,9.179064872954681,0.019773118911264792,0.12092537641030571,0.3381398878977045,0.0,-0.8629959225654602,0.9986499517839923,149.65464782714844
sage_cosserat_noleak,777,val,cs_086_R10p0_L275p8_a10p8_k0p020,10.04139294969339,275.84623706717616,10.791822930263493,0.019800424415586795,0.03640213858435936,0.19882384212761012,0.0,-0.7417084574699402,0.7754746222394421,137.8771514892578
sage_cosserat_noleak,777,val,cs_090_R13p9_L105p0_a06p5_k0p012,13.88716063125649,104.97689554401948,6.534815367450279,0.012241659663291484,0.1322877816046032,0.17000189413730207,0.0,-0.0025085785891860723,0.503367327304214,90.14373016357422
sage_cosserat_noleak,777,val,cs_105_R12p5_L237p2_a07p2_k0p018,12.487717707176497,237.1990006516807,7.196482412958837,0.0181509031980451,0.05264658650697403,0.2266633552674743,0.0,-0.03323129191994667,0.5627553998832457,91.90436553955078
sage_cosserat_noleak,777,val,cs_117_R12p5_L100p7_a10p5_k0p010,12.515629257465857,100.65926548640257,10.488117451574483,0.01024315845605953,0.12433658438682445,0.12819957366151744,0.0,0.18440493941307068,0.3140273234558399,79.3735580444336
sage_cosserat_noleak,777,val,cs_120_R10p1_L144p9_a04p9_k0p014,10.084726977879201,144.87440743102388,4.9044366749501185,0.014046124818042287,0.06961013443786224,0.14165133388716963,0.0,-0.8325539231300354,1.0,146.3619842529297
sage_cosserat_noleak,777,val,cs_154_R09p8_L277p9_a04p5_k0p001,9.786235109693399,277.90254292644227,4.470856904033879,0.0010586313566167327,0.03521462958431333,0.010360015350345022,0.3449403616775683,0.9752108454704285,0.0,12.784087181091309
sage_cosserat_noleak,777,val,cs_163_R16p2_L152p7_a09p6_k0p006,16.198749765649147,152.71987348386645,9.616329901244171,0.006459260849737745,0.1060683812533436,0.10463195017595601,0.0,-0.336752712726593,0.5665628649279876,109.67915344238281
sage_cosserat_noleak,777,val,cs_181_R08p3_L115p6_a11p2_k0p013,8.251120705485146,115.56542371606969,11.165520861428346,0.013081764804294354,0.07139783198266253,0.10793922044099999,0.20491486068111456,0.9577382802963257,0.0,16.71678924560547
sage_cosserat_noleak,777,val,cs_182_R08p6_L137p8_a02p8_k0p001,8.598629938826313,137.79496076059377,2.7830575511755864,0.0014826998156791183,0.06240162841488559,0.012749187025390723,0.0,-0.7935714721679688,1.0,142.52052307128906
sage_cosserat_noleak,777,val,cs_191_R11p6_L122p1_a04p5_k0p001,11.556692137858366,122.07713103471991,4.539556893118883,0.000992905899107872,0.09466713412990949,0.011474707797853135,0.010827674802716094,0.9565238952636719,0.0,16.957002639770508
sage_cosserat_noleak,777,val,cs_192_R09p6_L112p9_a08p3_k0p013,9.62626406234593,112.86084808263581,8.328318774743273,0.012966750816968898,0.08529321040807399,0.12482136739478242,0.0,-0.42992210388183594,0.7165048543689321,115.46261596679688
sage_cosserat_noleak,777,val,cs_198_R10p6_L134p7_a03p0_k0p024,10.600010918578532,134.70627910668327,3.0387794839948383,0.023869624648933822,0.07868980561911035,0.25301828190106973,0.0,-0.9632083177566528,1.0,164.40972900390625
sage_cosserat_noleak,777,val,cs_208_R15p1_L211p3_a09p7_k0p011,15.118689716695576,211.32200135358565,9.722945689626343,0.010666787766914671,0.07154337749905589,0.16126785452182701,0.0,-0.9884616136550903,1.0,171.28778076171875
sage_cosserat_noleak,777,val,cs_242_R11p1_L144p0_a05p5_k0p028,11.059500088639602,144.02331857351896,5.4797552543880785,0.027517248613048124,0.07678964905251859,0.3043270134751237,0.09179118959829226,0.8014601469039917,0.009897147292839123,36.7302360534668
sage_cosserat_noleak,777,val,cs_261_R12p9_L253p3_a07p9_k0p018,12.906835133732944,253.2871487259385,7.877427617712564,0.0175134431064908,0.050957323333045944,0.22604312279948843,0.028129657228017885,-0.13591861724853516,0.5562593144560357,97.8117446899414
sage_cosserat_noleak,777,val,cs_282_R10p0_L204p3_a04p6_k0p006,10.018613235043922,204.29971991412128,4.610087289346258,0.005659941338303978,0.04903880063690401,0.05670476320150444,0.0,-0.7501163482666016,1.0,138.6004638671875
sage_cosserat_noleak,777,val,cs_289_R10p0_L261p4_a06p9_k0p031,10.013484458500468,261.37708247023414,6.937621506430334,0.031176595146921768,0.038310491355495226,0.31218635097266223,0.01822017644802455,0.542280375957489,0.23801304181051017,57.160987854003906
sage_cosserat_noleak,777,val,cs_295_R15p8_L158p7_a04p0_k0p015,15.815991131355483,158.68764716391132,3.9849693050340145,0.014939235824352927,0.09966743734639195,0.23627882130719402,0.20762794317960692,0.9254742860794067,0.0,22.2600154876709
