variant,seed,split,case,max_speed_pred,max_speed_true,mean_speed_pred,mean_speed_true,magnitude_ratio,dP_pred_mmHg,dP_gt_mmHg,dP_abs_err_mmHg,dP_signed_err_mmHg
subend_withleak,1337,test,sUbend_012__f00,2.148108720779419,0.48265302181243896,0.24654234945774078,0.10553682595491409,4.4506273113404085,18.457484305154367,0.9318157578587147,17.525668547295652,17.525668547295652
subend_withleak,1337,test,sUbend_012__f01,1.7504925727844238,0.45587942004203796,0.21688733994960785,0.09230007976293564,3.8398148629367954,12.256896989493725,0.8313041824714595,11.425592807022266,11.425592807022266
subend_withleak,1337,test,sUbend_012__f02,1.837472915649414,0.38823622465133667,0.1940266638994217,0.07528668642044067,4.732873438844079,13.505226862980635,0.6029094645260926,12.902317398454542,12.902317398454542
subend_withleak,1337,test,sUbend_012__f03,1.6712183952331543,0.33899757266044617,0.17070183157920837,0.06108138710260391,4.929883072959685,11.171883698262718,0.4596774170786979,10.71220628118402,10.71220628118402
subend_withleak,1337,test,sUbend_012__f04,1.5897094011306763,0.2649005949497223,0.1597486138343811,0.05264614149928093,6.001154513950414,10.108703920173014,0.28068930081886734,9.828014619354146,9.828014619354146
subend_withleak,1337,test,sUbend_012__f05,1.4959145784378052,0.25847500562667847,0.20654301345348358,0.06178370490670204,5.787463181636951,8.951041703931025,0.26723731413484586,8.68380438979618,8.68380438979618
subend_withleak,1337,test,sUbend_012__f06,1.674270749092102,1.2772669792175293,0.23924270272254944,0.2524249851703644,1.310822855623953,11.212730165061714,6.52564374479789,4.6870864202638245,4.6870864202638245
subend_withleak,1337,test,sUbend_012__f07,2.281665563583374,2.64764404296875,0.27779629826545715,0.5706283450126648,0.8617720231851818,20.823990976168943,28.040075913071632,7.216084936902689,-7.216084936902689
subend_withleak,1337,test,sUbend_012__f08,2.3324592113494873,3.358830213546753,0.28609493374824524,0.7576717734336853,0.6944260540298433,21.76146389043629,45.1269616137381,23.365497723301814,-23.365497723301814
subend_withleak,1337,test,sUbend_012__f09,2.3070900440216064,3.3379228115081787,0.29085299372673035,0.7887685894966125,0.6911753729197802,21.290657884894472,44.56691478234666,23.276256897452186,-23.276256897452186
subend_withleak,1337,test,sUbend_012__f10,2.2779335975646973,2.945417642593384,0.2778923809528351,0.7438451647758484,0.7733822072033969,20.755925899656177,34.701940357201465,13.946014457545289,-13.946014457545289
subend_withleak,1337,test,sUbend_012__f11,2.2004222869873047,2.3651576042175293,0.27101054787635803,0.6251805424690247,0.9303491162971677,19.36743296428176,22.375881971152012,3.0084490068702507,-3.0084490068702507
subend_withleak,1337,test,sUbend_012__f12,2.233919620513916,1.880467176437378,0.2551073729991913,0.4930272400379181,1.1879599115078245,19.961587483668154,14.144627206633459,5.8169602770346955,5.8169602770346955
subend_withleak,1337,test,sUbend_012__f13,2.156552791595459,1.5041799545288086,0.23321495950222015,0.3845941126346588,1.4337066420161204,18.60287977175267,9.050229342425155,9.552650429327514,9.552650429327514
subend_withleak,1337,test,sUbend_012__f14,1.4159693717956543,1.0965973138809204,0.2094118297100067,0.2873152196407318,1.2912391393559572,8.01987704745352,4.8101026752433995,3.20977437221012,3.20977437221012
subend_withleak,1337,test,sUbend_012__f15,1.0380364656448364,0.7118344902992249,0.19648563861846924,0.20995444059371948,1.4582553666491913,4.310078816033695,2.026833366318229,2.2832454497154657,2.2832454497154657
subend_withleak,1337,test,sUbend_012__f16,0.8441969156265259,0.5640744566917419,0.18788357079029083,0.16667626798152924,1.4966054669053497,2.8506737294133586,1.2727199707683354,1.5779537586450232,1.5779537586450232
subend_withleak,1337,test,sUbend_012__f17,0.6303157806396484,0.5132749080657959,0.19091151654720306,0.14551451802253723,1.2280276528905427,1.5891919332934776,1.053804524999805,0.5353874082936727,0.5353874082936727
subend_withleak,1337,test,sUbend_012__f18,1.5913420915603638,0.5176658630371094,0.2153339385986328,0.13992194831371307,3.0740719162435615,10.129478609486853,1.0719117830158211,9.057566826471032,9.057566826471032
subend_withleak,1337,test,sUbend_012__f19,1.9910863637924194,0.5698524117469788,0.2315802276134491,0.13915123045444489,3.4940386716771243,15.857699632320475,1.2989270846953929,14.558772547625082,14.558772547625082
subend_withleak,1337,test,sUbend_012__f20,2.180356740951538,0.5585685968399048,0.24889734387397766,0.134679913520813,3.903471754922995,19.01582207125125,1.2479955095028004,17.76782656174845,17.76782656174845
subend_withleak,1337,test,sUbend_012__f21,2.207132577896118,0.5518748164176941,0.2524355351924896,0.12942193448543549,3.9993355598701923,19.485736865641456,1.2182632519842542,18.267473613657202,18.267473613657202
subend_withleak,1337,test,sUbend_012__f22,2.2207601070404053,0.5466099381446838,0.25355201959609985,0.12475831806659698,4.0627876517908925,19.72710181208845,1.1951296979141404,18.53197211417431,18.53197211417431
subend_withleak,1337,test,sUbend_012__f23,2.2585372924804688,0.5331071615219116,0.2536071240901947,0.11906066536903381,4.236554027960922,20.403962806100026,1.1368129826637983,19.267149823436228,19.267149823436228
subend_withleak,1337,test,sUbend_012__f24,2.13179087638855,0.5210325717926025,0.24848003685474396,0.11320210993289948,4.091473339285036,18.178129362613845,1.085899763475254,17.09222959913859,17.09222959913859
subend_withleak,1337,test,sUbend_021__f00,1.8905354738235474,0.28423604369163513,0.2555403411388397,0.07498495280742645,6.651286899681768,14.296497511140899,0.32316051413389246,13.973336997007006,13.973336997007006
subend_withleak,1337,test,sUbend_021__f01,1.8523998260498047,0.2860671281814575,0.24617573618888855,0.07170616090297699,6.475402601569776,13.725540462197387,0.3273376073039458,13.39820285489344,13.39820285489344
subend_withleak,1337,test,sUbend_021__f02,1.860667109489441,0.27683666348457336,0.2243155539035797,0.0635092481970787,6.721173005298578,13.848328369343164,0.30655415299708366,13.54177421634608,13.54177421634608
subend_withleak,1337,test,sUbend_021__f03,1.7857863903045654,0.27063122391700745,0.2200610190629959,0.05930048227310181,6.598597029780273,12.756132127188039,0.2929650374352697,12.463167089752769,12.463167089752769
subend_withleak,1337,test,sUbend_021__f04,1.469584584236145,0.22834274172782898,0.16513119637966156,0.039422787725925446,6.435871677444439,8.638715400898093,0.20856163079912804,8.430153770098965,8.430153770098965
subend_withleak,1337,test,sUbend_021__f05,1.10214102268219,0.1853945553302765,0.1567828357219696,0.0305553637444973,5.9448402932801825,4.858859335515774,0.1374845645844438,4.72137477093133,4.72137477093133
subend_withleak,1337,test,sUbend_021__f06,1.5147579908370972,0.7181300520896912,0.25815528631210327,0.19818057119846344,2.109308733744387,9.177967083219357,2.06284308685737,7.115123996361987,7.115123996361987
subend_withleak,1337,test,sUbend_021__f07,2.3115334510803223,1.7748973369598389,0.2910720407962799,0.5199140906333923,1.302347692424661,21.37274758185322,12.601042226988511,8.771705354864707,8.771705354864707
subend_withleak,1337,test,sUbend_021__f08,2.285898208618164,2.3739774227142334,0.29466354846954346,0.6764387488365173,0.9628980405401809,20.901322480654926,22.543075214227656,1.64175273357273,-1.64175273357273
subend_withleak,1337,test,sUbend_021__f09,2.296354055404663,2.2838501930236816,0.3097507357597351,0.6834629774093628,1.0054749047985616,21.09296779109377,20.86388681669723,0.2290809743965383,0.2290809743965383
subend_withleak,1337,test,sUbend_021__f10,2.315546989440918,2.1059648990631104,0.30951568484306335,0.6278491616249084,1.0995183207806765,21.447031441235595,17.740352624343586,3.7066788168920084,3.7066788168920084
subend_withleak,1337,test,sUbend_021__f11,2.2845277786254883,1.8058662414550781,0.30012497305870056,0.5286971926689148,1.2650592420315296,20.876268685246032,13.044611528108362,7.83165715713767,7.83165715713767
subend_withleak,1337,test,sUbend_021__f12,2.115567684173584,1.4528396129608154,0.2830291986465454,0.4208817481994629,1.4561605185462705,17.902506505278325,8.442971763952528,9.459534741325797,9.459534741325797
subend_withleak,1337,test,sUbend_021__f13,1.8525489568710327,1.151943325996399,0.24790909886360168,0.3210694491863251,1.608194530984091,13.727750550415806,5.307893705230583,8.419856845185222,8.419856845185222
subend_withleak,1337,test,sUbend_021__f14,1.5941126346588135,0.8249955773353577,0.22253058850765228,0.232591912150383,1.93226809749407,10.164780367915455,2.7224708104916004,7.4423095574238545,7.4423095574238545
subend_withleak,1337,test,sUbend_021__f15,1.46652090549469,0.5994604229927063,0.2027587890625,0.17230843007564545,2.446401545865745,8.602734265011861,1.4374111949383774,7.165323070073484,7.165323070073484
subend_withleak,1337,test,sUbend_021__f16,0.8800386190414429,0.49976885318756104,0.19091728329658508,0.13719043135643005,1.7608912868989222,3.0978718840174793,0.9990756264656397,2.0987962575518395,2.0987962575518395
subend_withleak,1337,test,sUbend_021__f17,0.5037357211112976,0.4746529161930084,0.17908254265785217,0.11529845744371414,1.0612717291437923,1.014998706894076,0.9011815634021083,0.1138171434919677,0.1138171434919677
subend_withleak,1337,test,sUbend_021__f18,0.4740738570690155,0.43479782342910767,0.18086355924606323,0.10288877040147781,1.0903317163139195,0.8989840878251734,0.756196589034758,0.1427874987904154,0.1427874987904154
subend_withleak,1337,test,sUbend_021__f19,0.5143445134162903,0.40467509627342224,0.187272846698761,0.09455490112304688,1.271006093907911,1.0582011139257617,0.6550477341756142,0.4031533797501474,0.4031533797501474
subend_withleak,1337,test,sUbend_021__f20,0.5855703949928284,0.38497668504714966,0.20127086341381073,0.09208906441926956,1.5210541774006683,1.3715707499682281,0.592828192119569,0.7787425578486591,0.7787425578486591
subend_withleak,1337,test,sUbend_021__f21,1.3395767211914062,0.35445716977119446,0.22254222631454468,0.09224628657102585,3.7792343770507335,7.177863167831674,0.5025595408088215,6.675303627022853,6.675303627022853
subend_withleak,1337,test,sUbend_021__f22,1.9180880784988403,0.3197004497051239,0.24340078234672546,0.08841510862112045,5.999641477727014,14.716247507517494,0.40883351016663383,14.30741399735086,14.30741399735086
subend_withleak,1337,test,sUbend_021__f23,1.9468356370925903,0.30677521228790283,0.26551008224487305,0.08725284785032272,6.346130844709583,15.160675991414848,0.3764441234971514,14.784231867917697,14.784231867917697
subend_withleak,1337,test,sUbend_021__f24,2.1200363636016846,0.2920149862766266,0.2673521935939789,0.08156520873308182,7.260025900154893,17.978216731973816,0.34109100884055366,17.637125723133263,17.637125723133263
subend_withleak,1337,test,sUbend_022__f00,0.547631025314331,0.13690918684005737,0.16622480750083923,0.03389902412891388,3.999958205537331,1.199598959547302,0.07497650176482296,1.124622457782479,1.124622457782479
subend_withleak,1337,test,sUbend_022__f01,0.6246896982192993,0.11378740519285202,0.1707487851381302,0.03092322312295437,5.4899722615218005,1.560948876245277,0.05179029432208915,1.5091585819231879,1.5091585819231879
subend_withleak,1337,test,sUbend_022__f02,0.6680054664611816,0.10572563111782074,0.1727733165025711,0.02841157652437687,6.318292540781863,1.7849252128880835,0.04471163630104602,1.7402135765870375,1.7402135765870375
subend_withleak,1337,test,sUbend_022__f03,0.6512725949287415,0.1010335236787796,0.1755727380514145,0.02708689123392105,6.446103938721978,1.6966239716208662,0.040831091627802074,1.6557928799930641,1.6557928799930641
subend_withleak,1337,test,sUbend_022__f04,1.5466662645339966,0.14884856343269348,0.27550452947616577,0.05713614076375961,10.390871291367013,9.568706135390187,0.0886235793439063,9.48008255604628,9.48008255604628
subend_withleak,1337,test,sUbend_022__f05,1.5493181943893433,0.4543622136116028,0.27876752614974976,0.16181135177612305,3.4098746506102047,9.60154746986342,0.825780084632143,8.775767385231276,8.775767385231276
subend_withleak,1337,test,sUbend_022__f06,2.0621519088745117,0.77876877784729,0.2936750054359436,0.2856981158256531,2.6479642835384474,17.00988198109917,2.425923237399047,14.583958743700123,14.583958743700123
subend_withleak,1337,test,sUbend_022__f07,2.310173511505127,1.1009187698364258,0.3221948444843292,0.42569229006767273,2.0984050547601907,21.347606613039716,4.848088551112596,16.49951806192712,16.49951806192712
subend_withleak,1337,test,sUbend_022__f08,2.242464542388916,1.4119216203689575,0.33933061361312866,0.5578948855400085,1.588235855332341,20.114588895486122,7.97409064826121,12.140498247224912,12.140498247224912
subend_withleak,1337,test,sUbend_022__f09,2.2917611598968506,1.4451364278793335,0.34701070189476013,0.5705522894859314,1.5858441567761856,21.008676856047032,8.35367718073536,12.654999675311672,12.654999675311672
subend_withleak,1337,test,sUbend_022__f10,2.133883237838745,1.3665584325790405,0.32539597153663635,0.5101863145828247,1.5615016430812763,18.213830690916666,7.469927798611536,10.74390289230513,10.74390289230513
subend_withleak,1337,test,sUbend_022__f11,2.119746208190918,1.1047513484954834,0.33522483706474304,0.4291037619113922,1.9187541260553476,17.973295948559098,4.881902168010356,13.091393780548742,13.091393780548742
subend_withleak,1337,test,sUbend_022__f12,2.0876784324645996,0.9273004531860352,0.28818050026893616,0.332093745470047,2.251350600866976,17.43360494951139,3.4395445219161047,13.994060427595286,13.994060427595286
subend_withleak,1337,test,sUbend_022__f13,2.0132710933685303,0.7089967131614685,0.265886515378952,0.2463744580745697,2.8396056793990008,16.21304198157327,2.0107053570950626,14.202336624478207,14.202336624478207
subend_withleak,1337,test,sUbend_022__f14,1.8025926351547241,0.5593370199203491,0.2200101912021637,0.17329387366771698,3.2227307883383394,12.99736083325621,1.2514316074135081,11.745929225842701,11.745929225842701
subend_withleak,1337,test,sUbend_022__f15,1.616708755493164,0.4369078278541565,0.19580955803394318,0.12533226609230042,3.700342846759054,10.454988800353021,0.763553800160949,9.691435000192072,9.691435000192072
subend_withleak,1337,test,sUbend_022__f16,0.8614102602005005,0.38657209277153015,0.1767343431711197,0.09958802908658981,2.228330177754468,2.968110545514776,0.5977519316390421,2.3703586138757338,2.3703586138757338
subend_withleak,1337,test,sUbend_022__f17,1.1374471187591553,0.3058919310569763,0.18105749785900116,0.08324942737817764,3.718460682597381,5.1751437918940155,0.3742794939430638,4.800864297950952,4.800864297950952
subend_withleak,1337,test,sUbend_022__f18,0.8437649607658386,0.27003416419029236,0.18230867385864258,0.07218877226114273,3.1246600343919435,2.8477572360647088,0.2916737993197991,2.5560834367449097,2.5560834367449097
subend_withleak,1337,test,sUbend_022__f19,1.0395619869232178,0.231423482298851,0.19607296586036682,0.06663597375154495,4.492033291508288,4.322756498622994,0.21422731263730643,4.108529185985687,4.108529185985687
subend_withleak,1337,test,sUbend_022__f20,0.9878949522972107,0.2122746706008911,0.20023445785045624,0.061474140733480453,4.65385224483332,3.9037457470972328,0.1802421431148673,3.7235036039823655,3.7235036039823655
subend_withleak,1337,test,sUbend_022__f21,0.8892672061920166,0.18821696937084198,0.19964765012264252,0.05540510267019272,4.72469198268676,3.1631846560342183,0.14170251023657787,3.0214821457976404,3.0214821457976404
subend_withleak,1337,test,sUbend_022__f22,0.664512038230896,0.17297504842281342,0.19254052639007568,0.049495112150907516,3.8416641260685696,1.7663049958151191,0.11968146950749858,1.6466235263076205,1.6466235263076205
subend_withleak,1337,test,sUbend_022__f23,0.5657128095626831,0.16348809003829956,0.1798793375492096,0.043103307485580444,3.4602692430387822,1.2801239316132182,0.10691342233748458,1.1732105092757337,1.1732105092757337
subend_withleak,1337,test,sUbend_022__f24,0.5788345336914062,0.14399580657482147,0.17778754234313965,0.0383966825902462,4.019801322413086,1.3401976695749909,0.0829391692445336,1.2572585003304573,1.2572585003304573
subend_withleak,1337,val,sUbend_016__f00,1.1587414741516113,0.13983136415481567,0.20672965049743652,0.03605708107352257,8.286706499328,5.370727215676197,0.07821124160558668,5.292515974070611,5.292515974070611
subend_withleak,1337,val,sUbend_016__f01,1.1559823751449585,0.14758743345737457,0.24110661447048187,0.043770596385002136,7.8325257649989775,5.345181006583118,0.08712820205813987,5.258052804524978,5.258052804524978
subend_withleak,1337,val,sUbend_016__f02,0.9922317862510681,0.15146535634994507,0.25212082266807556,0.047494448721408844,6.550882724354597,3.9380956705879413,0.09176701669686338,3.846328653891078,3.846328653891078
subend_withleak,1337,val,sUbend_016__f03,1.2627276182174683,0.1668083667755127,0.2598098814487457,0.05330801382660866,7.569929750087544,6.377924151236641,0.11130012490525587,6.266624026331385,6.266624026331385
subend_withleak,1337,val,sUbend_016__f04,1.169952630996704,0.12245456129312515,0.20008227229118347,0.03341587260365486,9.55417763652049,5.47515663510444,0.05998047832596698,5.4151761567784735,5.4151761567784735
subend_withleak,1337,val,sUbend_016__f05,0.8229668736457825,0.08487140387296677,0.15925230085849762,0.02085074782371521,9.696633213203084,2.709097900473253,0.028812620781472953,2.6802852796917804,2.6802852796917804
subend_withleak,1337,val,sUbend_016__f06,1.3478472232818604,0.3139774799346924,0.2662350535392761,0.10799472779035568,4.292814961003617,7.2667685492344845,0.39432743162456063,6.872441117609924,6.872441117609924
subend_withleak,1337,val,sUbend_016__f07,1.679631233215332,1.0604346990585327,0.26016443967819214,0.3413296937942505,1.5839082167968757,11.284644318369828,4.498087003869443,6.786557314500385,6.786557314500385
subend_withleak,1337,val,sUbend_016__f08,2.2427821159362793,1.4609826803207397,0.2925035059452057,0.503126323223114,1.5351188937050955,20.120286478254457,8.537881568788691,11.582404909465765,11.582404909465765
subend_withleak,1337,val,sUbend_016__f09,2.115973711013794,1.6208704710006714,0.26675495505332947,0.5166246294975281,1.305455154419256,17.909378982805947,10.508884335047753,7.400494647758194,7.400494647758194
subend_withleak,1337,val,sUbend_016__f10,2.0858209133148193,1.424275517463684,0.27370503544807434,0.4651392996311188,1.4644785280232855,17.40259552968587,8.11424299858578,9.288352531100088,9.288352531100088
subend_withleak,1337,val,sUbend_016__f11,1.917397141456604,1.2560820579528809,0.2630956470966339,0.3843291401863098,1.5264903509421284,14.705647192263825,6.310968545244577,8.394678647019248,8.394678647019248
subend_withleak,1337,val,sUbend_016__f12,1.484365701675415,0.9907641410827637,0.22781012952327728,0.28022316098213196,1.4982028922173298,8.813366145241389,3.9264543330218658,4.886911812219523,4.886911812219523
subend_withleak,1337,val,sUbend_016__f13,1.0370827913284302,0.7234793305397034,0.1900150179862976,0.17705382406711578,1.433465681120128,4.302162864278273,2.0936893668727095,2.2084734974055635,2.2084734974055635
subend_withleak,1337,val,sUbend_016__f14,0.9650697112083435,0.5014791488647461,0.17301031947135925,0.11734998971223831,1.9244463371868576,3.725438189967022,1.0059253469844407,2.7195128429825814,2.7195128429825814
subend_withleak,1337,val,sUbend_016__f15,0.999134361743927,0.3876854181289673,0.18245305120944977,0.0973774716258049,2.5771780805321787,3.9930778912697775,0.6011999337193288,3.3918779575504487,3.3918779575504487
subend_withleak,1337,val,sUbend_016__f16,1.2623984813690186,0.32781922817230225,0.19383087754249573,0.08784550428390503,3.850898217311097,6.374599703051217,0.42986178543793585,5.944737917613281,5.944737917613281
subend_withleak,1337,val,sUbend_016__f17,0.9849015474319458,0.28463879227638245,0.18303564190864563,0.07274795323610306,3.4601803203114097,3.8801242325353655,0.3240769682742304,3.556047264261135,3.556047264261135
subend_withleak,1337,val,sUbend_016__f18,1.0682189464569092,0.2330220639705658,0.17524555325508118,0.0582464225590229,4.584196570294911,4.564366870278036,0.21719712918840983,4.347169741089626,4.347169741089626
subend_withleak,1337,val,sUbend_016__f19,0.9609593152999878,0.20139645040035248,0.1675817221403122,0.04838113859295845,4.771480894473133,3.6937712226472854,0.16224212093544654,3.531529101711839,3.531529101711839
subend_withleak,1337,val,sUbend_016__f20,0.8969935774803162,0.1802574098110199,0.16807961463928223,0.04254575073719025,4.976181441976313,3.218389912163744,0.1299709351671119,3.088418976996632,3.088418976996632
subend_withleak,1337,val,sUbend_016__f21,0.882031261920929,0.16701100766658783,0.17120897769927979,0.03896208852529526,5.2812762119355074,3.1119165880233055,0.11157070672723624,3.0003458812960693,3.0003458812960693
subend_withleak,1337,val,sUbend_016__f22,0.9883944988250732,0.14924661815166473,0.17661429941654205,0.036142054945230484,6.622558762575542,3.907694741230671,0.08909821211883528,3.8185965291118356,3.8185965291118356
subend_withleak,1337,val,sUbend_016__f23,1.1032251119613647,0.14450791478157043,0.18908041715621948,0.03611912578344345,7.634357700261153,4.868422590648663,0.08353014973807049,4.784892440910593,4.784892440910593
subend_withleak,1337,val,sUbend_016__f24,1.130659580230713,0.13714781403541565,0.19383755326271057,0.034975238144397736,8.244094797885316,5.1135643454699675,0.07523809157877182,5.038326253891196,5.038326253891196
subend_withleak,1337,val,sUbend_019__f00,0.7031840682029724,0.14872324466705322,0.19786527752876282,0.04501776397228241,4.728138293225049,1.9778713350979302,0.0884744140171847,1.8893969210807455,1.8893969210807455
subend_withleak,1337,val,sUbend_019__f01,0.725435733795166,0.14188675582408905,0.21143703162670135,0.045995235443115234,5.112779762859333,2.105028015467724,0.08052740591313867,2.024500609554585,2.024500609554585
subend_withleak,1337,val,sUbend_019__f02,0.6727374792098999,0.15169338881969452,0.23102466762065887,0.05100074037909508,4.434850354681757,1.810302863734762,0.09204353684641209,1.71825932688835,1.71825932688835
subend_withleak,1337,val,sUbend_019__f03,1.4682854413986206,0.17309197783470154,0.2680702805519104,0.06317298859357834,8.482689144616488,8.623448549692569,0.11984333116291523,8.503605218529653,8.503605218529653
subend_withleak,1337,val,sUbend_019__f04,1.4693585634231567,0.26184219121932983,0.2707158625125885,0.08817920088768005,5.611618802075947,8.636058351619852,0.27424533241016036,8.361813019209691,8.361813019209691
subend_withleak,1337,val,sUbend_019__f05,1.4796397686004639,0.4903830289840698,0.27830421924591064,0.16033218801021576,3.017314387216549,8.757335379296137,0.9619020604623643,7.795433318833773,7.795433318833773
subend_withleak,1337,val,sUbend_019__f06,2.0654947757720947,0.9081997871398926,0.2936888039112091,0.2998613715171814,2.274273573964118,17.065074674967263,3.2993074134437848,13.765767261523479,13.765767261523479
subend_withleak,1337,val,sUbend_019__f07,2.276949167251587,1.304381012916565,0.32646602392196655,0.44863244891166687,1.745616614090681,20.73799004099078,6.805639307428976,13.932350733561805,13.932350733561805
subend_withleak,1337,val,sUbend_019__f08,2.197391986846924,1.6370285749435425,0.3154718279838562,0.5304021239280701,1.3423052110881493,19.314126175436286,10.719450220726742,8.594675954709544,8.594675954709544
subend_withleak,1337,val,sUbend_019__f09,2.1517086029052734,1.6188859939575195,0.33823272585868835,0.5444782972335815,1.329129173355326,18.519399647266255,10.483167445727304,8.036232201538951,8.036232201538951
subend_withleak,1337,val,sUbend_019__f10,2.0810420513153076,1.610708236694336,0.3076867163181305,0.5116552114486694,1.2920043518162172,17.322944077370494,10.377524095019908,6.945419982350586,6.945419982350586
subend_withleak,1337,val,sUbend_019__f11,2.1035704612731934,1.3670549392700195,0.3100115954875946,0.43741145730018616,1.5387607336369806,17.700034742164462,7.475356827930227,10.224677914234235,10.224677914234235
subend_withleak,1337,val,sUbend_019__f12,2.235825300216675,1.0797072649002075,0.3177153766155243,0.3585837483406067,2.070769895600658,19.995659092355936,4.663071111513148,15.332587980842789,15.332587980842789
subend_withleak,1337,val,sUbend_019__f13,1.8186330795288086,0.8902775049209595,0.25390735268592834,0.2651892900466919,2.042771011820938,13.229705111825751,3.170376143073156,10.059328968752595,10.059328968752595
subend_withleak,1337,val,sUbend_019__f14,1.6619508266448975,0.6385231018066406,0.21030615270137787,0.17810563743114471,2.602804537443618,11.048322200742632,1.6308470061630942,9.417475194579538,9.417475194579538
subend_withleak,1337,val,sUbend_019__f15,1.4420102834701538,0.46108174324035645,0.18864256143569946,0.12794095277786255,3.1274504024733223,8.317574630534693,0.850385495798264,7.467189134736429,7.467189134736429
subend_withleak,1337,val,sUbend_019__f16,0.6298588514328003,0.3921951949596405,0.17837092280387878,0.10447657853364944,1.6059830908882424,1.5868886909129856,0.6152682837977217,0.9716204071152639,0.9716204071152639
subend_withleak,1337,val,sUbend_019__f17,0.9457147121429443,0.33920252323150635,0.18220381438732147,0.08883146196603775,2.7880532937471467,3.5775052670544483,0.4602334070664824,3.117271859987966,3.117271859987966
subend_withleak,1337,val,sUbend_019__f18,0.8423780202865601,0.28168585896492004,0.19257916510105133,0.07995810359716415,2.9904874294434007,2.8384029162476168,0.3173876925632193,2.5210152236843975,2.5210152236843975
subend_withleak,1337,val,sUbend_019__f19,0.755526065826416,0.2600327134132385,0.19591481983661652,0.0731925219297409,2.9055039110627203,2.2832785445725676,0.27046804818020576,2.012810496392362,2.012810496392362
subend_withleak,1337,val,sUbend_019__f20,0.7975279688835144,0.22523963451385498,0.19612273573875427,0.06513869017362595,3.540797651376302,2.5442034446058557,0.2029315718237399,2.341271872782116,2.341271872782116
subend_withleak,1337,val,sUbend_019__f21,0.7074334025382996,0.19946731626987457,0.18860720098018646,0.05795609951019287,3.5466131282438216,2.001848076107663,0.15914884103962468,1.8426992350680385,1.8426992350680385
subend_withleak,1337,val,sUbend_019__f22,0.7740890979766846,0.17648626863956451,0.1890263706445694,0.05229571461677551,4.386115157534415,2.3968557264254287,0.12458961207326613,2.2722661143521625,2.2722661143521625
subend_withleak,1337,val,sUbend_019__f23,0.6862615346908569,0.17449679970741272,0.1846737265586853,0.04869947209954262,3.932802984590807,1.883819575985001,0.12179653243251565,1.7620230435524853,1.7620230435524853
subend_withleak,1337,val,sUbend_019__f24,0.7180147767066956,0.15677359700202942,0.1914268583059311,0.0465613417327404,4.579947072958981,2.0621808782766635,0.09831184286781891,1.9638690354088446,1.9638690354088446
subend_withleak,1337,val,sUbend_023__f00,0.6679586172103882,0.11081650853157043,0.17317132651805878,0.03198875114321709,6.027609298122706,1.7846748572224556,0.04912119425251049,1.735553662969945,1.735553662969945
subend_withleak,1337,val,sUbend_023__f01,0.6336972713470459,0.10386040061712265,0.16538000106811523,0.028834430500864983,6.101432957909977,1.606288926850766,0.043147931265396844,1.5631409955853692,1.5631409955853692
subend_withleak,1337,val,sUbend_023__f02,0.6525623798370361,0.10179544240236282,0.16277465224266052,0.026870548725128174,6.4105264875973385,1.7033506383143049,0.04144924837557107,1.6619013899387338,1.6619013899387338
subend_withleak,1337,val,sUbend_023__f03,0.6612088680267334,0.09641176462173462,0.1617281287908554,0.02536691352725029,6.85817618442048,1.7487886686287766,0.037180913429907037,1.7116077551988695,1.7116077551988695
subend_withleak,1337,val,sUbend_023__f04,1.2396150827407837,0.10224653780460358,0.23219168186187744,0.035566747188568115,12.123785404936918,6.14658221343376,0.041817417972112914,6.104764795461647,6.104764795461647
subend_withleak,1337,val,sUbend_023__f05,1.4973514080047607,0.26425179839134216,0.24271106719970703,0.07765001058578491,5.666381145256264,8.968244956215358,0.2793160518122342,8.688928904403124,8.688928904403124
subend_withleak,1337,val,sUbend_023__f06,1.4783002138137817,0.37265029549598694,0.24543720483779907,0.10674731433391571,3.9669905852246976,8.741486088647491,0.5554729709329855,8.186013117714506,8.186013117714506
subend_withleak,1337,val,sUbend_023__f07,1.5291944742202759,0.8645905256271362,0.2519589364528656,0.25214359164237976,1.7686921483566627,9.353742959943304,2.990067108016831,6.363675851926473,6.363675851926473
subend_withleak,1337,val,sUbend_023__f08,2.174511671066284,1.563048243522644,0.28681644797325134,0.4973137378692627,1.3911993312283082,18.914004030413935,9.772479246316891,9.141524784097044,9.141524784097044
subend_withleak,1337,val,sUbend_023__f09,1.980344295501709,1.822366714477539,0.2689861059188843,0.5369448661804199,1.0866881400813233,15.68705411490464,13.284081768142642,2.402972346761999,2.402972346761999
subend_withleak,1337,val,sUbend_023__f10,1.8236535787582397,1.5853747129440308,0.2786586582660675,0.4729996919631958,1.1502981370074503,13.302849501270941,10.053651921769472,3.2491975795014696,3.2491975795014696
subend_withleak,1337,val,sUbend_023__f11,1.8522142171859741,1.3955347537994385,0.2680107057094574,0.41334015130996704,1.3272433467838725,13.722790025383404,7.7900689962482375,5.932721029135166,5.932721029135166
subend_withleak,1337,val,sUbend_023__f12,1.6616265773773193,1.1601338386535645,0.25523313879966736,0.3330318033695221,1.4322714518057507,11.044011530586658,5.383642094356219,5.6603694362304395,5.6603694362304395
subend_withleak,1337,val,sUbend_023__f13,1.8198888301849365,0.9522798657417297,0.2257135808467865,0.25010010600090027,1.911086116230576,13.247981416927587,3.6273477707883472,9.62063364613924,9.62063364613924
subend_withleak,1337,val,sUbend_023__f14,1.5910513401031494,0.7095852494239807,0.19977113604545593,0.17394037544727325,2.2422271903125317,10.12577746737611,2.0140449048003717,8.111732562575739,8.111732562575739
subend_withleak,1337,val,sUbend_023__f15,0.8883889317512512,0.5211384892463684,0.17499861121177673,0.12329576164484024,1.704707961670559,3.156939576232517,1.086341299895949,2.0705982763365682,2.0705982763365682
subend_withleak,1337,val,sUbend_023__f16,0.5731177926063538,0.43774843215942383,0.16650687158107758,0.09760218113660812,1.3092400806078266,1.313856016807918,0.7664947594321347,0.5473612573757833,0.5473612573757833
subend_withleak,1337,val,sUbend_023__f17,0.5166993737220764,0.38649940490722656,0.16150936484336853,0.08201386779546738,1.336869778224115,1.067912971219144,0.5975271599745611,0.4703858112445829,0.4703858112445829
subend_withleak,1337,val,sUbend_023__f18,0.46791520714759827,0.3461501896381378,0.1555139571428299,0.0692809671163559,1.3517693219719233,0.8757785643199192,0.4792798151460751,0.3964987491738441,0.3964987491738441
subend_withleak,1337,val,sUbend_023__f19,0.4458938539028168,0.2882310450077057,0.15795333683490753,0.06032847240567207,1.5470014824076153,0.795285315793226,0.33230854122493625,0.4629767745682898,0.4629767745682898
subend_withleak,1337,val,sUbend_023__f20,0.5048460960388184,0.22687876224517822,0.16131706535816193,0.05285300686955452,2.2251800523014698,1.0194783227425432,0.20589589103161643,0.8135824317109268,0.8135824317109268
subend_withleak,1337,val,sUbend_023__f21,0.5631566047668457,0.18721087276935577,0.1641954630613327,0.04703010246157646,3.0081404804979246,1.268581445970085,0.14019164353225566,1.1283898024378294,1.1283898024378294
subend_withleak,1337,val,sUbend_023__f22,0.5898505449295044,0.1636490821838379,0.1648935228586197,0.0429171547293663,3.604362071929533,1.3916946614145331,0.10712408839845011,1.284570573016083,1.284570573016083
subend_withleak,1337,val,sUbend_023__f23,0.8940693140029907,0.13409310579299927,0.17333906888961792,0.038356877863407135,6.667526333405787,3.1974397529671137,0.07192384408484997,3.1255159088822637,3.1255159088822637
subend_withleak,1337,val,sUbend_023__f24,0.6751933693885803,0.12464030086994171,0.17308349907398224,0.03552336245775223,5.417135265848914,1.8235443442652155,0.06214081840379837,1.7614035258614171,1.7614035258614171
subend_withleak,2026,test,sUbend_012__f00,1.845644235610962,0.48265302181243896,0.2367202788591385,0.10553682595491409,3.8239566566480283,13.625610577775888,0.9318157578587147,12.693794819917173,12.693794819917173
subend_withleak,2026,test,sUbend_012__f01,1.6590806245803833,0.45587942004203796,0.20883387327194214,0.09230007976293564,3.639297041369831,11.010194075432139,0.8313041824714595,10.17888989296068,10.17888989296068
subend_withleak,2026,test,sUbend_012__f02,1.786824107170105,0.38823622465133667,0.18735775351524353,0.07528668642044067,4.60241469938772,12.770961559856971,0.6029094645260926,12.168052095330879,12.168052095330879
subend_withleak,2026,test,sUbend_012__f03,1.6324419975280762,0.33899757266044617,0.16418348252773285,0.06108138710260391,4.815497599928825,10.659467501173822,0.4596774170786979,10.199790084095124,10.199790084095124
subend_withleak,2026,test,sUbend_012__f04,1.5616692304611206,0.2649005949497223,0.15314950048923492,0.05264614149928093,5.8953028427796585,9.755243141476114,0.28068930081886734,9.474553840657247,9.474553840657247
subend_withleak,2026,test,sUbend_012__f05,1.451662540435791,0.25847500562667847,0.19726906716823578,0.06178370490670204,5.616258859986104,8.429296525217978,0.26723731413484586,8.162059211083132,8.162059211083132
subend_withleak,2026,test,sUbend_012__f06,1.7568646669387817,1.2772669792175293,0.23063606023788452,0.2524249851703644,1.3754874239487975,12.346293831751666,6.52564374479789,5.820650086953776,5.820650086953776
subend_withleak,2026,test,sUbend_012__f07,2.20501971244812,2.64764404296875,0.2684084475040436,0.5706283450126648,0.8328233239297816,19.44844772913916,28.040075913071632,8.591628183932471,-8.591628183932471
subend_withleak,2026,test,sUbend_012__f08,2.1438636779785156,3.358830213546753,0.2775086760520935,0.7576717734336853,0.6382768826277483,18.384605879022274,45.1269616137381,26.74235573471583,-26.74235573471583
subend_withleak,2026,test,sUbend_012__f09,2.140223503112793,3.3379228115081787,0.2817445397377014,0.7887685894966125,0.6411842406103371,18.32222657310558,44.56691478234666,26.244688209241076,-26.244688209241076
subend_withleak,2026,test,sUbend_012__f10,2.1007418632507324,2.945417642593384,0.2688928246498108,0.7438451647758484,0.7132237659176474,17.652465504056636,34.701940357201465,17.04947485314483,-17.04947485314483
subend_withleak,2026,test,sUbend_012__f11,2.014124631881714,2.3651576042175293,0.2606809139251709,0.6251805424690247,0.8515815725303648,16.226792131010598,22.375881971152012,6.149089840141414,-6.149089840141414
subend_withleak,2026,test,sUbend_012__f12,2.0772180557250977,1.880467176437378,0.24270214140415192,0.4930272400379181,1.1046287229859935,17.25933940412142,14.144627206633459,3.114712197487961,3.114712197487961
subend_withleak,2026,test,sUbend_012__f13,1.931654930114746,1.5041799545288086,0.22226004302501678,0.3845941126346588,1.2841913790294102,14.925163076146418,9.050229342425155,5.874933733721264,5.874933733721264
subend_withleak,2026,test,sUbend_012__f14,1.358932375907898,1.0965973138809204,0.2012087106704712,0.2873152196407318,1.2392264313493153,7.386788809162738,4.8101026752433995,2.5766861339193383,2.5766861339193383
subend_withleak,2026,test,sUbend_012__f15,1.0445556640625,0.7118344902992249,0.18945620954036713,0.20995444059371948,1.4674136731186114,4.364386141300201,2.026833366318229,2.3375527749819724,2.3375527749819724
subend_withleak,2026,test,sUbend_012__f16,0.8411749005317688,0.5640744566917419,0.17969760298728943,0.16667626798152924,1.4912479913825596,2.8303008531385245,1.2727199707683354,1.557580882370189,1.557580882370189
subend_withleak,2026,test,sUbend_012__f17,0.6114872694015503,0.5132749080657959,0.18194051086902618,0.14551451802253723,1.1913445597912702,1.4956667225606566,1.053804524999805,0.44186219756085165,0.44186219756085165
subend_withleak,2026,test,sUbend_012__f18,1.57144296169281,0.5176658630371094,0.20554153621196747,0.13992194831371307,3.0356318117506613,9.877731927415482,1.0719117830158211,8.80582014439966,8.80582014439966
subend_withleak,2026,test,sUbend_012__f19,1.9582717418670654,0.5698524117469788,0.2216455489397049,0.13915123045444489,3.4364542493795067,15.339312859980282,1.2989270846953929,14.04038577528489,14.04038577528489
subend_withleak,2026,test,sUbend_012__f20,2.0697131156921387,0.5585685968399048,0.2381201535463333,0.134679913520813,3.7053875341390765,17.13484952507224,1.2479955095028004,15.88685401556944,15.88685401556944
subend_withleak,2026,test,sUbend_012__f21,2.02028489112854,0.5518748164176941,0.24185621738433838,0.12942193448543549,3.6607665923995696,16.326204165289028,1.2182632519842542,15.107940913304773,15.107940913304773
subend_withleak,2026,test,sUbend_012__f22,1.9643137454986572,0.5466099381446838,0.24345511198043823,0.12475831806659698,3.5936297685438663,15.434113963019854,1.1951296979141404,14.238984265105714,14.238984265105714
subend_withleak,2026,test,sUbend_012__f23,1.9750829935073853,0.5331071615219116,0.24374601244926453,0.11906066536903381,3.704851737254717,15.603811324968376,1.1368129826637983,14.466998342304578,14.466998342304578
subend_withleak,2026,test,sUbend_012__f24,1.823203444480896,0.5210325717926025,0.2386816442012787,0.11320210993289948,3.499212032384462,13.296283199868014,1.085899763475254,12.21038343639276,12.21038343639276
subend_withleak,2026,test,sUbend_021__f00,1.9491972923278809,0.28423604369163513,0.24710515141487122,0.07498495280742645,6.857671064555577,15.197480337673369,0.32316051413389246,14.874319823539476,14.874319823539476
subend_withleak,2026,test,sUbend_021__f01,1.9197708368301392,0.2860671281814575,0.23843073844909668,0.07170616090297699,6.710910299390966,14.742080263773971,0.3273376073039458,14.414742656470025,14.414742656470025
subend_withleak,2026,test,sUbend_021__f02,1.9033805131912231,0.27683666348457336,0.217491015791893,0.0635092481970787,6.87546399827669,14.491429511984336,0.30655415299708366,14.184875358987252,14.184875358987252
subend_withleak,2026,test,sUbend_021__f03,1.8067413568496704,0.27063122391700745,0.2134273797273636,0.05930048227310181,6.676026996070974,13.057257322203952,0.2929650374352697,12.764292284768683,12.764292284768683
subend_withleak,2026,test,sUbend_021__f04,1.4854247570037842,0.22834274172782898,0.1645907163619995,0.039422787725925446,6.505241838491728,8.825946834879005,0.20856163079912804,8.617385204079877,8.617385204079877
subend_withleak,2026,test,sUbend_021__f05,1.123898983001709,0.1853945553302765,0.15372951328754425,0.0305553637444973,6.06220059159508,5.052595695969103,0.1374845645844438,4.915111131384659,4.915111131384659
subend_withleak,2026,test,sUbend_021__f06,1.6525641679763794,0.7181300520896912,0.24947866797447205,0.19818057119846344,2.301204584277698,10.923873317117852,2.06284308685737,8.861030230260482,8.861030230260482
subend_withleak,2026,test,sUbend_021__f07,2.226867437362671,1.7748973369598389,0.27958136796951294,0.5199140906333923,1.2546457707672243,19.835754334344756,12.601042226988511,7.234712107356245,7.234712107356245
subend_withleak,2026,test,sUbend_021__f08,2.098895788192749,2.3739774227142334,0.2854002118110657,0.6764387488365173,0.8841262634220943,17.621454118773045,22.543075214227656,4.921621095454611,-4.921621095454611
subend_withleak,2026,test,sUbend_021__f09,2.1997087001800537,2.2838501930236816,0.3023827373981476,0.6834629774093628,0.9631580507773018,19.354873462591286,20.86388681669723,1.5090133541059458,-1.5090133541059458
subend_withleak,2026,test,sUbend_021__f10,2.1940202713012695,2.1059648990631104,0.3017796576023102,0.6278491616249084,1.0418123646207649,19.254899803523585,17.740352624343586,1.5145471791799991,1.5145471791799991
subend_withleak,2026,test,sUbend_021__f11,2.0948455333709717,1.8058662414550781,0.29179829359054565,0.5286971926689148,1.1600225339408572,17.553511234737243,13.044611528108362,4.508899706628881,4.508899706628881
subend_withleak,2026,test,sUbend_021__f12,1.915952444076538,1.4528396129608154,0.27320003509521484,0.4208817481994629,1.3187639068926003,14.68349507185144,8.442971763952528,6.240523307898911,6.240523307898911
subend_withleak,2026,test,sUbend_021__f13,1.8691463470458984,1.151943325996399,0.2408345341682434,0.3210694491863251,1.6226026965598666,13.974832266700105,5.307893705230583,8.666938561469522,8.666938561469522
subend_withleak,2026,test,sUbend_021__f14,1.5806792974472046,0.8249955773353577,0.21844758093357086,0.232591912150383,1.915985177220731,9.994188165512753,2.7224708104916004,7.271717355021153,7.271717355021153
subend_withleak,2026,test,sUbend_021__f15,1.5089532136917114,0.5994604229927063,0.19927865266799927,0.17230843007564545,2.5171857153780293,9.107759204442175,1.4374111949383774,7.6703480095037975,7.6703480095037975
subend_withleak,2026,test,sUbend_021__f16,0.8810830116271973,0.49976885318756104,0.18635983765125275,0.13719043135643005,1.7629810381491116,3.1052290935122073,0.9990756264656397,2.1061534670465676,2.1061534670465676
subend_withleak,2026,test,sUbend_021__f17,0.47609254717826843,0.4746529161930084,0.17274343967437744,0.11529845744371414,1.0030330183090557,0.906656453914767,0.9011815634021083,0.005474890512658703,0.005474890512658703
subend_withleak,2026,test,sUbend_021__f18,0.45180025696754456,0.43479782342910767,0.17252002656459808,0.10288877040147781,1.0391042287294454,0.8164938887837572,0.756196589034758,0.06029729974899922,0.06029729974899922
subend_withleak,2026,test,sUbend_021__f19,0.49226242303848267,0.40467509627342224,0.17792409658432007,0.09455490112304688,1.2164386382350578,0.9692891725428723,0.6550477341756142,0.31424143836725804,0.31424143836725804
subend_withleak,2026,test,sUbend_021__f20,0.604082465171814,0.38497668504714966,0.19035179913043976,0.09208906441926956,1.5691403885869855,1.4596624989122233,0.592828192119569,0.8668343067926543,0.8668343067926543
subend_withleak,2026,test,sUbend_021__f21,1.071833848953247,0.35445716977119446,0.21188125014305115,0.09224628657102585,3.0238740822907495,4.595311199047728,0.5025595408088215,4.092751658238907,4.092751658238907
subend_withleak,2026,test,sUbend_021__f22,1.634268879890442,0.3197004497051239,0.23322777450084686,0.08841510862112045,5.111875449026774,10.683339087113438,0.40883351016663383,10.274505576946805,10.274505576946805
subend_withleak,2026,test,sUbend_021__f23,1.9190768003463745,0.30677521228790283,0.2561352252960205,0.08725284785032272,6.255644926570392,14.731423062510714,0.3764441234971514,14.354978939013563,14.354978939013563
subend_withleak,2026,test,sUbend_021__f24,1.9689362049102783,0.2920149862766266,0.2581299841403961,0.08156520873308182,6.74258615975654,15.506839116025958,0.34109100884055366,15.165748107185404,15.165748107185404
subend_withleak,2026,test,sUbend_022__f00,0.4646375775337219,0.13690918684005737,0.16004587709903717,0.03389902412891388,3.3937647886005604,0.8635523138256218,0.07497650176482296,0.7885758120607989,0.7885758120607989
subend_withleak,2026,test,sUbend_022__f01,0.5824141502380371,0.11378740519285202,0.16439250111579895,0.03092322312295437,5.118441265541959,1.3568249695899794,0.05179029432208915,1.3050346752678903,1.3050346752678903
subend_withleak,2026,test,sUbend_022__f02,0.6388466954231262,0.10572563111782074,0.1655890792608261,0.02841157652437687,6.0424959271342145,1.6325004010121944,0.04471163630104602,1.5877887647111484,1.5877887647111484
subend_withleak,2026,test,sUbend_022__f03,0.6126141548156738,0.1010335236787796,0.16816824674606323,0.02708689123392105,6.063474107499065,1.5011844107220895,0.040831091627802074,1.4603533190942874,1.4603533190942874
subend_withleak,2026,test,sUbend_022__f04,1.669925332069397,0.14884856343269348,0.2681511640548706,0.05713614076375961,11.218954980539706,11.154602458748343,0.0886235793439063,11.065978879404437,11.065978879404437
subend_withleak,2026,test,sUbend_022__f05,1.7295069694519043,0.4543622136116028,0.2712920606136322,0.16181135177612305,3.8064498271203484,11.964777429530841,0.825780084632143,11.138997344898698,11.138997344898698
subend_withleak,2026,test,sUbend_022__f06,1.8953828811645508,0.77876877784729,0.28612780570983887,0.2856981158256531,2.4338198128639146,14.369905064846535,2.425923237399047,11.943981827447487,11.943981827447487
subend_withleak,2026,test,sUbend_022__f07,2.2479000091552734,1.1009187698364258,0.314471036195755,0.42569229006767273,2.041840025571792,20.212217804641114,4.848088551112596,15.364129253528517,15.364129253528517
subend_withleak,2026,test,sUbend_022__f08,2.1888413429260254,1.4119216203689575,0.3310716450214386,0.5578948855400085,1.5502569769801007,19.164105698008825,7.97409064826121,11.190015049747615,11.190015049747615
subend_withleak,2026,test,sUbend_022__f09,2.2541708946228027,1.4451364278793335,0.33806976675987244,0.5705522894859314,1.5598325882150015,20.325145688658267,8.35367718073536,11.971468507922907,11.971468507922907
subend_withleak,2026,test,sUbend_022__f10,2.104356527328491,1.3665584325790405,0.3184511661529541,0.5101863145828247,1.5398950218008896,17.713265576440108,7.469927798611536,10.243337777828572,10.243337777828572
subend_withleak,2026,test,sUbend_022__f11,1.969492793083191,1.1047513484954834,0.32758790254592896,0.4291037619113922,1.782747580046283,15.515607448026515,4.881902168010356,10.633705280016159,10.633705280016159
subend_withleak,2026,test,sUbend_022__f12,1.9365756511688232,0.9273004531860352,0.27996695041656494,0.332093745470047,2.088401493297132,15.001301010799807,3.4395445219161047,11.561756488883702,11.561756488883702
subend_withleak,2026,test,sUbend_022__f13,1.960385799407959,0.7089967131614685,0.25972849130630493,0.2463744580745697,2.7650139457860874,15.37244993008153,2.0107053570950626,13.361744572986467,13.361744572986467
subend_withleak,2026,test,sUbend_022__f14,1.8210595846176147,0.5593370199203491,0.21649660170078278,0.17329387366771698,3.2557465709617035,13.265032042910718,1.2514316074135081,12.01360043549721,12.01360043549721
subend_withleak,2026,test,sUbend_022__f15,1.6254348754882812,0.4369078278541565,0.19232513010501862,0.12533226609230042,3.720315297328262,10.568154137814417,0.763553800160949,9.804600337653469,9.804600337653469
subend_withleak,2026,test,sUbend_022__f16,0.8420206904411316,0.38657209277153015,0.17268379032611847,0.09958802908658981,2.178172470765442,2.83599537252384,0.5977519316390421,2.2382434408847978,2.2382434408847978
subend_withleak,2026,test,sUbend_022__f17,1.1179503202438354,0.3058919310569763,0.1751725822687149,0.08324942737817764,3.654723144807644,4.999251674133177,0.3742794939430638,4.624972180190113,4.624972180190113
subend_withleak,2026,test,sUbend_022__f18,0.7810104489326477,0.27003416419029236,0.1751141995191574,0.07218877226114273,2.892265322332591,2.4399092853679036,0.2916737993197991,2.1482354860481045,2.1482354860481045
subend_withleak,2026,test,sUbend_022__f19,0.9374751448631287,0.231423482298851,0.18685495853424072,0.06663597375154495,4.0509076069148025,3.5154385889445763,0.21422731263730643,3.30121127630727,3.30121127630727
subend_withleak,2026,test,sUbend_022__f20,0.9696437120437622,0.2122746706008911,0.19072146713733673,0.061474140733480453,4.567872885158498,3.7608357132240258,0.1802421431148673,3.5805935701091585,3.5805935701091585
subend_withleak,2026,test,sUbend_022__f21,0.8726657032966614,0.18821696937084198,0.19010746479034424,0.05540510267019272,4.6364879118697155,3.0461817188410265,0.14170251023657787,2.9044792086044486,2.9044792086044486
subend_withleak,2026,test,sUbend_022__f22,0.6557764410972595,0.17297504842281342,0.18377554416656494,0.049495112150907516,3.7911620610985772,1.72017096279275,0.11968146950749858,1.6004894932852514,1.6004894932852514
subend_withleak,2026,test,sUbend_022__f23,0.5083715915679932,0.16348809003829956,0.17253367602825165,0.043103307485580444,3.1095328806453084,1.0337667004534978,0.10691342233748458,0.9268532781160133,0.9268532781160133
subend_withleak,2026,test,sUbend_022__f24,0.49053823947906494,0.14399580657482147,0.17047429084777832,0.0383966825902462,3.406614755994141,0.9625110575648819,0.0829391692445336,0.8795718883203483,0.8795718883203483
subend_withleak,2026,val,sUbend_016__f00,1.1356405019760132,0.13983136415481567,0.19636093080043793,0.03605708107352257,8.121500557762403,5.158717398913325,0.07821124160558668,5.080506157307738,5.080506157307738
subend_withleak,2026,val,sUbend_016__f01,1.1488741636276245,0.14758743345737457,0.23141691088676453,0.043770596385002136,7.784363049848931,5.279647375404295,0.08712820205813987,5.192519173346155,5.192519173346155
subend_withleak,2026,val,sUbend_016__f02,0.9824315309524536,0.15146535634994507,0.24268126487731934,0.047494448721408844,6.486179774882958,3.8606868520383273,0.09176701669686338,3.768919835341464,3.768919835341464
subend_withleak,2026,val,sUbend_016__f03,1.2617781162261963,0.1668083667755127,0.25051388144493103,0.05330801382660866,7.564237577628655,6.368336058349314,0.11130012490525587,6.257035933444058,6.257035933444058
subend_withleak,2026,val,sUbend_016__f04,1.133015751838684,0.12245456129312515,0.19613753259181976,0.03341587260365486,9.252540206538585,5.134898775658314,0.05998047832596698,5.0749182973323474,5.0749182973323474
subend_withleak,2026,val,sUbend_016__f05,0.7459529042243958,0.08487140387296677,0.15629425644874573,0.02085074782371521,8.789213683102473,2.225782941283242,0.028812620781472953,2.1969703205017694,2.1969703205017694
subend_withleak,2026,val,sUbend_016__f06,1.3748701810836792,0.3139774799346924,0.2582492530345917,0.10799472779035568,4.37888150885743,7.561072059332275,0.39432743162456063,7.166744627707715,7.166744627707715
subend_withleak,2026,val,sUbend_016__f07,1.405016541481018,1.0604346990585327,0.2529469132423401,0.3413296937942505,1.3249439524455484,7.896285927341125,4.498087003869443,3.398198923471682,3.398198923471682
subend_withleak,2026,val,sUbend_016__f08,2.191087245941162,1.4609826803207397,0.2835010290145874,0.503126323223114,1.4997352641169828,19.203453277304106,8.537881568788691,10.665571708515415,10.665571708515415
subend_withleak,2026,val,sUbend_016__f09,1.9562405347824097,1.6208704710006714,0.25873225927352905,0.5166246294975281,1.2069073808067414,15.307508119703073,10.508884335047753,4.7986237846553195,4.7986237846553195
subend_withleak,2026,val,sUbend_016__f10,1.8555755615234375,1.424275517463684,0.2658802270889282,0.4651392996311188,1.302820654270462,13.772642658092082,8.11424299858578,5.658399659506301,5.658399659506301
subend_withleak,2026,val,sUbend_016__f11,1.6784255504608154,1.2560820579528809,0.2569124400615692,0.3843291401863098,1.336238775033739,11.268449313758765,6.310968545244577,4.957480768514188,4.957480768514188
subend_withleak,2026,val,sUbend_016__f12,1.3176177740097046,0.9907641410827637,0.2204941362142563,0.28022316098213196,1.3299005478435428,6.944466393545156,3.9264543330218658,3.01801206052329,3.01801206052329
subend_withleak,2026,val,sUbend_016__f13,0.987454354763031,0.7234793305397034,0.18757566809654236,0.17705382406711578,1.3648687848848517,3.9002644109618956,2.0936893668727095,1.8065750440891861,1.8065750440891861
subend_withleak,2026,val,sUbend_016__f14,0.9161583781242371,0.5014791488647461,0.17137621343135834,0.11734998971223831,1.8269122060174312,3.35738469522893,1.0059253469844407,2.3514593482444894,2.3514593482444894
subend_withleak,2026,val,sUbend_016__f15,0.9356551170349121,0.3876854181289673,0.1778486967086792,0.0973774716258049,2.4134390237077668,3.5018019921344603,0.6011999337193288,2.9006020584151315,2.9006020584151315
subend_withleak,2026,val,sUbend_016__f16,1.2739334106445312,0.32781922817230225,0.18738526105880737,0.08784550428390503,3.886085077276035,6.4916253390256315,0.42986178543793585,6.061763553587696,6.061763553587696
subend_withleak,2026,val,sUbend_016__f17,0.9553447365760803,0.28463879227638245,0.17713093757629395,0.07274795323610306,3.356340606056418,3.650734262814481,0.3240769682742304,3.326657294540251,3.326657294540251
subend_withleak,2026,val,sUbend_016__f18,1.0838731527328491,0.2330220639705658,0.16909746825695038,0.0582464225590229,4.651375643423013,4.699124044860184,0.21719712918840983,4.4819269156717745,4.4819269156717745
subend_withleak,2026,val,sUbend_016__f19,0.9974431991577148,0.20139645040035248,0.1608714461326599,0.04838113859295845,4.952635447024587,3.979571742183907,0.16224212093544654,3.8173296212484606,3.8173296212484606
subend_withleak,2026,val,sUbend_016__f20,0.8515138030052185,0.1802574098110199,0.15987396240234375,0.04254575073719025,4.723876837562113,2.9003030268336403,0.1299709351671119,2.7703320916665284,2.7703320916665284
subend_withleak,2026,val,sUbend_016__f21,0.8972336649894714,0.16701100766658783,0.1622169464826584,0.03896208852529526,5.3723025657126895,3.2201129983617562,0.11157070672723624,3.10854229163452,3.10854229163452
subend_withleak,2026,val,sUbend_016__f22,0.9254348874092102,0.14924661815166473,0.1668805480003357,0.036142054945230484,6.200709261423809,3.4257189233363903,0.08909821211883528,3.336620711217555,3.336620711217555
subend_withleak,2026,val,sUbend_016__f23,1.0671687126159668,0.14450791478157043,0.1784074604511261,0.03611912578344345,7.384846111917368,4.55539624474568,0.08353014973807049,4.471866095007609,4.471866095007609
subend_withleak,2026,val,sUbend_016__f24,1.1085855960845947,0.13714781403541565,0.1830916851758957,0.034975238144397736,8.083144480876122,4.915848095384945,0.07523809157877182,4.840610003806173,4.840610003806173
subend_withleak,2026,val,sUbend_019__f00,0.6640616059303284,0.14872324466705322,0.18810583651065826,0.04501776397228241,4.465082828289305,1.763911265883067,0.0884744140171847,1.6754368518658822,1.6754368518658822
subend_withleak,2026,val,sUbend_019__f01,0.6905613541603088,0.14188675582408905,0.20142525434494019,0.045995235443115234,4.86698952378942,1.907499935438878,0.08052740591313867,1.8269725295257393,1.8269725295257393
subend_withleak,2026,val,sUbend_019__f02,0.6674442887306213,0.15169338881969452,0.22158095240592957,0.05100074037909508,4.399956345651672,1.7819275142365,0.09204353684641209,1.689883977390088,1.689883977390088
subend_withleak,2026,val,sUbend_019__f03,1.582735538482666,0.17309197783470154,0.2585977613925934,0.06317298859357834,9.143898858178964,10.020207139104059,0.11984333116291523,9.900363807941144,9.900363807941144
subend_withleak,2026,val,sUbend_019__f04,1.6132559776306152,0.26184219121932983,0.2611709237098694,0.08817920088768005,6.16117658547734,10.410379397443648,0.27424533241016036,10.136134065033488,10.136134065033488
subend_withleak,2026,val,sUbend_019__f05,1.6470248699188232,0.4903830289840698,0.2696424722671509,0.16033218801021576,3.358649815698102,10.850763688524466,0.9619020604623643,9.888861628062102,9.888861628062102
subend_withleak,2026,val,sUbend_019__f06,1.8735923767089844,0.9081997871398926,0.2855031490325928,0.2998613715171814,2.0629738117527103,14.041393576248083,3.2993074134437848,10.742086162804299,10.742086162804299
subend_withleak,2026,val,sUbend_019__f07,2.208322525024414,1.304381012916565,0.319076806306839,0.44863244891166687,1.6930041936800793,19.506753498120815,6.805639307428976,12.70111419069184,12.70111419069184
subend_withleak,2026,val,sUbend_019__f08,2.1342060565948486,1.6370285749435425,0.30795374512672424,0.5304021239280701,1.3037072713702953,18.219341968024537,10.719450220726742,7.499891747297795,7.499891747297795
subend_withleak,2026,val,sUbend_019__f09,2.16959285736084,1.6188859939575195,0.3331936001777649,0.5444782972335815,1.3401764333367696,18.828532666844694,10.483167445727304,8.34536522111739,8.34536522111739
subend_withleak,2026,val,sUbend_019__f10,1.9118869304656982,1.610708236694336,0.3015163540840149,0.5116552114486694,1.186985257112407,14.621246539542199,10.377524095019908,4.243722444522291,4.243722444522291
subend_withleak,2026,val,sUbend_019__f11,1.9550966024398804,1.3670549392700195,0.3022199273109436,0.43741145730018616,1.430152180631353,15.289610899487855,7.475356827930227,7.814254071557627,7.814254071557627
subend_withleak,2026,val,sUbend_019__f12,2.157109022140503,1.0797072649002075,0.30739736557006836,0.3585837483406067,1.9978646919078338,18.612477333599827,4.663071111513148,13.94940622208668,13.94940622208668
subend_withleak,2026,val,sUbend_019__f13,1.8179969787597656,0.8902775049209595,0.2449444979429245,0.2651892900466919,2.0420565146382876,13.220452059118543,3.170376143073156,10.050075916045387,10.050075916045387
subend_withleak,2026,val,sUbend_019__f14,1.690692663192749,0.6385231018066406,0.2052614390850067,0.17810563743114471,2.647817531439496,11.433766725495161,1.6308470061630942,9.802919719332067,9.802919719332067
subend_withleak,2026,val,sUbend_019__f15,1.4463622570037842,0.46108174324035645,0.18376746773719788,0.12794095277786255,3.1368890185049305,8.367855113940323,0.850385495798264,7.517469618142059,7.517469618142059
subend_withleak,2026,val,sUbend_019__f16,0.5609583258628845,0.3921951949596405,0.17187683284282684,0.10447657853364944,1.4303039228224377,1.2586969734195605,0.6152682837977217,0.6434286896218389,0.6434286896218389
subend_withleak,2026,val,sUbend_019__f17,0.7044293880462646,0.33920252323150635,0.17404550313949585,0.08883146196603775,2.076722134420829,1.9848830509729396,0.4602334070664824,1.5246496439064572,1.5246496439064572
subend_withleak,2026,val,sUbend_019__f18,0.7914611101150513,0.28168585896492004,0.18312062323093414,0.07995810359716415,2.8097296506943805,2.5056427552981972,0.3173876925632193,2.188255062734978,2.188255062734978
subend_withleak,2026,val,sUbend_019__f19,0.6281029582023621,0.2600327134132385,0.1863585114479065,0.0731925219297409,2.415476691212286,1.5780533044102327,0.27046804818020576,1.307585256230027,1.307585256230027
subend_withleak,2026,val,sUbend_019__f20,0.7279431223869324,0.22523963451385498,0.18673855066299438,0.06513869017362595,3.231860697865566,2.1196047577217456,0.2029315718237399,1.9166731858980057,1.9166731858980057
subend_withleak,2026,val,sUbend_019__f21,0.6446130275726318,0.19946731626987457,0.17997527122497559,0.05795609951019287,3.2316724344979186,1.6621038212654184,0.15914884103962468,1.5029549802257938,1.5029549802257938
subend_withleak,2026,val,sUbend_019__f22,0.7193804383277893,0.17648626863956451,0.18052837252616882,0.05229571461677551,4.0761269637184645,2.070032860194729,0.12458961207326613,1.945443248121463,1.945443248121463
subend_withleak,2026,val,sUbend_019__f23,0.653206467628479,0.17449679970741272,0.17608271539211273,0.04869947209954262,3.743372192061643,1.7067147574067008,0.12179653243251565,1.584918224974185,1.584918224974185
subend_withleak,2026,val,sUbend_019__f24,0.6729998588562012,0.15677359700202942,0.18221062421798706,0.0465613417327404,4.292813788328715,1.8117152400818668,0.09831184286781891,1.7134033972140479,1.7134033972140479
subend_withleak,2026,val,sUbend_023__f00,0.5637884736061096,0.11081650853157043,0.1656859964132309,0.03198875114321709,5.087585605040898,1.2714297718844279,0.04912119425251049,1.2223085776319174,1.2223085776319174
subend_withleak,2026,val,sUbend_023__f01,0.5481050610542297,0.10386040061712265,0.15943634510040283,0.028834430500864983,5.277324733945499,1.2016766318130436,0.043147931265396844,1.1585287005476468,1.1585287005476468
subend_withleak,2026,val,sUbend_023__f02,0.572528600692749,0.10179544240236282,0.15667074918746948,0.026870548725128174,5.624304852762836,1.311155994444789,0.04144924837557107,1.269706746069218,1.269706746069218
subend_withleak,2026,val,sUbend_023__f03,0.5955340266227722,0.09641176462173462,0.15632189810276031,0.02536691352725029,6.176985028324207,1.418643107462131,0.037180913429907037,1.381462194032224,1.381462194032224
subend_withleak,2026,val,sUbend_023__f04,1.1898961067199707,0.10224653780460358,0.2224910408258438,0.035566747188568115,11.63751978569583,5.663410979149376,0.041817417972112914,5.621593561177263,5.621593561177263
subend_withleak,2026,val,sUbend_023__f05,1.5419085025787354,0.26425179839134216,0.2358125001192093,0.07765001058578491,5.8349971957248705,9.509927321298392,0.2793160518122342,9.230611269486158,9.230611269486158
subend_withleak,2026,val,sUbend_023__f06,1.521139144897461,0.37265029549598694,0.23787765204906464,0.10674731433391571,4.081948044272629,9.255457192557515,0.5554729709329855,8.69998422162453,8.69998422162453
subend_withleak,2026,val,sUbend_023__f07,1.5577830076217651,0.8645905256271362,0.24439884722232819,0.25214359164237976,1.80175812878798,9.70675159534045,2.990067108016831,6.716684487323619,6.716684487323619
subend_withleak,2026,val,sUbend_023__f08,2.150071382522583,1.563048243522644,0.2784298062324524,0.4973137378692627,1.3755630329598554,18.491227799770286,9.772479246316891,8.718748553453395,8.718748553453395
subend_withleak,2026,val,sUbend_023__f09,1.7210628986358643,1.822366714477539,0.2615414261817932,0.5369448661804199,0.9444108504414174,11.848230004243533,13.284081768142642,1.4358517638991088,-1.4358517638991088
subend_withleak,2026,val,sUbend_023__f10,1.7705506086349487,1.5853747129440308,0.2731548845767975,0.4729996919631958,1.1168026045697723,12.53939783095035,10.053651921769472,2.485745909180878,2.485745909180878
subend_withleak,2026,val,sUbend_023__f11,1.6845141649246216,1.3955347537994385,0.2632145583629608,0.41334015130996704,1.2070743206777308,11.35035188732678,7.7900689962482375,3.5602828910785433,3.5602828910785433
subend_withleak,2026,val,sUbend_023__f12,1.6525988578796387,1.1601338386535645,0.2488357424736023,0.3330318033695221,1.4244898328262043,10.924331940260345,5.383642094356219,5.540689845904126,5.540689845904126
subend_withleak,2026,val,sUbend_023__f13,1.806274175643921,0.9522798657417297,0.21996380388736725,0.25010010600090027,1.896789211475154,13.050505590392504,3.6273477707883472,9.423157819604157,9.423157819604157
subend_withleak,2026,val,sUbend_023__f14,1.6061400175094604,0.7095852494239807,0.19643650949001312,0.17394037544727325,2.2634912701656003,10.31874302338116,2.0140449048003717,8.304698118580788,8.304698118580788
subend_withleak,2026,val,sUbend_023__f15,0.892447829246521,0.5211384892463684,0.1725894957780838,0.12329576164484024,1.7124964815727053,3.18585251170731,1.086341299895949,2.099511211811361,2.099511211811361
subend_withleak,2026,val,sUbend_023__f16,0.6094649434089661,0.43774843215942383,0.1627596616744995,0.09760218113660812,1.3922721331118433,1.4857900689779768,0.7664947594321347,0.7192953095458421,0.7192953095458421
subend_withleak,2026,val,sUbend_023__f17,0.5358982682228088,0.38649940490722656,0.15633468329906464,0.08201386779546738,1.3865435791587912,1.1487478155368223,0.5975271599745611,0.5512206555622612,0.5512206555622612
subend_withleak,2026,val,sUbend_023__f18,0.464051753282547,0.3461501896381378,0.14994516968727112,0.0692809671163559,1.3406081151296274,0.8613761188984235,0.4792798151460751,0.3820963037523484,0.3820963037523484
subend_withleak,2026,val,sUbend_023__f19,0.4277777671813965,0.2882310450077057,0.15159763395786285,0.06032847240567207,1.4841488264040401,0.7319752723788042,0.33230854122493625,0.39966673115386797,0.39966673115386797
subend_withleak,2026,val,sUbend_023__f20,0.44795289635658264,0.22687876224517822,0.15452940762043,0.05285300686955452,1.9744152864889972,0.8026471894170051,0.20589589103161643,0.5967512983853887,0.5967512983853887
subend_withleak,2026,val,sUbend_023__f21,0.44232189655303955,0.18721087276935577,0.1569148600101471,0.04703010246157646,2.3626934163059063,0.7825946406811113,0.14019164353225566,0.6424029971488556,0.6424029971488556
subend_withleak,2026,val,sUbend_023__f22,0.472133606672287,0.1636490821838379,0.15761254727840424,0.0429171547293663,2.8850366917542987,0.8916405701975272,0.10712408839845011,0.7845164817990771,0.7845164817990771
subend_withleak,2026,val,sUbend_023__f23,0.7188918590545654,0.13409310579299927,0.16559027135372162,0.038356877863407135,5.361139596276674,2.0672220200597167,0.07192384408484997,1.9952981759748667,1.9952981759748667
subend_withleak,2026,val,sUbend_023__f24,0.592917263507843,0.12464030086994171,0.16518789529800415,0.03552336245775223,4.757026895550692,1.4062035254625158,0.06214081840379837,1.3440627070587174,1.3440627070587174
subend_withleak,777,test,sUbend_012__f00,1.9224364757537842,0.48265302181243896,0.24218632280826569,0.10553682595491409,3.9830610995342557,14.78304801323452,0.9318157578587147,13.851232255375805,13.851232255375805
subend_withleak,777,test,sUbend_012__f01,1.725515365600586,0.45587942004203796,0.2111731320619583,0.09230007976293564,3.7850257979214574,11.909613107694895,0.8313041824714595,11.078308925223435,11.078308925223435
subend_withleak,777,test,sUbend_012__f02,1.8344290256500244,0.38823622465133667,0.18711191415786743,0.07528668642044067,4.725033134910247,13.460519400589192,0.6029094645260926,12.857609936063099,12.857609936063099
subend_withleak,777,test,sUbend_012__f03,1.664899468421936,0.33899757266044617,0.16297130286693573,0.06108138710260391,4.911243037393567,11.08756095980658,0.4596774170786979,10.627883542727883,10.627883542727883
subend_withleak,777,test,sUbend_012__f04,1.5921543836593628,0.2649005949497223,0.15278030931949615,0.05264614149928093,6.010384325341176,10.139822325622902,0.28068930081886734,9.859133024804034,9.859133024804034
subend_withleak,777,test,sUbend_012__f05,1.4748144149780273,0.25847500562667847,0.19796183705329895,0.06178370490670204,5.705829897952054,8.700310234507924,0.26723731413484586,8.433072920373078,8.433072920373078
subend_withleak,777,test,sUbend_012__f06,1.7061864137649536,1.2772669792175293,0.2344820648431778,0.2524249851703644,1.3358103211986159,11.644288314064454,6.52564374479789,5.118644569266564,5.118644569266564
subend_withleak,777,test,sUbend_012__f07,2.0418994426727295,2.64764404296875,0.27175024151802063,0.5706283450126648,0.7712137317307914,16.677413335948813,28.040075913071632,11.36266257712282,-11.36266257712282
subend_withleak,777,test,sUbend_012__f08,1.95657217502594,3.358830213546753,0.2821832597255707,0.7576717734336853,0.5825159506826931,15.31269870434295,45.1269616137381,29.814262909395154,-29.814262909395154
subend_withleak,777,test,sUbend_012__f09,1.9528977870941162,3.3379228115081787,0.28715458512306213,0.7887685894966125,0.5850637948729963,15.255239067348384,44.56691478234666,29.311675714998273,-29.311675714998273
subend_withleak,777,test,sUbend_012__f10,1.8999820947647095,2.945417642593384,0.2728627026081085,0.7438451647758484,0.645063731298836,14.439727841705974,34.701940357201465,20.26221251549549,-20.26221251549549
subend_withleak,777,test,sUbend_012__f11,1.886138677597046,2.3651576042175293,0.2646353542804718,0.6251805424690247,0.7974684960671116,14.230076444510132,22.375881971152012,8.14580552664188,-8.14580552664188
subend_withleak,777,test,sUbend_012__f12,1.8370763063430786,1.880467176437378,0.24588660895824432,0.4930272400379181,0.9769254839233593,13.499397421308515,14.144627206633459,0.6452297853249434,-0.6452297853249434
subend_withleak,777,test,sUbend_012__f13,1.6933283805847168,1.5041799545288086,0.2253628671169281,0.3845941126346588,1.1257485352642929,11.469444017974638,9.050229342425155,2.419214675549483,2.419214675549483
subend_withleak,777,test,sUbend_012__f14,1.4256656169891357,1.0965973138809204,0.2029716670513153,0.2873152196407318,1.3000812594949953,8.130089805860052,4.8101026752433995,3.319987130616653,3.319987130616653
subend_withleak,777,test,sUbend_012__f15,1.0270452499389648,0.7118344902992249,0.1894490271806717,0.20995444059371948,1.4428146766353493,4.219287781688763,2.026833366318229,2.192454415370534,2.192454415370534
subend_withleak,777,test,sUbend_012__f16,0.844177782535553,0.5640744566917419,0.17944113910198212,0.16667626798152924,1.496571547463074,2.8505445141065735,1.2727199707683354,1.577824543338238,1.577824543338238
subend_withleak,777,test,sUbend_012__f17,0.6434725522994995,0.5132749080657959,0.18224778771400452,0.14551451802253723,1.2536606449832801,1.6562277022513285,1.053804524999805,0.6024231772515236,0.6024231772515236
subend_withleak,777,test,sUbend_012__f18,1.7043932676315308,0.5176658630371094,0.20760387182235718,0.13992194831371307,3.292458300479724,11.619825642990747,1.0719117830158211,10.547913859974926,10.547913859974926
subend_withleak,777,test,sUbend_012__f19,1.9392586946487427,0.5698524117469788,0.22386281192302704,0.13915123045444489,3.403089387133798,15.042897139082982,1.2989270846953929,13.743970054387589,13.743970054387589
subend_withleak,777,test,sUbend_012__f20,2.038318157196045,0.5585685968399048,0.2420942336320877,0.134679913520813,3.649181441147615,16.618963639820322,1.2479955095028004,15.370968130317522,15.370968130317522
subend_withleak,777,test,sUbend_012__f21,2.033813714981079,0.5518748164176941,0.24710245430469513,0.12942193448543549,3.685280890660825,16.545592908980552,1.2182632519842542,15.327329656996298,15.327329656996298
subend_withleak,777,test,sUbend_012__f22,2.012195110321045,0.5466099381446838,0.24901841580867767,0.12475831806659698,3.681226721107348,16.19571664799969,1.1951296979141404,15.000586950085548,15.000586950085548
subend_withleak,777,test,sUbend_012__f23,1.9976357221603394,0.5331071615219116,0.2494869977235794,0.11906066536903381,3.747156043556982,15.962193913804242,1.1368129826637983,14.825380931140444,14.825380931140444
subend_withleak,777,test,sUbend_012__f24,1.9023183584213257,0.5210325717926025,0.244327113032341,0.11320210993289948,3.6510545816290065,14.47526054714723,1.085899763475254,13.389360783671975,13.389360783671975
subend_withleak,777,test,sUbend_021__f00,1.9915986061096191,0.28423604369163513,0.2541314661502838,0.07498495280742645,7.006847478746519,15.865860031431112,0.32316051413389246,15.542699517297219,15.542699517297219
subend_withleak,777,test,sUbend_021__f01,1.9612195491790771,0.2860671281814575,0.24466770887374878,0.07170616090297699,6.8558018589784995,15.38552848032873,0.3273376073039458,15.058190873024785,15.058190873024785
subend_withleak,777,test,sUbend_021__f02,1.9264283180236816,0.27683666348457336,0.22083215415477753,0.0635092481970787,6.958718161733051,14.844504257934204,0.30655415299708366,14.53795010493712,14.53795010493712
subend_withleak,777,test,sUbend_021__f03,1.8414496183395386,0.27063122391700745,0.21664157509803772,0.05930048227310181,6.804276283006586,13.56374678753133,0.2929650374352697,13.27078175009606,13.27078175009606
subend_withleak,777,test,sUbend_021__f04,1.5060970783233643,0.22834274172782898,0.15802310407161713,0.039422787725925446,6.595773821961649,9.073313637336696,0.20856163079912804,8.864752006537568,8.864752006537568
subend_withleak,777,test,sUbend_021__f05,1.144749641418457,0.1853945553302765,0.1502177119255066,0.0305553637444973,6.174666992669281,5.241806966110744,0.1374845645844438,5.1043224015263,5.1043224015263
subend_withleak,777,test,sUbend_021__f06,1.6403942108154297,0.7181300520896912,0.2589653432369232,0.19818057119846344,2.2842578527970474,10.763572667507106,2.06284308685737,8.700729580649735,8.700729580649735
subend_withleak,777,test,sUbend_021__f07,1.9237699508666992,1.7748973369598389,0.28537261486053467,0.5199140906333923,1.0838767464499435,14.80356329543065,12.601042226988511,2.202521068442138,2.202521068442138
subend_withleak,777,test,sUbend_021__f08,1.6928514242172241,2.3739774227142334,0.288437157869339,0.6764387488365173,0.7130865727786664,11.462983777897136,22.543075214227656,11.08009143633052,-11.08009143633052
subend_withleak,777,test,sUbend_021__f09,1.9078432321548462,2.2838501930236816,0.3060511648654938,0.6834629774093628,0.8353626862140968,14.559463193916201,20.86388681669723,6.30442362278103,-6.30442362278103
subend_withleak,777,test,sUbend_021__f10,1.967602014541626,2.1059648990631104,0.3069053888320923,0.6278491616249084,0.9342995295966051,15.48583075051306,17.740352624343586,2.2545218738305266,-2.2545218738305266
subend_withleak,777,test,sUbend_021__f11,1.9019371271133423,1.8058662414550781,0.2968302071094513,0.5286971926689148,1.0531993363920769,14.469459341968616,13.044611528108362,1.4248478138602536,1.4248478138602536
subend_withleak,777,test,sUbend_021__f12,1.8375775814056396,1.4528396129608154,0.2787854075431824,0.4208817481994629,1.2648179227855354,13.5067654707384,8.442971763952528,5.063793706785873,5.063793706785873
subend_withleak,777,test,sUbend_021__f13,1.880614161491394,1.151943325996399,0.2449866235256195,0.3210694491863251,1.6325578863567052,14.146838497607916,5.307893705230583,8.838944792377333,8.838944792377333
subend_withleak,777,test,sUbend_021__f14,1.6279559135437012,0.8249955773353577,0.22218254208564758,0.232591912150383,1.9732904736311612,10.600961825767627,2.7224708104916004,7.878491015276026,7.878491015276026
subend_withleak,777,test,sUbend_021__f15,1.5687364339828491,0.5994604229927063,0.20244815945625305,0.17230843007564545,2.6169141011031116,9.843735997220904,1.4374111949383774,8.406324802282526,8.406324802282526
subend_withleak,777,test,sUbend_021__f16,0.9258570671081543,0.49976885318756104,0.18885359168052673,0.13719043135643005,1.8525705657785045,3.4288452348564533,0.9990756264656397,2.4297696083908136,2.4297696083908136
subend_withleak,777,test,sUbend_021__f17,0.5024589896202087,0.4746529161930084,0.17431537806987762,0.11529845744371414,1.0585819079133045,1.0098601450006441,0.9011815634021083,0.10867858159853583,0.10867858159853583
subend_withleak,777,test,sUbend_021__f18,0.46946391463279724,0.43479782342910767,0.17457382380962372,0.10288877040147781,1.0797292197331843,0.8815854685694013,0.756196589034758,0.1253888795346434,0.1253888795346434
subend_withleak,777,test,sUbend_021__f19,0.5144919157028198,0.40467509627342224,0.1800110787153244,0.09455490112304688,1.2713703423825193,1.0588077252942298,0.6550477341756142,0.4037599911186156,0.4037599911186156
subend_withleak,777,test,sUbend_021__f20,0.6048194169998169,0.38497668504714966,0.19321882724761963,0.09208906441926956,1.5710546651045691,1.4632261087199936,0.592828192119569,0.8703979166004245,0.8703979166004245
subend_withleak,777,test,sUbend_021__f21,0.9685800075531006,0.35445716977119446,0.21546027064323425,0.09224628657102585,2.732572762397015,3.7525889241262576,0.5025595408088215,3.250029383317436,3.250029383317436
subend_withleak,777,test,sUbend_021__f22,1.6857273578643799,0.3197004497051239,0.2385915219783783,0.08841510862112045,5.272833865010864,11.366706900209692,0.40883351016663383,10.957873390043058,10.957873390043058
subend_withleak,777,test,sUbend_021__f23,1.9733009338378906,0.30677521228790283,0.26453375816345215,0.08725284785032272,6.432400190097447,15.575666301941965,0.3764441234971514,15.199222178444813,15.199222178444813
subend_withleak,777,test,sUbend_021__f24,2.0010223388671875,0.2920149862766266,0.26547539234161377,0.08156520873308182,6.852464540883575,16.016361602582037,0.34109100884055366,15.675270593741484,15.675270593741484
subend_withleak,777,test,sUbend_022__f00,0.5272243022918701,0.13690918684005737,0.15870043635368347,0.03389902412891388,3.8509052201719234,1.111861859708597,0.07497650176482296,1.036885357943774,1.036885357943774
subend_withleak,777,test,sUbend_022__f01,0.6597821712493896,0.11378740519285202,0.16434907913208008,0.03092322312295437,5.798376104377819,1.7412500539942357,0.05179029432208915,1.6894597596721466,1.6894597596721466
subend_withleak,777,test,sUbend_022__f02,0.7012084126472473,0.10572563111782074,0.16552124917507172,0.02841157652437687,6.63234076007378,1.966772951869089,0.04471163630104602,1.922061315568043,1.922061315568043
subend_withleak,777,test,sUbend_022__f03,0.6699227690696716,0.1010335236787796,0.16688677668571472,0.02708689123392105,6.630697858263233,1.7951860660719063,0.040831091627802074,1.7543549744441043,1.7543549744441043
subend_withleak,777,test,sUbend_022__f04,1.666571021080017,0.14884856343269348,0.2737540900707245,0.05713614076375961,11.196419922679397,11.109835873214763,0.0886235793439063,11.021212293870857,11.021212293870857
subend_withleak,777,test,sUbend_022__f05,1.7250508069992065,0.4543622136116028,0.2825784385204315,0.16181135177612305,3.7966423160219303,11.903201146914455,0.825780084632143,11.077421062282312,11.077421062282312
subend_withleak,777,test,sUbend_022__f06,1.850955605506897,0.77876877784729,0.2973836362361908,0.2856981158256531,2.376771717304072,13.704146614229614,2.425923237399047,11.278223376830567,11.278223376830567
subend_withleak,777,test,sUbend_022__f07,2.0081398487091064,1.1009187698364258,0.32461297512054443,0.42569229006767273,1.824058144641748,16.13050260789373,4.848088551112596,11.282414056781136,11.282414056781136
subend_withleak,777,test,sUbend_022__f08,2.042560577392578,1.4119216203689575,0.34157854318618774,0.5578948855400085,1.4466529500828982,16.68821484927321,7.97409064826121,8.714124201011998,8.714124201011998
subend_withleak,777,test,sUbend_022__f09,2.095952272415161,1.4451364278793335,0.3472840487957001,0.5705522894859314,1.4503490687663778,17.57206371296911,8.35367718073536,9.218386532233751,9.218386532233751
subend_withleak,777,test,sUbend_022__f10,1.8272531032562256,1.3665584325790405,0.3279642164707184,0.5101863145828247,1.337120359945193,13.355415613438026,7.469927798611536,5.88548781482649,5.88548781482649
subend_withleak,777,test,sUbend_022__f11,1.991766333580017,1.1047513484954834,0.33852145075798035,0.4291037619113922,1.80290916711034,15.868532510331136,4.881902168010356,10.98663034232078,10.98663034232078
subend_withleak,777,test,sUbend_022__f12,1.9614650011062622,0.9273004531860352,0.28790584206581116,0.332093745470047,2.1152421465632054,15.389379802259157,3.4395445219161047,11.949835280343052,11.949835280343052
subend_withleak,777,test,sUbend_022__f13,1.969243049621582,0.7089967131614685,0.26588520407676697,0.2463744580745697,2.777506599206338,15.511672753931634,2.0107053570950626,13.500967396836572,13.500967396836572
subend_withleak,777,test,sUbend_022__f14,1.8438655138015747,0.5593370199203491,0.2184121161699295,0.17329387366771698,3.2965197155449237,13.59936013194698,1.2514316074135081,12.347928524533472,12.347928524533472
subend_withleak,777,test,sUbend_022__f15,1.6377379894256592,0.4369078278541565,0.1927545666694641,0.12533226609230042,3.748474815544733,10.728742888032002,0.763553800160949,9.965189087871053,9.965189087871053
subend_withleak,777,test,sUbend_022__f16,0.871634840965271,0.38657209277153015,0.17273390293121338,0.09958802908658981,2.254779528227404,3.038989183938213,0.5977519316390421,2.441237252299171,2.441237252299171
subend_withleak,777,test,sUbend_022__f17,1.1318639516830444,0.3058919310569763,0.1765495240688324,0.08324942737817764,3.7002085925313937,5.124464020478229,0.3742794939430638,4.750184526535165,4.750184526535165
subend_withleak,777,test,sUbend_022__f18,0.8234519958496094,0.27003416419029236,0.1771274209022522,0.07218877226114273,3.0494363493551315,2.7122927578748204,0.2916737993197991,2.4206189585550213,2.4206189585550213
subend_withleak,777,test,sUbend_022__f19,0.9893596768379211,0.231423482298851,0.19032923877239227,0.06663597375154495,4.275104959142831,3.915330280611343,0.21422731263730643,3.7011029679740366,3.7011029679740366
subend_withleak,777,test,sUbend_022__f20,1.039326786994934,0.2122746706008911,0.19392460584640503,0.061474140733480453,4.896141325071363,4.320800680660852,0.1802421431148673,4.140558537545985,4.140558537545985
subend_withleak,777,test,sUbend_022__f21,0.910525381565094,0.18821696937084198,0.19277970492839813,0.05540510267019272,4.83763703458159,3.31622588189704,0.14170251023657787,3.174523371660462,3.174523371660462
subend_withleak,777,test,sUbend_022__f22,0.6786452531814575,0.17297504842281342,0.1852007657289505,0.049495112150907516,3.9233707946281577,1.8422375186628983,0.11968146950749858,1.7225560491553997,1.7225560491553997
subend_withleak,777,test,sUbend_022__f23,0.552178144454956,0.16348809003829956,0.1723676174879074,0.043103307485580444,3.3774823861823817,1.2196028128548733,0.10691342233748458,1.1126893905173887,1.1126893905173887
subend_withleak,777,test,sUbend_022__f24,0.5469797849655151,0.14399580657482147,0.16996082663536072,0.0383966825902462,3.7985813474456958,1.1967475406436847,0.0829391692445336,1.1138083713991511,1.1138083713991511
subend_withleak,777,val,sUbend_016__f00,1.1877391338348389,0.13983136415481567,0.1991121917963028,0.03605708107352257,8.494082432892679,5.642897000170933,0.07821124160558668,5.564685758565346,5.564685758565346
subend_withleak,777,val,sUbend_016__f01,1.1970655918121338,0.14758743345737457,0.2369709014892578,0.043770596385002136,8.110891041125557,5.731864124402136,0.08712820205813987,5.644735922343997,5.644735922343997
subend_withleak,777,val,sUbend_016__f02,1.10811448097229,0.15146535634994507,0.25028467178344727,0.047494448721408844,7.315959950684076,4.911670811761951,0.09176701669686338,4.819903795065088,4.819903795065088
subend_withleak,777,val,sUbend_016__f03,1.4232820272445679,0.1668083667755127,0.25983038544654846,0.05330801382660866,8.532437879210171,8.102926916309627,0.11130012490525587,7.9916267914043715,7.9916267914043715
subend_withleak,777,val,sUbend_016__f04,0.7875813245773315,0.12245456129312515,0.1886753886938095,0.03341587260365486,6.431620972387151,2.4811373712919362,0.05998047832596698,2.4211568929659695,2.4211568929659695
subend_withleak,777,val,sUbend_016__f05,0.6712202429771423,0.08487140387296677,0.151682049036026,0.02085074782371521,7.908673738704814,1.802146458329176,0.028812620781472953,1.773333837547703,1.773333837547703
subend_withleak,777,val,sUbend_016__f06,1.517974615097046,0.3139774799346924,0.26825156807899475,0.10799472779035568,4.834660802465152,9.216987728316099,0.39432743162456063,8.822660296691538,8.822660296691538
subend_withleak,777,val,sUbend_016__f07,1.292529821395874,1.0604346990585327,0.2601436674594879,0.3413296937942505,1.2188679062872974,6.6825333567906,4.498087003869443,2.1844463529211566,2.1844463529211566
subend_withleak,777,val,sUbend_016__f08,1.996843934059143,1.4609826803207397,0.289754182100296,0.503126323223114,1.3667813869092287,15.949542787955181,8.537881568788691,7.41166121916649,7.41166121916649
subend_withleak,777,val,sUbend_016__f09,1.5446287393569946,1.6208704710006714,0.2633399963378906,0.5166246294975281,0.9529624772566757,9.543511769790314,10.508884335047753,0.9653725652574394,-0.9653725652574394
subend_withleak,777,val,sUbend_016__f10,1.5259791612625122,1.424275517463684,0.27149778604507446,0.4651392996311188,1.071407282194908,9.314449602429761,8.11424299858578,1.2002066038439807,1.2002066038439807
subend_withleak,777,val,sUbend_016__f11,1.2479047775268555,1.2560820579528809,0.2618471086025238,0.3843291401863098,0.9934898517383869,6.229065335097403,6.310968545244577,0.08190321014717483,-0.08190321014717483
subend_withleak,777,val,sUbend_016__f12,1.162062168121338,0.9907641410827637,0.22262224555015564,0.28022316098213196,1.1728948595690696,5.401553930315458,3.9264543330218658,1.4750995972935925,1.4750995972935925
subend_withleak,777,val,sUbend_016__f13,0.9429847002029419,0.7234793305397034,0.18471665680408478,0.17705382406711578,1.3034024061191787,3.556880579267329,2.0936893668727095,1.4631912123946194,1.4631912123946194
subend_withleak,777,val,sUbend_016__f14,0.9883511662483215,0.5014791488647461,0.16714473068714142,0.11734998971223831,1.9708719066101983,3.9073521112976692,1.0059253469844407,2.9014267643132285,2.9014267643132285
subend_withleak,777,val,sUbend_016__f15,0.9955514073371887,0.3876854181289673,0.17536096274852753,0.0973774716258049,2.567936168819249,3.9644904186042282,0.6011999337193288,3.3632904848848995,3.3632904848848995
subend_withleak,777,val,sUbend_016__f16,1.3199371099472046,0.32781922817230225,0.1867809146642685,0.08784550428390503,4.026417600048291,6.968935896863115,0.42986178543793585,6.53907411142518,6.53907411142518
subend_withleak,777,val,sUbend_016__f17,1.0098637342453003,0.28463879227638245,0.17541831731796265,0.07274795323610306,3.5478780884677485,4.07929904697545,0.3240769682742304,3.7552220787012196,3.7552220787012196
subend_withleak,777,val,sUbend_016__f18,1.0914967060089111,0.2330220639705658,0.16677351295948029,0.0582464225590229,4.684091658147803,4.7654602369132135,0.21719712918840983,4.548263107724804,4.548263107724804
subend_withleak,777,val,sUbend_016__f19,0.9613296985626221,0.20139645040035248,0.15843644738197327,0.04838113859295845,4.773319969898236,3.6966191573540073,0.16224212093544654,3.5343770364185607,3.5343770364185607
subend_withleak,777,val,sUbend_016__f20,0.9100291728973389,0.1802574098110199,0.15866313874721527,0.04254575073719025,5.048497999895841,3.3126123820968587,0.1299709351671119,3.182641446929747,3.182641446929747
subend_withleak,777,val,sUbend_016__f21,0.8845465779304504,0.16701100766658783,0.16182024776935577,0.03896208852529526,5.296336991728794,3.1296905941138817,0.11157070672723624,3.0181198873866455,3.0181198873866455
subend_withleak,777,val,sUbend_016__f22,0.953220009803772,0.14924661815166473,0.16746708750724792,0.036142054945230484,6.386878453990212,3.6345135483612125,0.08909821211883528,3.5454153362423773,3.5454153362423773
subend_withleak,777,val,sUbend_016__f23,1.110003113746643,0.14450791478157043,0.18015778064727783,0.03611912578344345,7.681261717909761,4.928427650108972,0.08353014973807049,4.844897500370902,4.844897500370902
subend_withleak,777,val,sUbend_016__f24,1.1589381694793701,0.13714781403541565,0.18518562614917755,0.034975238144397736,8.450285391935578,5.372550722704773,0.07523809157877182,5.297312631126001,5.297312631126001
subend_withleak,777,val,sUbend_019__f00,0.6959750056266785,0.14872324466705322,0.18751980364322662,0.04501776397228241,4.679665288265852,1.9375248338282205,0.0884744140171847,1.8490504198110358,1.8490504198110358
subend_withleak,777,val,sUbend_019__f01,0.7252625823020935,0.14188675582408905,0.20110253989696503,0.045995235443115234,5.111559412925565,2.104023253150004,0.08052740591313867,2.023495847236865,2.023495847236865
subend_withleak,777,val,sUbend_019__f02,0.7016279697418213,0.15169338881969452,0.22303080558776855,0.05100074037909508,4.625303549489483,1.9691272316961204,0.09204353684641209,1.8770836948497083,1.8770836948497083
subend_withleak,777,val,sUbend_019__f03,1.682962417602539,0.17309197783470154,0.2665538787841797,0.06317298859357834,9.722937126582062,11.329449996250332,0.11984333116291523,11.209606665087417,11.209606665087417
subend_withleak,777,val,sUbend_019__f04,1.7064203023910522,0.26184219121932983,0.2724303603172302,0.08817920088768005,6.516979920022454,11.64748099364948,0.27424533241016036,11.37323566123932,11.37323566123932
subend_withleak,777,val,sUbend_019__f05,1.688341736793518,0.4903830289840698,0.28238335251808167,0.16033218801021576,3.4429040913003623,11.401991280795812,0.9619020604623643,10.440089220333448,10.440089220333448
subend_withleak,777,val,sUbend_019__f06,1.7390830516815186,0.9081997871398926,0.29478639364242554,0.2998613715171814,1.9148683762173606,12.097639442583613,3.2993074134437848,8.798332029139829,8.798332029139829
subend_withleak,777,val,sUbend_019__f07,2.1631531715393066,1.304381012916565,0.32770484685897827,0.44863244891166687,1.65837523708088,18.716926574162244,6.805639307428976,11.911287266733268,11.911287266733268
subend_withleak,777,val,sUbend_019__f08,2.1190664768218994,1.6370285749435425,0.3157446086406708,0.5304021239280701,1.2944590639750937,17.96177093276151,10.719450220726742,7.242320712034768,7.242320712034768
subend_withleak,777,val,sUbend_019__f09,2.1131432056427,1.6188859939575195,0.3426082134246826,0.5444782972335815,1.3053069910605146,17.86149683021563,10.483167445727304,7.378329384488325,7.378329384488325
subend_withleak,777,val,sUbend_019__f10,1.6440789699554443,1.610708236694336,0.3089069426059723,0.5116552114486694,1.0207180496758341,10.81198263779902,10.377524095019908,0.43445854277911167,0.43445854277911167
subend_withleak,777,val,sUbend_019__f11,1.838881492614746,1.3670549392700195,0.31211304664611816,0.43741145730018616,1.3451408862885004,13.525940575524146,7.475356827930227,6.050583747593919,6.050583747593919
subend_withleak,777,val,sUbend_019__f12,1.9848676919937134,1.0797072649002075,0.31886163353919983,0.3585837483406067,1.8383387391370065,15.758799018881803,4.663071111513148,11.095727907368655,11.095727907368655
subend_withleak,777,val,sUbend_019__f13,1.8428486585617065,0.8902775049209595,0.25211554765701294,0.2651892900466919,2.069971046528148,13.584364713450725,3.170376143073156,10.413988570377569,10.413988570377569
subend_withleak,777,val,sUbend_019__f14,1.695853590965271,0.6385231018066406,0.20771437883377075,0.17810563743114471,2.6559001329270844,11.503677607959219,1.6308470061630942,9.872830601796124,9.872830601796124
subend_withleak,777,val,sUbend_019__f15,1.5113959312438965,0.46108174324035645,0.18223972618579865,0.12794095277786255,3.277934885519906,9.13727064392242,0.850385495798264,8.286885148124156,8.286885148124156
subend_withleak,777,val,sUbend_019__f16,0.571029007434845,0.3921951949596405,0.1693635731935501,0.10447657853364944,1.455981650906273,1.304296509328097,0.6152682837977217,0.6890282255303752,0.6890282255303752
subend_withleak,777,val,sUbend_019__f17,0.7299947142601013,0.33920252323150635,0.17347265779972076,0.08883146196603775,2.152091049634907,2.131569131390748,0.4602334070664824,1.6713357243242655,1.6713357243242655
subend_withleak,777,val,sUbend_019__f18,0.8236488103866577,0.28168585896492004,0.18508073687553406,0.07995810359716415,2.9239977236103694,2.7135894514054257,0.3173876925632193,2.3962017588422064,2.3962017588422064
subend_withleak,777,val,sUbend_019__f19,0.6517532467842102,0.2600327134132385,0.18913932144641876,0.0731925219297409,2.506427896048824,1.6991291787750384,0.27046804818020576,1.4286611305948327,1.4286611305948327
subend_withleak,777,val,sUbend_019__f20,0.736610472202301,0.22523963451385498,0.18916265666484833,0.06513869017362595,3.270341269164999,2.1703799510323876,0.2029315718237399,1.9674483792086477,1.9674483792086477
subend_withleak,777,val,sUbend_019__f21,0.6537696123123169,0.19946731626987457,0.18129539489746094,0.05795609951019287,3.277577622931378,1.7096588239319885,0.15914884103962468,1.5505099828923639,1.5505099828923639
subend_withleak,777,val,sUbend_019__f22,0.7192768454551697,0.17648626863956451,0.18121090531349182,0.05229571461677551,4.075539989596238,2.06943672163176,0.12458961207326613,1.944847109558494,1.944847109558494
subend_withleak,777,val,sUbend_019__f23,0.6513102650642395,0.17449679970741272,0.17611905932426453,0.04869947209954262,3.7325055024294036,1.6968202455121997,0.12179653243251565,1.575023713079684,1.575023713079684
subend_withleak,777,val,sUbend_019__f24,0.6876546740531921,0.15677359700202942,0.18181419372558594,0.0465613417327404,4.386291360300233,1.8914758029888077,0.09831184286781891,1.7931639601209888,1.7931639601209888
subend_withleak,777,val,sUbend_023__f00,0.635412871837616,0.11081650853157043,0.16339217126369476,0.03198875114321709,5.733918892207235,1.6149980707877063,0.04912119425251049,1.5658768765351958,1.5658768765351958
subend_withleak,777,val,sUbend_023__f01,0.526119589805603,0.10386040061712265,0.1571766436100006,0.028834430500864983,5.065641829604745,1.107207291108864,0.043147931265396844,1.0640593598434671,1.0640593598434671
subend_withleak,777,val,sUbend_023__f02,0.601092517375946,0.10179544240236282,0.15511460602283478,0.026870548725128174,5.904905987834224,1.445248857781408,0.04144924837557107,1.403799609405837,1.403799609405837
subend_withleak,777,val,sUbend_023__f03,0.6416296362876892,0.09641176462173462,0.15513645112514496,0.02536691352725029,6.655096904460591,1.6467543606506894,0.037180913429907037,1.6095734472207823,1.6095734472207823
subend_withleak,777,val,sUbend_023__f04,1.3329907655715942,0.10224653780460358,0.22122836112976074,0.035566747188568115,13.037025939391537,7.10745752439658,0.041817417972112914,7.065640106424467,7.065640106424467
subend_withleak,777,val,sUbend_023__f05,1.651279091835022,0.26425179839134216,0.24259230494499207,0.07765001058578491,6.2488849721642,10.90689055652598,0.2793160518122342,10.627574504713746,10.627574504713746
subend_withleak,777,val,sUbend_023__f06,1.6245123147964478,0.37265029549598694,0.24665214121341705,0.10674731433391571,4.359347985043908,10.556161043701252,0.5554729709329855,10.000688072768266,10.000688072768266
subend_withleak,777,val,sUbend_023__f07,1.661161184310913,0.8645905256271362,0.2533663213253021,0.25214359164237976,1.921327073421235,11.037825921044941,2.990067108016831,8.04775881302811,8.04775881302811
subend_withleak,777,val,sUbend_023__f08,2.0863354206085205,1.563048243522644,0.2848524749279022,0.4973137378692627,1.3347863248971403,17.41118194914293,9.772479246316891,7.638702702826038,7.638702702826038
subend_withleak,777,val,sUbend_023__f09,1.6008795499801636,1.822366714477539,0.2658233940601349,0.5369448661804199,0.8784618031388516,10.251261334178764,13.284081768142642,3.0328204339638773,-3.0328204339638773
subend_withleak,777,val,sUbend_023__f10,1.6087307929992676,1.5853747129440308,0.27708855271339417,0.4729996919631958,1.0147322143241864,10.35205905737621,10.053651921769472,0.2984071356067375,0.2984071356067375
subend_withleak,777,val,sUbend_023__f11,1.517244815826416,1.3955347537994385,0.2670862674713135,0.41334015130996704,1.087213924049984,9.20812732460854,7.7900689962482375,1.4180583283603028,1.4180583283603028
subend_withleak,777,val,sUbend_023__f12,1.6594927310943604,1.1601338386535645,0.25211262702941895,0.3330318033695221,1.4304321413642629,11.015664498220076,5.383642094356219,5.632022403863857,5.632022403863857
subend_withleak,777,val,sUbend_023__f13,1.8097925186157227,0.9522798657417297,0.22136661410331726,0.25010010600090027,1.9004838637495263,13.101395841749763,3.6273477707883472,9.474048070961416,9.474048070961416
subend_withleak,777,val,sUbend_023__f14,1.590127944946289,0.7095852494239807,0.19487109780311584,0.17394037544727325,2.2409258735819346,10.114027525196434,2.0140449048003717,8.099982620396062,8.099982620396062
subend_withleak,777,val,sUbend_023__f15,0.8846057057380676,0.5211384892463684,0.1693304032087326,0.12329576164484024,1.6974484210853786,3.1301090184973788,1.086341299895949,2.04376771860143,2.04376771860143
subend_withleak,777,val,sUbend_023__f16,0.6029568910598755,0.43774843215942383,0.15945106744766235,0.09760218113660812,1.377405027096212,1.4542280499063622,0.7664947594321347,0.6877332904742275,0.6877332904742275
subend_withleak,777,val,sUbend_023__f17,0.544386088848114,0.38649940490722656,0.15316510200500488,0.08201386779546738,1.4085043390397607,1.1854248549253867,0.5975271599745611,0.5878976949508257,0.5878976949508257
subend_withleak,777,val,sUbend_023__f18,0.4718577563762665,0.3461501896381378,0.14685480296611786,0.0692809671163559,1.363159028945043,0.8905989690097762,0.4792798151460751,0.4113191538637011,0.4113191538637011
subend_withleak,777,val,sUbend_023__f19,0.44683441519737244,0.2882310450077057,0.14895662665367126,0.06032847240567207,1.550264702351638,0.7986439784191113,0.33230854122493625,0.46633543719417503,0.46633543719417503
subend_withleak,777,val,sUbend_023__f20,0.4592839479446411,0.22687876224517822,0.15184669196605682,0.05285300686955452,2.0243584873242235,0.8437669793584632,0.20589589103161643,0.6378710883268468,0.6378710883268468
subend_withleak,777,val,sUbend_023__f21,0.4730461835861206,0.18721087276935577,0.15452490746974945,0.04703010246157646,2.5268093492033157,0.8950907672215749,0.14019164353225566,0.7548991236893192,0.7548991236893192
subend_withleak,777,val,sUbend_023__f22,0.5678624510765076,0.1636490821838379,0.15532530844211578,0.0429171547293663,3.4700008304268395,1.2898710533704758,0.10712408839845011,1.1827469649720257,1.1827469649720257
subend_withleak,777,val,sUbend_023__f23,0.8276509046554565,0.13409310579299927,0.16286787390708923,0.038356877863407135,6.172210717030514,2.7400240799079825,0.07192384408484997,2.6681002358231325,2.6681002358231325
subend_withleak,777,val,sUbend_023__f24,0.6940808296203613,0.12464030086994171,0.16325125098228455,0.03552336245775223,5.568671005894098,1.9269927921859562,0.06214081840379837,1.8648519737821578,1.8648519737821578
subend_leak_dir_only,1337,test,sUbend_012__f00,1.8541148900985718,0.48265302181243896,0.2814670205116272,0.10553682595491409,3.8415068513112693,13.750968102740956,0.9318157578587147,12.81915234488224,12.81915234488224
subend_leak_dir_only,1337,test,sUbend_012__f01,1.6143914461135864,0.45587942004203796,0.26838067173957825,0.09230007976293564,3.541268535361212,10.425038965138867,0.8313041824714595,9.593734782667408,9.593734782667408
subend_leak_dir_only,1337,test,sUbend_012__f02,1.388405680656433,0.38823622465133667,0.2593788206577301,0.07528668642044067,3.576187878664127,7.710681336316213,0.6029094645260926,7.107771871790121,7.107771871790121
subend_leak_dir_only,1337,test,sUbend_012__f03,1.3822996616363525,0.33899757266044617,0.23421785235404968,0.06108138710260391,4.077609319701296,7.643009418239899,0.4596774170786979,7.183332001161201,7.183332001161201
subend_leak_dir_only,1337,test,sUbend_012__f04,1.2435708045959473,0.2649005949497223,0.1916572004556656,0.05264614149928093,4.694480980052065,6.185873384173647,0.28068930081886734,5.905184083354779,5.905184083354779
subend_leak_dir_only,1337,test,sUbend_012__f05,1.1222546100616455,0.25847500562667847,0.2501995265483856,0.06178370490670204,4.341830295508512,5.037821639218464,0.26723731413484586,4.770584325083618,4.770584325083618
subend_leak_dir_only,1337,test,sUbend_012__f06,1.615868091583252,1.2772669792175293,0.3771209418773651,0.2524249851703644,1.2650981493102986,10.444118757587603,6.52564374479789,3.918475012789713,3.918475012789713
subend_leak_dir_only,1337,test,sUbend_012__f07,1.642027497291565,2.64764404296875,0.3597853183746338,0.5706283450126648,0.6201843868144724,10.785017207446401,28.040075913071632,17.25505870562523,-17.25505870562523
subend_leak_dir_only,1337,test,sUbend_012__f08,1.9168487787246704,3.358830213546753,0.3168475925922394,0.7576717734336853,0.5706893938829305,14.697236961993042,45.1269616137381,30.42972465174506,-30.42972465174506
subend_leak_dir_only,1337,test,sUbend_012__f09,1.7836576700210571,3.3379228115081787,0.31941017508506775,0.7887685894966125,0.5343615687791008,12.725738735299785,44.56691478234666,31.841176047046872,-31.841176047046872
subend_leak_dir_only,1337,test,sUbend_012__f10,1.946107268333435,2.945417642593384,0.30380958318710327,0.7438451647758484,0.66072370864864,15.149333999440898,34.701940357201465,19.552606357760567,-19.552606357760567
subend_leak_dir_only,1337,test,sUbend_012__f11,1.6599960327148438,2.3651576042175293,0.2890942692756653,0.6251805424690247,0.7018542991616088,11.022347314516082,22.375881971152012,11.35353465663593,-11.35353465663593
subend_leak_dir_only,1337,test,sUbend_012__f12,1.72439444065094,1.880467176437378,0.26875630021095276,0.4930272400379181,0.9170032118922042,11.894144747791472,14.144627206633459,2.2504824588419865,-2.2504824588419865
subend_leak_dir_only,1337,test,sUbend_012__f13,1.8028960227966309,1.5041799545288086,0.26586031913757324,0.3845941126346588,1.1985906455995796,13.001736276063639,9.050229342425155,3.951506933638484,3.951506933638484
subend_leak_dir_only,1337,test,sUbend_012__f14,1.6037827730178833,1.0965973138809204,0.2563226521015167,0.2873152196407318,1.4625083909261136,10.288476732115726,4.8101026752433995,5.478374056872326,5.478374056872326
subend_leak_dir_only,1337,test,sUbend_012__f15,1.439570665359497,0.7118344902992249,0.24420258402824402,0.20995444059371948,2.0223390197830438,8.28945480225434,2.026833366318229,6.262621435936111,6.262621435936111
subend_leak_dir_only,1337,test,sUbend_012__f16,1.4541490077972412,0.5640744566917419,0.22469216585159302,0.16667626798152924,2.577938055067633,8.458197347510804,1.2727199707683354,7.185477376742469,7.185477376742469
subend_leak_dir_only,1337,test,sUbend_012__f17,1.0301613807678223,0.5132749080657959,0.22333726286888123,0.14551451802253723,2.007036316366682,4.244929881701864,1.053804524999805,3.1911253567020594,3.1911253567020594
subend_leak_dir_only,1337,test,sUbend_012__f18,1.3344273567199707,0.5176658630371094,0.2429681122303009,0.13992194831371307,2.577777388856547,7.122785481450592,1.0719117830158211,6.050873698434771,6.050873698434771
subend_leak_dir_only,1337,test,sUbend_012__f19,1.9575704336166382,0.5698524117469788,0.2672572731971741,0.13915123045444489,3.4352235653708574,15.328328010280131,1.2989270846953929,14.029400925584739,14.029400925584739
subend_leak_dir_only,1337,test,sUbend_012__f20,2.1626431941986084,0.5585685968399048,0.2767358720302582,0.134679913520813,3.8717593621154798,18.70810234165424,1.2479955095028004,17.46010683215144,17.46010683215144
subend_leak_dir_only,1337,test,sUbend_012__f21,2.0360240936279297,0.5518748164176941,0.28032180666923523,0.12942193448543549,3.6892861081143025,16.58157643933373,1.2182632519842542,15.363313187349476,15.363313187349476
subend_leak_dir_only,1337,test,sUbend_012__f22,1.8375089168548584,0.5466099381446838,0.2812499701976776,0.12475831806659698,3.3616456427626873,13.50575607808446,1.1951296979141404,12.31062638017032,12.31062638017032
subend_leak_dir_only,1337,test,sUbend_012__f23,1.8554309606552124,0.5331071615219116,0.28147581219673157,0.11906066536903381,3.480408995741752,13.770496199031697,1.1368129826637983,12.6336832163679,12.6336832163679
subend_leak_dir_only,1337,test,sUbend_012__f24,1.87021803855896,0.5210325717926025,0.28410786390304565,0.11320210993289948,3.589445535284888,13.990862047005294,1.085899763475254,12.90496228353004,12.90496228353004
subend_leak_dir_only,1337,test,sUbend_021__f00,1.9341305494308472,0.28423604369163513,0.2971849739551544,0.07498495280742645,6.804663209881876,14.963443928966683,0.32316051413389246,14.64028341483279,14.64028341483279
subend_leak_dir_only,1337,test,sUbend_021__f01,1.8336294889450073,0.2860671281814575,0.29907795786857605,0.07170616090297699,6.409787453041103,13.448788410914915,0.3273376073039458,13.12145080361097,13.12145080361097
subend_leak_dir_only,1337,test,sUbend_021__f02,1.6887844800949097,0.27683666348457336,0.28583747148513794,0.0635092481970787,6.100291987477362,11.407972080837737,0.30655415299708366,11.101417927840654,11.101417927840654
subend_leak_dir_only,1337,test,sUbend_021__f03,1.76444411277771,0.27063122391700745,0.28586718440055847,0.05930048227310181,6.519735924184415,12.45305210846368,0.2929650374352697,12.16008707102841,12.16008707102841
subend_leak_dir_only,1337,test,sUbend_021__f04,1.8416372537612915,0.22834274172782898,0.24143171310424805,0.039422787725925446,8.065232289960038,13.566511097765726,0.20856163079912804,13.357949466966598,13.357949466966598
subend_leak_dir_only,1337,test,sUbend_021__f05,1.5610549449920654,0.1853945553302765,0.2091204673051834,0.0305553637444973,8.420176861241037,9.747570165136722,0.1374845645844438,9.610085600552278,9.610085600552278
subend_leak_dir_only,1337,test,sUbend_021__f06,1.4714142084121704,0.7181300520896912,0.3911055326461792,0.19818057119846344,2.0489522811787264,8.660239090868856,2.06284308685737,6.597396004011486,6.597396004011486
subend_leak_dir_only,1337,test,sUbend_021__f07,2.1287989616394043,1.7748973369598389,0.4096831977367401,0.5199140906333923,1.1993927295455586,18.127140076308024,12.601042226988511,5.5260978493195125,5.5260978493195125
subend_leak_dir_only,1337,test,sUbend_021__f08,1.706343650817871,2.3739774227142334,0.3308759033679962,0.6764387488365173,0.7187699573262839,11.646434618745843,22.543075214227656,10.896640595481813,-10.896640595481813
subend_leak_dir_only,1337,test,sUbend_021__f09,1.9199631214141846,2.2838501930236816,0.31693965196609497,0.6834629774093628,0.8406694656588959,14.745033550361995,20.86388681669723,6.118853266335236,-6.118853266335236
subend_leak_dir_only,1337,test,sUbend_021__f10,1.8910590410232544,2.1059648990631104,0.31869882345199585,0.6278491616249084,0.8979537322129814,14.304417186543162,17.740352624343586,3.435935437800424,-3.435935437800424
subend_leak_dir_only,1337,test,sUbend_021__f11,1.84515380859375,1.8058662414550781,0.3124840259552002,0.5286971926689148,1.0217555244329812,13.618370309472084,13.044611528108362,0.5737587813637219,0.5737587813637219
subend_leak_dir_only,1337,test,sUbend_021__f12,1.8444877862930298,1.4528396129608154,0.29906851053237915,0.4208817481994629,1.2695742667244974,13.608540775136646,8.442971763952528,5.165569011184118,5.165569011184118
subend_leak_dir_only,1337,test,sUbend_021__f13,1.8101284503936768,1.151943325996399,0.28370723128318787,0.3210694491863251,1.571369363009214,13.106260027698454,5.307893705230583,7.798366322467871,7.798366322467871
subend_leak_dir_only,1337,test,sUbend_021__f14,1.7284890413284302,0.8249955773353577,0.26955610513687134,0.232591912150383,2.095149463602283,11.950697463969902,2.7224708104916004,9.228226653478302,9.228226653478302
subend_leak_dir_only,1337,test,sUbend_021__f15,1.6237373352050781,0.5994604229927063,0.2591566741466522,0.17230843007564545,2.708664780735382,10.546091734955553,1.4374111949383774,9.108680540017176,9.108680540017176
subend_leak_dir_only,1337,test,sUbend_021__f16,1.5734323263168335,0.49976885318756104,0.24801050126552582,0.13719043135643005,3.148320100945409,9.90275714199521,0.9990756264656397,8.90368151552957,8.90368151552957
subend_leak_dir_only,1337,test,sUbend_021__f17,1.5759745836257935,0.4746529161930084,0.24081073701381683,0.11529845744371414,3.320267357179691,9.934783552937972,0.9011815634021083,9.033601989535864,9.033601989535864
subend_leak_dir_only,1337,test,sUbend_021__f18,1.178611159324646,0.43479782342910767,0.24320541322231293,0.10288877040147781,2.710710808139118,5.556497059538344,0.756196589034758,4.800300470503586,4.800300470503586
subend_leak_dir_only,1337,test,sUbend_021__f19,1.1336332559585571,0.40467509627342224,0.2508275508880615,0.09455490112304688,2.801341783564087,5.140497436060798,0.6550477341756142,4.485449701885184,4.485449701885184
subend_leak_dir_only,1337,test,sUbend_021__f20,1.2236394882202148,0.38497668504714966,0.26909810304641724,0.09208906441926956,3.1784768682039815,5.989174388527317,0.592828192119569,5.396346196407748,5.396346196407748
subend_leak_dir_only,1337,test,sUbend_021__f21,1.862687110900879,0.35445716977119446,0.2911545932292938,0.09224628657102585,5.255041426029727,13.878413092465053,0.5025595408088215,13.375853551656231,13.375853551656231
subend_leak_dir_only,1337,test,sUbend_021__f22,2.0862748622894287,0.3197004497051239,0.2980348765850067,0.08841510862112045,6.525717634159435,17.4101712040831,0.40883351016663383,17.001337693916465,17.001337693916465
subend_leak_dir_only,1337,test,sUbend_021__f23,2.0419609546661377,0.30677521228790283,0.3056297302246094,0.08725284785032272,6.656212343355158,16.678418161524178,0.3764441234971514,16.301974038027026,16.301974038027026
subend_leak_dir_only,1337,test,sUbend_021__f24,1.9472649097442627,0.2920149862766266,0.30408528447151184,0.08156520873308182,6.6683732043108686,15.167362514885326,0.34109100884055366,14.826271506044773,14.826271506044773
subend_leak_dir_only,1337,test,sUbend_022__f00,1.616782784461975,0.13690918684005737,0.20769812166690826,0.03389902412891388,11.809162129863232,10.45594628853047,0.07497650176482296,10.380969786765647,10.380969786765647
subend_leak_dir_only,1337,test,sUbend_022__f01,1.3742609024047852,0.11378740519285202,0.18754543364048004,0.03092322312295437,12.077443018193673,7.554372111513658,0.05179029432208915,7.502581817191569,7.502581817191569
subend_leak_dir_only,1337,test,sUbend_022__f02,1.1304872035980225,0.10572563111782074,0.18623077869415283,0.02841157652437687,10.692650321833563,5.112005269995507,0.04471163630104602,5.067293633694461,5.067293633694461
subend_leak_dir_only,1337,test,sUbend_022__f03,1.238958477973938,0.1010335236787796,0.2003452479839325,0.02708689123392105,12.262845369157015,6.140072440573988,0.040831091627802074,6.099241348946186,6.099241348946186
subend_leak_dir_only,1337,test,sUbend_022__f04,1.1749364137649536,0.14884856343269348,0.307360976934433,0.05713614076375961,7.893501869745876,5.521902305563401,0.0886235793439063,5.433278726219495,5.433278726219495
subend_leak_dir_only,1337,test,sUbend_022__f05,1.500153660774231,0.4543622136116028,0.3973369002342224,0.16181135177612305,3.301669055729599,9.001844023737306,0.825780084632143,8.176063939105163,8.176063939105163
subend_leak_dir_only,1337,test,sUbend_022__f06,1.6902061700820923,0.77876877784729,0.42029350996017456,0.2856981158256531,2.1703568737748338,11.427187589534299,2.425923237399047,9.001264352135252,9.001264352135252
subend_leak_dir_only,1337,test,sUbend_022__f07,2.1460328102111816,1.1009187698364258,0.4143896996974945,0.42569229006767273,1.949310765707118,18.421827290011606,4.848088551112596,13.57373873889901,13.57373873889901
subend_leak_dir_only,1337,test,sUbend_022__f08,1.9865976572036743,1.4119216203689575,0.3708169460296631,0.5578948855400085,1.4070169537346873,15.78628100642851,7.97409064826121,7.8121903581673,7.8121903581673
subend_leak_dir_only,1337,test,sUbend_022__f09,1.9958901405334473,1.4451364278793335,0.3388255834579468,0.5705522894859314,1.3811084559416427,15.934309812314496,8.35367718073536,7.580632631579135,7.580632631579135
subend_leak_dir_only,1337,test,sUbend_022__f10,1.7925164699554443,1.3665584325790405,0.3207691013813019,0.5101863145828247,1.3117012981087925,12.85246118024611,7.469927798611536,5.382533381634573,5.382533381634573
subend_leak_dir_only,1337,test,sUbend_022__f11,1.7315715551376343,1.1047513484954834,0.32060909271240234,0.4291037619113922,1.5673857809685339,11.993360202247061,4.881902168010356,7.111458034236705,7.111458034236705
subend_leak_dir_only,1337,test,sUbend_022__f12,1.847164511680603,0.9273004531860352,0.30541643500328064,0.332093745470047,1.9919805984501386,13.648066932848963,3.4395445219161047,10.208522410932858,10.208522410932858
subend_leak_dir_only,1337,test,sUbend_022__f13,1.7896595001220703,0.7089967131614685,0.28610414266586304,0.2463744580745697,2.524214099867751,12.811524505508714,2.0107053570950626,10.800819148413652,10.800819148413652
subend_leak_dir_only,1337,test,sUbend_022__f14,1.5900397300720215,0.5593370199203491,0.27813011407852173,0.17329387366771698,2.8427221396832394,10.112905372830028,1.2514316074135081,8.86147376541652,8.86147376541652
subend_leak_dir_only,1337,test,sUbend_022__f15,1.654313325881958,0.4369078278541565,0.25817710161209106,0.12533226609230042,3.786412649109555,10.947010320762502,0.763553800160949,10.183456520601553,10.183456520601553
subend_leak_dir_only,1337,test,sUbend_022__f16,1.5454950332641602,0.38657209277153015,0.23827554285526276,0.09958802908658981,3.9979477623015343,9.55421959137675,0.5977519316390421,8.956467659737708,8.956467659737708
subend_leak_dir_only,1337,test,sUbend_022__f17,1.5120034217834473,0.3058919310569763,0.22647996246814728,0.08324942737817764,4.942933331254878,9.144617389939413,0.3742794939430638,8.770337895996349,8.770337895996349
subend_leak_dir_only,1337,test,sUbend_022__f18,1.626624345779419,0.27003416419029236,0.22327083349227905,0.07218877226114273,6.023772401751139,10.58362704912929,0.2916737993197991,10.291953249809492,10.291953249809492
subend_leak_dir_only,1337,test,sUbend_022__f19,1.3802952766418457,0.231423482298851,0.22305208444595337,0.06663597375154495,5.964370006581215,7.620860202879157,0.21422731263730643,7.406632890241851,7.406632890241851
subend_leak_dir_only,1337,test,sUbend_022__f20,1.1624176502227783,0.2122746706008911,0.22565755248069763,0.061474140733480453,5.476007320761795,5.404859174197782,0.1802421431148673,5.224617031082914,5.224617031082914
subend_leak_dir_only,1337,test,sUbend_022__f21,1.3882060050964355,0.18821696937084198,0.2256249636411667,0.05540510267019272,7.375562414679345,7.708463650343219,0.14170251023657787,7.5667611401066415,7.5667611401066415
subend_leak_dir_only,1337,test,sUbend_022__f22,1.658427357673645,0.17297504842281342,0.22733451426029205,0.049495112150907516,9.587668122051051,11.001525202721552,0.11968146950749858,10.881843733214055,10.881843733214055
subend_leak_dir_only,1337,test,sUbend_022__f23,1.8623005151748657,0.16348809003829956,0.2250579446554184,0.043103307485580444,11.391046985371188,13.872652835282281,0.10691342233748458,13.765739412944797,13.765739412944797
subend_leak_dir_only,1337,test,sUbend_022__f24,1.7661343812942505,0.14399580657482147,0.21835601329803467,0.0383966825902462,12.26517926670699,12.4769226111585,0.0829391692445336,12.393983441913967,12.393983441913967
subend_leak_dir_only,1337,val,sUbend_016__f00,0.9293204545974731,0.13983136415481567,0.22491668164730072,0.03605708107352257,6.646008642013725,3.4545460293330166,0.07821124160558668,3.37633478772743,3.37633478772743
subend_leak_dir_only,1337,val,sUbend_016__f01,0.9443801045417786,0.14758743345737457,0.260656476020813,0.043770596385002136,6.398783977868478,3.5674151274173624,0.08712820205813987,3.4802869253592226,3.4802869253592226
subend_leak_dir_only,1337,val,sUbend_016__f02,1.0609302520751953,0.15146535634994507,0.27201223373413086,0.047494448721408844,7.004441660071928,4.50229199907335,0.09176701669686338,4.4105249823764865,4.4105249823764865
subend_leak_dir_only,1337,val,sUbend_016__f03,1.1762566566467285,0.1668083667755127,0.28410398960113525,0.05330801382660866,7.051544711961066,5.534318889222959,0.11130012490525587,5.423018764317703,5.423018764317703
subend_leak_dir_only,1337,val,sUbend_016__f04,1.8634881973266602,0.12245456129312515,0.2502099871635437,0.03341587260365486,15.217793258561779,13.890353046303062,0.05998047832596698,13.830372567977095,13.830372567977095
subend_leak_dir_only,1337,val,sUbend_016__f05,1.586374044418335,0.08487140387296677,0.19027940928936005,0.02085074782371521,18.691502343861035,10.066330435216742,0.028812620781472953,10.037517814435269,10.037517814435269
subend_leak_dir_only,1337,val,sUbend_016__f06,1.4619090557098389,0.3139774799346924,0.3205012381076813,0.10799472779035568,4.656095258850786,8.548712348665731,0.39432743162456063,8.15438491704117,8.15438491704117
subend_leak_dir_only,1337,val,sUbend_016__f07,1.418945074081421,1.0604346990585327,0.3293783664703369,0.3413296937942505,1.3380786910699718,8.053620493039716,4.498087003869443,3.555533489170273,3.555533489170273
subend_leak_dir_only,1337,val,sUbend_016__f08,1.87625253200531,1.4609826803207397,0.31902244687080383,0.503126323223114,1.2842400921504444,14.081294255425348,8.537881568788691,5.543412686636657,5.543412686636657
subend_leak_dir_only,1337,val,sUbend_016__f09,1.7033847570419312,1.6208704710006714,0.2968471050262451,0.5166246294975281,1.0509073905148745,11.606078522091195,10.508884335047753,1.097194187043442,1.097194187043442
subend_leak_dir_only,1337,val,sUbend_016__f10,1.621766209602356,1.424275517463684,0.27313387393951416,0.4651392996311188,1.1386604555910351,10.520502554431971,8.11424299858578,2.406259555846191,2.406259555846191
subend_leak_dir_only,1337,val,sUbend_016__f11,2.0072906017303467,1.2560820579528809,0.26381760835647583,0.3843291401863098,1.5980569016340855,16.11686223917991,6.310968545244577,9.805893693935332,9.805893693935332
subend_leak_dir_only,1337,val,sUbend_016__f12,1.895808219909668,0.9907641410827637,0.24122503399848938,0.28022316098213196,1.913480859165755,14.376355226708256,3.9264543330218658,10.44990089368639,10.44990089368639
subend_leak_dir_only,1337,val,sUbend_016__f13,1.9193520545959473,0.7234793305397034,0.23477722704410553,0.17705382406711578,2.652946633823171,14.735649237926737,2.0936893668727095,12.641959871054027,12.641959871054027
subend_leak_dir_only,1337,val,sUbend_016__f14,1.4188666343688965,0.5014791488647461,0.22348231077194214,0.11734998971223831,2.8293631700957897,8.05273010450128,1.0059253469844407,7.046804757516838,7.046804757516838
subend_leak_dir_only,1337,val,sUbend_016__f15,1.4558602571487427,0.3876854181289673,0.2190241813659668,0.0973774716258049,3.755261841353127,8.478116353380813,0.6011999337193288,7.876916419661484,7.876916419661484
subend_leak_dir_only,1337,val,sUbend_016__f16,1.4091887474060059,0.32781922817230225,0.21676072478294373,0.08784550428390503,4.298676301761452,7.943251703262831,0.42986178543793585,7.513389917824895,7.513389917824895
subend_leak_dir_only,1337,val,sUbend_016__f17,1.2593382596969604,0.28463879227638245,0.21986989676952362,0.07274795323610306,4.424338122100206,6.343731409346276,0.3240769682742304,6.019654441072046,6.019654441072046
subend_leak_dir_only,1337,val,sUbend_016__f18,1.495521903038025,0.2330220639705658,0.21197926998138428,0.0582464225590229,6.4179411921565155,8.946343049865902,0.21719712918840983,8.729145920677492,8.729145920677492
subend_leak_dir_only,1337,val,sUbend_016__f19,1.558206558227539,0.20139645040035248,0.19781062006950378,0.04838113859295845,7.737011030383145,9.712030712413252,0.16224212093544654,9.549788591477807,9.549788591477807
subend_leak_dir_only,1337,val,sUbend_016__f20,1.1886876821517944,0.1802574098110199,0.19360488653182983,0.04254575073719025,6.594390119096923,5.651913622797622,0.1299709351671119,5.52194268763051,5.52194268763051
subend_leak_dir_only,1337,val,sUbend_016__f21,1.1973670721054077,0.16701100766658783,0.19435468316078186,0.03896208852529526,7.169390142808848,5.7347516214491066,0.11157070672723624,5.62318091472187,5.62318091472187
subend_leak_dir_only,1337,val,sUbend_016__f22,1.1222193241119385,0.14924661815166473,0.19504627585411072,0.036142054945230484,7.519227825795937,5.037504845641024,0.08909821211883528,4.948406633522189,4.948406633522189
subend_leak_dir_only,1337,val,sUbend_016__f23,0.8713725805282593,0.14450791478157043,0.20244266092777252,0.03611912578344345,6.029929792048929,3.037160696385911,0.08353014973807049,2.9536305466478403,2.9536305466478403
subend_leak_dir_only,1337,val,sUbend_016__f24,0.9178183078765869,0.13714781403541565,0.20928137004375458,0.034975238144397736,6.6921832792725295,3.369561785093765,0.07523809157877182,3.2943236935149933,3.2943236935149933
subend_leak_dir_only,1337,val,sUbend_019__f00,1.0713099241256714,0.14872324466705322,0.21473386883735657,0.04501776397228241,7.203379179387952,4.590819814120607,0.0884744140171847,4.502345400103422,4.502345400103422
subend_leak_dir_only,1337,val,sUbend_019__f01,1.1002534627914429,0.14188675582408905,0.23233921825885773,0.045995235443115234,7.754447949712341,4.842230729538244,0.08052740591313867,4.761703323625105,4.761703323625105
subend_leak_dir_only,1337,val,sUbend_019__f02,1.1735520362854004,0.15169338881969452,0.2633119821548462,0.05100074037909508,7.73634266738088,5.508897527478439,0.09204353684641209,5.416853990632027,5.416853990632027
subend_leak_dir_only,1337,val,sUbend_019__f03,1.4998139142990112,0.17309197783470154,0.30038729310035706,0.06317298859357834,8.664837810862013,8.997767110099687,0.11984333116291523,8.877923778936772,8.877923778936772
subend_leak_dir_only,1337,val,sUbend_019__f04,1.5328094959259033,0.26184219121932983,0.34502968192100525,0.08817920088768005,5.853943891883943,9.398019803202487,0.27424533241016036,9.123774470792327,9.123774470792327
subend_leak_dir_only,1337,val,sUbend_019__f05,1.6877331733703613,0.4903830289840698,0.4062497317790985,0.16033218801021576,3.44166309520713,11.39377305797916,0.9619020604623643,10.431870997516796,10.431870997516796
subend_leak_dir_only,1337,val,sUbend_019__f06,1.9947391748428345,0.9081997871398926,0.42884984612464905,0.2998613715171814,2.196366045322117,15.915937502610689,3.2993074134437848,12.616630089166904,12.616630089166904
subend_leak_dir_only,1337,val,sUbend_019__f07,2.206716299057007,1.304381012916565,0.4216562509536743,0.44863244891166687,1.6917727851027529,19.478387298095413,6.805639307428976,12.672747990666437,12.672747990666437
subend_leak_dir_only,1337,val,sUbend_019__f08,2.145495653152466,1.6370285749435425,0.3836536407470703,0.5304021239280701,1.31060366690695,18.412606390784504,10.719450220726742,7.693156170057762,7.693156170057762
subend_leak_dir_only,1337,val,sUbend_019__f09,2.0791971683502197,1.6188859939575195,0.3510517179965973,0.5444782972335815,1.2843382277138775,17.292243459502288,10.483167445727304,6.809076013774984,6.809076013774984
subend_leak_dir_only,1337,val,sUbend_019__f10,2.1209611892700195,1.610708236694336,0.3427027463912964,0.5116552114486694,1.3167879451730364,17.993905465558782,10.377524095019908,7.616381370538875,7.616381370538875
subend_leak_dir_only,1337,val,sUbend_019__f11,2.0896401405334473,1.3670549392700195,0.3333131968975067,0.43741145730018616,1.5285707110273665,17.46638366771458,7.475356827930227,9.991026839784354,9.991026839784354
subend_leak_dir_only,1337,val,sUbend_019__f12,2.1122376918792725,1.0797072649002075,0.3331936299800873,0.3585837483406067,1.9563058993351286,17.846192267981905,4.663071111513148,13.183121156468758,13.183121156468758
subend_leak_dir_only,1337,val,sUbend_019__f13,2.0976250171661377,0.8902775049209595,0.3220975697040558,0.2651892900466919,2.3561473872715326,17.600122850564958,3.170376143073156,14.429746707491802,14.429746707491802
subend_leak_dir_only,1337,val,sUbend_019__f14,2.075695753097534,0.6385231018066406,0.2963533103466034,0.17810563743114471,3.250776279236491,17.23405143770856,1.6308470061630942,15.603204431545464,15.603204431545464
subend_leak_dir_only,1337,val,sUbend_019__f15,1.589097499847412,0.46108174324035645,0.2478044480085373,0.12794095277786255,3.4464550443478186,10.100923456085184,0.850385495798264,9.25053796028692,9.25053796028692
subend_leak_dir_only,1337,val,sUbend_019__f16,1.2608940601348877,0.3921951949596405,0.20890986919403076,0.10447657853364944,3.214965599628629,6.359415323533767,0.6152682837977217,5.7441470397360455,5.7441470397360455
subend_leak_dir_only,1337,val,sUbend_019__f17,1.1380877494812012,0.33920252323150635,0.20191311836242676,0.08883146196603775,3.355186567124839,5.180974902076741,0.4602334070664824,4.720741495010259,4.720741495010259
subend_leak_dir_only,1337,val,sUbend_019__f18,1.4412312507629395,0.28168585896492004,0.21605746448040009,0.07995810359716415,5.116448713680101,8.308590072702827,0.3173876925632193,7.991202380139608,7.991202380139608
subend_leak_dir_only,1337,val,sUbend_019__f19,1.4453990459442139,0.2600327134132385,0.2247162163257599,0.0731925219297409,5.558527721268732,8.356713608065775,0.27046804818020576,8.086245559885569,8.086245559885569
subend_leak_dir_only,1337,val,sUbend_019__f20,1.4509320259094238,0.22523963451385498,0.22040234506130219,0.06513869017362595,6.441726071173206,8.4208149752385,0.2029315718237399,8.21788340341476,8.21788340341476
subend_leak_dir_only,1337,val,sUbend_019__f21,1.4372681379318237,0.19946731626987457,0.21476832032203674,0.05795609951019287,7.205532038077024,8.262958801256048,0.15914884103962468,8.103809960216424,8.103809960216424
subend_leak_dir_only,1337,val,sUbend_019__f22,1.3143236637115479,0.17648626863956451,0.20971357822418213,0.05229571461677551,7.447172371215877,6.909786771968584,0.12458961207326613,6.785197159895318,6.785197159895318
subend_leak_dir_only,1337,val,sUbend_019__f23,1.3027853965759277,0.17449679970741272,0.20899511873722076,0.04869947209954262,7.465955815581554,6.788999158125989,0.12179653243251565,6.6672026256934735,6.6672026256934735
subend_leak_dir_only,1337,val,sUbend_019__f24,1.194779872894287,0.15677359700202942,0.20965659618377686,0.0465613417327404,7.621052879706657,5.709995778693155,0.09831184286781891,5.6116839358253365,5.6116839358253365
subend_leak_dir_only,1337,val,sUbend_023__f00,1.2338099479675293,0.11081650853157043,0.18441718816757202,0.03198875114321709,11.133809973953745,6.089147950814549,0.04912119425251049,6.040026756562039,6.040026756562039
subend_leak_dir_only,1337,val,sUbend_023__f01,1.1883831024169922,0.10386040061712265,0.1764770746231079,0.028834430500864983,11.442119377123534,5.649017592440941,0.043147931265396844,5.605869661175545,5.605869661175545
subend_leak_dir_only,1337,val,sUbend_023__f02,1.0304265022277832,0.10179544240236282,0.17169074714183807,0.026870548725128174,10.12252098826642,4.247115105973535,0.04144924837557107,4.205665857597964,4.205665857597964
subend_leak_dir_only,1337,val,sUbend_023__f03,0.8629860281944275,0.09641176462173462,0.16835898160934448,0.02536691352725029,8.95104483960332,2.978979539435173,0.037180913429907037,2.9417986260052658,2.9417986260052658
subend_leak_dir_only,1337,val,sUbend_023__f04,1.0366452932357788,0.10224653780460358,0.23045945167541504,0.035566747188568115,10.138683573001185,4.298533855951575,0.041817417972112914,4.256716437979462,4.256716437979462
subend_leak_dir_only,1337,val,sUbend_023__f05,1.2525825500488281,0.26425179839134216,0.2973966598510742,0.07765001058578491,4.7401098409700255,6.2758521787473,0.2793160518122342,5.996536126935066,5.996536126935066
subend_leak_dir_only,1337,val,sUbend_023__f06,1.2969995737075806,0.37265029549598694,0.3147616386413574,0.10674731433391571,3.4804737561828873,6.728831576790583,0.5554729709329855,6.173358605857597,6.173358605857597
subend_leak_dir_only,1337,val,sUbend_023__f07,1.3314763307571411,0.8645905256271362,0.33719247579574585,0.25214359164237976,1.5400080052824385,7.091316877465999,2.990067108016831,4.1012497694491685,4.1012497694491685
subend_leak_dir_only,1337,val,sUbend_023__f08,1.9695909023284912,1.563048243522644,0.3411957025527954,0.4973137378692627,1.2600960402153816,15.51715329014064,9.772479246316891,5.74467404382375,5.74467404382375
subend_leak_dir_only,1337,val,sUbend_023__f09,1.7398072481155396,1.822366714477539,0.30680277943611145,0.5369448661804199,0.9546965680913082,12.107717042381466,13.284081768142642,1.1763647257611751,-1.1763647257611751
subend_leak_dir_only,1337,val,sUbend_023__f10,1.440335750579834,1.5853747129440308,0.28724855184555054,0.4729996919631958,0.9085143965145878,8.298268297593495,10.053651921769472,1.7553836241759768,-1.7553836241759768
subend_leak_dir_only,1337,val,sUbend_023__f11,1.689754843711853,1.3955347537994385,0.2843841016292572,0.41334015130996704,1.2108296401156475,11.421085727390675,7.7900689962482375,3.631016731142438,3.631016731142438
subend_leak_dir_only,1337,val,sUbend_023__f12,1.7552412748336792,1.1601338386535645,0.27837979793548584,0.3330318033695221,1.512964466988385,12.323487731519037,5.383642094356219,6.9398456371628185,6.9398456371628185
subend_leak_dir_only,1337,val,sUbend_023__f13,1.6419479846954346,0.9522798657417297,0.2597705125808716,0.25010010600090027,1.7242283952066162,10.783972737781596,3.6273477707883472,7.156624966993249,7.156624966993249
subend_leak_dir_only,1337,val,sUbend_023__f14,1.6374424695968628,0.7095852494239807,0.25014325976371765,0.17394037544727325,2.3076050001406987,10.724871364957892,2.0140449048003717,8.71082646015752,8.71082646015752
subend_leak_dir_only,1337,val,sUbend_023__f15,1.4326666593551636,0.5211384892463684,0.23354566097259521,0.12329576164484024,2.7491092846106593,8.210135027311537,1.086341299895949,7.123793727415588,7.123793727415588
subend_leak_dir_only,1337,val,sUbend_023__f16,1.429531216621399,0.43774843215942383,0.21817278861999512,0.09760218113660812,3.26564554342202,8.174237997180228,0.7664947594321347,7.407743237748093,7.407743237748093
subend_leak_dir_only,1337,val,sUbend_023__f17,1.3654212951660156,0.38649940490722656,0.20761117339134216,0.08201386779546738,3.5327901617177515,7.457501253171358,0.5975271599745611,6.859974093196797,6.859974093196797
subend_leak_dir_only,1337,val,sUbend_023__f18,1.2007062435150146,0.3461501896381378,0.19694185256958008,0.0692809671163559,3.4687435669765825,5.766781932863751,0.4792798151460751,5.2875021177176755,5.2875021177176755
subend_leak_dir_only,1337,val,sUbend_023__f19,1.2038230895996094,0.2882310450077057,0.19021570682525635,0.06032847240567207,4.176590656871906,5.796760124212597,0.33230854122493625,5.46445158298766,5.46445158298766
subend_leak_dir_only,1337,val,sUbend_023__f20,1.1987948417663574,0.22687876224517822,0.18646195530891418,0.05285300686955452,5.283856584473389,5.748436290582504,0.20589589103161643,5.542540399550887,5.542540399550887
subend_leak_dir_only,1337,val,sUbend_023__f21,1.2225323915481567,0.18721087276935577,0.1835630089044571,0.04703010246157646,6.5302424664956265,5.9783417935378225,0.14019164353225566,5.838150150005567,5.838150150005567
subend_leak_dir_only,1337,val,sUbend_023__f22,1.2302387952804565,0.1636490821838379,0.18342642486095428,0.0429171547293663,7.517541674315335,6.053949973652436,0.10712408839845011,5.946825885253986,5.946825885253986
subend_leak_dir_only,1337,val,sUbend_023__f23,1.249120831489563,0.13409310579299927,0.1808459311723709,0.038356877863407135,9.31532478200514,6.241211406644709,0.07192384408484997,6.169287562559859,6.169287562559859
subend_leak_dir_only,1337,val,sUbend_023__f24,1.2428779602050781,0.12464030086994171,0.1824071705341339,0.03552336245775223,9.971718228616783,6.178982495854143,0.06214081840379837,6.116841677450345,6.116841677450345
subend_leak_dir_only,2026,test,sUbend_012__f00,1.7158352136611938,0.48265302181243896,0.2841646373271942,0.10553682595491409,3.555007709716515,11.776361921759019,0.9318157578587147,10.844546163900304,10.844546163900304
subend_leak_dir_only,2026,test,sUbend_012__f01,1.4815253019332886,0.45587942004203796,0.27360716462135315,0.09230007976293564,3.249818344062719,8.779668881074087,0.8313041824714595,7.948364698602628,7.948364698602628
subend_leak_dir_only,2026,test,sUbend_012__f02,1.439797282218933,0.38823622465133667,0.26709309220314026,0.07528668642044067,3.7085598684460006,8.292064855540104,0.6029094645260926,7.689155391014012,7.689155391014012
subend_leak_dir_only,2026,test,sUbend_012__f03,1.3597277402877808,0.33899757266044617,0.24101929366588593,0.06108138710260391,4.011025004151695,7.395438110832458,0.4596774170786979,6.93576069375376,6.93576069375376
subend_leak_dir_only,2026,test,sUbend_012__f04,1.1280275583267212,0.2649005949497223,0.1969699263572693,0.05264614149928093,4.2583051145688025,5.0897846893781775,0.28068930081886734,4.80909538855931,4.80909538855931
subend_leak_dir_only,2026,test,sUbend_012__f05,1.0817179679870605,0.25847500562667847,0.25440219044685364,0.06178370490670204,4.18500026865039,4.680455049064221,0.26723731413484586,4.4132177349293755,4.4132177349293755
subend_leak_dir_only,2026,test,sUbend_012__f06,1.6537420749664307,1.2772669792175293,0.37961235642433167,0.2524249851703644,1.294750511736814,10.939451402057102,6.52564374479789,4.413807657259213,4.413807657259213
subend_leak_dir_only,2026,test,sUbend_012__f07,1.567930817604065,2.64764404296875,0.3659277856349945,0.5706283450126648,0.5921984950235136,9.833628195170206,28.040075913071632,18.206447717901426,-18.206447717901426
subend_leak_dir_only,2026,test,sUbend_012__f08,1.7178698778152466,3.358830213546753,0.3182641863822937,0.7576717734336853,0.5114488582622531,11.80430766841988,45.1269616137381,33.32265394531822,-33.32265394531822
subend_leak_dir_only,2026,test,sUbend_012__f09,1.641501784324646,3.3379228115081787,0.3224625289440155,0.7887685894966125,0.4917734402560866,10.778112431763986,44.56691478234666,33.78880235058267,-33.78880235058267
subend_leak_dir_only,2026,test,sUbend_012__f10,1.8016892671585083,2.945417642593384,0.30291324853897095,0.7438451647758484,0.6116922914782826,12.98433686157665,34.701940357201465,21.717603495624815,-21.717603495624815
subend_leak_dir_only,2026,test,sUbend_012__f11,1.5384950637817383,2.3651576042175293,0.2887992262840271,0.6251805424690247,0.650483105666323,9.4678682451231,22.375881971152012,12.908013726028912,-12.908013726028912
subend_leak_dir_only,2026,test,sUbend_012__f12,1.5251997709274292,1.880467176437378,0.2725192904472351,0.4930272400379181,0.8110749233161212,9.30493736494833,14.144627206633459,4.839689841685129,-4.839689841685129
subend_leak_dir_only,2026,test,sUbend_012__f13,1.5620826482772827,1.5041799545288086,0.27287212014198303,0.3845941126346588,1.038494525587939,9.760408800195876,9.050229342425155,0.710179457770721,0.710179457770721
subend_leak_dir_only,2026,test,sUbend_012__f14,1.4476699829101562,1.0965973138809204,0.26200225949287415,0.2873152196407318,1.3201472998203594,8.382993517676368,4.8101026752433995,3.572890842432969,3.572890842432969
subend_leak_dir_only,2026,test,sUbend_012__f15,1.4748765230178833,0.7118344902992249,0.24850477278232574,0.20995444059371948,2.0719374280359864,8.701043032597283,2.026833366318229,6.674209666279054,6.674209666279054
subend_leak_dir_only,2026,test,sUbend_012__f16,1.457887887954712,0.5640744566917419,0.22885319590568542,0.16667626798152924,2.584566400161292,8.501748375380203,1.2727199707683354,7.229028404611867,7.229028404611867
subend_leak_dir_only,2026,test,sUbend_012__f17,1.05250883102417,0.5132749080657959,0.22719106078147888,0.14551451802253723,2.0505752657779452,4.431099357535459,1.053804524999805,3.3772948325356538,3.3772948325356538
subend_leak_dir_only,2026,test,sUbend_012__f18,1.5489773750305176,0.5176658630371094,0.2434464395046234,0.13992194831371307,2.9922339594555756,9.59732363342573,1.0719117830158211,8.52541185040991,8.52541185040991
subend_leak_dir_only,2026,test,sUbend_012__f19,2.0209133625030518,0.5698524117469788,0.2671106159687042,0.13915123045444489,3.5463802922367225,16.336363274973564,1.2989270846953929,15.037436190278171,15.037436190278171
subend_leak_dir_only,2026,test,sUbend_012__f20,2.0496103763580322,0.5585685968399048,0.27731645107269287,0.134679913520813,3.6693977927754595,16.803610779498058,1.2479955095028004,15.555615269995258,15.555615269995258
subend_leak_dir_only,2026,test,sUbend_012__f21,1.870741605758667,0.5518748164176941,0.2807724177837372,0.12942193448543549,3.389793391736814,13.998696622066063,1.2182632519842542,12.78043337008181,12.78043337008181
subend_leak_dir_only,2026,test,sUbend_012__f22,1.7144291400909424,0.5466099381446838,0.28280678391456604,0.12475831806659698,3.136476343460014,11.757069105571873,1.1951296979141404,10.561939407657732,10.561939407657732
subend_leak_dir_only,2026,test,sUbend_012__f23,1.7024707794189453,0.5331071615219116,0.28373831510543823,0.11906066536903381,3.193486980288804,11.593627019101405,1.1368129826637983,10.456814036437606,10.456814036437606
subend_leak_dir_only,2026,test,sUbend_012__f24,1.7764066457748413,0.5210325717926025,0.28601035475730896,0.11320210993289948,3.4093965366947185,12.62248228461209,1.085899763475254,11.536582521136836,11.536582521136836
subend_leak_dir_only,2026,test,sUbend_021__f00,2.000535726547241,0.28423604369163513,0.30252841114997864,0.07498495280742645,7.038290079486199,16.008572772767593,0.32316051413389246,15.6854122586337,15.6854122586337
subend_leak_dir_only,2026,test,sUbend_021__f01,1.8590739965438843,0.2860671281814575,0.302818238735199,0.07170616090297699,6.498733385978693,13.824624498502601,0.3273376073039458,13.497286891198655,13.497286891198655
subend_leak_dir_only,2026,test,sUbend_021__f02,1.7256513833999634,0.27683666348457336,0.2907823920249939,0.0635092481970787,6.233464027773636,11.91149078812083,0.30655415299708366,11.604936635123746,11.604936635123746
subend_leak_dir_only,2026,test,sUbend_021__f03,1.7295937538146973,0.27063122391700745,0.2901877462863922,0.05930048227310181,6.390961577829983,11.965978212939262,0.2929650374352697,11.673013175503993,11.673013175503993
subend_leak_dir_only,2026,test,sUbend_021__f04,1.7753548622131348,0.22834274172782898,0.2532004117965698,0.039422787725925446,7.774956404479248,12.607539547135275,0.20856163079912804,12.398977916336147,12.398977916336147
subend_leak_dir_only,2026,test,sUbend_021__f05,1.4851641654968262,0.1853945553302765,0.21994991600513458,0.0305553637444973,8.010829459641021,8.822850393903536,0.1374845645844438,8.685365829319093,8.685365829319093
subend_leak_dir_only,2026,test,sUbend_021__f06,1.4914138317108154,0.7181300520896912,0.3947453796863556,0.19818057119846344,2.07680186530412,8.897260869673346,2.06284308685737,6.834417782815976,6.834417782815976
subend_leak_dir_only,2026,test,sUbend_021__f07,2.1324009895324707,1.7748973369598389,0.4228892922401428,0.5199140906333923,1.2014221584133917,18.18853592063624,12.601042226988511,5.58749369364773,5.58749369364773
subend_leak_dir_only,2026,test,sUbend_021__f08,1.7154449224472046,2.3739774227142334,0.33832257986068726,0.6764387488365173,0.7226037223580203,11.771005127799583,22.543075214227656,10.772070086428073,-10.772070086428073
subend_leak_dir_only,2026,test,sUbend_021__f09,1.9608875513076782,2.2838501930236816,0.3203795254230499,0.6834629774093628,0.8585885174506914,15.38031995549369,20.86388681669723,5.483566861203542,-5.483566861203542
subend_leak_dir_only,2026,test,sUbend_021__f10,1.9685962200164795,2.1059648990631104,0.3218114972114563,0.6278491616249084,0.9347716198367111,15.501484309852685,17.740352624343586,2.238868314490901,-2.238868314490901
subend_leak_dir_only,2026,test,sUbend_021__f11,1.8699729442596436,1.8058662414550781,0.3164809048175812,0.5286971926689148,1.0354991423688786,13.98719524905232,13.044611528108362,0.9425837209439578,0.9425837209439578
subend_leak_dir_only,2026,test,sUbend_021__f12,1.9244494438171387,1.4528396129608154,0.30604124069213867,0.4208817481994629,1.3246124531910344,14.814022647232377,8.442971763952528,6.37105088327985,6.37105088327985
subend_leak_dir_only,2026,test,sUbend_021__f13,1.8974320888519287,1.151943325996399,0.29247283935546875,0.3210694491863251,1.6471574998802156,14.400994127219974,5.307893705230583,9.09310042198939,9.09310042198939
subend_leak_dir_only,2026,test,sUbend_021__f14,1.851912021636963,0.8249955773353577,0.28014788031578064,0.232591912150383,2.244753878097661,13.718312543534012,2.7224708104916004,10.995841733042411,10.995841733042411
subend_leak_dir_only,2026,test,sUbend_021__f15,1.6382282972335815,0.5994604229927063,0.26949191093444824,0.17230843007564545,2.732838123082421,10.73516781542736,1.4374111949383774,9.297756620488983,9.297756620488983
subend_leak_dir_only,2026,test,sUbend_021__f16,1.5686267614364624,0.49976885318756104,0.2587062120437622,0.13719043135643005,3.1387045259656543,9.842359666778577,0.9990756264656397,8.843284040312938,8.843284040312938
subend_leak_dir_only,2026,test,sUbend_021__f17,1.5527008771896362,0.4746529161930084,0.2512911856174469,0.11529845744371414,3.2712342518470074,9.643520056101863,0.9011815634021083,8.742338492699755,8.742338492699755
subend_leak_dir_only,2026,test,sUbend_021__f18,1.3574655055999756,0.43479782342910767,0.25186842679977417,0.10288877040147781,3.122061409815925,7.370850395575189,0.756196589034758,6.6146538065404314,6.6146538065404314
subend_leak_dir_only,2026,test,sUbend_021__f19,1.2126137018203735,0.40467509627342224,0.25780925154685974,0.09455490112304688,2.9965118016579417,5.881727959370039,0.6550477341756142,5.226680225194425,5.226680225194425
subend_leak_dir_only,2026,test,sUbend_021__f20,1.266634225845337,0.38497668504714966,0.2736801505088806,0.09208906441926956,3.2901582746243636,6.417449048331264,0.592828192119569,5.824620856211695,5.824620856211695
subend_leak_dir_only,2026,test,sUbend_021__f21,2.0019636154174805,0.35445716977119446,0.29524368047714233,0.09224628657102585,5.6479704352144084,16.03143326982172,0.5025595408088215,15.528873729012897,15.528873729012897
subend_leak_dir_only,2026,test,sUbend_021__f22,2.114250898361206,0.3197004497051239,0.30274370312690735,0.08841510862112045,6.613224661745981,17.880227444884667,0.40883351016663383,17.471393934718034,17.471393934718034
subend_leak_dir_only,2026,test,sUbend_021__f23,2.0854029655456543,0.30677521228790283,0.31046271324157715,0.08725284785032272,6.797820951676312,17.395622114826438,0.3764441234971514,17.019177991329286,17.019177991329286
subend_leak_dir_only,2026,test,sUbend_021__f24,1.9975078105926514,0.2920149862766266,0.30943652987480164,0.08156520873308182,6.840429102842026,15.96014981351459,0.34109100884055366,15.619058804674037,15.619058804674037
subend_leak_dir_only,2026,test,sUbend_022__f00,1.5825101137161255,0.13690918684005737,0.20991167426109314,0.03389902412891388,11.558830712835036,10.017353040055298,0.07497650176482296,9.942376538290475,9.942376538290475
subend_leak_dir_only,2026,test,sUbend_022__f01,1.1497180461883545,0.11378740519285202,0.1885673999786377,0.03092322312295437,10.104088798226487,5.287406342924669,0.05179029432208915,5.23561604860258,5.23561604860258
subend_leak_dir_only,2026,test,sUbend_022__f02,1.052907109260559,0.10572563111782074,0.18729035556316376,0.02841157652437687,9.958863315624935,4.434453522925708,0.04471163630104602,4.389741886624662,4.389741886624662
subend_leak_dir_only,2026,test,sUbend_022__f03,1.1097593307495117,0.1010335236787796,0.20139437913894653,0.02708689123392105,10.98407033964112,4.926263088742417,0.040831091627802074,4.8854319971146145,4.8854319971146145
subend_leak_dir_only,2026,test,sUbend_022__f04,1.1461825370788574,0.14884856343269348,0.3081647753715515,0.05713614076375961,7.700326497253295,5.2549376332181055,0.0886235793439063,5.166314053874199,5.166314053874199
subend_leak_dir_only,2026,test,sUbend_022__f05,1.6100505590438843,0.4543622136116028,0.3982613980770111,0.16181135177612305,3.543539737263859,10.369051210710097,0.825780084632143,9.543271126077954,9.543271126077954
subend_leak_dir_only,2026,test,sUbend_022__f06,1.7569636106491089,0.77876877784729,0.42883744835853577,0.2856981158256531,2.2560786469968557,12.347684516580614,2.425923237399047,9.921761279181567,9.921761279181567
subend_leak_dir_only,2026,test,sUbend_022__f07,2.0270984172821045,1.1009187698364258,0.4235844910144806,0.42569229006767273,1.841278823489666,16.436511973390452,4.848088551112596,11.588423422277856,11.588423422277856
subend_leak_dir_only,2026,test,sUbend_022__f08,1.943466305732727,1.4119216203689575,0.37807387113571167,0.5578948855400085,1.3764689751155368,15.108245126073655,7.97409064826121,7.134154477812444,7.134154477812444
subend_leak_dir_only,2026,test,sUbend_022__f09,1.968936800956726,1.4451364278793335,0.34303832054138184,0.5705522894859314,1.3624573867022671,15.506848504646825,8.35367718073536,7.153171323911465,7.153171323911465
subend_leak_dir_only,2026,test,sUbend_022__f10,1.7027322053909302,1.3665584325790405,0.3252643048763275,0.5101863145828247,1.2460002915334143,11.597187853101843,7.469927798611536,4.127260054490307,4.127260054490307
subend_leak_dir_only,2026,test,sUbend_022__f11,1.7314883470535278,1.1047513484954834,0.32393693923950195,0.4291037619113922,1.5673104625865109,11.992207583928632,4.881902168010356,7.110305415918276,7.110305415918276
subend_leak_dir_only,2026,test,sUbend_022__f12,1.842606544494629,0.9273004531860352,0.31256869435310364,0.332093745470047,1.9870652906118713,13.580795511257747,3.4395445219161047,10.141250989341643,10.141250989341643
subend_leak_dir_only,2026,test,sUbend_022__f13,1.860094428062439,0.7089967131614685,0.29244229197502136,0.2463744580745697,2.6235586054667883,13.839805125235728,2.0107053570950626,11.829099768140665,11.829099768140665
subend_leak_dir_only,2026,test,sUbend_022__f14,1.7619918584823608,0.5593370199203491,0.2841615378856659,0.17329387366771698,3.150143465800409,12.418461237432496,1.2514316074135081,11.167029630018988,11.167029630018988
subend_leak_dir_only,2026,test,sUbend_022__f15,1.7672908306121826,0.4369078278541565,0.26300516724586487,0.12533226609230042,4.044996948880758,12.493267519863593,0.763553800160949,11.729713719702644,11.729713719702644
subend_leak_dir_only,2026,test,sUbend_022__f16,1.4566477537155151,0.38657209277153015,0.242226243019104,0.09958802908658981,3.7681141007155308,8.487290713617824,0.5977519316390421,7.889538781978782,7.889538781978782
subend_leak_dir_only,2026,test,sUbend_022__f17,1.388399362564087,0.3058919310569763,0.22956860065460205,0.08324942737817764,4.538855790561797,7.7106111598734515,0.3742794939430638,7.336331665930388,7.336331665930388
subend_leak_dir_only,2026,test,sUbend_022__f18,1.4562231302261353,0.27003416419029236,0.22676149010658264,0.07218877226114273,5.392736636094456,8.482343220022415,0.2916737993197991,8.190669420702616,8.190669420702616
subend_leak_dir_only,2026,test,sUbend_022__f19,1.4250376224517822,0.231423482298851,0.22641445696353912,0.06663597375154495,6.157705381909109,8.122928901612113,0.21422731263730643,7.9087015889748065,7.9087015889748065
subend_leak_dir_only,2026,test,sUbend_022__f20,1.0947695970535278,0.2122746706008911,0.2281070351600647,0.061474140733480453,5.157325619465275,4.794081882530975,0.1802421431148673,4.6138397394161075,4.6138397394161075
subend_leak_dir_only,2026,test,sUbend_022__f21,1.3463469743728638,0.18821696937084198,0.22731636464595795,0.05540510267019272,7.153164663490942,7.250600701611859,0.14170251023657787,7.108898191375281,7.108898191375281
subend_leak_dir_only,2026,test,sUbend_022__f22,1.7786426544189453,0.17297504842281342,0.2305324673652649,0.049495112150907516,10.282654467431055,12.654278768473887,0.11968146950749858,12.53459729896639,12.53459729896639
subend_leak_dir_only,2026,test,sUbend_022__f23,1.692257046699524,0.16348809003829956,0.22817862033843994,0.043103307485580444,10.350950006835893,11.454935648416779,0.10691342233748458,11.348022226079294,11.348022226079294
subend_leak_dir_only,2026,test,sUbend_022__f24,1.5769610404968262,0.14399580657482147,0.22052699327468872,0.0383966825902462,10.951437253677408,9.94722449297933,0.0829391692445336,9.864285323734798,9.864285323734798
subend_leak_dir_only,2026,val,sUbend_016__f00,0.800268292427063,0.13983136415481567,0.22202186286449432,0.03605708107352257,5.723095796598523,2.561717359456509,0.07821124160558668,2.483506117850922,2.483506117850922
subend_leak_dir_only,2026,val,sUbend_016__f01,0.8112714886665344,0.14758743345737457,0.2550872564315796,0.043770596385002136,5.496887300373318,2.6326457132928596,0.08712820205813987,2.5455175112347197,2.5455175112347197
subend_leak_dir_only,2026,val,sUbend_016__f02,0.9473846554756165,0.15146535634994507,0.26661813259124756,0.047494448721408844,6.254794352358582,3.59015074172261,0.09176701669686338,3.4983837250257466,3.4983837250257466
subend_leak_dir_only,2026,val,sUbend_016__f03,1.0735780000686646,0.1668083667755127,0.27933838963508606,0.05330801382660866,6.435996112314102,4.610278888925734,0.11130012490525587,4.498978764020478,4.498978764020478
subend_leak_dir_only,2026,val,sUbend_016__f04,1.8276737928390503,0.12245456129312515,0.24680832028388977,0.03341587260365486,14.925322287212012,13.361565972122719,0.05998047832596698,13.301585493796752,13.301585493796752
subend_leak_dir_only,2026,val,sUbend_016__f05,1.5184341669082642,0.08487140387296677,0.19250546395778656,0.02085074782371521,17.8909985886532,9.222569276937577,0.028812620781472953,9.193756656156104,9.193756656156104
subend_leak_dir_only,2026,val,sUbend_016__f06,1.4414039850234985,0.3139774799346924,0.32212573289871216,0.10799472779035568,4.59078780211661,8.310581792166488,0.39432743162456063,7.916254360541927,7.916254360541927
subend_leak_dir_only,2026,val,sUbend_016__f07,1.5732800960540771,1.0604346990585327,0.3364943265914917,0.3413296937942505,1.4836180836508415,9.900841042559705,4.498087003869443,5.4027540386902615,5.4027540386902615
subend_leak_dir_only,2026,val,sUbend_016__f08,1.7644473314285278,1.4609826803207397,0.3259221315383911,0.503126323223114,1.207712695841929,12.453097541541013,8.537881568788691,3.9152159727523212,3.9152159727523212
subend_leak_dir_only,2026,val,sUbend_016__f09,1.4931098222732544,1.6208704710006714,0.30263882875442505,0.5166246294975281,0.9211777554016751,8.917507765475477,10.508884335047753,1.591376569572276,-1.591376569572276
subend_leak_dir_only,2026,val,sUbend_016__f10,1.5394344329833984,1.424275517463684,0.27567362785339355,0.4651392996311188,1.0808543811275972,9.47943349381967,8.11424299858578,1.3651904952338896,1.3651904952338896
subend_leak_dir_only,2026,val,sUbend_016__f11,1.9464529752731323,1.2560820579528809,0.2637678384780884,0.3843291401863098,1.5496224653072381,15.154716739798516,6.310968545244577,8.843748194553939,8.843748194553939
subend_leak_dir_only,2026,val,sUbend_016__f12,1.8085607290267944,0.9907641410827637,0.24382345378398895,0.28022316098213196,1.825420051083294,13.08356764231172,3.9264543330218658,9.157113309289855,9.157113309289855
subend_leak_dir_only,2026,val,sUbend_016__f13,1.7616969347000122,0.7234793305397034,0.23519650101661682,0.17705382406711578,2.4350342301912287,12.414304358925676,2.0936893668727095,10.320614992052967,10.320614992052967
subend_leak_dir_only,2026,val,sUbend_016__f14,1.378871202468872,0.5014791488647461,0.22190271317958832,0.11734998971223831,2.7496082451092443,7.605143171991813,1.0059253469844407,6.599217825007372,6.599217825007372
subend_leak_dir_only,2026,val,sUbend_016__f15,1.3310765027999878,0.3876854181289673,0.2192404419183731,0.0973774716258049,3.4333932630842265,7.087058625224984,0.6011999337193288,6.485858691505655,6.485858691505655
subend_leak_dir_only,2026,val,sUbend_016__f16,1.3830758333206177,0.32781922817230225,0.21915218234062195,0.08784550428390503,4.219019857473617,7.651595042862084,0.42986178543793585,7.221733257424148,7.221733257424148
subend_leak_dir_only,2026,val,sUbend_016__f17,1.1971752643585205,0.28463879227638245,0.22218455374240875,0.07274795323610306,4.205945559226765,5.732914454367574,0.3240769682742304,5.4088374860933435,5.4088374860933435
subend_leak_dir_only,2026,val,sUbend_016__f18,1.4796842336654663,0.2330220639705658,0.21319825947284698,0.0582464225590229,6.34997479831941,8.757861725432633,0.21719712918840983,8.540664596244223,8.540664596244223
subend_leak_dir_only,2026,val,sUbend_016__f19,1.65361750125885,0.20139645040035248,0.1988871544599533,0.04838113859295845,8.2107579253341,10.937803361878252,0.16224212093544654,10.775561240942807,10.775561240942807
subend_leak_dir_only,2026,val,sUbend_016__f20,1.4190305471420288,0.1802574098110199,0.1955859363079071,0.04254575073719025,7.872245299817226,8.054590774888823,0.1299709351671119,7.924619839721711,7.924619839721711
subend_leak_dir_only,2026,val,sUbend_016__f21,0.9237962961196899,0.16701100766658783,0.19646812975406647,0.03896208852529526,5.531349753687549,3.4135983868978315,0.11157070672723624,3.3020276801705952,3.3020276801705952
subend_leak_dir_only,2026,val,sUbend_016__f22,0.9914075136184692,0.14924661815166473,0.19658945500850677,0.036142054945230484,6.642746923826433,3.931555432236621,0.08909821211883528,3.842457220117786,3.842457220117786
subend_leak_dir_only,2026,val,sUbend_016__f23,0.8349270224571228,0.14450791478157043,0.20189611613750458,0.03611912578344345,5.777725211239459,2.7884125313164674,0.08353014973807049,2.704882381578397,2.704882381578397
subend_leak_dir_only,2026,val,sUbend_016__f24,0.8335627913475037,0.13714781403541565,0.20778198540210724,0.034975238144397736,6.0778423426585055,2.7793077084761677,0.07523809157877182,2.704069616897396,2.704069616897396
subend_leak_dir_only,2026,val,sUbend_019__f00,1.0995087623596191,0.14872324466705322,0.21286961436271667,0.04501776397228241,7.392985305162551,4.835678074022326,0.0884744140171847,4.747203660005141,4.747203660005141
subend_leak_dir_only,2026,val,sUbend_019__f01,1.162315011024475,0.14188675582408905,0.22776395082473755,0.045995235443115234,8.191849931825287,5.403904739411303,0.08052740591313867,5.323377333498164,5.323377333498164
subend_leak_dir_only,2026,val,sUbend_019__f02,1.1936545372009277,0.15169338881969452,0.25734442472457886,0.05100074037909508,7.868863280651782,5.699244616721444,0.09204353684641209,5.607201079875032,5.607201079875032
subend_leak_dir_only,2026,val,sUbend_019__f03,1.4345183372497559,0.17309197783470154,0.2942715883255005,0.06317298859357834,8.287607289459045,8.231371439623217,0.11984333116291523,8.111528108460302,8.111528108460302
subend_leak_dir_only,2026,val,sUbend_019__f04,1.5390678644180298,0.26184219121932983,0.34020906686782837,0.08817920088768005,5.87784519084185,9.4749195651371,0.27424533241016036,9.20067423272694,9.20067423272694
subend_leak_dir_only,2026,val,sUbend_019__f05,1.6845428943634033,0.4903830289840698,0.4091637134552002,0.16033218801021576,3.4351574071665643,11.350739051800929,0.9619020604623643,10.388836991338565,10.388836991338565
subend_leak_dir_only,2026,val,sUbend_019__f06,1.8158029317855835,0.9081997871398926,0.4397955536842346,0.2998613715171814,1.9993430492908608,13.188561148324482,3.2993074134437848,9.889253734880697,9.889253734880697
subend_leak_dir_only,2026,val,sUbend_019__f07,2.2878880500793457,1.304381012916565,0.4348567724227905,0.44863244891166687,1.7540028775516154,20.937726918783483,6.805639307428976,14.132087611354507,14.132087611354507
subend_leak_dir_only,2026,val,sUbend_019__f08,2.1941230297088623,1.6370285749435425,0.396492063999176,0.5304021239280701,1.3403083264960924,19.256703477995188,10.719450220726742,8.537253257268446,8.537253257268446
subend_leak_dir_only,2026,val,sUbend_019__f09,2.150282859802246,1.6188859939575195,0.36279991269111633,0.5444782972335815,1.3282484794038378,18.494865508637304,10.483167445727304,8.01169806291,8.01169806291
subend_leak_dir_only,2026,val,sUbend_019__f10,2.285335063934326,1.610708236694336,0.3488803803920746,0.5116552114486694,1.418838627549661,20.891025417790843,10.377524095019908,10.513501322770935,10.513501322770935
subend_leak_dir_only,2026,val,sUbend_019__f11,2.245469093322754,1.3670549392700195,0.3386348783969879,0.43741145730018616,1.6425595115597844,20.168525796270842,7.475356827930227,12.693168968340615,12.693168968340615
subend_leak_dir_only,2026,val,sUbend_019__f12,2.2537195682525635,1.0797072649002075,0.33993563055992126,0.3585837483406067,2.0873431544992567,20.317007569298084,4.663071111513148,15.653936457784937,15.653936457784937
subend_leak_dir_only,2026,val,sUbend_019__f13,2.24003267288208,0.8902775049209595,0.3329801559448242,0.2651892900466919,2.5161061135437253,20.070985502316944,3.170376143073156,16.900609359243788,16.900609359243788
subend_leak_dir_only,2026,val,sUbend_019__f14,2.130197048187256,0.6385231018066406,0.30137231945991516,0.17810563743114471,3.336131523135287,18.150957856422792,1.6308470061630942,16.520110850259698,16.520110850259698
subend_leak_dir_only,2026,val,sUbend_019__f15,1.6655408143997192,0.46108174324035645,0.24905547499656677,0.12794095277786255,3.6122462856472124,11.09610481772512,0.850385495798264,10.245719321926856,10.245719321926856
subend_leak_dir_only,2026,val,sUbend_019__f16,1.275378704071045,0.3921951949596405,0.21052686870098114,0.10447657853364944,3.2518978316455147,6.506363355191752,0.6152682837977217,5.89109507139403,5.89109507139403
subend_leak_dir_only,2026,val,sUbend_019__f17,1.0845155715942383,0.33920252323150635,0.20379172265529633,0.08883146196603775,3.19725089678668,4.7046961001215095,0.4602334070664824,4.244462693055027,4.244462693055027
subend_leak_dir_only,2026,val,sUbend_019__f18,1.0712270736694336,0.28168585896492004,0.21846024692058563,0.07995810359716415,3.802913918383243,4.590109773449512,0.3173876925632193,4.272722080886293,4.272722080886293
subend_leak_dir_only,2026,val,sUbend_019__f19,1.2849675416946411,0.2600327134132385,0.22592191398143768,0.0731925219297409,4.941561101401106,6.604566332835077,0.27046804818020576,6.334098284654871,6.334098284654871
subend_leak_dir_only,2026,val,sUbend_019__f20,1.1340529918670654,0.22523963451385498,0.2213422656059265,0.06513869017362595,5.034873166593188,5.1443047534505695,0.2029315718237399,4.94137318162683,4.94137318162683
subend_leak_dir_only,2026,val,sUbend_019__f21,1.125630259513855,0.19946731626987457,0.21538707613945007,0.05795609951019287,5.643181452298199,5.068173924532914,0.15914884103962468,4.909025083493289,4.909025083493289
subend_leak_dir_only,2026,val,sUbend_019__f22,1.0271220207214355,0.17648626863956451,0.2097875028848648,0.05229571461677551,5.819840991817402,4.21991858180354,0.12458961207326613,4.095328969730274,4.095328969730274
subend_leak_dir_only,2026,val,sUbend_019__f23,1.1124012470245361,0.17449679970741272,0.20912034809589386,0.04869947209954262,6.374909161026182,4.949746137526972,0.12179653243251565,4.827949605094457,4.827949605094457
subend_leak_dir_only,2026,val,sUbend_019__f24,1.0771253108978271,0.15677359700202942,0.2090909779071808,0.0465613417327404,6.870578538067758,4.640795741506963,0.09831184286781891,4.542483898639144,4.542483898639144
subend_leak_dir_only,2026,val,sUbend_023__f00,1.2704927921295166,0.11081650853157043,0.18843936920166016,0.03198875114321709,11.464833254221928,6.45660773941222,0.04912119425251049,6.40748654515971,6.40748654515971
subend_leak_dir_only,2026,val,sUbend_023__f01,1.381806492805481,0.10386040061712265,0.1790405511856079,0.028834430500864983,13.304459491731185,7.637556734237535,0.043147931265396844,7.594408802972138,7.594408802972138
subend_leak_dir_only,2026,val,sUbend_023__f02,1.1288479566574097,0.10179544240236282,0.17410238087177277,0.026870548725128174,11.089376204049067,5.097190836998436,0.04144924837557107,5.055741588622865,5.055741588622865
subend_leak_dir_only,2026,val,sUbend_023__f03,0.9345407485961914,0.09641176462173462,0.16960112750530243,0.02536691352725029,9.693223148262062,3.4934656431469193,0.037180913429907037,3.4562847297170123,3.4562847297170123
subend_leak_dir_only,2026,val,sUbend_023__f04,0.9204515814781189,0.10224653780460358,0.22943851351737976,0.035566747188568115,9.00227627498871,3.3889244553822806,0.041817417972112914,3.3471070374101677,3.3471070374101677
subend_leak_dir_only,2026,val,sUbend_023__f05,1.2280526161193848,0.26425179839134216,0.29712334275245667,0.07765001058578491,4.647281962110651,6.03245291183066,0.2793160518122342,5.753136860018426,5.753136860018426
subend_leak_dir_only,2026,val,sUbend_023__f06,1.1907819509506226,0.37265029549598694,0.31594234704971313,0.10674731433391571,3.195440780117256,5.6718466188390835,0.5554729709329855,5.116373647906098,5.116373647906098
subend_leak_dir_only,2026,val,sUbend_023__f07,1.4625219106674194,0.8645905256271362,0.3436172902584076,0.25214359164237976,1.691577535627712,8.555881356729117,2.990067108016831,5.565814248712286,5.565814248712286
subend_leak_dir_only,2026,val,sUbend_023__f08,2.1283481121063232,1.563048243522644,0.34902966022491455,0.4973137378692627,1.3616650163718953,18.1194627452262,9.772479246316891,8.34698349890931,8.34698349890931
subend_leak_dir_only,2026,val,sUbend_023__f09,1.8109676837921143,1.822366714477539,0.3131548762321472,0.5369448661804199,0.9937449303727582,13.1184158069575,13.284081768142642,0.165665961185141,-0.165665961185141
subend_leak_dir_only,2026,val,sUbend_023__f10,1.6425833702087402,1.5853747129440308,0.29244378209114075,0.4729996919631958,1.0360852590858305,10.792320512345214,10.053651921769472,0.7386685905757417,0.7386685905757417
subend_leak_dir_only,2026,val,sUbend_023__f11,1.6816496849060059,1.3955347537994385,0.2884574830532074,0.41334015130996704,1.2050217168204518,11.311782650977875,7.7900689962482375,3.5217136547296377,3.5217136547296377
subend_leak_dir_only,2026,val,sUbend_023__f12,1.6900516748428345,1.1601338386535645,0.2864348292350769,0.3330318033695221,1.4567730192270623,11.42509865455628,5.383642094356219,6.041456560200061,6.041456560200061
subend_leak_dir_only,2026,val,sUbend_023__f13,1.7950156927108765,0.9522798657417297,0.2663148045539856,0.25010010600090027,1.884966549526636,12.88832534831323,3.6273477707883472,9.260977577524883,9.260977577524883
subend_leak_dir_only,2026,val,sUbend_023__f14,1.6455637216567993,0.7095852494239807,0.25283339619636536,0.17394037544727325,2.319050069026402,10.831519848131904,2.0140449048003717,8.817474943331533,8.817474943331533
subend_leak_dir_only,2026,val,sUbend_023__f15,1.317299723625183,0.5211384892463684,0.2328617125749588,0.12329576164484024,2.5277344713689516,6.941114247451935,1.086341299895949,5.854772947555986,5.854772947555986
subend_leak_dir_only,2026,val,sUbend_023__f16,1.344497561454773,0.43774843215942383,0.2188260555267334,0.09760218113660812,3.0713932082459627,7.230694771031324,0.7664947594321347,6.464200011599189,6.464200011599189
subend_leak_dir_only,2026,val,sUbend_023__f17,1.2748081684112549,0.38649940490722656,0.20976480841636658,0.08201386779546738,3.2983444533821564,6.500543464992234,0.5975271599745611,5.9030163050176725,5.9030163050176725
subend_leak_dir_only,2026,val,sUbend_023__f18,1.058349609375,0.3461501896381378,0.19994570314884186,0.0692809671163559,3.0574867241337893,4.48041558265686,0.4792798151460751,4.001135767510785,4.001135767510785
subend_leak_dir_only,2026,val,sUbend_023__f19,1.0222582817077637,0.2882310450077057,0.193284809589386,0.06032847240567207,3.546662649335481,4.180047978080438,0.33230854122493625,3.847739436855502,3.847739436855502
subend_leak_dir_only,2026,val,sUbend_023__f20,1.223933219909668,0.22687876224517822,0.18964263796806335,0.05285300686955452,5.394657515748501,5.992050107193791,0.20589589103161643,5.786154216162174,5.786154216162174
subend_leak_dir_only,2026,val,sUbend_023__f21,1.1096678972244263,0.18721087276935577,0.1873997300863266,0.04703010246157646,5.927368858493276,4.9254513685219194,0.14019164353225566,4.785259724989664,4.785259724989664
subend_leak_dir_only,2026,val,sUbend_023__f22,0.9787905812263489,0.1636490821838379,0.18736590445041656,0.0429171547293663,5.981033123832668,3.8321240075896554,0.10712408839845011,3.7249999191912053,3.7249999191912053
subend_leak_dir_only,2026,val,sUbend_023__f23,0.9931951761245728,0.13409310579299927,0.18474005162715912,0.038356877863407135,7.406757940693663,3.9457466315084844,0.07192384408484997,3.8738227874236344,3.8738227874236344
subend_leak_dir_only,2026,val,sUbend_023__f24,1.0840632915496826,0.12464030086994171,0.18553687632083893,0.03552336245775223,8.697534296558455,4.700772880342129,0.06214081840379837,4.63863206193833,4.63863206193833
subend_leak_dir_only,777,test,sUbend_012__f00,1.4174597263336182,0.48265302181243896,0.29483863711357117,0.10553682595491409,2.936808975132552,8.036768303111103,0.9318157578587147,7.104952545252388,7.104952545252388
subend_leak_dir_only,777,test,sUbend_012__f01,1.252480387687683,0.45587942004203796,0.2813308537006378,0.09230007976293564,2.747394009521615,6.274828486169156,0.8313041824714595,5.443524303697696,5.443524303697696
subend_leak_dir_only,777,test,sUbend_012__f02,1.0516964197158813,0.38823622465133667,0.26619234681129456,0.07528668642044067,2.70890852768924,4.424261436972813,0.6029094645260926,3.8213519724467204,3.8213519724467204
subend_leak_dir_only,777,test,sUbend_012__f03,1.0849725008010864,0.33899757266044617,0.24280764162540436,0.06108138710260391,3.20053176866797,4.708661309978254,0.4596774170786979,4.248983892899556,4.248983892899556
subend_leak_dir_only,777,test,sUbend_012__f04,1.1668835878372192,0.2649005949497223,0.20085501670837402,0.05264614149928093,4.404986663237551,5.446469230255445,0.28068930081886734,5.165779929436578,5.165779929436578
subend_leak_dir_only,777,test,sUbend_012__f05,1.1795061826705933,0.25847500562667847,0.2730880379676819,0.06178370490670204,4.563327815046774,5.56493933983262,0.26723731413484586,5.297702025697774,5.297702025697774
subend_leak_dir_only,777,test,sUbend_012__f06,1.670310139656067,1.2772669792175293,0.3910171091556549,0.2524249851703644,1.3077220086589265,11.159743850551479,6.52564374479789,4.634100105753589,4.634100105753589
subend_leak_dir_only,777,test,sUbend_012__f07,1.3675158023834229,2.64764404296875,0.36309850215911865,0.5706283450126648,0.5165028909437747,7.480397879073507,28.040075913071632,20.559678033998125,-20.559678033998125
subend_leak_dir_only,777,test,sUbend_012__f08,1.4459165334701538,3.358830213546753,0.32026663422584534,0.7576717734336853,0.43048217431131774,8.362698487049386,45.1269616137381,36.76426312668872,-36.76426312668872
subend_leak_dir_only,777,test,sUbend_012__f09,1.3442734479904175,3.3379228115081787,0.3216919004917145,0.7887685894966125,0.4027275416183253,7.228284411888183,44.56691478234666,37.338630370458475,-37.338630370458475
subend_leak_dir_only,777,test,sUbend_012__f10,1.4945591688156128,2.945417642593384,0.30588605999946594,0.7438451647758484,0.5074184208048954,8.934828436363262,34.701940357201465,25.767111920838204,-25.767111920838204
subend_leak_dir_only,777,test,sUbend_012__f11,1.4928966760635376,2.3651576042175293,0.2928025722503662,0.6251805424690247,0.6312038882319795,8.914961941606236,22.375881971152012,13.460920029545775,-13.460920029545775
subend_leak_dir_only,777,test,sUbend_012__f12,1.3382866382598877,1.880467176437378,0.2761572301387787,0.4930272400379181,0.7116777442482812,7.164044504579806,14.144627206633459,6.980582702053653,-6.980582702053653
subend_leak_dir_only,777,test,sUbend_012__f13,1.3551689386367798,1.5041799545288086,0.2764556109905243,0.3845941126346588,0.900935379810518,7.345931408983745,9.050229342425155,1.70429793344141,-1.70429793344141
subend_leak_dir_only,777,test,sUbend_012__f14,1.3842062950134277,1.0965973138809204,0.2629488408565521,0.2873152196407318,1.2622740157137926,7.664108268619202,4.8101026752433995,2.8540055933758026,2.8540055933758026
subend_leak_dir_only,777,test,sUbend_012__f15,1.1742621660232544,0.7118344902992249,0.2471625804901123,0.20995444059371948,1.6496280835305475,5.5155665382145,2.026833366318229,3.4887331718962713,3.4887331718962713
subend_leak_dir_only,777,test,sUbend_012__f16,1.089735507965088,0.5640744566917419,0.2343788743019104,0.16667626798152924,1.9319001153789377,4.7500939092797125,1.2727199707683354,3.477373938511377,3.477373938511377
subend_leak_dir_only,777,test,sUbend_012__f17,1.2138928174972534,0.5132749080657959,0.24016539752483368,0.14551451802253723,2.3649954408869065,5.894143089485681,1.053804524999805,4.840338564485876,4.840338564485876
subend_leak_dir_only,777,test,sUbend_012__f18,1.549326777458191,0.5176658630371094,0.2591695189476013,0.13992194831371307,2.992908916899405,9.60165385339593,1.0719117830158211,8.52974207038011,8.52974207038011
subend_leak_dir_only,777,test,sUbend_012__f19,1.8308497667312622,0.5698524117469788,0.2810477614402771,0.13915123045444489,3.212849027204225,13.408043473359669,1.2989270846953929,12.109116388664276,12.109116388664276
subend_leak_dir_only,777,test,sUbend_012__f20,1.848665714263916,0.5585685968399048,0.28928714990615845,0.134679913520813,3.3096484920969784,13.670259692379659,1.2479955095028004,12.422264182876859,12.422264182876859
subend_leak_dir_only,777,test,sUbend_012__f21,1.725416660308838,0.5518748164176941,0.29203173518180847,0.12942193448543549,3.1264638446609827,11.908250606685215,1.2182632519842542,10.68998735470096,10.68998735470096
subend_leak_dir_only,777,test,sUbend_012__f22,1.4640092849731445,0.5466099381446838,0.29415881633758545,0.12475831806659698,2.678343701437846,8.573292745950312,1.1951296979141404,7.378163048036171,7.378163048036171
subend_leak_dir_only,777,test,sUbend_012__f23,1.4065934419631958,0.5331071615219116,0.29550448060035706,0.11906066536903381,2.638481610240725,7.914020443895481,1.1368129826637983,6.777207461231683,6.777207461231683
subend_leak_dir_only,777,test,sUbend_012__f24,1.4589606523513794,0.5210325717926025,0.2977287173271179,0.11320210993289948,2.8001332955670186,8.51426474043825,1.085899763475254,7.428364976962996,7.428364976962996
subend_leak_dir_only,777,test,sUbend_021__f00,1.685068964958191,0.28423604369163513,0.3200186491012573,0.07498495280742645,5.928414085253402,11.357829666661075,0.32316051413389246,11.034669152527183,11.034669152527183
subend_leak_dir_only,777,test,sUbend_021__f01,1.562493920326233,0.2860671281814575,0.3200893998146057,0.07170616090297699,5.461983452132658,9.765549004225761,0.3273376073039458,9.438211396921815,9.438211396921815
subend_leak_dir_only,777,test,sUbend_021__f02,1.5165565013885498,0.27683666348457336,0.30767348408699036,0.0635092481970787,5.478163485643438,9.199774487615514,0.30655415299708366,8.89322033461843,8.89322033461843
subend_leak_dir_only,777,test,sUbend_021__f03,1.4711523056030273,0.27063122391700745,0.3084818720817566,0.05930048227310181,5.436003593045033,8.657156425124413,0.2929650374352697,8.364191387689143,8.364191387689143
subend_leak_dir_only,777,test,sUbend_021__f04,1.8213589191436768,0.22834274172782898,0.260613352060318,0.039422787725925446,7.97642572460056,13.26939324937689,0.20856163079912804,13.060831618577762,13.060831618577762
subend_leak_dir_only,777,test,sUbend_021__f05,1.3354202508926392,0.1853945553302765,0.23145680129528046,0.0305553637444973,7.203125509881432,7.133388985976637,0.1374845645844438,6.9959044213921935,6.9959044213921935
subend_leak_dir_only,777,test,sUbend_021__f06,1.5486547946929932,0.7181300520896912,0.41342779994010925,0.19818057119846344,2.156510217315865,9.593326692502387,2.06284308685737,7.530483605645017,7.530483605645017
subend_leak_dir_only,777,test,sUbend_021__f07,1.709310531616211,1.7748973369598389,0.41784995794296265,0.5199140906333923,0.9630475498622533,11.686969973976375,12.601042226988511,0.9140722530121366,-0.9140722530121366
subend_leak_dir_only,777,test,sUbend_021__f08,1.422635555267334,2.3739774227142334,0.3393387198448181,0.6764387488365173,0.5992624620839047,8.095567692443183,22.543075214227656,14.447507521784473,-14.447507521784473
subend_leak_dir_only,777,test,sUbend_021__f09,1.6554114818572998,2.2838501930236816,0.3256532549858093,0.6834629774093628,0.7248336545514107,10.961548697059925,20.86388681669723,9.902338119637307,-9.902338119637307
subend_leak_dir_only,777,test,sUbend_021__f10,1.6186496019363403,2.1059648990631104,0.3289271891117096,0.6278491616249084,0.7686023649570018,10.480106135394692,17.740352624343586,7.260246488948894,-7.260246488948894
subend_leak_dir_only,777,test,sUbend_021__f11,1.6059247255325317,1.8058662414550781,0.32266291975975037,0.5286971926689148,0.8892822118644604,10.31597689630695,13.044611528108362,2.7286346318014125,-2.7286346318014125
subend_leak_dir_only,777,test,sUbend_021__f12,1.5323526859283447,1.4528396129608154,0.31039226055145264,0.4208817481994629,1.0547294224759507,9.39241901628725,8.442971763952528,0.9494472523347213,0.9494472523347213
subend_leak_dir_only,777,test,sUbend_021__f13,1.4216175079345703,1.151943325996399,0.29613402485847473,0.3210694491863251,1.2341036888294055,8.083985355464392,5.307893705230583,2.776091650233809,2.776091650233809
subend_leak_dir_only,777,test,sUbend_021__f14,1.5454638004302979,0.8249955773353577,0.2819070816040039,0.232591912150383,1.873299497461515,9.553833433761838,2.7224708104916004,6.831362623270238,6.831362623270238
subend_leak_dir_only,777,test,sUbend_021__f15,1.4128661155700684,0.5994604229927063,0.273097962141037,0.17230843007564545,2.3568964044641505,7.984762642104215,1.4374111949383774,6.547351447165838,6.547351447165838
subend_leak_dir_only,777,test,sUbend_021__f16,1.3529788255691528,0.49976885318756104,0.2641116678714752,0.13719043135643005,2.707209176681897,7.322206809753936,0.9990756264656397,6.323131183288297,6.323131183288297
subend_leak_dir_only,777,test,sUbend_021__f17,1.3829166889190674,0.4746529161930084,0.2619018256664276,0.11529845744371414,2.9135324818203183,7.649834273963506,0.9011815634021083,6.748652710561398,6.748652710561398
subend_leak_dir_only,777,test,sUbend_021__f18,1.2627261877059937,0.43479782342910767,0.2698778510093689,0.10288877040147781,2.904168603575995,6.377909700474049,0.756196589034758,5.621713111439291,5.621713111439291
subend_leak_dir_only,777,test,sUbend_021__f19,1.3173723220825195,0.40467509627342224,0.2787111699581146,0.09455490112304688,3.2553827359626437,6.941879339956358,0.6550477341756142,6.286831605780744,6.286831605780744
subend_leak_dir_only,777,test,sUbend_021__f20,1.3895854949951172,0.38497668504714966,0.2964385449886322,0.09208906441926956,3.609531561177345,7.723791391603299,0.592828192119569,7.13096319948373,7.13096319948373
subend_leak_dir_only,777,test,sUbend_021__f21,1.881271481513977,0.35445716977119446,0.31762853264808655,0.09224628657102585,5.307471937239571,14.156729548631176,0.5025595408088215,13.654170007822355,13.654170007822355
subend_leak_dir_only,777,test,sUbend_021__f22,1.7208737134933472,0.3197004497051239,0.3228730261325836,0.08841510862112045,5.38276913617293,11.84562535116953,0.40883351016663383,11.436791841002897,11.436791841002897
subend_leak_dir_only,777,test,sUbend_021__f23,1.7201437950134277,0.30677521228790283,0.32895320653915405,0.08725284785032272,5.607179870188158,11.83557870209279,0.3764441234971514,11.459134578595638,11.459134578595638
subend_leak_dir_only,777,test,sUbend_021__f24,1.691305160522461,0.2920149862766266,0.32628268003463745,0.08156520873308182,5.791843706679776,11.44205258403963,0.34109100884055366,11.100961575199076,11.100961575199076
subend_leak_dir_only,777,test,sUbend_022__f00,1.4459577798843384,0.13690918684005737,0.2264735996723175,0.03389902412891388,10.561437207085032,8.363175604832179,0.07497650176482296,8.288199103067356,8.288199103067356
subend_leak_dir_only,777,test,sUbend_022__f01,1.3075684309005737,0.11378740519285202,0.20664642751216888,0.03092322312295437,11.491328312517961,6.838940805951154,0.05179029432208915,6.787150511629065,6.787150511629065
subend_leak_dir_only,777,test,sUbend_022__f02,1.2638858556747437,0.10572563111782074,0.20623710751533508,0.02841157652437687,11.954394051015578,6.389629824698716,0.04471163630104602,6.34491818839767,6.34491818839767
subend_leak_dir_only,777,test,sUbend_022__f03,1.510694980621338,0.1010335236787796,0.22202181816101074,0.02708689123392105,14.95241307651862,9.128797297898018,0.040831091627802074,9.087966206270217,9.087966206270217
subend_leak_dir_only,777,test,sUbend_022__f04,1.4915508031845093,0.14884856343269348,0.3281033933162689,0.05713614076375961,10.020592532348896,8.898895193921419,0.0886235793439063,8.810271614577513,8.810271614577513
subend_leak_dir_only,777,test,sUbend_022__f05,1.6321542263031006,0.4543622136116028,0.4158693850040436,0.16181135177612305,3.592187416575746,10.655709673756292,0.825780084632143,9.829929589124148,9.829929589124148
subend_leak_dir_only,777,test,sUbend_022__f06,1.7419624328613281,0.77876877784729,0.434492826461792,0.2856981158256531,2.236815961827006,12.137732470000628,2.425923237399047,9.711809232601581,9.711809232601581
subend_leak_dir_only,777,test,sUbend_022__f07,1.8413498401641846,1.1009187698364258,0.42088133096694946,0.42569229006767273,1.6725574044284592,13.562276935490672,4.848088551112596,8.714188384378076,8.714188384378076
subend_leak_dir_only,777,test,sUbend_022__f08,1.6438606977462769,1.4119216203689575,0.3811238408088684,0.5578948855400085,1.1642719213526243,10.809111974379505,7.97409064826121,2.8350213261182944,2.8350213261182944
subend_leak_dir_only,777,test,sUbend_022__f09,1.658536434173584,1.4451364278793335,0.34881097078323364,0.5705522894859314,1.1476677233909358,11.002972413924908,8.35367718073536,2.649295233189548,2.649295233189548
subend_leak_dir_only,777,test,sUbend_022__f10,1.4870065450668335,1.3665584325790405,0.334516316652298,0.5101863145828247,1.088139745521512,8.844753860286403,7.469927798611536,1.3748260616748667,1.3748260616748667
subend_leak_dir_only,777,test,sUbend_022__f11,1.3768962621688843,1.1047513484954834,0.33172881603240967,0.4291037619113922,1.2463404222534094,7.58337326709858,4.881902168010356,2.7014710990882236,2.7014710990882236
subend_leak_dir_only,777,test,sUbend_022__f12,1.600149393081665,0.9273004531860352,0.31462597846984863,0.332093745470047,1.7255997099794826,10.241912320718484,3.4395445219161047,6.802367798802379,6.802367798802379
subend_leak_dir_only,777,test,sUbend_022__f13,1.596771001815796,0.7089967131614685,0.2993122339248657,0.2463744580745697,2.2521557183187446,10.198710528959282,2.0107053570950626,8.18800517186422,8.18800517186422
subend_leak_dir_only,777,test,sUbend_022__f14,1.3548777103424072,0.5593370199203491,0.2873455286026001,0.17329387366771698,2.422292217553104,7.342774439930736,1.2514316074135081,6.091342832517228,6.091342832517228
subend_leak_dir_only,777,test,sUbend_022__f15,1.3459223508834839,0.4369078278541565,0.26662856340408325,0.12533226609230042,3.0805635996358576,7.246027898430896,0.763553800160949,6.482474098269947,6.482474098269947
subend_leak_dir_only,777,test,sUbend_022__f16,1.396619200706482,0.38657209277153015,0.24888181686401367,0.09958802908658981,3.6128298623250714,7.80218076712805,0.5977519316390421,7.204428835489008,7.204428835489008
subend_leak_dir_only,777,test,sUbend_022__f17,1.2457534074783325,0.3058919310569763,0.23844140768051147,0.08324942737817764,4.0725278472490825,6.2076062089755055,0.3742794939430638,5.833326715032442,5.833326715032442
subend_leak_dir_only,777,test,sUbend_022__f18,1.334299087524414,0.27003416419029236,0.23881910741329193,0.07218877226114273,4.941223239382914,7.121416219873936,0.2916737993197991,6.829742420554137,6.829742420554137
subend_leak_dir_only,777,test,sUbend_022__f19,1.2291696071624756,0.231423482298851,0.24523302912712097,0.06663597375154495,5.3113434944133076,6.043431692687818,0.21422731263730643,5.829204380050512,5.829204380050512
subend_leak_dir_only,777,test,sUbend_022__f20,1.2618489265441895,0.2122746706008911,0.24970589578151703,0.061474140733480453,5.944415897441945,6.369050853682893,0.1802421431148673,6.188808710568026,6.188808710568026
subend_leak_dir_only,777,test,sUbend_022__f21,1.1648304462432861,0.18821696937084198,0.24930340051651,0.05540510267019272,6.188764223210037,5.427319873981332,0.14170251023657787,5.2856173637447545,5.2856173637447545
subend_leak_dir_only,777,test,sUbend_022__f22,1.4614174365997314,0.17297504842281342,0.24835452437400818,0.049495112150907516,8.448718181754748,8.54296369599092,0.11968146950749858,8.423282226483423,8.423282226483423
subend_leak_dir_only,777,test,sUbend_022__f23,1.4510396718978882,0.16348809003829956,0.2414158433675766,0.043103307485580444,8.875506904251925,8.422064517686124,0.10691342233748458,8.31515109534864,8.31515109534864
subend_leak_dir_only,777,test,sUbend_022__f24,1.3107209205627441,0.14399580657482147,0.23582659661769867,0.0383966825902462,9.102493688812265,6.87195732640339,0.0829391692445336,6.789018157158856,6.789018157158856
subend_leak_dir_only,777,val,sUbend_016__f00,0.9469770789146423,0.13983136415481567,0.23818214237689972,0.03605708107352257,6.7722794856394835,3.587062351958835,0.07821124160558668,3.5088511103532483,3.5088511103532483
subend_leak_dir_only,777,val,sUbend_016__f01,1.0635014772415161,0.14758743345737457,0.269588440656662,0.043770596385002136,7.205908066344084,4.524141568379548,0.08712820205813987,4.437013366321408,4.437013366321408
subend_leak_dir_only,777,val,sUbend_016__f02,1.2028385400772095,0.15146535634994507,0.2804465889930725,0.047494448721408844,7.941344272139533,5.787282213980291,0.09176701669686338,5.695515197283427,5.695515197283427
subend_leak_dir_only,777,val,sUbend_016__f03,1.2739332914352417,0.1668083667755127,0.2919473946094513,0.05330801382660866,7.637106675528304,6.491624124108114,0.11130012490525587,6.380323999202858,6.380323999202858
subend_leak_dir_only,777,val,sUbend_016__f04,1.4839414358139038,0.12245456129312515,0.2495490163564682,0.03341587260365486,12.118302659724732,8.808328739701722,0.05998047832596698,8.748348261375755,8.748348261375755
subend_leak_dir_only,777,val,sUbend_016__f05,1.51735520362854,0.08487140387296677,0.19950620830059052,0.02085074782371521,17.87828566969007,9.209467255914433,0.028812620781472953,9.18065463513296,9.18065463513296
subend_leak_dir_only,777,val,sUbend_016__f06,1.5233287811279297,0.3139774799346924,0.3263556957244873,0.10799472779035568,4.8517135096593025,9.282122301650816,0.39432743162456063,8.887794870026255,8.887794870026255
subend_leak_dir_only,777,val,sUbend_016__f07,1.4879803657531738,1.0604346990585327,0.3334009349346161,0.3413296937942505,1.4031796272549564,8.856342275467796,4.498087003869443,4.3582552715983525,4.3582552715983525
subend_leak_dir_only,777,val,sUbend_016__f08,1.639492392539978,1.4609826803207397,0.3195319175720215,0.503126323223114,1.1221846874872252,10.751741220785846,8.537881568788691,2.2138596519971543,2.2138596519971543
subend_leak_dir_only,777,val,sUbend_016__f09,1.5549826622009277,1.6208704710006714,0.29911768436431885,0.5166246294975281,0.9593503552698651,9.671884318981938,10.508884335047753,0.8370000160658151,-0.8370000160658151
subend_leak_dir_only,777,val,sUbend_016__f10,1.3550244569778442,1.424275517463684,0.2771995961666107,0.4651392996311188,0.9513780447415395,7.344365116032407,8.11424299858578,0.7698778825533736,-0.7698778825533736
subend_leak_dir_only,777,val,sUbend_016__f11,1.6467138528823853,1.2560820579528809,0.2686602771282196,0.3843291401863098,1.310992257596723,10.846666053099,6.310968545244577,4.535697507854422,4.535697507854422
subend_leak_dir_only,777,val,sUbend_016__f12,1.6430919170379639,0.9907641410827637,0.2489725798368454,0.28022316098213196,1.6584087462453971,10.799004191341965,3.9264543330218658,6.872549858320099,6.872549858320099
subend_leak_dir_only,777,val,sUbend_016__f13,1.6939860582351685,0.7234793305397034,0.23984438180923462,0.17705382406711578,2.341443613836878,11.478355061980494,2.0936893668727095,9.384665695107785,9.384665695107785
subend_leak_dir_only,777,val,sUbend_016__f14,1.4077751636505127,0.5014791488647461,0.22889219224452972,0.11734998971223831,2.807245658842345,7.927323645564911,1.0059253469844407,6.9213982985804705,6.9213982985804705
subend_leak_dir_only,777,val,sUbend_016__f15,1.3794103860855103,0.3876854181289673,0.22679543495178223,0.0973774716258049,3.558066209306423,7.611092052962306,0.6011999337193288,7.009892119242977,7.009892119242977
subend_leak_dir_only,777,val,sUbend_016__f16,1.5107320547103882,0.32781922817230225,0.22860418260097504,0.08784550428390503,4.608430271565234,9.129245364517885,0.42986178543793585,8.69938357907995,8.69938357907995
subend_leak_dir_only,777,val,sUbend_016__f17,1.2964531183242798,0.28463879227638245,0.2279282808303833,0.07274795323610306,4.554730955524263,6.723162752050996,0.3240769682742304,6.399085783776766,6.399085783776766
subend_leak_dir_only,777,val,sUbend_016__f18,1.4092071056365967,0.2330220639705658,0.21770121157169342,0.0582464225590229,6.047526494377807,7.943458666306697,0.21719712918840983,7.726261537118287,7.726261537118287
subend_leak_dir_only,777,val,sUbend_016__f19,1.5329509973526,0.20139645040035248,0.20568570494651794,0.04838113859295845,7.611608815871747,9.399755041137325,0.16224212093544654,9.23751292020188,9.23751292020188
subend_leak_dir_only,777,val,sUbend_016__f20,1.262158989906311,0.1802574098110199,0.2028161734342575,0.04254575073719025,7.001981173642438,6.3721812632052774,0.1299709351671119,6.242210328038166,6.242210328038166
subend_leak_dir_only,777,val,sUbend_016__f21,1.094456434249878,0.16701100766658783,0.20467296242713928,0.03896208852529526,6.55319939410697,4.7913395458838295,0.11157070672723624,4.679768839156593,4.679768839156593
subend_leak_dir_only,777,val,sUbend_016__f22,1.1816213130950928,0.14924661815166473,0.20732466876506805,0.036142054945230484,7.9172401206057925,5.584915710242285,0.08909821211883528,5.49581749812345,5.49581749812345
subend_leak_dir_only,777,val,sUbend_016__f23,0.9727567434310913,0.14450791478157043,0.21648065745830536,0.03611912578344345,6.731511868408401,3.785022727562648,0.08353014973807049,3.7014925778245775,3.7014925778245775
subend_leak_dir_only,777,val,sUbend_016__f24,1.0415070056915283,0.13714781403541565,0.222726508975029,0.034975238144397736,7.594047437187589,4.338947371618133,0.07523809157877182,4.263709280039361,4.263709280039361
subend_leak_dir_only,777,val,sUbend_019__f00,1.2615209817886353,0.14872324466705322,0.2378634214401245,0.04501776397228241,8.482339022476296,6.365740749971849,0.0884744140171847,6.277266335954664,6.277266335954664
subend_leak_dir_only,777,val,sUbend_019__f01,1.2690765857696533,0.14188675582408905,0.25651809573173523,0.045995235443115234,8.944292075738572,6.442221522195041,0.08052740591313867,6.361694116281902,6.361694116281902
subend_leak_dir_only,777,val,sUbend_019__f02,1.4116718769073486,0.15169338881969452,0.2859954237937927,0.05100074037909508,9.30608702126951,7.971269952204466,0.09204353684641209,7.879226415358054,7.879226415358054
subend_leak_dir_only,777,val,sUbend_019__f03,1.5701053142547607,0.17309197783470154,0.3217056095600128,0.06317298859357834,9.070930576309964,9.860922791404164,0.11984333116291523,9.741079460241249,9.741079460241249
subend_leak_dir_only,777,val,sUbend_019__f04,1.67844557762146,0.26184219121932983,0.3670939803123474,0.08817920088768005,6.410141810246022,11.268718228148145,0.27424533241016036,10.994472895737985,10.994472895737985
subend_leak_dir_only,777,val,sUbend_019__f05,1.761246919631958,0.4903830289840698,0.426849365234375,0.16033218801021576,3.591573964704175,12.407962847652243,0.9619020604623643,11.446060787189879,11.446060787189879
subend_leak_dir_only,777,val,sUbend_019__f06,1.804754376411438,0.9081997871398926,0.4402065873146057,0.2998613715171814,1.9871777135017612,13.028553436704954,3.2993074134437848,9.729246023261169,9.729246023261169
subend_leak_dir_only,777,val,sUbend_019__f07,2.072345495223999,1.304381012916565,0.4307856559753418,0.44863244891166687,1.5887577898656189,17.178463406300807,6.805639307428976,10.372824098871831,10.372824098871831
subend_leak_dir_only,777,val,sUbend_019__f08,2.039335012435913,1.6370285749435425,0.39803817868232727,0.5304021239280701,1.2457540715233058,16.635549171787943,10.719450220726742,5.916098951061201,5.916098951061201
subend_leak_dir_only,777,val,sUbend_019__f09,2.0541088581085205,1.6188859939575195,0.3686267137527466,0.5444782972335815,1.268840959632406,16.87745280383956,10.483167445727304,6.394285358112256,6.394285358112256
subend_leak_dir_only,777,val,sUbend_019__f10,2.0940449237823486,1.610708236694336,0.36183983087539673,0.5116552114486694,1.300077118920039,17.54009657127449,10.377524095019908,7.1625724762545815,7.1625724762545815
subend_leak_dir_only,777,val,sUbend_019__f11,1.9111344814300537,1.3670549392700195,0.35489770770072937,0.43741145730018616,1.3979939112399988,14.609740024443681,7.475356827930227,7.134383196513454,7.134383196513454
subend_leak_dir_only,777,val,sUbend_019__f12,1.970248818397522,1.0797072649002075,0.35483527183532715,0.3585837483406067,1.824799075126741,15.527521625587326,4.663071111513148,10.864450514074178,10.864450514074178
subend_leak_dir_only,777,val,sUbend_019__f13,2.035860061645508,0.8902775049209595,0.3419554829597473,0.2651892900466919,2.286770192880764,16.578904762413003,3.170376143073156,13.408528619339847,13.408528619339847
subend_leak_dir_only,777,val,sUbend_019__f14,1.948703408241272,0.6385231018066406,0.31074824929237366,0.17810563743114471,3.051891783911342,15.189779893164598,1.6308470061630942,13.558932887001504,13.558932887001504
subend_leak_dir_only,777,val,sUbend_019__f15,1.7584508657455444,0.46108174324035645,0.2619583308696747,0.12794095277786255,3.813750796957677,12.368597788965019,0.850385495798264,11.518212293166755,11.518212293166755
subend_leak_dir_only,777,val,sUbend_019__f16,1.4565035104751587,0.3921951949596405,0.22334404289722443,0.10447657853364944,3.7137209460841114,8.485609904105843,0.6152682837977217,7.870341620308121,7.870341620308121
subend_leak_dir_only,777,val,sUbend_019__f17,1.3416060209274292,0.33920252323150635,0.21608741581439972,0.08883146196603775,3.9551770079604642,7.199626861554918,0.4602334070664824,6.739393454488436,6.739393454488436
subend_leak_dir_only,777,val,sUbend_019__f18,1.2159417867660522,0.28168585896492004,0.23287653923034668,0.07995810359716415,4.316658959147397,5.914057715215279,0.3173876925632193,5.596670022652059,5.596670022652059
subend_leak_dir_only,777,val,sUbend_019__f19,1.3857170343399048,0.2600327134132385,0.2431873381137848,0.0731925219297409,5.329010400848113,7.680846797039123,0.27046804818020576,7.410378748858918,7.410378748858918
subend_leak_dir_only,777,val,sUbend_019__f20,1.184439778327942,0.22523963451385498,0.23828287422657013,0.06513869017362595,5.258576186577343,5.6115903539421765,0.2029315718237399,5.408658782118437,5.408658782118437
subend_leak_dir_only,777,val,sUbend_019__f21,1.2801642417907715,0.19946731626987457,0.23159269988536835,0.05795609951019287,6.417914802938139,6.555281943838963,0.15914884103962468,6.396133102799339,6.396133102799339
subend_leak_dir_only,777,val,sUbend_019__f22,1.1393210887908936,0.17648626863956451,0.2262662947177887,0.05229571461677551,6.455579221960397,5.192210173454669,0.12458961207326613,5.0676205613814025,5.0676205613814025
subend_leak_dir_only,777,val,sUbend_019__f23,1.1721065044403076,0.17449679970741272,0.22798402607440948,0.04869947209954262,6.717065908404256,5.495334631005107,0.12179653243251565,5.373538098572592,5.373538098572592
subend_leak_dir_only,777,val,sUbend_019__f24,1.2384523153305054,0.15677359700202942,0.23052722215652466,0.0465613417327404,7.8996230169706045,6.135056549389958,0.09831184286781891,6.036744706522139,6.036744706522139
subend_leak_dir_only,777,val,sUbend_023__f00,1.3395477533340454,0.11081650853157043,0.19777701795101166,0.03198875114321709,12.087980131159092,7.177552733849154,0.04912119425251049,7.128431539596644,7.128431539596644
subend_leak_dir_only,777,val,sUbend_023__f01,1.094199538230896,0.10386040061712265,0.1886381208896637,0.028834430500864983,10.53529094562826,4.789090517858824,0.043147931265396844,4.7459425865934275,4.7459425865934275
subend_leak_dir_only,777,val,sUbend_023__f02,1.0105518102645874,0.10179544240236282,0.1845027506351471,0.026870548725128174,9.927279516800164,4.084859844916139,0.04144924837557107,4.043410596540568,4.043410596540568
subend_leak_dir_only,777,val,sUbend_023__f03,1.0656676292419434,0.09641176462173462,0.18143495917320251,0.02536691352725029,11.053294516732704,4.542589984056576,0.037180913429907037,4.505409070626669,4.505409070626669
subend_leak_dir_only,777,val,sUbend_023__f04,1.0812413692474365,0.10224653780460358,0.24731554090976715,0.035566747188568115,10.5748457841548,4.6763315942882855,0.041817417972112914,4.634514176316173,4.634514176316173
subend_leak_dir_only,777,val,sUbend_023__f05,1.2738025188446045,0.26425179839134216,0.30639728903770447,0.07765001058578491,4.820411919990698,6.490291428059436,0.2793160518122342,6.210975376247202,6.210975376247202
subend_leak_dir_only,777,val,sUbend_023__f06,1.3539789915084839,0.37265029549598694,0.32313862442970276,0.10674731433391571,3.63337694313747,7.333036437785324,0.5554729709329855,6.777563466852339,6.777563466852339
subend_leak_dir_only,777,val,sUbend_023__f07,1.366333246231079,0.8645905256271362,0.3443990647792816,0.25214359164237976,1.5803241022563839,7.4674661590254345,2.990067108016831,4.477399051008604,4.477399051008604
subend_leak_dir_only,777,val,sUbend_023__f08,1.9998356103897095,1.563048243522644,0.34425297379493713,0.4973137378692627,1.2794458639886106,15.997369874331127,9.772479246316891,6.224890628014236,6.224890628014236
subend_leak_dir_only,777,val,sUbend_023__f09,1.7905898094177246,1.822366714477539,0.31293386220932007,0.5369448661804199,0.9825628372119798,12.824847462362413,13.284081768142642,0.45923430578022817,-0.45923430578022817
subend_leak_dir_only,777,val,sUbend_023__f10,1.3887665271759033,1.5853747129440308,0.29683440923690796,0.4729996919631958,0.8759862989090905,7.714689868016876,10.053651921769472,2.3389620537525957,-2.3389620537525957
subend_leak_dir_only,777,val,sUbend_023__f11,1.6769641637802124,1.3955347537994385,0.2946356534957886,0.41334015130996704,1.201664207368941,11.248835226412268,7.7900689962482375,3.4587662301640307,3.4587662301640307
subend_leak_dir_only,777,val,sUbend_023__f12,1.675141453742981,1.1601338386535645,0.2877548038959503,0.3330318033695221,1.4439208632058584,11.22439556019259,5.383642094356219,5.840753465836372,5.840753465836372
subend_leak_dir_only,777,val,sUbend_023__f13,1.6038918495178223,0.9522798657417297,0.2705501317977905,0.25010010600090027,1.684265211538997,10.289876259798802,3.6273477707883472,6.662528489010455,6.662528489010455
subend_leak_dir_only,777,val,sUbend_023__f14,1.4511208534240723,0.7095852494239807,0.2576817274093628,0.17394037544727325,2.045026802067894,8.423006924968831,2.0140449048003717,6.40896202016846,6.40896202016846
subend_leak_dir_only,777,val,sUbend_023__f15,1.2813467979431152,0.5211384892463684,0.2391275316476822,0.12329576164484024,2.458745274785026,6.567398466396298,1.086341299895949,5.481057166500349,5.481057166500349
subend_leak_dir_only,777,val,sUbend_023__f16,1.2899686098098755,0.43774843215942383,0.22604309022426605,0.09760218113660812,2.946826339151984,6.656076057179291,0.7664947594321347,5.889581297747156,5.889581297747156
subend_leak_dir_only,777,val,sUbend_023__f17,1.2607842683792114,0.38649940490722656,0.21610292792320251,0.08201386779546738,3.2620600507311104,6.358307885570014,0.5975271599745611,5.760780725595453,5.760780725595453
subend_leak_dir_only,777,val,sUbend_023__f18,1.2188729047775269,0.3461501896381378,0.20515570044517517,0.0692809671163559,3.5212255872276863,5.942604632003224,0.4792798151460751,5.463324816857149,5.463324816857149
subend_leak_dir_only,777,val,sUbend_023__f19,1.231270432472229,0.2882310450077057,0.19945324957370758,0.06032847240567207,4.271817535960818,6.064107511521399,0.33230854122493625,5.731798970296463,5.731798970296463
subend_leak_dir_only,777,val,sUbend_023__f20,1.3690283298492432,0.22687876224517822,0.19595006108283997,0.05285300686955452,6.034184585200586,7.496954271719233,0.20589589103161643,7.291058380687616,7.291058380687616
subend_leak_dir_only,777,val,sUbend_023__f21,1.395111083984375,0.18721087276935577,0.19515681266784668,0.04703010246157646,7.452083649560008,7.785339746624231,0.14019164353225566,7.645148103091976,7.645148103091976
subend_leak_dir_only,777,val,sUbend_023__f22,1.2282112836837769,0.1636490821838379,0.1973119080066681,0.0429171547293663,7.505152288627231,6.034011829472604,0.10712408839845011,5.926887741074154,5.926887741074154
subend_leak_dir_only,777,val,sUbend_023__f23,1.117998480796814,0.13409310579299927,0.19410254061222076,0.038356877863407135,8.337479202865794,4.999682412255936,0.07192384408484997,4.927758568171086,4.927758568171086
subend_leak_dir_only,777,val,sUbend_023__f24,1.2067793607711792,0.12464030086994171,0.19658608734607697,0.03552336245775223,9.682096018288789,5.8252657023331835,0.06214081840379837,5.763124883929385,5.763124883929385
subend_leak_mag_only,1337,test,sUbend_012__f00,1.642482876777649,0.48265302181243896,0.23408564925193787,0.10553682595491409,3.4030303397042125,10.791000002031126,0.9318157578587147,9.859184244172411,9.859184244172411
subend_leak_mag_only,1337,test,sUbend_012__f01,1.41624915599823,0.45587942004203796,0.22089140117168427,0.09230007976293564,3.106631038241721,8.023046687462795,0.8313041824714595,7.1917425049913355,7.1917425049913355
subend_leak_mag_only,1337,test,sUbend_012__f02,1.4607748985290527,0.38823622465133667,0.20927414298057556,0.07528668642044067,3.762592993069956,8.535453216690257,0.6029094645260926,7.932543752164165,7.932543752164165
subend_leak_mag_only,1337,test,sUbend_012__f03,1.184215784072876,0.33899757266044617,0.20177605748176575,0.06108138710260391,3.493286912880155,5.609468092989346,0.4596774170786979,5.149790675910648,5.149790675910648
subend_leak_mag_only,1337,test,sUbend_012__f04,1.0995196104049683,0.2649005949497223,0.19608812034130096,0.05264614149928093,4.150687583822359,4.835773494660373,0.28068930081886734,4.555084193841505,4.555084193841505
subend_leak_mag_only,1337,test,sUbend_012__f05,1.0358208417892456,0.25847500562667847,0.19237519800662994,0.06178370490670204,4.0074313540602295,4.2916992651399255,0.26723731413484586,4.02446195100508,4.02446195100508
subend_leak_mag_only,1337,test,sUbend_012__f06,1.553102731704712,1.2772669792175293,0.22153788805007935,0.2524249851703644,1.2159577887593738,9.648512380914553,6.52564374479789,3.1228686361166638,3.1228686361166638
subend_leak_mag_only,1337,test,sUbend_012__f07,1.7362918853759766,2.64764404296875,0.243801087141037,0.5706283450126648,0.6557875066276309,12.058838044889853,28.040075913071632,15.981237868181779,-15.981237868181779
subend_leak_mag_only,1337,test,sUbend_012__f08,1.6675809621810913,3.358830213546753,0.2448129653930664,0.7576717734336853,0.4964767065198604,11.123305061715257,45.1269616137381,34.003656552022846,-34.003656552022846
subend_leak_mag_only,1337,test,sUbend_012__f09,1.6546143293380737,3.3379228115081787,0.2469882071018219,0.7887685894966125,0.4957017950305648,10.950994315403534,44.56691478234666,33.61592046694312,-33.61592046694312
subend_leak_mag_only,1337,test,sUbend_012__f10,1.623060941696167,2.945417642593384,0.2401929646730423,0.7438451647758484,0.5510461125190698,10.537307281838594,34.701940357201465,24.16463307536287,-24.16463307536287
subend_leak_mag_only,1337,test,sUbend_012__f11,1.6487125158309937,2.3651576042175293,0.2351386696100235,0.6251805424690247,0.6970835740041269,10.873011839431058,22.375881971152012,11.502870131720954,-11.502870131720954
subend_leak_mag_only,1337,test,sUbend_012__f12,1.6143451929092407,1.880467176437378,0.23289936780929565,0.4930272400379181,0.8584809206655145,10.424441607476695,14.144627206633459,3.720185599156764,-3.720185599156764
subend_leak_mag_only,1337,test,sUbend_012__f13,1.5265655517578125,1.5041799545288086,0.22437386214733124,0.3845941126346588,1.0148822600391696,9.321609535254538,9.050229342425155,0.2713801928293833,0.2713801928293833
subend_leak_mag_only,1337,test,sUbend_012__f14,1.3223671913146973,1.0965973138809204,0.20533820986747742,0.2873152196407318,1.205882209062472,6.994619954662085,4.8101026752433995,2.184517279418685,2.184517279418685
subend_leak_mag_only,1337,test,sUbend_012__f15,1.026741623878479,0.7118344902992249,0.18625114858150482,0.20995444059371948,1.442388136386705,4.216793448818464,2.026833366318229,2.189960082500235,2.189960082500235
subend_leak_mag_only,1337,test,sUbend_012__f16,0.8289524912834167,0.5640744566917419,0.1777241975069046,0.16667626798152924,1.469579913519159,2.7486489312199325,1.2727199707683354,1.475928960451597,1.475928960451597
subend_leak_mag_only,1337,test,sUbend_012__f17,0.796276867389679,0.5132749080657959,0.18139851093292236,0.14551451802253723,1.5513652720534032,2.5362273981596815,1.053804524999805,1.4824228731598765,1.4824228731598765
subend_leak_mag_only,1337,test,sUbend_012__f18,1.5690703392028809,0.5176658630371094,0.20242413878440857,0.13992194831371307,3.031048502980774,9.847926917464974,1.0719117830158211,8.776015134449153,8.776015134449153
subend_leak_mag_only,1337,test,sUbend_012__f19,1.69040048122406,0.5698524117469788,0.21801619231700897,0.13915123045444489,2.9663829552670524,11.429815147690135,1.2989270846953929,10.130888062994742,10.130888062994742
subend_leak_mag_only,1337,test,sUbend_012__f20,1.774248719215393,0.5585685968399048,0.2294822633266449,0.134679913520813,3.176420459820305,12.59183407054985,1.2479955095028004,11.34383856104705,11.34383856104705
subend_leak_mag_only,1337,test,sUbend_012__f21,1.771941900253296,0.5518748164176941,0.23460008203983307,0.12942193448543549,3.2107678182440873,12.559112391493045,1.2182632519842542,11.34084913950879,11.34084913950879
subend_leak_mag_only,1337,test,sUbend_012__f22,1.743447184562683,0.5466099381446838,0.237086683511734,0.12475831806659698,3.1895636410862416,12.158432341438186,1.1951296979141404,10.963302643524045,10.963302643524045
subend_leak_mag_only,1337,test,sUbend_012__f23,1.7240989208221436,0.5331071615219116,0.23816289007663727,0.11906066536903381,3.2340569500139424,11.89006835512032,1.1368129826637983,10.753255372456522,10.753255372456522
subend_leak_mag_only,1337,test,sUbend_012__f24,1.6533998250961304,0.5210325717926025,0.23578238487243652,0.11320210993289948,3.1733137515906926,10.934923926511658,1.085899763475254,9.849024163036404,9.849024163036404
subend_leak_mag_only,1337,test,sUbend_021__f00,1.6890605688095093,0.28423604369163513,0.2043493688106537,0.07498495280742645,5.942457356470787,11.411702420428412,0.32316051413389246,11.08854190629452,11.08854190629452
subend_leak_mag_only,1337,test,sUbend_021__f01,1.6021238565444946,0.2860671281814575,0.20064523816108704,0.07170616090297699,5.600517146899306,10.267203406836018,0.3273376073039458,9.939865799532072,9.939865799532072
subend_leak_mag_only,1337,test,sUbend_021__f02,1.5426863431930542,0.27683666348457336,0.19619521498680115,0.0635092481970787,5.5725507011069,9.519524613897431,0.30655415299708366,9.212970460900348,9.212970460900348
subend_leak_mag_only,1337,test,sUbend_021__f03,1.48224675655365,0.27063122391700745,0.19490453600883484,0.05930048227310181,5.476998311947183,8.78822178925526,0.2929650374352697,8.49525675181999,8.49525675181999
subend_leak_mag_only,1337,test,sUbend_021__f04,1.164265751838684,0.22834274172782898,0.19250555336475372,0.039422787725925446,5.0987640028708245,5.422058963617985,0.20856163079912804,5.213497332818857,5.213497332818857
subend_leak_mag_only,1337,test,sUbend_021__f05,0.8967896699905396,0.1853945553302765,0.1941186785697937,0.0305553637444973,4.837195290837574,3.2169268488069633,0.1374845645844438,3.0794422842225195,3.0794422842225195
subend_leak_mag_only,1337,test,sUbend_021__f06,1.4534446001052856,0.7181300520896912,0.1825866401195526,0.19818057119846344,2.0239295039608747,8.450004822300855,2.06284308685737,6.387161735443485,6.387161735443485
subend_leak_mag_only,1337,test,sUbend_021__f07,1.587947964668274,1.7748973369598389,0.19574345648288727,0.5199140906333923,0.8946703178834083,10.086314953976455,12.601042226988511,2.5147272730120562,-2.5147272730120562
subend_leak_mag_only,1337,test,sUbend_021__f08,1.614874005317688,2.3739774227142334,0.20798324048519135,0.6764387488365173,0.6802398328924958,10.431272212203169,22.543075214227656,12.111803002024487,-12.111803002024487
subend_leak_mag_only,1337,test,sUbend_021__f09,1.6464048624038696,2.2838501930236816,0.2137676626443863,0.6834629774093628,0.720890042364875,10.84259588378842,20.86388681669723,10.021290932908812,-10.021290932908812
subend_leak_mag_only,1337,test,sUbend_021__f10,1.6880866289138794,2.1059648990631104,0.21572551131248474,0.6278491616249084,0.8015739624458441,11.398545866871302,17.740352624343586,6.341806757472284,-6.341806757472284
subend_leak_mag_only,1337,test,sUbend_021__f11,1.675639271736145,1.8058662414550781,0.21399445831775665,0.5286971926689148,0.9278867023872142,11.231067875937754,13.044611528108362,1.8135436521706083,-1.8135436521706083
subend_leak_mag_only,1337,test,sUbend_021__f12,1.5869736671447754,1.4528396129608154,0.21026742458343506,0.4208817481994629,1.0923254383948144,10.073941680843745,8.442971763952528,1.6309699168912175,1.6309699168912175
subend_leak_mag_only,1337,test,sUbend_021__f13,1.5666098594665527,1.151943325996399,0.19914254546165466,0.3210694491863251,1.3599712972957925,9.817065807111248,5.307893705230583,4.509172101880665,4.509172101880665
subend_leak_mag_only,1337,test,sUbend_021__f14,1.4578856229782104,0.8249955773353577,0.18477347493171692,0.232591912150383,1.7671435617715867,8.50172195874626,2.7224708104916004,5.779251148254659,5.779251148254659
subend_leak_mag_only,1337,test,sUbend_021__f15,1.3360964059829712,0.5994604229927063,0.1709725707769394,0.17230843007564545,2.2288317205541817,7.14061442432245,1.4374111949383774,5.703203229384073,5.703203229384073
subend_leak_mag_only,1337,test,sUbend_021__f16,0.9335343241691589,0.49976885318756104,0.16484415531158447,0.13719043135643005,1.8679321814775192,3.4859453376078733,0.9990756264656397,2.4868697111422335,2.4868697111422335
subend_leak_mag_only,1337,test,sUbend_021__f17,0.35193634033203125,0.4746529161930084,0.16776132583618164,0.11529845744371414,0.7414603983785979,0.4954367505852133,0.9011815634021083,0.405744812816895,-0.405744812816895
subend_leak_mag_only,1337,test,sUbend_021__f18,0.3708091676235199,0.43479782342910767,0.16912654042243958,0.10288877040147781,0.8528312416540399,0.5499977551745907,0.756196589034758,0.20619883386016724,-0.20619883386016724
subend_leak_mag_only,1337,test,sUbend_021__f19,0.559465229511261,0.40467509627342224,0.17125491797924042,0.09455490112304688,1.3825047171503073,1.2520053721283517,0.6550477341756142,0.5969576379527375,0.5969576379527375
subend_leak_mag_only,1337,test,sUbend_021__f20,0.7453050017356873,0.38497668504714966,0.17521105706691742,0.09208906441926956,1.935974386720086,2.221918182448931,0.592828192119569,1.629089990329362,1.629089990329362
subend_leak_mag_only,1337,test,sUbend_021__f21,1.0525530576705933,0.35445716977119446,0.18143780529499054,0.09224628657102585,2.9694788184141583,4.431471756846861,0.5025595408088215,3.9289122160380394,3.9289122160380394
subend_leak_mag_only,1337,test,sUbend_021__f22,1.4708192348480225,0.3197004497051239,0.19362449645996094,0.08841510862112045,4.6006167216988105,8.653236886395689,0.40883351016663383,8.244403376229055,8.244403376229055
subend_leak_mag_only,1337,test,sUbend_021__f23,1.691369891166687,0.30677521228790283,0.2046910673379898,0.08725284785032272,5.513385121804977,11.442928434980843,0.3764441234971514,11.066484311483691,11.066484311483691
subend_leak_mag_only,1337,test,sUbend_021__f24,1.7313778400421143,0.2920149862766266,0.2074500173330307,0.08156520873308182,5.929071867571808,11.990676899955588,0.34109100884055366,11.649585891115034,11.649585891115034
subend_leak_mag_only,1337,test,sUbend_022__f00,0.45027172565460205,0.13690918684005737,0.1587897390127182,0.03389902412891388,3.288835001121049,0.8109785076958929,0.07497650176482296,0.7360020059310699,0.7360020059310699
subend_leak_mag_only,1337,test,sUbend_022__f01,0.6125995516777039,0.11378740519285202,0.15686959028244019,0.03092322312295437,5.383720198553105,1.501112842862895,0.05179029432208915,1.4493225485408059,1.4493225485408059
subend_leak_mag_only,1337,test,sUbend_022__f02,0.6772421598434448,0.10572563111782074,0.1583995372056961,0.02841157652437687,6.405657291264836,1.8346277722776563,0.04471163630104602,1.7899161359766103,1.7899161359766103
subend_leak_mag_only,1337,test,sUbend_022__f03,0.7382190227508545,0.1010335236787796,0.15783359110355377,0.02708689123392105,7.306674021366485,2.1798693022049065,0.040831091627802074,2.1390382105771044,2.1390382105771044
subend_leak_mag_only,1337,test,sUbend_022__f04,1.5777645111083984,0.14884856343269348,0.15848074853420258,0.05713614076375961,10.599796697546456,9.957363410052494,0.0886235793439063,9.868739830708588,9.868739830708588
subend_leak_mag_only,1337,test,sUbend_022__f05,1.5078418254852295,0.4543622136116028,0.1451537162065506,0.16181135177612305,3.3185898393702264,9.094347882730517,0.825780084632143,8.268567798098374,8.268567798098374
subend_leak_mag_only,1337,test,sUbend_022__f06,1.55424165725708,0.77876877784729,0.15368472039699554,0.2856981158256531,1.9957678087113215,9.66266851661294,2.425923237399047,7.236745279213892,7.236745279213892
subend_leak_mag_only,1337,test,sUbend_022__f07,1.6835592985153198,1.1009187698364258,0.17420683801174164,0.42569229006767273,1.5292311700394232,11.337487646469583,4.848088551112596,6.489399095356987,6.489399095356987
subend_leak_mag_only,1337,test,sUbend_022__f08,1.7321033477783203,1.4119216203689575,0.19035430252552032,0.5578948855400085,1.2267701852498683,12.00072802953946,7.97409064826121,4.026637381278249,4.026637381278249
subend_leak_mag_only,1337,test,sUbend_022__f09,1.676526427268982,1.4451364278793335,0.19767029583454132,0.5705522894859314,1.1601163702787576,11.242963445325188,8.35367718073536,2.8892862645898276,2.8892862645898276
subend_leak_mag_only,1337,test,sUbend_022__f10,1.506079912185669,1.3665584325790405,0.1885353922843933,0.5101863145828247,1.1020969731556347,9.07310680755677,7.469927798611536,1.603179008945233,1.603179008945233
subend_leak_mag_only,1337,test,sUbend_022__f11,1.6235746145248413,1.1047513484954834,0.19640855491161346,0.4291037619113922,1.4696289954621213,10.543978115717948,4.881902168010356,5.662075947707592,5.662075947707592
subend_leak_mag_only,1337,test,sUbend_022__f12,1.5374348163604736,0.9273004531860352,0.18034280836582184,0.332093745470047,1.6579683651378883,9.454823258229453,3.4395445219161047,6.015278736313348,6.015278736313348
subend_leak_mag_only,1337,test,sUbend_022__f13,1.5624396800994873,0.7089967131614685,0.17714735865592957,0.2463744580745697,2.2037333193442517,9.764871015797553,2.0107053570950626,7.75416565870249,7.75416565870249
subend_leak_mag_only,1337,test,sUbend_022__f14,1.2853167057037354,0.5593370199203491,0.16147787868976593,0.17329387366771698,2.2979289049860627,6.6081561358444105,1.2514316074135081,5.356724528430902,5.356724528430902
subend_leak_mag_only,1337,test,sUbend_022__f15,1.083296775817871,0.4369078278541565,0.16395513713359833,0.12533226609230042,2.4794629593578366,4.6941276179895794,0.763553800160949,3.9305738178286305,3.9305738178286305
subend_leak_mag_only,1337,test,sUbend_022__f16,0.6717674732208252,0.38657209277153015,0.16528891026973724,0.09958802908658981,1.7377547054796056,1.8050861523099684,0.5977519316390421,1.2073342206709263,1.2073342206709263
subend_leak_mag_only,1337,test,sUbend_022__f17,0.8448654413223267,0.3058919310569763,0.16345511376857758,0.08324942737817764,2.7619736107552297,2.855190455763079,0.3742794939430638,2.4809109618200154,2.4809109618200154
subend_leak_mag_only,1337,test,sUbend_022__f18,0.6942023634910583,0.27003416419029236,0.15898995101451874,0.07218877226114273,2.5707945717633556,1.927667685906286,0.2916737993197991,1.635993886586487,1.635993886586487
subend_leak_mag_only,1337,test,sUbend_022__f19,0.8726412653923035,0.231423482298851,0.15306317806243896,0.06663597375154495,3.7707550535662993,3.0460111122619224,0.21422731263730643,2.831783799624616,2.831783799624616
subend_leak_mag_only,1337,test,sUbend_022__f20,0.8845211863517761,0.2122746706008911,0.1501707136631012,0.061474140733480453,4.166871081923907,3.129510916420614,0.1802421431148673,2.9492687733057465,2.9492687733057465
subend_leak_mag_only,1337,test,sUbend_022__f21,0.7771076560020447,0.18821696937084198,0.14938774704933167,0.05540510267019272,4.128786360760689,2.415585236067969,0.14170251023657787,2.273882725831391,2.273882725831391
subend_leak_mag_only,1337,test,sUbend_022__f22,0.5134221911430359,0.17297504842281342,0.149532750248909,0.049495112150907516,2.9681864281838317,1.0544093854324643,0.11968146950749858,0.9347279159249657,0.9347279159249657
subend_leak_mag_only,1337,test,sUbend_022__f23,0.39860326051712036,0.16348809003829956,0.15193642675876617,0.043103307485580444,2.438118033085722,0.6355382371795173,0.10691342233748458,0.5286248148420327,0.5286248148420327
subend_leak_mag_only,1337,test,sUbend_022__f24,0.6247639060020447,0.14399580657482147,0.15299537777900696,0.0383966825902462,4.338764585324309,1.5613197529717269,0.0829391692445336,1.4783805837271933,1.4783805837271933
subend_leak_mag_only,1337,val,sUbend_016__f00,0.8209522366523743,0.13983136415481567,0.15330195426940918,0.03605708107352257,5.871016431931887,2.6958502994581437,0.07821124160558668,2.617639057852557,2.617639057852557
subend_leak_mag_only,1337,val,sUbend_016__f01,0.9582130312919617,0.14758743345737457,0.15013018250465393,0.043770596385002136,6.492510973630473,3.6726888533509197,0.08712820205813987,3.58556065129278,3.58556065129278
subend_leak_mag_only,1337,val,sUbend_016__f02,1.2960422039031982,0.15146535634994507,0.15116016566753387,0.047494448721408844,8.556690685814825,6.718901577193037,0.09176701669686338,6.627134560496174,6.627134560496174
subend_leak_mag_only,1337,val,sUbend_016__f03,1.4857873916625977,0.1668083667755127,0.15160399675369263,0.05330801382660866,8.907151483966869,8.830256692894181,0.11130012490525587,8.718956567988926,8.718956567988926
subend_leak_mag_only,1337,val,sUbend_016__f04,0.8797056674957275,0.12245456129312515,0.1528312712907791,0.03341587260365486,7.183935479462749,3.095528245696414,0.05998047832596698,3.0355477673704474,3.0355477673704474
subend_leak_mag_only,1337,val,sUbend_016__f05,0.46559402346611023,0.08487140387296677,0.15247462689876556,0.02085074782371521,5.485876304850557,0.8671111787494432,0.028812620781472953,0.8382985579679703,0.8382985579679703
subend_leak_mag_only,1337,val,sUbend_016__f06,1.5382083654403687,0.3139774799346924,0.14022698998451233,0.10799472779035568,4.899104119697749,9.464339902042923,0.39432743162456063,9.070012470418362,9.070012470418362
subend_leak_mag_only,1337,val,sUbend_016__f07,1.3669447898864746,1.0604346990585327,0.1416645497083664,0.3413296937942505,1.2890419288430164,7.474152234391113,4.498087003869443,2.9760652305216695,2.9760652305216695
subend_leak_mag_only,1337,val,sUbend_016__f08,1.5651404857635498,1.4609826803207397,0.15396937727928162,0.503126323223114,1.0712929775594215,9.798658960704643,8.537881568788691,1.2607773919159513,1.2607773919159513
subend_leak_mag_only,1337,val,sUbend_016__f09,1.3062824010849,1.6208704710006714,0.15359081327915192,0.5166246294975281,0.8059141211194036,6.825494845536525,10.508884335047753,3.683389489511228,-3.683389489511228
subend_leak_mag_only,1337,val,sUbend_016__f10,1.3506038188934326,1.424275517463684,0.15500734746456146,0.4651392996311188,0.9482742645879049,7.2965227024380965,8.11424299858578,0.8177202961476837,-0.8177202961476837
subend_leak_mag_only,1337,val,sUbend_016__f11,1.114220380783081,1.2560820579528809,0.15708068013191223,0.3843291401863098,0.8870601834716109,4.965948227809577,6.310968545244577,1.3450203174350008,-1.3450203174350008
subend_leak_mag_only,1337,val,sUbend_016__f12,0.9244361519813538,0.9907641410827637,0.15710881352424622,0.28022316098213196,0.9330537043569997,3.4183287963603703,3.9264543330218658,0.5081255366614954,-0.5081255366614954
subend_leak_mag_only,1337,val,sUbend_016__f13,0.6182270646095276,0.7234793305397034,0.16191056370735168,0.17705382406711578,0.8545193186767902,1.528818813662852,2.0936893668727095,0.5648705532098575,-0.5648705532098575
subend_leak_mag_only,1337,val,sUbend_016__f14,0.652611255645752,0.5014791488647461,0.16660736501216888,0.11734998971223831,1.301372663495861,1.7036058039821,1.0059253469844407,0.6976804569976593,0.6976804569976593
subend_leak_mag_only,1337,val,sUbend_016__f15,0.7662584781646729,0.3876854181289673,0.16469402611255646,0.0973774716258049,1.9764954840518907,2.3486082214369617,0.6011999337193288,1.747408287717633,1.747408287717633
subend_leak_mag_only,1337,val,sUbend_016__f16,0.9031530022621155,0.32781922817230225,0.16150756180286407,0.08784550428390503,2.755033642466564,3.262741381980291,0.42986178543793585,2.832879596542355,2.832879596542355
subend_leak_mag_only,1337,val,sUbend_016__f17,0.6127240061759949,0.28463879227638245,0.1618548035621643,0.07274795323610306,2.152637036138924,1.5017228309774424,0.3240769682742304,1.177645862703212,1.177645862703212
subend_leak_mag_only,1337,val,sUbend_016__f18,0.6672032475471497,0.2330220639705658,0.16408945620059967,0.0582464225590229,2.8632621142323567,1.7806406941498523,0.21719712918840983,1.5634435649614424,1.5634435649614424
subend_leak_mag_only,1337,val,sUbend_016__f19,0.6890039443969727,0.20139645040035248,0.16551464796066284,0.04838113859295845,3.4211325126501175,1.8989057415783464,0.16224212093544654,1.7366636206428998,1.7366636206428998
subend_leak_mag_only,1337,val,sUbend_016__f20,0.6747520565986633,0.1802574098110199,0.1655769795179367,0.04254575073719025,3.743269457305898,1.821161351536503,0.1299709351671119,1.6911904163693912,1.6911904163693912
subend_leak_mag_only,1337,val,sUbend_016__f21,0.5109757781028748,0.16701100766658783,0.16433392465114594,0.03896208852529526,3.0595335316038597,1.0443849832313532,0.11157070672723624,0.932814276504117,0.932814276504117
subend_leak_mag_only,1337,val,sUbend_016__f22,0.6752747893333435,0.14924661815166473,0.16249719262123108,0.036142054945230484,4.524556721594373,1.8239841644367658,0.08909821211883528,1.7348859523179305,1.7348859523179305
subend_leak_mag_only,1337,val,sUbend_016__f23,0.8117949366569519,0.14450791478157043,0.15867382287979126,0.03611912578344345,5.617650340356878,2.636044076727458,0.08353014973807049,2.5525139269893877,2.5525139269893877
subend_leak_mag_only,1337,val,sUbend_016__f24,0.7716677784919739,0.13714781403541565,0.15633776783943176,0.034975238144397736,5.626540852431715,2.3818846414509522,0.07523809157877182,2.3066465498721804,2.3066465498721804
subend_leak_mag_only,1337,val,sUbend_019__f00,0.5233271718025208,0.14872324466705322,0.16072943806648254,0.04501776397228241,3.518798779397891,1.0954853149873003,0.0884744140171847,1.0070109009701156,1.0070109009701156
subend_leak_mag_only,1337,val,sUbend_019__f01,0.5436660647392273,0.14188675582408905,0.15787401795387268,0.045995235443115234,3.831690009272349,1.1822911597961507,0.08052740591313867,1.101763753883012,1.101763753883012
subend_leak_mag_only,1337,val,sUbend_019__f02,0.8254213929176331,0.15169338881969452,0.15621113777160645,0.05100074037909508,5.441380137526914,2.7252819035443423,0.09204353684641209,2.63323836669793,2.63323836669793
subend_leak_mag_only,1337,val,sUbend_019__f03,1.6090694665908813,0.17309197783470154,0.17001834511756897,0.06317298859357834,9.29603720934717,10.356418193260254,0.11984333116291523,10.236574862097338,10.236574862097338
subend_leak_mag_only,1337,val,sUbend_019__f04,1.6108546257019043,0.26184219121932983,0.16660445928573608,0.08817920088768005,6.15200559619739,10.379410500580889,0.27424533241016036,10.105165168170728,10.105165168170728
subend_leak_mag_only,1337,val,sUbend_019__f05,1.6028317213058472,0.4903830289840698,0.16894599795341492,0.16033218801021576,3.2685301622824214,10.27627810729706,0.9619020604623643,9.314376046834695,9.314376046834695
subend_leak_mag_only,1337,val,sUbend_019__f06,1.6170258522033691,0.9081997871398926,0.17443488538265228,0.2998613715171814,1.7804737185589035,10.459090426776129,3.2993074134437848,7.159783013332344,7.159783013332344
subend_leak_mag_only,1337,val,sUbend_019__f07,1.7519211769104004,1.304381012916565,0.1907784789800644,0.44863244891166687,1.343105396017032,12.27691124042849,6.805639307428976,5.471271932999514,5.471271932999514
subend_leak_mag_only,1337,val,sUbend_019__f08,1.6335430145263672,1.6370285749435425,0.19400672614574432,0.5304021239280701,0.9978708005037141,10.673851121231564,10.719450220726742,0.0455990994951776,-0.0455990994951776
subend_leak_mag_only,1337,val,sUbend_019__f09,1.7164431810379028,1.6188859939575195,0.20886917412281036,0.5444782972335815,1.0602619254502879,11.78470877492606,10.483167445727304,1.3015413291987556,1.3015413291987556
subend_leak_mag_only,1337,val,sUbend_019__f10,1.326632022857666,1.610708236694336,0.19621016085147858,0.5116552114486694,0.8236327303946239,7.0398100962856915,10.377524095019908,3.337713998734216,-3.337713998734216
subend_leak_mag_only,1337,val,sUbend_019__f11,1.4652179479599,1.3670549392700195,0.19854165613651276,0.43741145730018616,1.071806191448529,8.58745454009528,7.475356827930227,1.1120977121650526,1.1120977121650526
subend_leak_mag_only,1337,val,sUbend_019__f12,1.6134430170059204,1.0797072649002075,0.20510534942150116,0.3585837483406067,1.494333760137331,10.412793476500667,4.663071111513148,5.7497223649875195,5.7497223649875195
subend_leak_mag_only,1337,val,sUbend_019__f13,1.4130271673202515,0.8902775049209595,0.18493370711803436,0.2651892900466919,1.5871760878038839,7.986583102340376,3.170376143073156,4.81620695926722,4.81620695926722
subend_leak_mag_only,1337,val,sUbend_019__f14,1.2554725408554077,0.6385231018066406,0.1734166443347931,0.17810563743114471,1.9662131836783463,6.304845203367734,1.6308470061630942,4.673998197204639,4.673998197204639
subend_leak_mag_only,1337,val,sUbend_019__f15,1.1680923700332642,0.46108174324035645,0.1749214082956314,0.12794095277786255,2.5333737176931583,5.4577591397197125,0.850385495798264,4.6073736439214485,4.6073736439214485
subend_leak_mag_only,1337,val,sUbend_019__f16,0.8995263576507568,0.3921951949596405,0.17329438030719757,0.10447657853364944,2.2935680222786106,3.236590672433749,0.6152682837977217,2.6213223886360275,2.6213223886360275
subend_leak_mag_only,1337,val,sUbend_019__f17,0.5793799161911011,0.33920252323150635,0.17200230062007904,0.08883146196603775,1.7080648772051534,1.3427243491424292,0.4602334070664824,0.8824909420759468,0.8824909420759468
subend_leak_mag_only,1337,val,sUbend_019__f18,0.639147937297821,0.28168585896492004,0.16736844182014465,0.07995810359716415,2.2690096678847405,1.6340403430082375,0.3173876925632193,1.3166526504450182,1.3166526504450182
subend_leak_mag_only,1337,val,sUbend_019__f19,0.510597825050354,0.2600327134132385,0.162843257188797,0.0731925219297409,1.9635907280593679,1.0428405557846077,0.27046804818020576,0.7723725076044019,0.7723725076044019
subend_leak_mag_only,1337,val,sUbend_019__f20,0.5775426626205444,0.22523963451385498,0.1625940501689911,0.06513869017362595,2.5641253763667358,1.334222108587312,0.2029315718237399,1.1312905367635722,1.1312905367635722
subend_leak_mag_only,1337,val,sUbend_019__f21,0.46485453844070435,0.19946731626987457,0.16345345973968506,0.05795609951019287,2.330479735395683,0.8643589676356811,0.15914884103962468,0.7052101265960564,0.7052101265960564
subend_leak_mag_only,1337,val,sUbend_019__f22,0.5838494896888733,0.17648626863956451,0.16551588475704193,0.05229571461677551,3.308186490594694,1.363520906439831,0.12458961207326613,1.238931294366565,1.238931294366565
subend_leak_mag_only,1337,val,sUbend_019__f23,0.48468074202537537,0.17449679970741272,0.16379722952842712,0.04869947209954262,2.777591009336923,0.9396616867610739,0.12179653243251565,0.8178651543285582,0.8178651543285582
subend_leak_mag_only,1337,val,sUbend_019__f24,0.5303532481193542,0.15677359700202942,0.1624435931444168,0.0465613417327404,3.3829245374301697,1.1250982711629973,0.09831184286781891,1.0267864282951784,1.0267864282951784
subend_leak_mag_only,1337,val,sUbend_023__f00,0.7750115990638733,0.11081650853157043,0.14644376933574677,0.03198875114321709,6.993647510948974,2.4025719147341675,0.04912119425251049,2.353450720481657,2.353450720481657
subend_leak_mag_only,1337,val,sUbend_023__f01,0.7105866074562073,0.10386040061712265,0.14764553308486938,0.028834430500864983,6.84174722256038,2.019733306784488,0.043147931265396844,1.9765853755190912,1.9765853755190912
subend_leak_mag_only,1337,val,sUbend_023__f02,0.7000100016593933,0.10179544240236282,0.14889170229434967,0.026870548725128174,6.876634013657423,1.9600560096927353,0.04144924837557107,1.9186067613171642,1.9186067613171642
subend_leak_mag_only,1337,val,sUbend_023__f03,0.6000486016273499,0.09641176462173462,0.14838820695877075,0.02536691352725029,6.22381100461756,1.440233297259752,0.037180913429907037,1.403052383829845,1.403052383829845
subend_leak_mag_only,1337,val,sUbend_023__f04,1.275212049484253,0.10224653780460358,0.14567817747592926,0.035566747188568115,12.471933787344703,6.504663084599315,0.041817417972112914,6.462845666627202,6.462845666627202
subend_leak_mag_only,1337,val,sUbend_023__f05,1.4819567203521729,0.26425179839134216,0.14500290155410767,0.07765001058578491,5.608123499532358,8.784782883987873,0.2793160518122342,8.505466832175639,8.505466832175639
subend_leak_mag_only,1337,val,sUbend_023__f06,1.473340392112732,0.37265029549598694,0.14919359982013702,0.10674731433391571,3.9536809977616088,8.682927644123595,0.5554729709329855,8.12745467319061,8.12745467319061
subend_leak_mag_only,1337,val,sUbend_023__f07,1.447277307510376,0.8645905256271362,0.15112370252609253,0.25214359164237976,1.6739453702208733,8.378446419337934,2.990067108016831,5.388379311321103,5.388379311321103
subend_leak_mag_only,1337,val,sUbend_023__f08,1.5897436141967773,1.563048243522644,0.16196566820144653,0.4973137378692627,1.017079044607075,10.109139035517728,9.772479246316891,0.33665978920083717,0.33665978920083717
subend_leak_mag_only,1337,val,sUbend_023__f09,1.3056371212005615,1.822366714477539,0.16368454694747925,0.5369448661804199,0.7164513655940425,6.818753169027559,13.284081768142642,6.465328599115082,-6.465328599115082
subend_leak_mag_only,1337,val,sUbend_023__f10,1.3688511848449707,1.5853747129440308,0.16950833797454834,0.4729996919631958,0.863424383944552,7.495014265005921,10.053651921769472,2.558637656763551,-2.558637656763551
subend_leak_mag_only,1337,val,sUbend_023__f11,1.2958669662475586,1.3955347537994385,0.16630925238132477,0.41334015130996704,0.9285809348133197,6.717084776846605,7.7900689962482375,1.0729842194016328,-1.0729842194016328
subend_leak_mag_only,1337,val,sUbend_023__f12,1.147932767868042,1.1601338386535645,0.16607943177223206,0.3330318033695221,0.9894830489560732,5.270998558180736,5.383642094356219,0.11264353617548295,-0.11264353617548295
subend_leak_mag_only,1337,val,sUbend_023__f13,1.1435120105743408,0.9522798657417297,0.1641262322664261,0.25010010600090027,1.200815066780458,5.230478873311085,3.6273477707883472,1.6031311025227382,1.6031311025227382
subend_leak_mag_only,1337,val,sUbend_023__f14,1.0713434219360352,0.7095852494239807,0.16196304559707642,0.17394037544727325,1.5098163649902792,4.591106910902454,2.0140449048003717,2.577062006102082,2.577062006102082
subend_leak_mag_only,1337,val,sUbend_023__f15,0.5975767374038696,0.5211384892463684,0.16354890167713165,0.12329576164484024,1.1466754993822093,1.4283918283450134,1.086341299895949,0.3420505284490645,0.3420505284490645
subend_leak_mag_only,1337,val,sUbend_023__f16,0.5907358527183533,0.43774843215942383,0.16497069597244263,0.09760218113660812,1.3494870782386101,1.3958753907475199,0.7664947594321347,0.6293806313153851,0.6293806313153851
subend_leak_mag_only,1337,val,sUbend_023__f17,0.5961524844169617,0.38649940490722656,0.16666637361049652,0.08201386779546738,1.5424408856724092,1.421591138706063,0.5975271599745611,0.8240639787315018,0.8240639787315018
subend_leak_mag_only,1337,val,sUbend_023__f18,0.578345537185669,0.3461501896381378,0.1695576161146164,0.0692809671163559,1.670793645354538,1.33793424153032,0.4792798151460751,0.8586544263842448,0.8586544263842448
subend_leak_mag_only,1337,val,sUbend_023__f19,0.6458373069763184,0.2882310450077057,0.1657497137784958,0.06032847240567207,2.24069307648332,1.668423308329693,0.33230854122493625,1.3361147671047569,1.3361147671047569
subend_leak_mag_only,1337,val,sUbend_023__f20,0.6105095744132996,0.22687876224517822,0.16089880466461182,0.05285300686955452,2.6909066691467043,1.4908877618012326,0.20589589103161643,1.2849918707696162,1.2849918707696162
subend_leak_mag_only,1337,val,sUbend_023__f21,0.6094998717308044,0.18721087276935577,0.1566295027732849,0.04703010246157646,3.2556862895549323,1.4859603745594683,0.14019164353225566,1.3457687310272126,1.3457687310272126
subend_leak_mag_only,1337,val,sUbend_023__f22,0.4379812479019165,0.1636490821838379,0.1535918116569519,0.0429171547293663,2.6763440531240077,0.7673102940548802,0.10712408839845011,0.66018620565643,0.66018620565643
subend_leak_mag_only,1337,val,sUbend_023__f23,0.6071938276290894,0.13409310579299927,0.14778666198253632,0.038356877863407135,4.528150974192663,1.474737377243457,0.07192384408484997,1.4028135331586071,1.4028135331586071
subend_leak_mag_only,1337,val,sUbend_023__f24,0.6786664128303528,0.12464030086994171,0.14647646248340607,0.03552336245775223,5.444999796161597,1.8423523996160753,0.06214081840379837,1.780211581212277,1.780211581212277
subend_leak_mag_only,2026,test,sUbend_012__f00,1.6916066408157349,0.48265302181243896,0.20758967101573944,0.10553682595491409,3.504808971180751,11.446132109007578,0.9318157578587147,10.514316351148864,10.514316351148864
subend_leak_mag_only,2026,test,sUbend_012__f01,1.4604052305221558,0.45587942004203796,0.19325485825538635,0.09230007976293564,3.2034901474330373,8.531133749345884,0.8313041824714595,7.699829566874424,7.699829566874424
subend_leak_mag_only,2026,test,sUbend_012__f02,1.511528491973877,0.38823622465133667,0.180507630109787,0.07528668642044067,3.8933216325481617,9.13887352819529,0.6029094645260926,8.535964063669198,8.535964063669198
subend_leak_mag_only,2026,test,sUbend_012__f03,1.241828441619873,0.33899757266044617,0.17115840315818787,0.06108138710260391,3.663236972094013,6.16855151366417,0.4596774170786979,5.708874096585472,5.708874096585472
subend_leak_mag_only,2026,test,sUbend_012__f04,1.1546262502670288,0.2649005949497223,0.16800688207149506,0.05264614149928093,4.358715202154133,5.332647111222798,0.28068930081886734,5.05195781040393,5.05195781040393
subend_leak_mag_only,2026,test,sUbend_012__f05,1.10476815700531,0.25847500562667847,0.16834387183189392,0.06178370490670204,4.274177900980309,4.882050722931638,0.26723731413484586,4.614813408796792,4.614813408796792
subend_leak_mag_only,2026,test,sUbend_012__f06,1.628617763519287,1.2772669792175293,0.1930469125509262,0.2524249851703644,1.2750801437902983,10.609583278602258,6.52564374479789,4.083939533804369,4.083939533804369
subend_leak_mag_only,2026,test,sUbend_012__f07,1.8042783737182617,2.64764404296875,0.21693629026412964,0.5706283450126648,0.6814656141220407,13.021681799469661,28.040075913071632,15.018394113601971,-15.018394113601971
subend_leak_mag_only,2026,test,sUbend_012__f08,1.721049189567566,3.358830213546753,0.21943171322345734,0.7576717734336853,0.5123954115412777,11.848041251644702,45.1269616137381,33.2789203620934,-33.2789203620934
subend_leak_mag_only,2026,test,sUbend_012__f09,1.7049829959869385,3.3379228115081787,0.22214500606060028,0.7887685894966125,0.5107916187003059,11.627868066418387,44.56691478234666,32.93904671592827,-32.93904671592827
subend_leak_mag_only,2026,test,sUbend_012__f10,1.6756733655929565,2.945417642593384,0.2165767252445221,0.7438451647758484,0.5689085789944404,11.231524912630505,34.701940357201465,23.47041544457096,-23.47041544457096
subend_leak_mag_only,2026,test,sUbend_012__f11,1.6939114332199097,2.3651576042175293,0.21202021837234497,0.6251805424690247,0.7161938934637341,11.477343774372514,22.375881971152012,10.898538196779498,-10.898538196779498
subend_leak_mag_only,2026,test,sUbend_012__f12,1.6572589874267578,1.880467176437378,0.2094399631023407,0.4930272400379181,0.8813017361815922,10.98602940562705,14.144627206633459,3.158597801006408,-3.158597801006408
subend_leak_mag_only,2026,test,sUbend_012__f13,1.58795964717865,1.5041799545288086,0.20060992240905762,0.3845941126346588,1.055697918588528,10.08646336427097,9.050229342425155,1.0362340218458144,1.0362340218458144
subend_leak_mag_only,2026,test,sUbend_012__f14,1.3755046129226685,1.0965973138809204,0.18222670257091522,0.2873152196407318,1.2543388493764216,7.56805176068616,4.8101026752433995,2.7579490854427604,2.7579490854427604
subend_leak_mag_only,2026,test,sUbend_012__f15,1.0924344062805176,0.7118344902992249,0.16500970721244812,0.20995444059371948,1.5346747329162216,4.773651728101868,2.026833366318229,2.746818361783639,2.746818361783639
subend_leak_mag_only,2026,test,sUbend_012__f16,0.9219017624855042,0.5640744566917419,0.15567396581172943,0.16667626798152924,1.6343618321105955,3.3996114386955156,1.2727199707683354,2.12689146792718,2.12689146792718
subend_leak_mag_only,2026,test,sUbend_012__f17,0.8614526391029358,0.5132749080657959,0.15851736068725586,0.14551451802253723,1.678345513419307,2.9684025976696518,1.053804524999805,1.9145980726698468,1.9145980726698468
subend_leak_mag_only,2026,test,sUbend_012__f18,1.637208342552185,0.5176658630371094,0.17900481820106506,0.13992194831371307,3.1626739552552263,10.721804627689892,1.0719117830158211,9.64989284467407,9.64989284467407
subend_leak_mag_only,2026,test,sUbend_012__f19,1.758370041847229,0.5698524117469788,0.19257675111293793,0.13915123045444489,3.085658682143064,12.367460816263304,1.2989270846953929,11.06853373156791,11.06853373156791
subend_leak_mag_only,2026,test,sUbend_012__f20,1.8540610074996948,0.5585685968399048,0.20374314486980438,0.134679913520813,3.3193076338144016,13.750168878123134,1.2479955095028004,12.502173368620333,12.502173368620333
subend_leak_mag_only,2026,test,sUbend_012__f21,1.8513365983963013,0.5518748164176941,0.20853261649608612,0.12942193448543549,3.354631418794605,13.70978880224635,1.2182632519842542,12.491525550262097,12.491525550262097
subend_leak_mag_only,2026,test,sUbend_012__f22,1.81430983543396,0.5466099381446838,0.21078376471996307,0.12475831806659698,3.319203894448265,13.166880715809612,1.1951296979141404,11.971751017895471,11.971751017895471
subend_leak_mag_only,2026,test,sUbend_012__f23,1.7844252586364746,0.5331071615219116,0.2117830216884613,0.11906066536903381,3.347216821365345,12.736694014639397,1.1368129826637983,11.599881031975599,11.599881031975599
subend_leak_mag_only,2026,test,sUbend_012__f24,1.7041423320770264,0.5210325717926025,0.2090761959552765,0.11320210993289948,3.2707021102614706,11.616404351907704,1.085899763475254,10.53050458843245,10.53050458843245
subend_leak_mag_only,2026,test,sUbend_021__f00,1.6932865381240845,0.28423604369163513,0.1843370497226715,0.07498495280742645,5.957325172880306,11.468877200768986,0.32316051413389246,11.145716686635094,11.145716686635094
subend_leak_mag_only,2026,test,sUbend_021__f01,1.5931107997894287,0.2860671281814575,0.1792462170124054,0.07170616090297699,5.569010357523112,10.152008081622853,0.3273376073039458,9.824670474318907,9.824670474318907
subend_leak_mag_only,2026,test,sUbend_021__f02,1.5333083868026733,0.27683666348457336,0.17313851416110992,0.0635092481970787,5.538675287813229,9.404138436157666,0.30655415299708366,9.097584283160582,9.097584283160582
subend_leak_mag_only,2026,test,sUbend_021__f03,1.4804282188415527,0.27063122391700745,0.17106500267982483,0.05930048227310181,5.470278696650114,8.76667084456949,0.2929650374352697,8.47370580713422,8.47370580713422
subend_leak_mag_only,2026,test,sUbend_021__f04,1.1667912006378174,0.22834274172782898,0.16455920040607452,0.039422787725925446,5.109823906855613,5.445606823543358,0.20856163079912804,5.23704519274423,5.23704519274423
subend_leak_mag_only,2026,test,sUbend_021__f05,0.9144277572631836,0.1853945553302765,0.1658019721508026,0.0305553637444973,4.932333399080409,3.3447124930135033,0.1374845645844438,3.2072279284290595,3.2072279284290595
subend_leak_mag_only,2026,test,sUbend_021__f06,1.4492313861846924,0.7181300520896912,0.16173474490642548,0.19818057119846344,2.018062580680985,8.40108644281122,2.06284308685737,6.33824335595385,6.33824335595385
subend_leak_mag_only,2026,test,sUbend_021__f07,1.6153416633605957,1.7748973369598389,0.17592526972293854,0.5199140906333923,0.91010428024387,10.437314757554304,12.601042226988511,2.163727469434207,-2.163727469434207
subend_leak_mag_only,2026,test,sUbend_021__f08,1.648241400718689,2.3739774227142334,0.18751244246959686,0.6764387488365173,0.6942953142470114,10.866798860172423,22.543075214227656,11.676276354055233,-11.676276354055233
subend_leak_mag_only,2026,test,sUbend_021__f09,1.6717283725738525,2.2838501930236816,0.19466020166873932,0.6834629774093628,0.7319781208418857,11.178703006673686,20.86388681669723,9.685183810023545,-9.685183810023545
subend_leak_mag_only,2026,test,sUbend_021__f10,1.715528130531311,2.1059648990631104,0.19607974588871002,0.6278491616249084,0.8146043323393022,11.77214706657702,17.740352624343586,5.9682055577665665,-5.9682055577665665
subend_leak_mag_only,2026,test,sUbend_021__f11,1.697222113609314,1.8058662414550781,0.19377543032169342,0.5286971926689148,0.9398382198239532,11.522251611697868,13.044611528108362,1.522359916410494,-1.522359916410494
subend_leak_mag_only,2026,test,sUbend_021__f12,1.5995168685913086,1.4528396129608154,0.18966852128505707,0.4208817481994629,1.100959014554657,10.233816851632582,8.442971763952528,1.7908450876800543,1.7908450876800543
subend_leak_mag_only,2026,test,sUbend_021__f13,1.560430645942688,1.151943325996399,0.17825482785701752,0.3210694491863251,1.3546071327710145,9.739775203188458,5.307893705230583,4.431881497957875,4.431881497957875
subend_leak_mag_only,2026,test,sUbend_021__f14,1.4514702558517456,0.8249955773353577,0.165109783411026,0.232591912150383,1.7593673175071196,8.427063614489327,2.7224708104916004,5.704592803997727,5.704592803997727
subend_leak_mag_only,2026,test,sUbend_021__f15,1.3527600765228271,0.5994604229927063,0.1521204560995102,0.17230843007564545,2.2566295031945525,7.319839298536181,1.4374111949383774,5.882428103597803,5.882428103597803
subend_leak_mag_only,2026,test,sUbend_021__f16,0.9668815732002258,0.49976885318756104,0.14572422206401825,0.13719043135643005,1.934657526241155,3.7394399063765746,0.9990756264656397,2.740364279910935,2.740364279910935
subend_leak_mag_only,2026,test,sUbend_021__f17,0.3909000754356384,0.4746529161930084,0.14510071277618408,0.11529845744371414,0.8235492969702655,0.6112114759023513,0.9011815634021083,0.28997008749975706,-0.28997008749975706
subend_leak_mag_only,2026,test,sUbend_021__f18,0.37518566846847534,0.43479782342910767,0.1457403302192688,0.10288877040147781,0.8628968413629792,0.5630571432965468,0.756196589034758,0.19313944573821118,-0.19313944573821118
subend_leak_mag_only,2026,test,sUbend_021__f19,0.5518791079521179,0.40467509627342224,0.1485566645860672,0.09455490112304688,1.3637585140135138,1.2182821991761017,0.6550477341756142,0.5632344650004875,0.5632344650004875
subend_leak_mag_only,2026,test,sUbend_021__f20,0.7399913668632507,0.38497668504714966,0.15321646630764008,0.09208906441926956,1.922171901845487,2.1903488921285685,0.592828192119569,1.5975207000089995,1.5975207000089995
subend_leak_mag_only,2026,test,sUbend_021__f21,1.0602902173995972,0.35445716977119446,0.16092436015605927,0.09224628657102585,2.991307012026375,4.49686138045314,0.5025595408088215,3.9943018396443186,3.9943018396443186
subend_leak_mag_only,2026,test,sUbend_021__f22,1.454113483428955,0.3197004497051239,0.17459754645824432,0.08841510862112045,4.548362333459832,8.45778409075956,0.40883351016663383,8.048950580592926,8.048950580592926
subend_leak_mag_only,2026,test,sUbend_021__f23,1.6955301761627197,0.30677521228790283,0.18646961450576782,0.08725284785032272,5.526946468450313,11.499290313113534,0.3764441234971514,11.122846189616382,11.122846189616382
subend_leak_mag_only,2026,test,sUbend_021__f24,1.7428474426269531,0.2920149862766266,0.18880833685398102,0.08156520873308182,5.9683493126477725,12.150068833085243,0.34109100884055366,11.808977824244689,11.808977824244689
subend_leak_mag_only,2026,test,sUbend_022__f00,0.47488147020339966,0.13690918684005737,0.134913831949234,0.03389902412891388,3.4685873253938366,0.9020496429701694,0.07497650176482296,0.8270731412053465,0.8270731412053465
subend_leak_mag_only,2026,test,sUbend_022__f01,0.6413288712501526,0.11378740519285202,0.13728193938732147,0.03092322312295437,5.6362026198171895,1.6452108843959792,0.05179029432208915,1.59342059007389,1.59342059007389
subend_leak_mag_only,2026,test,sUbend_022__f02,0.6985962986946106,0.10572563111782074,0.13886874914169312,0.02841157652437687,6.60763422557482,1.9521471541992383,0.04471163630104602,1.9074355178981923,1.9074355178981923
subend_leak_mag_only,2026,test,sUbend_022__f03,0.7530171871185303,0.1010335236787796,0.13704845309257507,0.02708689123392105,7.453141884990882,2.2681395363836145,0.040831091627802074,2.2273084447558125,2.2273084447558125
subend_leak_mag_only,2026,test,sUbend_022__f04,1.6191903352737427,0.14884856343269348,0.15437713265419006,0.05713614076375961,10.878105222734716,10.48710936737558,0.0886235793439063,10.398485788031675,10.398485788031675
subend_leak_mag_only,2026,test,sUbend_022__f05,1.575426697731018,0.4543622136116028,0.14082878828048706,0.16181135177612305,3.4673365225694623,9.927877119694642,0.825780084632143,9.1020970350625,9.1020970350625
subend_leak_mag_only,2026,test,sUbend_022__f06,1.5976790189743042,0.77876877784729,0.15213671326637268,0.2856981158256531,2.0515447773736963,10.21031299068278,2.425923237399047,7.784389753283733,7.784389753283733
subend_leak_mag_only,2026,test,sUbend_022__f07,1.7012965679168701,1.1009187698364258,0.17525523900985718,0.42569229006767273,1.5453425034888344,11.577640048022886,4.848088551112596,6.72955149691029,6.72955149691029
subend_leak_mag_only,2026,test,sUbend_022__f08,1.7635862827301025,1.4119216203689575,0.19135883450508118,0.5578948855400085,1.249068119141946,12.440946306535125,7.97409064826121,4.466855658273914,4.466855658273914
subend_leak_mag_only,2026,test,sUbend_022__f09,1.6972689628601074,1.4451364278793335,0.19664546847343445,0.5705522894859314,1.17446971103674,11.522887729152899,8.35367718073536,3.1692105484175386,3.1692105484175386
subend_leak_mag_only,2026,test,sUbend_022__f10,1.516842246055603,1.3665584325790405,0.18355828523635864,0.5101863145828247,1.1099724753027493,9.203241597676026,7.469927798611536,1.73331379906449,1.73331379906449
subend_leak_mag_only,2026,test,sUbend_022__f11,1.6244237422943115,1.1047513484954834,0.1922289878129959,0.4291037619113922,1.4703976098391274,10.555009978117823,4.881902168010356,5.673107810107467,5.673107810107467
subend_leak_mag_only,2026,test,sUbend_022__f12,1.5163062810897827,0.9273004531860352,0.17147408425807953,0.332093745470047,1.6351833711285604,9.196738952289309,3.4395445219161047,5.757194430373204,5.757194430373204
subend_leak_mag_only,2026,test,sUbend_022__f13,1.5476704835891724,0.7089967131614685,0.1656503677368164,0.2463744580745697,2.1829021980764844,9.58113570309257,2.0107053570950626,7.570430345997508,7.570430345997508
subend_leak_mag_only,2026,test,sUbend_022__f14,1.2625253200531006,0.5593370199203491,0.144244983792305,0.17329387366771698,2.2571817617809153,6.375880735100736,1.2514316074135081,5.124449127687228,5.124449127687228
subend_leak_mag_only,2026,test,sUbend_022__f15,1.0686619281768799,0.4369078278541565,0.1440390646457672,0.12533226609230042,2.4459665404154953,4.568153266938907,0.763553800160949,3.804599466777958,3.804599466777958
subend_leak_mag_only,2026,test,sUbend_022__f16,0.7088239789009094,0.38657209277153015,0.143299400806427,0.09958802908658981,1.8336139420178863,2.0097257322596676,0.5977519316390421,1.4119738006206255,1.4119738006206255
subend_leak_mag_only,2026,test,sUbend_022__f17,0.8731200695037842,0.3058919310569763,0.143250972032547,0.08324942737817764,2.854341618253259,3.0493546230811717,0.3742794939430638,2.675075129138108,2.675075129138108
subend_leak_mag_only,2026,test,sUbend_022__f18,0.7315836548805237,0.27003416419029236,0.13823089003562927,0.07218877226114273,2.7092262828083435,2.1408585763533807,0.2916737993197991,1.8491847770335816,1.8491847770335816
subend_leak_mag_only,2026,test,sUbend_022__f19,0.9045349955558777,0.231423482298851,0.13434484601020813,0.06663597375154495,3.9085704984241723,3.2727342327410867,0.21422731263730643,3.0585069201037802,3.0585069201037802
subend_leak_mag_only,2026,test,sUbend_022__f20,0.917843759059906,0.2122746706008911,0.1323925256729126,0.061474140733480453,4.323849644716175,3.369748664180875,0.1802421431148673,3.189506521066008,3.189506521066008
subend_leak_mag_only,2026,test,sUbend_022__f21,0.8183392882347107,0.18821696937084198,0.13199469447135925,0.05540510267019272,4.3478507329609855,2.6787167626739716,0.14170251023657787,2.5370142524373938,2.5370142524373938
subend_leak_mag_only,2026,test,sUbend_022__f22,0.555070698261261,0.17297504842281342,0.13077349960803986,0.049495112150907516,3.208963970944919,1.2324139202729754,0.11968146950749858,1.1127324507654768,1.1127324507654768
subend_leak_mag_only,2026,test,sUbend_022__f23,0.4166114330291748,0.16348809003829956,0.13050371408462524,0.043103307485580444,2.5482677847149433,0.6942603445224904,0.10691342233748458,0.5873469221850058,0.5873469221850058
subend_leak_mag_only,2026,test,sUbend_022__f24,0.644665002822876,0.14399580657482147,0.13186869025230408,0.0383966825902462,4.476970671280642,1.6623718634584748,0.0829391692445336,1.5794326942139412,1.5794326942139412
subend_leak_mag_only,2026,val,sUbend_016__f00,0.8457637429237366,0.13983136415481567,0.12911465764045715,0.03605708107352257,6.0484552091427854,2.8612652353774735,0.07821124160558668,2.783053993771887,2.783053993771887
subend_leak_mag_only,2026,val,sUbend_016__f01,1.035742998123169,0.14758743345737457,0.1311471313238144,0.043770596385002136,7.017826476549623,4.291054232644683,0.08712820205813987,4.203926030586543,4.203926030586543
subend_leak_mag_only,2026,val,sUbend_016__f02,1.3701822757720947,0.15146535634994507,0.13401341438293457,0.047494448721408844,9.046176028572699,7.509597875359987,0.09176701669686338,7.417830858663123,7.417830858663123
subend_leak_mag_only,2026,val,sUbend_016__f03,1.5664656162261963,0.1668083667755127,0.13536213338375092,0.05330801382660866,9.39080962488119,9.815258107275667,0.11130012490525587,9.703957982370412,9.703957982370412
subend_leak_mag_only,2026,val,sUbend_016__f04,0.9383355379104614,0.12245456129312515,0.13027864694595337,0.03341587260365486,7.662724262792663,3.52189432682286,0.05998047832596698,3.461913848496893,3.461913848496893
subend_leak_mag_only,2026,val,sUbend_016__f05,0.6243539452552795,0.08487140387296677,0.1254081428050995,0.02085074782371521,7.3564701037559805,1.5592713958233304,0.028812620781472953,1.5304587750418575,1.5304587750418575
subend_leak_mag_only,2026,val,sUbend_016__f06,1.6116993427276611,0.3139774799346924,0.12428710609674454,0.10799472779035568,5.133168605158867,10.3902990853951,0.39432743162456063,9.995971653770539,9.995971653770539
subend_leak_mag_only,2026,val,sUbend_016__f07,1.4346590042114258,1.0604346990585327,0.12158926576375961,0.3413296937942505,1.352897076533929,8.23298583345968,4.498087003869443,3.734898829590236,3.734898829590236
subend_leak_mag_only,2026,val,sUbend_016__f08,1.6038813591003418,1.4609826803207397,0.13794176280498505,0.503126323223114,1.0978099745496166,10.289741656278238,8.537881568788691,1.751860087489547,1.751860087489547
subend_leak_mag_only,2026,val,sUbend_016__f09,1.336233139038086,1.6208704710006714,0.13028399646282196,0.5166246294975281,0.8243923021271035,7.142076007454307,10.508884335047753,3.3668083275934464,-3.3668083275934464
subend_leak_mag_only,2026,val,sUbend_016__f10,1.3766899108886719,1.424275517463684,0.1334380805492401,0.4651392996311188,0.9665896057388169,7.581100442970637,8.11424299858578,0.533142555615143,-0.533142555615143
subend_leak_mag_only,2026,val,sUbend_016__f11,1.1464853286743164,1.2560820579528809,0.134001225233078,0.3843291401863098,0.9127471580501824,5.257714435461821,6.310968545244577,1.0532541097827561,-1.0532541097827561
subend_leak_mag_only,2026,val,sUbend_016__f12,0.9400619268417358,0.9907641410827637,0.13155698776245117,0.28022316098213196,0.9488251419902849,3.5348657051895884,3.9264543330218658,0.3915886278322773,-0.3915886278322773
subend_leak_mag_only,2026,val,sUbend_016__f13,0.6367791295051575,0.7234793305397034,0.13159510493278503,0.17705382406711578,0.8801621589246109,1.6219506390933844,2.0936893668727095,0.471738727779325,-0.471738727779325
subend_leak_mag_only,2026,val,sUbend_016__f14,0.6715525984764099,0.5014791488647461,0.1356368362903595,0.11734998971223831,1.3391436114476103,1.803931570081673,1.0059253469844407,0.7980062230972322,0.7980062230972322
subend_leak_mag_only,2026,val,sUbend_016__f15,0.8026022911071777,0.3876854181289673,0.13596361875534058,0.0973774716258049,2.0702411119321087,2.5766817507619635,0.6011999337193288,1.9754818170426347,1.9754818170426347
subend_leak_mag_only,2026,val,sUbend_016__f16,0.8991222977638245,0.32781922817230225,0.135653555393219,0.08784550428390503,2.742738132771286,3.2336836253443977,0.42986178543793585,2.803821839906462,2.803821839906462
subend_leak_mag_only,2026,val,sUbend_016__f17,0.620354175567627,0.28463879227638245,0.13480791449546814,0.07274795323610306,2.1794435347563836,1.5393572125767605,0.3240769682742304,1.2152802443025301,1.2152802443025301
subend_leak_mag_only,2026,val,sUbend_016__f18,0.6751925349235535,0.2330220639705658,0.137042835354805,0.0582464225590229,2.897547654581072,1.8235398368659759,0.21719712918840983,1.606342707677566,1.606342707677566
subend_leak_mag_only,2026,val,sUbend_016__f19,0.7642509937286377,0.20139645040035248,0.13842175900936127,0.04838113859295845,3.79475900498443,2.336318325660841,0.16224212093544654,2.1740762047253943,2.1740762047253943
subend_leak_mag_only,2026,val,sUbend_016__f20,0.7309606671333313,0.1802574098110199,0.13809016346931458,0.04254575073719025,4.0550935903254315,2.137213987584019,0.1299709351671119,2.007243052416907,2.007243052416907
subend_leak_mag_only,2026,val,sUbend_016__f21,0.5720035433769226,0.16701100766658783,0.13659009337425232,0.03896208852529526,3.4249451660027166,1.30875221454302,0.11157070672723624,1.1971815078157837,1.1971815078157837
subend_leak_mag_only,2026,val,sUbend_016__f22,0.6884052753448486,0.14924661815166473,0.13543353974819183,0.036142054945230484,4.612535170782159,1.8956072924904674,0.08909821211883528,1.8065090803716322,1.8065090803716322
subend_leak_mag_only,2026,val,sUbend_016__f23,0.8302489519119263,0.14450791478157043,0.1328423172235489,0.03611912578344345,5.745352793768294,2.7572532886034082,0.08353014973807049,2.6737231388653377,2.6737231388653377
subend_leak_mag_only,2026,val,sUbend_016__f24,0.7704074382781982,0.13714781403541565,0.1310160905122757,0.034975238144397736,5.617351203857002,2.3741104838175033,0.07523809157877182,2.2988723922387315,2.2988723922387315
subend_leak_mag_only,2026,val,sUbend_019__f00,0.6322731375694275,0.14872324466705322,0.14304259419441223,0.04501776397228241,4.251340393930334,1.5990772819675527,0.0884744140171847,1.510602867950368,1.510602867950368
subend_leak_mag_only,2026,val,sUbend_019__f01,0.6231667995452881,0.14188675582408905,0.1427561193704605,0.045995235443115234,4.392001183802448,1.553347440222069,0.08052740591313867,1.4728200343089304,1.4728200343089304
subend_leak_mag_only,2026,val,sUbend_019__f02,0.8956851363182068,0.15169338881969452,0.14407560229301453,0.05100074037909508,5.904575956061172,3.2090074536854587,0.09204353684641209,3.1169639168390466,3.1169639168390466
subend_leak_mag_only,2026,val,sUbend_019__f03,1.696347713470459,0.17309197783470154,0.1625770777463913,0.06317298859357834,9.800267665150999,11.510382259985818,0.11984333116291523,11.390538928822902,11.390538928822902
subend_leak_mag_only,2026,val,sUbend_019__f04,1.6985102891921997,0.26184219121932983,0.15317422151565552,0.08817920088768005,6.486770834305528,11.53974880996708,0.27424533241016036,11.26550347755692,11.26550347755692
subend_leak_mag_only,2026,val,sUbend_019__f05,1.6888082027435303,0.4903830289840698,0.15250524878501892,0.16033218801021576,3.443855319059974,11.408292582615331,0.9619020604623643,10.446390522152967,10.446390522152967
subend_leak_mag_only,2026,val,sUbend_019__f06,1.6998672485351562,0.9081997871398926,0.15864157676696777,0.2998613715171814,1.8716886665305075,11.55819465056993,3.2993074134437848,8.258887237126146,8.258887237126146
subend_leak_mag_only,2026,val,sUbend_019__f07,1.8230054378509521,1.304381012916565,0.17790351808071136,0.44863244891166687,1.3976019428362847,13.293395305736567,6.805639307428976,6.487755998307591,6.487755998307591
subend_leak_mag_only,2026,val,sUbend_019__f08,1.6856354475021362,1.6370285749435425,0.17644773423671722,0.5304021239280701,1.029692134457867,11.365467447502908,10.719450220726742,0.6460172267761664,0.6460172267761664
subend_leak_mag_only,2026,val,sUbend_019__f09,1.777221918106079,1.6188859939575195,0.1935008466243744,0.5444782972335815,1.0978054815098452,12.634070984786604,10.483167445727304,2.1509035390593,2.1509035390593
subend_leak_mag_only,2026,val,sUbend_019__f10,1.3769192695617676,1.610708236694336,0.17793327569961548,0.5116552114486694,0.85485331122887,7.583626699562046,10.377524095019908,2.7938973954578614,-2.7938973954578614
subend_leak_mag_only,2026,val,sUbend_019__f11,1.5124982595443726,1.3670549392700195,0.18180665373802185,0.43741145730018616,1.106391715575101,9.150603940499025,7.475356827930227,1.6752471125687975,1.6752471125687975
subend_leak_mag_only,2026,val,sUbend_019__f12,1.6509195566177368,1.0797072649002075,0.18995323777198792,0.3585837483406067,1.529043667933756,10.902141529691619,4.663071111513148,6.239070418178471,6.239070418178471
subend_leak_mag_only,2026,val,sUbend_019__f13,1.4406765699386597,0.8902775049209595,0.16499455273151398,0.2651892900466919,1.6182331486254566,8.302195916680887,3.170376143073156,5.131819773607731,5.131819773607731
subend_leak_mag_only,2026,val,sUbend_019__f14,1.2833137512207031,0.6385231018066406,0.15086989104747772,0.17810563743114471,2.0098156943573198,6.587576736288611,1.6308470061630942,4.956729730125517,4.956729730125517
subend_leak_mag_only,2026,val,sUbend_019__f15,1.224183201789856,0.46108174324035645,0.15375691652297974,0.12794095277786255,2.6550242332013214,5.994498046177853,0.850385495798264,5.144112550379589,5.144112550379589
subend_leak_mag_only,2026,val,sUbend_019__f16,0.9953240156173706,0.3921951949596405,0.15067574381828308,0.10447657853364944,2.5378281743604636,3.962679584258751,0.6152682837977217,3.3474113004610295,3.3474113004610295
subend_leak_mag_only,2026,val,sUbend_019__f17,0.6780229806900024,0.33920252323150635,0.14991480112075806,0.08883146196603775,1.9988736352272076,1.8388606493750217,0.4602334070664824,1.3786272423085393,1.3786272423085393
subend_leak_mag_only,2026,val,sUbend_019__f18,0.7146855592727661,0.28168585896492004,0.14637847244739532,0.07995810359716415,2.537172302148721,2.043101794532106,0.3173876925632193,1.7257141019688866,1.7257141019688866
subend_leak_mag_only,2026,val,sUbend_019__f19,0.5739142298698425,0.2600327134132385,0.14163921773433685,0.0731925219297409,2.2070847253660353,1.3175101729883778,0.27046804818020576,1.047042124808172,1.047042124808172
subend_leak_mag_only,2026,val,sUbend_019__f20,0.6475625038146973,0.22523963451385498,0.1425207555294037,0.06513869017362595,2.874993582778453,1.6773487853870392,0.2029315718237399,1.4744172135632994,1.4744172135632994
subend_leak_mag_only,2026,val,sUbend_019__f21,0.5229505896568298,0.19946731626987457,0.14229972660541534,0.05795609951019287,2.621735728119438,1.093909276889704,0.15914884103962468,0.9347604358500794,0.9347604358500794
subend_leak_mag_only,2026,val,sUbend_019__f22,0.6340806484222412,0.17648626863956451,0.14567722380161285,0.05229571461677551,3.5928044335121356,1.6082330748142795,0.12458961207326613,1.4836434627410133,1.4836434627410133
subend_leak_mag_only,2026,val,sUbend_019__f23,0.5326737761497498,0.17449679970741272,0.14189612865447998,0.04869947209954262,3.0526277676318982,1.1349654071905348,0.12179653243251565,1.0131688747580192,1.0131688747580192
subend_leak_mag_only,2026,val,sUbend_019__f24,0.5869818329811096,0.15677359700202942,0.14301808178424835,0.0465613417327404,3.744137049898212,1.378190688999453,0.09831184286781891,1.2798788461316342,1.2798788461316342
subend_leak_mag_only,2026,val,sUbend_023__f00,0.8853675127029419,0.11081650853157043,0.1290998011827469,0.03198875114321709,7.989491136609039,3.135502530199176,0.04912119425251049,3.0863813359466654,3.0863813359466654
subend_leak_mag_only,2026,val,sUbend_023__f01,0.8276131749153137,0.10386040061712265,0.12860746681690216,0.028834430500864983,7.968515141456826,2.7397742691736227,0.043147931265396844,2.696626337908226,2.696626337908226
subend_leak_mag_only,2026,val,sUbend_023__f02,0.8494700193405151,0.10179544240236282,0.1281910240650177,0.026870548725128174,8.344872808576719,2.8863972550335006,0.04144924837557107,2.84494800665793,2.84494800665793
subend_leak_mag_only,2026,val,sUbend_023__f03,0.7452109456062317,0.09641176462173462,0.12734873592853546,0.02536691352725029,7.729460699428323,2.221357413805336,0.037180913429907037,2.184176500375429,2.184176500375429
subend_leak_mag_only,2026,val,sUbend_023__f04,1.2715100049972534,0.10224653780460358,0.13733790814876556,0.035566747188568115,12.435726747316862,6.466950771232462,0.041817417972112914,6.425133353260349,6.425133353260349
subend_leak_mag_only,2026,val,sUbend_023__f05,1.494821310043335,0.26425179839134216,0.12438525259494781,0.07765001058578491,5.65680657290963,8.937962995838689,0.2793160518122342,8.658646944026454,8.658646944026454
subend_leak_mag_only,2026,val,sUbend_023__f06,1.4862134456634521,0.37265029549598694,0.1267899125814438,0.10674731433391571,3.9882255928050303,8.835321624283324,0.5554729709329855,8.279848653350339,8.279848653350339
subend_leak_mag_only,2026,val,sUbend_023__f07,1.4599711894989014,0.8645905256271362,0.1289665699005127,0.25214359164237976,1.688627328456904,8.526063496667348,2.990067108016831,5.535996388650517,5.535996388650517
subend_leak_mag_only,2026,val,sUbend_023__f08,1.6038533449172974,1.563048243522644,0.14351890981197357,0.4973137378692627,1.0261061048907172,10.289382208009613,9.772479246316891,0.5169029616927219,0.5169029616927219
subend_leak_mag_only,2026,val,sUbend_023__f09,1.3121693134307861,1.822366714477539,0.14036710560321808,0.5369448661804199,0.7200358210048721,6.887153228437683,13.284081768142642,6.396928539704959,-6.396928539704959
subend_leak_mag_only,2026,val,sUbend_023__f10,1.4070992469787598,1.5853747129440308,0.14752821624279022,0.4729996919631958,0.8875499498574602,7.919713163392771,10.053651921769472,2.1339387583767007,-2.1339387583767007
subend_leak_mag_only,2026,val,sUbend_023__f11,1.319746732711792,1.3955347537994385,0.14411379396915436,0.41334015130996704,0.9456924874989259,6.9669257540138005,7.7900689962482375,0.8231432422344369,-0.8231432422344369
subend_leak_mag_only,2026,val,sUbend_023__f12,1.1838669776916504,1.1601338386535645,0.14268043637275696,0.3330318033695221,1.0204572423002767,5.606164083475051,5.383642094356219,0.2225219891188317,0.2225219891188317
subend_leak_mag_only,2026,val,sUbend_023__f13,1.1762603521347046,0.9522798657417297,0.13914035260677338,0.25010010600090027,1.2352044755440845,5.534353664016237,3.6273477707883472,1.9070058932278897,1.9070058932278897
subend_leak_mag_only,2026,val,sUbend_023__f14,1.1123100519180298,0.7095852494239807,0.13591167330741882,0.17394037544727325,1.5675495690207322,4.9489346063915605,2.0140449048003717,2.934889701591189,2.934889701591189
subend_leak_mag_only,2026,val,sUbend_023__f15,0.6325600743293762,0.5211384892463684,0.1358574628829956,0.12329576164484024,1.2138041756311981,1.6005289905423439,1.086341299895949,0.5141876906463949,0.5141876906463949
subend_leak_mag_only,2026,val,sUbend_023__f16,0.5594387650489807,0.43774843215942383,0.1364631950855255,0.09760218113660812,1.2779914762669862,1.2518869273581146,0.7664947594321347,0.48539216792597983,0.48539216792597983
subend_leak_mag_only,2026,val,sUbend_023__f17,0.6368140578269958,0.38649940490722656,0.13741320371627808,0.08201386779546738,1.647645636038828,1.6221285769843377,0.5975271599745611,1.0246014170097766,1.0246014170097766
subend_leak_mag_only,2026,val,sUbend_023__f18,0.6297026872634888,0.3461501896381378,0.13953807950019836,0.0692809671163559,1.8191603128161624,1.5861018973874366,0.4792798151460751,1.1068220822413615,1.1068220822413615
subend_leak_mag_only,2026,val,sUbend_023__f19,0.6724308729171753,0.2882310450077057,0.13728800415992737,0.06032847240567207,2.332957828672474,1.8086531154086174,0.33230854122493625,1.4763445741836811,1.4763445741836811
subend_leak_mag_only,2026,val,sUbend_023__f20,0.6706584095954895,0.22687876224517822,0.13461415469646454,0.05285300686955452,2.956021105539784,1.7991308094446055,0.20589589103161643,1.593234918412989,1.593234918412989
subend_leak_mag_only,2026,val,sUbend_023__f21,0.7159887552261353,0.18721087276935577,0.13209843635559082,0.04703010246157646,3.8245041253999976,2.0505595904410825,0.14019164353225566,1.9103679469088268,1.9103679469088268
subend_leak_mag_only,2026,val,sUbend_023__f22,0.4918590784072876,0.1636490821838379,0.12951557338237762,0.0429171547293663,3.005571872714505,0.9677014120466652,0.10712408839845011,0.860577323648215,0.860577323648215
subend_leak_mag_only,2026,val,sUbend_023__f23,0.7400436401367188,0.13409310579299927,0.12990489602088928,0.038356877863407135,5.518879108364682,2.190658357227221,0.07192384408484997,2.118734513142371,2.118734513142371
subend_leak_mag_only,2026,val,sUbend_023__f24,0.7928154468536377,0.12464030086994171,0.12853939831256866,0.03552336245775223,6.360827447623992,2.514225331078933,0.06214081840379837,2.4520845126751345,2.4520845126751345
subend_leak_mag_only,777,test,sUbend_012__f00,1.9504870176315308,0.48265302181243896,0.17734156548976898,0.10553682595491409,4.041178506056259,15.217598423796574,0.9318157578587147,14.285782665937859,14.285782665937859
subend_leak_mag_only,777,test,sUbend_012__f01,1.8381799459457397,0.45587942004203796,0.1519436240196228,0.09230007976293564,4.032162596364266,13.51562205470833,0.8313041824714595,12.684317872236871,12.684317872236871
subend_leak_mag_only,777,test,sUbend_012__f02,1.91317880153656,0.38823622465133667,0.1335456669330597,0.07528668642044067,4.927872980566738,14.641012506595473,0.6029094645260926,14.03810304206938,14.03810304206938
subend_leak_mag_only,777,test,sUbend_012__f03,1.685136318206787,0.33899757266044617,0.11735105514526367,0.06108138710260391,4.970939186914735,11.358737643758104,0.4596774170786979,10.899060226679406,10.899060226679406
subend_leak_mag_only,777,test,sUbend_012__f04,1.5913928747177124,0.2649005949497223,0.11599162966012955,0.05264614149928093,6.007509628356087,10.130125126809219,0.28068930081886734,9.849435825990351,9.849435825990351
subend_leak_mag_only,777,test,sUbend_012__f05,1.4744073152542114,0.25847500562667847,0.1253698766231537,0.06178370490670204,5.704254891800767,8.695507725100526,0.26723731413484586,8.42827041096568,8.42827041096568
subend_leak_mag_only,777,test,sUbend_012__f06,1.7653204202651978,1.2772669792175293,0.1411626785993576,0.2524249851703644,1.382107616488024,12.465424744821178,6.52564374479789,5.939781000023288,5.939781000023288
subend_leak_mag_only,777,test,sUbend_012__f07,1.9628695249557495,2.64764404296875,0.1824340671300888,0.5706283450126648,0.7413645841737938,15.411427088000039,28.040075913071632,12.628648825071593,-12.628648825071593
subend_leak_mag_only,777,test,sUbend_012__f08,1.9185006618499756,3.358830213546753,0.1896217167377472,0.7576717734336853,0.5711811969870716,14.722579158075177,45.1269616137381,30.404382455662926,-30.404382455662926
subend_leak_mag_only,777,test,sUbend_012__f09,1.927168607711792,3.3379228115081787,0.19806966185569763,0.7887685894966125,0.5773556539616435,14.855915370199227,44.56691478234666,29.71099941214743,-29.71099941214743
subend_leak_mag_only,777,test,sUbend_012__f10,1.898406744003296,2.945417642593384,0.19231675565242767,0.7438451647758484,0.6445288832899722,14.415792662708782,34.701940357201465,20.286147694492684,-20.286147694492684
subend_leak_mag_only,777,test,sUbend_012__f11,1.9148281812667847,2.3651576042175293,0.18800070881843567,0.6251805424690247,0.8095985560760429,14.66626785509385,22.375881971152012,7.709614116058162,-7.709614116058162
subend_leak_mag_only,777,test,sUbend_012__f12,1.8963245153427124,1.880467176437378,0.1867499202489853,0.4930272400379181,1.0084326592370396,14.384186669959092,14.144627206633459,0.23955946332563371,0.23955946332563371
subend_leak_mag_only,777,test,sUbend_012__f13,1.8114584684371948,1.5041799545288086,0.17306652665138245,0.3845941126346588,1.204283079948797,13.12552713149131,9.050229342425155,4.0752977890661555,4.0752977890661555
subend_leak_mag_only,777,test,sUbend_012__f14,1.6454048156738281,1.0965973138809204,0.1474505215883255,0.2873152196407318,1.5004640216112208,10.829428029770497,4.8101026752433995,6.019325354527098,6.019325354527098
subend_leak_mag_only,777,test,sUbend_012__f15,1.2484540939331055,0.7118344902992249,0.12940026819705963,0.20995444059371948,1.7538544576679738,6.234550498633325,2.026833366318229,4.207717132315096,4.207717132315096
subend_leak_mag_only,777,test,sUbend_012__f16,0.9617483019828796,0.5640744566917419,0.11867207288742065,0.16667626798152924,1.7050023991929497,3.699839185467809,1.2727199707683354,2.4271192146994736,2.4271192146994736
subend_leak_mag_only,777,test,sUbend_012__f17,0.7785830497741699,0.5132749080657959,0.11931439489126205,0.14551451802253723,1.5168928726871733,2.4247662615825902,1.053804524999805,1.3709617365827853,1.3709617365827853
subend_leak_mag_only,777,test,sUbend_012__f18,1.772475242614746,0.5176658630371094,0.14525815844535828,0.13992194831371307,3.423975520069564,12.566673942728812,1.0719117830158211,11.494762159712991,11.494762159712991
subend_leak_mag_only,777,test,sUbend_012__f19,1.8761334419250488,0.5698524117469788,0.15803839266300201,0.13915123045444489,3.2923146471793374,14.079506767638122,1.2989270846953929,12.78057968294273,12.78057968294273
subend_leak_mag_only,777,test,sUbend_012__f20,1.9470736980438232,0.5585685968399048,0.17436279356479645,0.134679913520813,3.4858273613292434,15.164383942456197,1.2479955095028004,13.916388432953397,13.916388432953397
subend_leak_mag_only,777,test,sUbend_012__f21,1.9605660438537598,0.5518748164176941,0.18002156913280487,0.12942193448543549,3.5525557346140584,15.37527684924953,1.2182632519842542,14.157013597265276,14.157013597265276
subend_leak_mag_only,777,test,sUbend_012__f22,1.9571071863174438,0.5466099381446838,0.18203520774841309,0.12475831806659698,3.5804456701982086,15.321074154941527,1.1951296979141404,14.125944457027387,14.125944457027387
subend_leak_mag_only,777,test,sUbend_012__f23,1.9680733680725098,0.5331071615219116,0.18239615857601166,0.11906066536903381,3.6917031135992695,15.49325112846509,1.1368129826637983,14.356438145801292,14.356438145801292
subend_leak_mag_only,777,test,sUbend_012__f24,1.9426082372665405,0.5210325717926025,0.17807574570178986,0.11320210993289948,3.7283815685131434,15.094907053983263,1.085899763475254,14.00900729050801,14.00900729050801
subend_leak_mag_only,777,test,sUbend_021__f00,1.9015655517578125,0.28423604369163513,0.1599264293909073,0.07498495280742645,6.690092949016706,14.463806190527976,0.32316051413389246,14.140645676394083,14.140645676394083
subend_leak_mag_only,777,test,sUbend_021__f01,1.8766119480133057,0.2860671281814575,0.15074245631694794,0.07170616090297699,6.560040504978737,14.086689613705175,0.3273376073039458,13.75935200640123,13.75935200640123
subend_leak_mag_only,777,test,sUbend_021__f02,1.8515634536743164,0.27683666348457336,0.13708455860614777,0.0635092481970787,6.688288431049864,13.71314889192945,0.30655415299708366,13.406594738932366,13.406594738932366
subend_leak_mag_only,777,test,sUbend_021__f03,1.8055698871612549,0.27063122391700745,0.13142867386341095,0.05930048227310181,6.671698339268333,13.040330469694027,0.2929650374352697,12.747365432258757,12.747365432258757
subend_leak_mag_only,777,test,sUbend_021__f04,1.5378401279449463,0.22834274172782898,0.11056104302406311,0.039422787725925446,6.7347887491775875,9.459809036470915,0.20856163079912804,9.251247405671787,9.251247405671787
subend_leak_mag_only,777,test,sUbend_021__f05,1.1413681507110596,0.1853945553302765,0.10808797180652618,0.0305553637444973,6.156427564324833,5.210885021830336,0.1374845645844438,5.073400457245892,5.073400457245892
subend_leak_mag_only,777,test,sUbend_021__f06,1.6849838495254517,0.7181300520896912,0.13307255506515503,0.19818057119846344,2.34634916700994,11.35668229264644,2.06284308685737,9.29383920578907,9.29383920578907
subend_leak_mag_only,777,test,sUbend_021__f07,1.7504267692565918,1.7748973369598389,0.1602180004119873,0.5199140906333923,0.9862129672552431,12.255975498120279,12.601042226988511,0.34506672886823253,-0.34506672886823253
subend_leak_mag_only,777,test,sUbend_021__f08,1.716403841972351,2.3739774227142334,0.17460522055625916,0.6764387488365173,0.7230076518629818,11.78416859494979,22.543075214227656,10.758906619277866,-10.758906619277866
subend_leak_mag_only,777,test,sUbend_021__f09,1.8565714359283447,2.2838501930236816,0.18745161592960358,0.6834629774093628,0.8129129667083613,13.787429986820143,20.86388681669723,7.076456829877088,-7.076456829877088
subend_leak_mag_only,777,test,sUbend_021__f10,1.8244590759277344,2.1059648990631104,0.18986296653747559,0.6278491616249084,0.8663292900747726,13.31460367894033,17.740352624343586,4.425748945403257,-4.425748945403257
subend_leak_mag_only,777,test,sUbend_021__f11,1.8591264486312866,1.8058662414550781,0.18555480241775513,0.5286971926689148,1.0294928859920953,13.82540460800152,13.044611528108362,0.7807930798931579,0.7807930798931579
subend_leak_mag_only,777,test,sUbend_021__f12,1.8081072568893433,1.4528396129608154,0.17839622497558594,0.4208817481994629,1.2445332855458904,13.077007409663622,8.442971763952528,4.634035645711094,4.634035645711094
subend_leak_mag_only,777,test,sUbend_021__f13,1.8437093496322632,1.151943325996399,0.1580853909254074,0.3210694491863251,1.600520883297367,13.597056663685692,5.307893705230583,8.289162958455108,8.289162958455108
subend_leak_mag_only,777,test,sUbend_021__f14,1.7039031982421875,0.8249955773353577,0.1396367847919464,0.232591912150383,2.065348281921222,11.613144435919821,2.7224708104916004,8.89067362542822,8.89067362542822
subend_leak_mag_only,777,test,sUbend_021__f15,1.5902293920516968,0.5994604229927063,0.12196050584316254,0.17230843007564545,2.652767941063968,10.115318077380437,1.4374111949383774,8.677906882442059,8.677906882442059
subend_leak_mag_only,777,test,sUbend_021__f16,0.9924733638763428,0.49976885318756104,0.10956291109323502,0.13719043135643005,1.9858647803805252,3.940013512016094,0.9990756264656397,2.940937885550454,2.940937885550454
subend_leak_mag_only,777,test,sUbend_021__f17,0.40155115723609924,0.4746529161930084,0.10112925618886948,0.11529845744371414,0.8459890238466716,0.644973327510602,0.9011815634021083,0.2562082358915063,-0.2562082358915063
subend_leak_mag_only,777,test,sUbend_021__f18,0.3879432678222656,0.43479782342910767,0.09984783083200455,0.10288877040147781,0.8922382931052517,0.6019999161944725,0.756196589034758,0.1541966728402855,-0.1541966728402855
subend_leak_mag_only,777,test,sUbend_021__f19,0.5593576431274414,0.40467509627342224,0.10254877060651779,0.09455490112304688,1.382238858477979,1.2515238917003444,0.6550477341756142,0.5964761575247302,0.5964761575247302
subend_leak_mag_only,777,test,sUbend_021__f20,0.80889892578125,0.38497668504714966,0.10726966708898544,0.09208906441926956,2.1011634137848656,2.617269888520241,0.592828192119569,2.0244416964006717,2.0244416964006717
subend_leak_mag_only,777,test,sUbend_021__f21,1.125091314315796,0.35445716977119446,0.11970722675323486,0.09224628657102585,3.1741248598301826,5.06332186219538,0.5025595408088215,4.560762321386559,4.560762321386559
subend_leak_mag_only,777,test,sUbend_021__f22,1.674027681350708,0.3197004497051239,0.14454618096351624,0.08841510862112045,5.236238118822634,11.20947471171371,0.40883351016663383,10.800641201547077,10.800641201547077
subend_leak_mag_only,777,test,sUbend_021__f23,1.8712809085845947,0.30677521228790283,0.16469433903694153,0.08725284785032272,6.099843904038871,14.006768955332745,0.3764441234971514,13.630324831835594,13.630324831835594
subend_leak_mag_only,777,test,sUbend_021__f24,1.90218186378479,0.2920149862766266,0.16767078638076782,0.08156520873308182,6.513987134834402,14.47318337164711,0.34109100884055366,14.132092362806556,14.132092362806556
subend_leak_mag_only,777,test,sUbend_022__f00,0.378711998462677,0.13690918684005737,0.09768544137477875,0.03389902412891388,2.7661547570588016,0.5736911111183787,0.07497650176482296,0.4987146093535557,0.4987146093535557
subend_leak_mag_only,777,test,sUbend_022__f01,0.7390424609184265,0.11378740519285202,0.10508909821510315,0.03092322312295437,6.494940803561379,2.184735036161456,0.05179029432208915,2.132944741839367,2.132944741839367
subend_leak_mag_only,777,test,sUbend_022__f02,0.8298890590667725,0.10572563111782074,0.10733506828546524,0.02841157652437687,7.849459495228204,2.754863401434932,0.04471163630104602,2.710151765133886,2.710151765133886
subend_leak_mag_only,777,test,sUbend_022__f03,0.9081090688705444,0.1010335236787796,0.10512732714414597,0.02708689123392105,8.98819555930501,3.298648323859709,0.040831091627802074,3.257817232231907,3.257817232231907
subend_leak_mag_only,777,test,sUbend_022__f04,1.6992486715316772,0.14884856343269348,0.13825799524784088,0.05713614076375961,11.415956139207522,11.54978419080868,0.0886235793439063,11.461160611464773,11.461160611464773
subend_leak_mag_only,777,test,sUbend_022__f05,1.683370590209961,0.4543622136116028,0.1249115839600563,0.16181135177612305,3.704908858571891,11.334946175935329,0.825780084632143,10.509166091303186,10.509166091303186
subend_leak_mag_only,777,test,sUbend_022__f06,1.7693216800689697,0.77876877784729,0.1387159824371338,0.2856981158256531,2.271947374366771,12.521996830248327,2.425923237399047,10.09607359284928,10.09607359284928
subend_leak_mag_only,777,test,sUbend_022__f07,1.8827102184295654,1.1009187698364258,0.1691123992204666,0.42569229006767273,1.7101263690047706,14.178391066316408,4.848088551112596,9.330302515203812,9.330302515203812
subend_leak_mag_only,777,test,sUbend_022__f08,1.91878080368042,1.4119216203689575,0.1912963092327118,0.5578948855400085,1.358985354427119,14.726879090289913,7.97409064826121,6.752788442028702,6.752788442028702
subend_leak_mag_only,777,test,sUbend_022__f09,1.9299051761627197,1.4451364278793335,0.20431052148342133,0.5705522894859314,1.3354484316714377,14.898135955918633,8.35367718073536,6.544458775183273,6.544458775183273
subend_leak_mag_only,777,test,sUbend_022__f10,1.856826901435852,1.3665584325790405,0.18950574100017548,0.5101863145828247,1.3587614383466584,13.79122456758347,7.469927798611536,6.3212967689719335,6.3212967689719335
subend_leak_mag_only,777,test,sUbend_022__f11,1.9550551176071167,1.1047513484954834,0.20221589505672455,0.4291037619113922,1.7696788696113637,15.288962051527108,4.881902168010356,10.407059883516752,10.407059883516752
subend_leak_mag_only,777,test,sUbend_022__f12,1.945619821548462,0.9273004531860352,0.17450034618377686,0.332093745470047,2.098154718746947,15.141745960009075,3.4395445219161047,11.70220143809297,11.70220143809297
subend_leak_mag_only,777,test,sUbend_022__f13,1.9679350852966309,0.7089967131614685,0.167763352394104,0.2463744580745697,2.775661789067348,15.491073999765831,2.0107053570950626,13.480368642670769,13.480368642670769
subend_leak_mag_only,777,test,sUbend_022__f14,1.753749966621399,0.5593370199203491,0.13100455701351166,0.17329387366771698,3.1354083569707885,12.302555781698231,1.2514316074135081,11.051124174284723,11.051124174284723
subend_leak_mag_only,777,test,sUbend_022__f15,1.5307161808013916,0.4369078278541565,0.12210758030414581,0.12533226609230042,3.5035219861346993,9.372368104668794,0.763553800160949,8.608814304507845,8.608814304507845
subend_leak_mag_only,777,test,sUbend_022__f16,0.6992670297622681,0.38657209277153015,0.1096276193857193,0.09958802908658981,1.8088916474773704,1.9558975156501788,0.5977519316390421,1.3581455840111367,1.3581455840111367
subend_leak_mag_only,777,test,sUbend_022__f17,1.0607630014419556,0.3058919310569763,0.11306611448526382,0.08324942737817764,3.4677704566335055,4.500872580912585,0.3742794939430638,4.126593086969521,4.126593086969521
subend_leak_mag_only,777,test,sUbend_022__f18,0.7320808172225952,0.27003416419029236,0.10643254220485687,0.07218877226114273,2.711067391853054,2.1437692917812115,0.2916737993197991,1.8520954924614124,1.8520954924614124
subend_leak_mag_only,777,test,sUbend_022__f19,0.9699909687042236,0.231423482298851,0.10727983713150024,0.06663597375154495,4.191411169984972,3.7635299174710326,0.21422731263730643,3.549302604833726,3.549302604833726
subend_leak_mag_only,777,test,sUbend_022__f20,1.004459261894226,0.2122746706008911,0.10410371422767639,0.061474140733480453,4.731884680592737,4.035753635220374,0.1802421431148673,3.8555114921055065,3.8555114921055065
subend_leak_mag_only,777,test,sUbend_022__f21,0.8386583924293518,0.18821696937084198,0.10324203222990036,0.05540510267019272,4.455806483510802,2.8133915967687386,0.14170251023657787,2.6716890865321608,2.6716890865321608
subend_leak_mag_only,777,test,sUbend_022__f22,0.47553566098213196,0.17297504842281342,0.09997213631868362,0.049495112150907516,2.749157553751633,0.9045366594628526,0.11968146950749858,0.784855189955354,0.784855189955354
subend_leak_mag_only,777,test,sUbend_022__f23,0.3805879056453705,0.16348809003829956,0.09686640650033951,0.043103307485580444,2.32792434945085,0.5793886156941177,0.10691342233748458,0.4724751933566331,0.4724751933566331
subend_leak_mag_only,777,test,sUbend_022__f24,0.6711429357528687,0.14399580657482147,0.09942517429590225,0.0383966825902462,4.660850560284455,1.8017313608439167,0.0829391692445336,1.7187921915993831,1.7187921915993831
subend_leak_mag_only,777,val,sUbend_016__f00,1.0142111778259277,0.13983136415481567,0.09933324158191681,0.03605708107352257,7.253102220350463,4.114497252908222,0.07821124160558668,4.036286011302636,4.036286011302636
subend_leak_mag_only,777,val,sUbend_016__f01,1.0341962575912476,0.14758743345737457,0.10790399461984634,0.043770596385002136,7.0073463123805775,4.278247596862968,0.08712820205813987,4.191119394804828,4.191119394804828
subend_leak_mag_only,777,val,sUbend_016__f02,1.4026890993118286,0.15146535634994507,0.11470744013786316,0.047494448721408844,9.260791596931647,7.870146837312916,0.09176701669686338,7.778379820616053,7.778379820616053
subend_leak_mag_only,777,val,sUbend_016__f03,1.61874258518219,0.1668083667755127,0.1204095110297203,0.05330801382660866,9.704204989673334,10.481310228329278,0.11130012490525587,10.370010103424022,10.370010103424022
subend_leak_mag_only,777,val,sUbend_016__f04,0.8691983819007874,0.12245456129312515,0.10146410018205643,0.03341587260365486,7.0981298917902045,3.022023308395788,0.05998047832596698,2.962042830069821,2.962042830069821
subend_leak_mag_only,777,val,sUbend_016__f05,0.385858416557312,0.08487140387296677,0.09332558512687683,0.02085074782371521,4.546388994988872,0.5955468705124645,0.028812620781472953,0.5667342497309915,0.5667342497309915
subend_leak_mag_only,777,val,sUbend_016__f06,1.6571671962738037,0.3139774799346924,0.11887848377227783,0.10799472779035568,5.277981072459388,10.984812465623918,0.39432743162456063,10.590485033999357,10.590485033999357
subend_leak_mag_only,777,val,sUbend_016__f07,1.4811110496520996,1.0604346990585327,0.11196238547563553,0.3413296937942505,1.3967017968829656,8.774759765606177,4.498087003869443,4.276672761736734,4.276672761736734
subend_leak_mag_only,777,val,sUbend_016__f08,1.8181997537612915,1.4609826803207397,0.14366313815116882,0.503126323223114,1.2445046599471867,13.223401378310484,8.537881568788691,4.685519809521793,4.685519809521793
subend_leak_mag_only,777,val,sUbend_016__f09,1.5276674032211304,1.6208704710006714,0.12197447568178177,0.5166246294975281,0.9424981394583611,9.335070779457567,10.508884335047753,1.1738135555901863,-1.1738135555901863
subend_leak_mag_only,777,val,sUbend_016__f10,1.5972273349761963,1.424275517463684,0.12925799190998077,0.4651392996311188,1.1214314333089854,10.20454063838065,8.11424299858578,2.090297639794869,2.090297639794869
subend_leak_mag_only,777,val,sUbend_016__f11,1.2746769189834595,1.2560820579528809,0.12449587881565094,0.3843291401863098,1.0148038584842807,6.49920499115666,6.310968545244577,0.18823644591208222,0.18823644591208222
subend_leak_mag_only,777,val,sUbend_016__f12,1.080647349357605,0.9907641410827637,0.11113332211971283,0.28022316098213196,1.090721095513824,4.67119477469447,3.9264543330218658,0.7447404416726044,0.7447404416726044
subend_leak_mag_only,777,val,sUbend_016__f13,0.7244684100151062,0.7234793305397034,0.09976482391357422,0.17705382406711578,1.0013671150420635,2.099417908439264,2.0936893668727095,0.005728541566554668,0.005728541566554668
subend_leak_mag_only,777,val,sUbend_016__f14,0.7049187421798706,0.5014791488647461,0.09935158491134644,0.11734998971223831,1.4056790671669466,1.9876417323058035,1.0059253469844407,0.9817163853213628,0.9817163853213628
subend_leak_mag_only,777,val,sUbend_016__f15,0.7903665900230408,0.3876854181289673,0.10304751992225647,0.0973774716258049,2.0386802109748623,2.4987173864985976,0.6011999337193288,1.8975174527792689,1.8975174527792689
subend_leak_mag_only,777,val,sUbend_016__f16,1.2395621538162231,0.32781922817230225,0.10870125144720078,0.08784550428390503,3.7812368747470404,6.146057332694056,0.42986178543793585,5.71619554725612,5.71619554725612
subend_leak_mag_only,777,val,sUbend_016__f17,0.679011344909668,0.28463879227638245,0.10265142470598221,0.07274795323610306,2.3855193435838933,1.8442256260641443,0.3240769682742304,1.520148657789914,1.520148657789914
subend_leak_mag_only,777,val,sUbend_016__f18,0.7830387353897095,0.2330220639705658,0.10421279072761536,0.0582464225590229,3.3603630576743115,2.452598644482862,0.21719712918840983,2.235401515294452,2.235401515294452
subend_leak_mag_only,777,val,sUbend_016__f19,0.652205765247345,0.20139645040035248,0.10342402011156082,0.04838113859295845,3.238417380002659,1.7014894408874994,0.16224212093544654,1.5392473199520529,1.5392473199520529
subend_leak_mag_only,777,val,sUbend_016__f20,0.7243722081184387,0.1802574098110199,0.10189183801412582,0.04254575073719025,4.018543309136992,2.098860383577531,0.1299709351671119,1.968889448410419,1.968889448410419
subend_leak_mag_only,777,val,sUbend_016__f21,0.4839949309825897,0.16701100766658783,0.0998712107539177,0.03896208852529526,2.8979822213204787,0.9370043728673672,0.11157070672723624,0.8254336661401309,0.8254336661401309
subend_leak_mag_only,777,val,sUbend_016__f22,0.7594327330589294,0.14924661815166473,0.10055422782897949,0.036142054945230484,5.088441818408189,2.3069523041654207,0.08909821211883528,2.2178540920465855,2.2178540920465855
subend_leak_mag_only,777,val,sUbend_016__f23,0.9887488484382629,0.14450791478157043,0.10131338983774185,0.03611912578344345,6.842177813809,3.9104971411519642,0.08353014973807049,3.8269669914138937,3.8269669914138937
subend_leak_mag_only,777,val,sUbend_016__f24,0.9765425324440002,0.13714781403541565,0.10006337612867355,0.034975238144397736,7.120365273863045,3.814541270688565,0.07523809157877182,3.7393031791097933,3.7393031791097933
subend_leak_mag_only,777,val,sUbend_019__f00,0.5510926842689514,0.14872324466705322,0.11429058760404587,0.04501776397228241,3.7054912666993167,1.2148125866190327,0.0884744140171847,1.126338172601848,1.126338172601848
subend_leak_mag_only,777,val,sUbend_019__f01,0.621711790561676,0.14188675582408905,0.11606179922819138,0.045995235443115234,4.3817464635844745,1.5461022020936213,0.08052740591313867,1.4655747961804826,1.4655747961804826
subend_leak_mag_only,777,val,sUbend_019__f02,0.7744489908218384,0.15169338881969452,0.11963029205799103,0.05100074037909508,5.105357569289736,2.3990849575398556,0.09204353684641209,2.3070414206934435,2.3070414206934435
subend_leak_mag_only,777,val,sUbend_019__f03,1.7279140949249268,0.17309197783470154,0.15036843717098236,0.06317298859357834,9.982635339547862,11.942748477760915,0.11984333116291523,11.822905146598,11.822905146598
subend_leak_mag_only,777,val,sUbend_019__f04,1.730093002319336,0.26184219121932983,0.1411610096693039,0.08817920088768005,6.607388191577341,11.972887186697335,0.27424533241016036,11.698641854287175,11.698641854287175
subend_leak_mag_only,777,val,sUbend_019__f05,1.7191798686981201,0.4903830289840698,0.14132830500602722,0.16033218801021576,3.5057898970520203,11.822317683747542,0.9619020604623643,10.860415623285178,10.860415623285178
subend_leak_mag_only,777,val,sUbend_019__f06,1.79254150390625,0.9081997871398926,0.15023963153362274,0.2998613715171814,1.973730372202939,12.852820172905922,3.2993074134437848,9.553512759462137,9.553512759462137
subend_leak_mag_only,777,val,sUbend_019__f07,1.9543248414993286,1.304381012916565,0.1811627596616745,0.44863244891166687,1.4982775907857664,15.277542344405504,6.805639307428976,8.471903036976528,8.471903036976528
subend_leak_mag_only,777,val,sUbend_019__f08,1.88587486743927,1.6370285749435425,0.1791108250617981,0.5304021239280701,1.152010964441662,14.226096062556337,10.719450220726742,3.506645841829595,3.506645841829595
subend_leak_mag_only,777,val,sUbend_019__f09,2.0011191368103027,1.6188859939575195,0.20760811865329742,0.5444782972335815,1.236108746557488,16.017911198833644,10.483167445727304,5.534743753106341,5.534743753106341
subend_leak_mag_only,777,val,sUbend_019__f10,1.6099146604537964,1.610708236694336,0.17301535606384277,0.5116552114486694,0.9995073122354126,10.36730085577625,10.377524095019908,0.010223239243657645,-0.010223239243657645
subend_leak_mag_only,777,val,sUbend_019__f11,1.9170925617218018,1.3670549392700195,0.1825391799211502,0.43741145730018616,1.4023522439745484,14.700975560836241,7.475356827930227,7.225618732906014,7.225618732906014
subend_leak_mag_only,777,val,sUbend_019__f12,1.9595563411712646,1.0797072649002075,0.20032893121242523,0.3585837483406067,1.814895948998155,15.359444216898055,4.663071111513148,10.696373105384907,10.696373105384907
subend_leak_mag_only,777,val,sUbend_019__f13,1.8723243474960327,0.8902775049209595,0.15244899690151215,0.2651892900466919,2.1030794748231467,14.022393848905779,3.170376143073156,10.852017705832623,10.852017705832623
subend_leak_mag_only,777,val,sUbend_019__f14,1.683485507965088,0.6385231018066406,0.1271684616804123,0.17810563743114471,2.636530304388087,11.33649382211388,1.6308470061630942,9.705646815950786,9.705646815950786
subend_leak_mag_only,777,val,sUbend_019__f15,1.5810484886169434,0.46108174324035645,0.1210005059838295,0.12794095277786255,3.4289982455296686,9.998857293431684,0.850385495798264,9.14847179763342,9.14847179763342
subend_leak_mag_only,777,val,sUbend_019__f16,1.1542373895645142,0.3921951949596405,0.11142181605100632,0.10447657853364944,2.9430176718082763,5.329055805874816,0.6152682837977217,4.713787522077094,4.713787522077094
subend_leak_mag_only,777,val,sUbend_019__f17,0.575721025466919,0.33920252323150635,0.11174646764993668,0.08883146196603775,1.6972781333763496,1.325818796658723,0.4602334070664824,0.8655853895922405,0.8655853895922405
subend_leak_mag_only,777,val,sUbend_019__f18,0.6525994539260864,0.28168585896492004,0.11177516728639603,0.07995810359716415,2.3167632778021647,1.7035441890585048,0.3173876925632193,1.3861564964952855,1.3861564964952855
subend_leak_mag_only,777,val,sUbend_019__f19,0.46468403935432434,0.2600327134132385,0.10895086079835892,0.0731925219297409,1.7870214607031316,0.863725025722605,0.27046804818020576,0.5932569775423993,0.5932569775423993
subend_leak_mag_only,777,val,sUbend_019__f20,0.5464295744895935,0.22523963451385498,0.11119228601455688,0.06513869017362595,2.4259921024511404,1.1943411195075129,0.2029315718237399,0.991409547683773,0.991409547683773
subend_leak_mag_only,777,val,sUbend_019__f21,0.4683745503425598,0.19946731626987457,0.10924619436264038,0.05795609951019287,2.348126796416412,0.8774988776343804,0.15914884103962468,0.7183500365947557,0.7183500365947557
subend_leak_mag_only,777,val,sUbend_019__f22,0.6388505101203918,0.17648626863956451,0.11438211798667908,0.05229571461677551,3.6198312483171566,1.6325198971243395,0.12458961207326613,1.5079302850510734,1.5079302850510734
subend_leak_mag_only,777,val,sUbend_019__f23,0.4932226538658142,0.17449679970741272,0.10798251628875732,0.04869947209954262,2.8265426912861704,0.9730743451457471,0.12179653243251565,0.8512778127132314,0.8512778127132314
subend_leak_mag_only,777,val,sUbend_019__f24,0.5585659742355347,0.15677359700202942,0.11203499883413315,0.0465613417327404,3.562882940220502,1.247983790294768,0.09831184286781891,1.149671947426949,1.149671947426949
subend_leak_mag_only,777,val,sUbend_023__f00,0.9801313281059265,0.11081650853157043,0.10629083961248398,0.03198875114321709,8.844632817742111,3.8426296813387495,0.04912119425251049,3.793508487086239,3.793508487086239
subend_leak_mag_only,777,val,sUbend_023__f01,0.838270902633667,0.10386040061712265,0.10371574014425278,0.028834430500864983,8.07113103408796,2.8107924248090512,0.043147931265396844,2.7676444935436546,2.7676444935436546
subend_leak_mag_only,777,val,sUbend_023__f02,0.803711473941803,0.10179544240236282,0.10110089927911758,0.026870548725128174,7.895358131703032,2.583808533382822,0.04144924837557107,2.542359285007251,2.542359285007251
subend_leak_mag_only,777,val,sUbend_023__f03,0.6379375457763672,0.09641176462173462,0.09970849752426147,0.02536691352725029,6.616801883870441,1.6278572492446983,0.037180913429907037,1.5906763358147913,1.5906763358147913
subend_leak_mag_only,777,val,sUbend_023__f04,1.461751937866211,0.10224653780460358,0.12359367311000824,0.035566747188568115,14.296346548766921,8.546874911422492,0.041817417972112914,8.50505749345038,8.50505749345038
subend_leak_mag_only,777,val,sUbend_023__f05,1.7111854553222656,0.26425179839134216,0.10977461189031601,0.07765001058578491,6.475586791610385,11.712622650025878,0.2793160518122342,11.433306598213644,11.433306598213644
subend_leak_mag_only,777,val,sUbend_023__f06,1.703205943107605,0.37265029549598694,0.11245820671319962,0.10674731433391571,4.570520844054843,11.603641938548265,0.5554729709329855,11.048168967615279,11.048168967615279
subend_leak_mag_only,777,val,sUbend_023__f07,1.6737638711929321,0.8645905256271362,0.11526375263929367,0.25214359164237976,1.9359035538573093,11.205941986043001,2.990067108016831,8.21587487802617,8.21587487802617
subend_leak_mag_only,777,val,sUbend_023__f08,1.8211629390716553,1.563048243522644,0.1447134166955948,0.4973137378692627,1.1651354631046433,13.266537802592438,9.772479246316891,3.4940585562755473,3.4940585562755473
subend_leak_mag_only,777,val,sUbend_023__f09,1.5471233129501343,1.822366714477539,0.13139085471630096,0.5369448661804199,0.848963768191785,9.574362181895196,13.284081768142642,3.709719586247445,-3.709719586247445
subend_leak_mag_only,777,val,sUbend_023__f10,1.6376826763153076,1.5853747129440308,0.14567916095256805,0.4729996919631958,1.0329940694425113,10.728018193213074,10.053651921769472,0.6743662714436027,0.6743662714436027
subend_leak_mag_only,777,val,sUbend_023__f11,1.5605390071868896,1.3955347537994385,0.13777081668376923,0.41334015130996704,1.1182372942975558,9.741127971807373,7.7900689962482375,1.9510589755591354,1.9510589755591354
subend_leak_mag_only,777,val,sUbend_023__f12,1.4912105798721313,1.1601338386535645,0.13426314294338226,0.3330318033695221,1.2853780574169011,8.894835974090313,5.383642094356219,3.511193879734094,3.511193879734094
subend_leak_mag_only,777,val,sUbend_023__f13,1.6400753259658813,0.9522798657417297,0.12022281438112259,0.25010010600090027,1.7222618948143238,10.759388299368368,3.6273477707883472,7.132040528580021,7.132040528580021
subend_leak_mag_only,777,val,sUbend_023__f14,1.4839496612548828,0.7095852494239807,0.10916803032159805,0.17394037544727325,2.0912915854148704,8.808426388553926,2.0140449048003717,6.794381483753554,6.794381483753554
subend_leak_mag_only,777,val,sUbend_023__f15,0.6659107208251953,0.5211384892463684,0.10074582695960999,0.12329576164484024,1.2777999218368723,1.7737483524397248,1.086341299895949,0.6874070525437759,0.6874070525437759
subend_leak_mag_only,777,val,sUbend_023__f16,0.5227049589157104,0.43774843215942383,0.09850914031267166,0.09760218113660812,1.1940761417172734,1.0928818963002982,0.7664947594321347,0.32638713686816345,0.32638713686816345
subend_leak_mag_only,777,val,sUbend_023__f17,0.5781543850898743,0.38649940490722656,0.09850043058395386,0.08201386779546738,1.495873933437625,1.3370499719946025,0.5975271599745611,0.7395228120200414,0.7395228120200414
subend_leak_mag_only,777,val,sUbend_023__f18,0.585569441318512,0.3461501896381378,0.0983232781291008,0.0692809671163559,1.6916629221860626,1.371566282424297,0.4792798151460751,0.8922864672782218,0.8922864672782218
subend_leak_mag_only,777,val,sUbend_023__f19,0.7435583472251892,0.2882310450077057,0.09916343539953232,0.06032847240567207,2.5797302549602548,2.21151606291302,0.33230854122493625,1.879207521688084,1.879207521688084
subend_leak_mag_only,777,val,sUbend_023__f20,0.7071732878684998,0.22687876224517822,0.09992202371358871,0.05285300686955452,3.1169655584787073,2.000376236298976,0.20589589103161643,1.7944803452673597,1.7944803452673597
subend_leak_mag_only,777,val,sUbend_023__f21,0.7347343564033508,0.18721087276935577,0.09988689422607422,0.04703010246157646,3.924635068116718,2.1593382979177846,0.14019164353225566,2.019146654385529,2.019146654385529
subend_leak_mag_only,777,val,sUbend_023__f22,0.4026166498661041,0.1636490821838379,0.09794545918703079,0.0429171547293663,2.46024386139739,0.6484006669976203,0.10712408839845011,0.5412765785991702,0.5412765785991702
subend_leak_mag_only,777,val,sUbend_023__f23,0.778385579586029,0.13409310579299927,0.10574603825807571,0.038356877863407135,5.804814311539848,2.4235364420299135,0.07192384408484997,2.3516125979450635,2.3516125979450635
subend_leak_mag_only,777,val,sUbend_023__f24,0.8077904582023621,0.12464030086994171,0.1043563112616539,0.03552336245775223,6.480973269193776,2.610101697451128,0.06214081840379837,2.54796087904733,2.54796087904733
subend_noleak,1337,test,sUbend_012__f00,0.4726395010948181,0.48265302181243896,0.2201753854751587,0.10553682595491409,0.9792531689120717,0.8935523919806343,0.9318157578587147,0.038263365878080435,-0.038263365878080435
subend_noleak,1337,test,sUbend_012__f01,0.47263941168785095,0.45587942004203796,0.2201753556728363,0.09230007976293564,1.036764089162585,0.8935520539225514,0.8313041824714595,0.062247871451091896,0.062247871451091896
subend_noleak,1337,test,sUbend_012__f02,0.47263944149017334,0.38823622465133667,0.2201753854751587,0.07528668642044067,1.2174017041161902,0.893552166608572,0.6029094645260926,0.29064270208247933,0.29064270208247933
subend_noleak,1337,test,sUbend_012__f03,0.47263938188552856,0.33899757266044617,0.2201753705739975,0.06108138710260391,1.394226448809837,0.893551941236538,0.4596774170786979,0.4338745241578401,0.4338745241578401
subend_noleak,1337,test,sUbend_012__f04,0.47263941168785095,0.2649005949497223,0.2201753854751587,0.05264614149928093,1.7842142324276666,0.8935520539225514,0.28068930081886734,0.6128627531036841,0.6128627531036841
subend_noleak,1337,test,sUbend_012__f05,0.47263938188552856,0.25847500562667847,0.2201753705739975,0.06178370490670204,1.828568997375989,0.893551941236538,0.26723731413484586,0.6263146271016922,0.6263146271016922
subend_noleak,1337,test,sUbend_012__f06,0.47263944149017334,1.2772669792175293,0.2201753854751587,0.2524249851703644,0.37003966216970435,0.893552166608572,6.52564374479789,5.632091578189318,-5.632091578189318
subend_noleak,1337,test,sUbend_012__f07,0.47263941168785095,2.64764404296875,0.2201753705739975,0.5706283450126648,0.17851320042171903,0.8935520539225514,28.040075913071632,27.14652385914908,-27.14652385914908
subend_noleak,1337,test,sUbend_012__f08,0.47263938188552856,3.358830213546753,0.2201753705739975,0.7576717734336853,0.14071547289865705,0.893551941236538,45.1269616137381,44.233409672501566,-44.233409672501566
subend_noleak,1337,test,sUbend_012__f09,0.4726395010948181,3.3379228115081787,0.2201753854751587,0.7887685894966125,0.14159689357264216,0.8935523919806343,44.56691478234666,43.67336239036602,-43.67336239036602
subend_noleak,1337,test,sUbend_012__f10,0.47263944149017334,2.945417642593384,0.2201753705739975,0.7438451647758484,0.16046601835182306,0.893552166608572,34.701940357201465,33.80838819059289,-33.80838819059289
subend_noleak,1337,test,sUbend_012__f11,0.47263944149017334,2.3651576042175293,0.2201753705739975,0.6251805424690247,0.19983422696541095,0.893552166608572,22.375881971152012,21.48232980454344,-21.48232980454344
subend_noleak,1337,test,sUbend_012__f12,0.47263944149017334,1.880467176437378,0.2201753705739975,0.4930272400379181,0.2513415003529113,0.893552166608572,14.144627206633459,13.251075040024887,-13.251075040024887
subend_noleak,1337,test,sUbend_012__f13,0.47263944149017334,1.5041799545288086,0.2201753854751587,0.3845941126346588,0.3142173514991628,0.893552166608572,9.050229342425155,8.156677175816583,-8.156677175816583
subend_noleak,1337,test,sUbend_012__f14,0.4726394712924957,1.0965973138809204,0.2201753705739975,0.2873152196407318,0.4310054979250293,0.8935522792945996,4.8101026752433995,3.9165503959488,-3.9165503959488
subend_noleak,1337,test,sUbend_012__f15,0.4726394712924957,0.7118344902992249,0.2201753854751587,0.20995444059371948,0.6639738278118812,0.8935522792945996,2.026833366318229,1.1332810870236294,-1.1332810870236294
subend_noleak,1337,test,sUbend_012__f16,0.47263938188552856,0.5640744566917419,0.2201753854751587,0.16667626798152924,0.8379024724103378,0.893551941236538,1.2727199707683354,0.3791680295317974,-0.3791680295317974
subend_noleak,1337,test,sUbend_012__f17,0.47263944149017334,0.5132749080657959,0.2201753705739975,0.14551451802253723,0.9208309895203107,0.893552166608572,1.053804524999805,0.16025235839123297,-0.16025235839123297
subend_noleak,1337,test,sUbend_012__f18,0.47263938188552856,0.5176658630371094,0.2201753705739975,0.13992194831371307,0.9130201847048334,0.893551941236538,1.0719117830158211,0.1783598417792831,-0.1783598417792831
subend_noleak,1337,test,sUbend_012__f19,0.47263938188552856,0.5698524117469788,0.2201753854751587,0.13915123045444489,0.8294066536220717,0.893551941236538,1.2989270846953929,0.40537514345885484,-0.40537514345885484
subend_noleak,1337,test,sUbend_012__f20,0.47263944149017334,0.5585685968399048,0.2201753556728363,0.134679913520813,0.8461618575840557,0.893552166608572,1.2479955095028004,0.3544433428942284,-0.3544433428942284
subend_noleak,1337,test,sUbend_012__f21,0.47263938188552856,0.5518748164176941,0.2201753705739975,0.12942193448543549,0.856424985929789,0.893551941236538,1.2182632519842542,0.3247113107477162,-0.3247113107477162
subend_noleak,1337,test,sUbend_012__f22,0.47263938188552856,0.5466099381446838,0.2201753705739975,0.12475831806659698,0.8646739638320008,0.893551941236538,1.1951296979141404,0.30157775667760234,-0.30157775667760234
subend_noleak,1337,test,sUbend_012__f23,0.4726394712924957,0.5331071615219116,0.2201753705739975,0.11906066536903381,0.8865749804283382,0.8935522792945996,1.1368129826637983,0.2432607033691987,-0.2432607033691987
subend_noleak,1337,test,sUbend_012__f24,0.47263938188552856,0.5210325717926025,0.2201753556728363,0.11320210993289948,0.9071206052616286,0.893551941236538,1.085899763475254,0.19234782223871605,-0.19234782223871605
subend_noleak,1337,test,sUbend_021__f00,0.47698378562927246,0.28423604369163513,0.23437035083770752,0.07498495280742645,1.6781256150143555,0.910054127012927,0.32316051413389246,0.5868936128790345,0.5868936128790345
subend_noleak,1337,test,sUbend_021__f01,0.4769837260246277,0.2860671281814575,0.23437035083770752,0.07170616090297699,1.6673839076053099,0.9100538995693483,0.3273376073039458,0.5827162922654026,0.5827162922654026
subend_noleak,1337,test,sUbend_021__f02,0.4769837260246277,0.27683666348457336,0.23437035083770752,0.0635092481970787,1.7229788858917072,0.9100538995693483,0.30655415299708366,0.6034997465722647,0.6034997465722647
subend_noleak,1337,test,sUbend_021__f03,0.4769836962223053,0.27063122391700745,0.23437035083770752,0.05930048227310181,1.7624858259835476,0.9100537858475697,0.2929650374352697,0.6170887484123,0.6170887484123
subend_noleak,1337,test,sUbend_021__f04,0.47698378562927246,0.22834274172782898,0.23437035083770752,0.039422787725925446,2.0888940109066785,0.910054127012927,0.20856163079912804,0.7014924962137989,0.7014924962137989
subend_noleak,1337,test,sUbend_021__f05,0.4769837260246277,0.1853945553302765,0.23437035083770752,0.0305553637444973,2.5728033122380065,0.9100538995693483,0.1374845645844438,0.7725693349849045,0.7725693349849045
subend_noleak,1337,test,sUbend_021__f06,0.4769836962223053,0.7181300520896912,0.23437035083770752,0.19818057119846344,0.664202389016206,0.9100537858475697,2.06284308685737,1.1527893010098005,-1.1527893010098005
subend_noleak,1337,test,sUbend_021__f07,0.4769837260246277,1.7748973369598389,0.23437035083770752,0.5199140906333923,0.26873876933165997,0.9100538995693483,12.601042226988511,11.690988327419163,-11.690988327419163
subend_noleak,1337,test,sUbend_021__f08,0.4769836664199829,2.3739774227142334,0.23437035083770752,0.6764387488365173,0.2009217365995985,0.9100536721257981,22.543075214227656,21.633021542101858,-21.633021542101858
subend_noleak,1337,test,sUbend_021__f09,0.47698378562927246,2.2838501930236816,0.23437035083770752,0.6834629774093628,0.2088507324544673,0.910054127012927,20.86388681669723,19.953832689684305,-19.953832689684305
subend_noleak,1337,test,sUbend_021__f10,0.47698384523391724,2.1059648990631104,0.23437035083770752,0.6278491616249084,0.22649183063122993,0.910054354456534,17.740352624343586,16.830298269887052,-16.830298269887052
subend_noleak,1337,test,sUbend_021__f11,0.47698378562927246,1.8058662414550781,0.23437035083770752,0.5286971926689148,0.2641301856581263,0.910054127012927,13.044611528108362,12.134557401095435,-12.134557401095435
subend_noleak,1337,test,sUbend_021__f12,0.4769836664199829,1.4528396129608154,0.23437035083770752,0.4208817481994629,0.32831130302670763,0.9100536721257981,8.442971763952528,7.53291809182673,-7.53291809182673
subend_noleak,1337,test,sUbend_021__f13,0.4769837260246277,1.151943325996399,0.23437035083770752,0.3210694491863251,0.4140687438872481,0.9100538995693483,5.307893705230583,4.397839805661235,-4.397839805661235
subend_noleak,1337,test,sUbend_021__f14,0.4769837260246277,0.8249955773353577,0.23437035083770752,0.232591912150383,0.5781651915822763,0.9100538995693483,2.7224708104916004,1.812416910922252,-1.812416910922252
subend_noleak,1337,test,sUbend_021__f15,0.47698378562927246,0.5994604229927063,0.23437035083770752,0.17230843007564545,0.7956885347793443,0.910054127012927,1.4374111949383774,0.5273570679254505,-0.5273570679254505
subend_noleak,1337,test,sUbend_021__f16,0.47698378562927246,0.49976885318756104,0.23437035083770752,0.13719043135643005,0.9544087883569298,0.910054127012927,0.9990756264656397,0.08902149945271276,-0.08902149945271276
subend_noleak,1337,test,sUbend_021__f17,0.47698378562927246,0.4746529161930084,0.23437035083770752,0.11529845744371414,1.0049106817987319,0.910054127012927,0.9011815634021083,0.008872563610818673,0.008872563610818673
subend_noleak,1337,test,sUbend_021__f18,0.4769837260246277,0.43479782342910767,0.23437035083770752,0.10288877040147781,1.0970241807164849,0.9100538995693483,0.756196589034758,0.1538573105345904,0.1538573105345904
subend_noleak,1337,test,sUbend_021__f19,0.4769837260246277,0.40467509627342224,0.23437035083770752,0.09455490112304688,1.1786831718014827,0.9100538995693483,0.6550477341756142,0.2550061653937341,0.2550061653937341
subend_noleak,1337,test,sUbend_021__f20,0.4769837260246277,0.38497668504714966,0.23437035083770752,0.09208906441926956,1.2389938002770469,0.9100538995693483,0.592828192119569,0.3172257074497793,0.3172257074497793
subend_noleak,1337,test,sUbend_021__f21,0.476983904838562,0.35445716977119446,0.23437035083770752,0.09224628657102585,1.345674302896623,0.9100545819001695,0.5025595408088215,0.40749504109134804,0.40749504109134804
subend_noleak,1337,test,sUbend_021__f22,0.47698378562927246,0.3197004497051239,0.23437035083770752,0.08841510862112045,1.4919709561535464,0.910054127012927,0.40883351016663383,0.5012206168462932,0.5012206168462932
subend_noleak,1337,test,sUbend_021__f23,0.47698378562927246,0.30677521228790283,0.23437035083770752,0.08725284785032272,1.5548315721859303,0.910054127012927,0.3764441234971514,0.5336100035157756,0.5336100035157756
subend_noleak,1337,test,sUbend_021__f24,0.4769837260246277,0.2920149862766266,0.23437035083770752,0.08156520873308182,1.633422079142129,0.9100538995693483,0.34109100884055366,0.5689628907287947,0.5689628907287947
subend_noleak,1337,test,sUbend_022__f00,0.47405382990837097,0.13690918684005737,0.2510400414466858,0.03389902412891388,3.4625421481918455,0.8989081346031789,0.07497650176482296,0.8239316328383559,0.8239316328383559
subend_noleak,1337,test,sUbend_022__f01,0.47405391931533813,0.11378740519285202,0.2510400414466858,0.03092322312295437,4.166137003580407,0.8989084736729325,0.05179029432208915,0.8471181793508433,0.8471181793508433
subend_noleak,1337,test,sUbend_022__f02,0.47405382990837097,0.10572563111782074,0.2510400414466858,0.02841157652437687,4.483811776730706,0.8989081346031789,0.04471163630104602,0.8541964983021328,0.8541964983021328
subend_noleak,1337,test,sUbend_022__f03,0.4740539491176605,0.1010335236787796,0.2510400414466858,0.02708689123392105,4.69204608388045,0.8989085866961979,0.040831091627802074,0.8580774950683958,0.8580774950683958
subend_noleak,1337,test,sUbend_022__f04,0.47405391931533813,0.14884856343269348,0.2510400414466858,0.05713614076375961,3.184806815617649,0.8989084736729325,0.0886235793439063,0.8102848943290262,0.8102848943290262
subend_noleak,1337,test,sUbend_022__f05,0.47405391931533813,0.4543622136116028,0.2510400414466858,0.16181135177612305,1.0433392238919061,0.8989084736729325,0.825780084632143,0.07312838904078944,0.07312838904078944
subend_noleak,1337,test,sUbend_022__f06,0.47405388951301575,0.77876877784729,0.2510400414466858,0.2856981158256531,0.6087222587729033,0.8989083606496742,2.425923237399047,1.527014876749373,-1.527014876749373
subend_noleak,1337,test,sUbend_022__f07,0.47405388951301575,1.1009187698364258,0.2510400414466858,0.42569229006767273,0.4305984260613983,0.8989083606496742,4.848088551112596,3.949180190462922,-3.949180190462922
subend_noleak,1337,test,sUbend_022__f08,0.47405385971069336,1.4119216203689575,0.2510400414466858,0.5578948855400085,0.3357508326749863,0.898908247626423,7.97409064826121,7.075182400634787,-7.075182400634787
subend_noleak,1337,test,sUbend_022__f09,0.47405385971069336,1.4451364278793335,0.2510400414466858,0.5705522894859314,0.32803398389613914,0.898908247626423,8.35367718073536,7.454768933108937,-7.454768933108937
subend_noleak,1337,test,sUbend_022__f10,0.4740539491176605,1.3665584325790405,0.2510400414466858,0.5101863145828247,0.3468962159364098,0.8989085866961979,7.469927798611536,6.571019211915338,-6.571019211915338
subend_noleak,1337,test,sUbend_022__f11,0.47405388951301575,1.1047513484954834,0.2510400414466858,0.4291037619113922,0.42910460363647507,0.8989083606496742,4.881902168010356,3.982993807360682,-3.982993807360682
subend_noleak,1337,test,sUbend_022__f12,0.47405388951301575,0.9273004531860352,0.2510400414466858,0.332093745470047,0.5112193010196998,0.8989083606496742,3.4395445219161047,2.5406361612664305,-2.5406361612664305
subend_noleak,1337,test,sUbend_022__f13,0.47405382990837097,0.7089967131614685,0.2510400414466858,0.2463744580745697,0.6686262730253432,0.8989081346031789,2.0107053570950626,1.1117972224918837,-1.1117972224918837
subend_noleak,1337,test,sUbend_022__f14,0.4740539491176605,0.5593370199203491,0.2510400414466858,0.17329387366771698,0.847528291950293,0.8989085866961979,1.2514316074135081,0.35252302071731023,-0.35252302071731023
subend_noleak,1337,test,sUbend_022__f15,0.47405391931533813,0.4369078278541565,0.2510400414466858,0.12533226609230042,1.0850204301525614,0.8989084736729325,0.763553800160949,0.1353546735119835,0.1353546735119835
subend_noleak,1337,test,sUbend_022__f16,0.4740537703037262,0.38657209277153015,0.2510400414466858,0.09958802908658981,1.2263010682043698,0.898907908556712,0.5977519316390421,0.30115597691766993,0.30115597691766993
subend_noleak,1337,test,sUbend_022__f17,0.47405391931533813,0.3058919310569763,0.2510400414466858,0.08324942737817764,1.5497431320835968,0.8989084736729325,0.3742794939430638,0.5246289797298687,0.5246289797298687
subend_noleak,1337,test,sUbend_022__f18,0.47405385971069336,0.27003416419029236,0.2510400414466858,0.07218877226114273,1.7555329012984775,0.898908247626423,0.2916737993197991,0.6072344483066239,0.6072344483066239
subend_noleak,1337,test,sUbend_022__f19,0.47405385971069336,0.231423482298851,0.2510400414466858,0.06663597375154495,2.048425920315723,0.898908247626423,0.21422731263730643,0.6846809349891165,0.6846809349891165
subend_noleak,1337,test,sUbend_022__f20,0.47405385971069336,0.2122746706008911,0.2510400414466858,0.061474140733480453,2.2332097294923483,0.898908247626423,0.1802421431148673,0.7186661045115557,0.7186661045115557
subend_noleak,1337,test,sUbend_022__f21,0.47405388951301575,0.18821696937084198,0.2510400414466858,0.05540510267019272,2.518656479793765,0.8989083606496742,0.14170251023657787,0.7572058504130963,0.7572058504130963
subend_noleak,1337,test,sUbend_022__f22,0.4740539491176605,0.17297504842281342,0.2510400414466858,0.049495112150907516,2.740591509816501,0.8989085866961979,0.11968146950749858,0.7792271171886993,0.7792271171886993
subend_noleak,1337,test,sUbend_022__f23,0.47405388951301575,0.16348809003829956,0.2510400414466858,0.043103307485580444,2.8996233878685684,0.8989083606496742,0.10691342233748458,0.7919949383121896,0.7919949383121896
subend_noleak,1337,test,sUbend_022__f24,0.47405382990837097,0.14399580657482147,0.2510400414466858,0.0383966825902462,3.2921363558045593,0.8989081346031789,0.0829391692445336,0.8159689653586453,0.8159689653586453
subend_noleak,1337,val,sUbend_016__f00,0.44442862272262573,0.13983136415481567,0.2156379073858261,0.03605708107352257,3.178318579732743,0.79006720278052,0.07821124160558668,0.7118559611749333,0.7118559611749333
subend_noleak,1337,val,sUbend_016__f01,0.4444286823272705,0.14758743345737457,0.2156379073858261,0.043770596385002136,3.0112908119350696,0.7900674147006157,0.08712820205813987,0.7029392126424758,0.7029392126424758
subend_noleak,1337,val,sUbend_016__f02,0.4444286823272705,0.15146535634994507,0.2156379073858261,0.047494448721408844,2.9341936204901136,0.7900674147006157,0.09176701669686338,0.6983003980037523,0.6983003980037523
subend_noleak,1337,val,sUbend_016__f03,0.4444286823272705,0.1668083667755127,0.2156379073858261,0.05330801382660866,2.6643068984985243,0.7900674147006157,0.11130012490525587,0.6787672897953598,0.6787672897953598
subend_noleak,1337,val,sUbend_016__f04,0.4444286823272705,0.12245456129312515,0.2156379073858261,0.03341587260365486,3.629335466430042,0.7900674147006157,0.05998047832596698,0.7300869363746487,0.7300869363746487
subend_noleak,1337,val,sUbend_016__f05,0.4444287121295929,0.08487140387296677,0.2156379073858261,0.02085074782371521,5.2364953547227975,0.7900675206606742,0.028812620781472953,0.7612548998792013,0.7612548998792013
subend_noleak,1337,val,sUbend_016__f06,0.44442883133888245,0.3139774799346924,0.2156379073858261,0.10799472779035568,1.4154799619110392,0.7900679445009793,0.39432743162456063,0.39574051287641865,0.39574051287641865
subend_noleak,1337,val,sUbend_016__f07,0.4444286823272705,1.0604346990585327,0.2156379073858261,0.3413296937942505,0.4191004714593363,0.7900674147006157,4.498087003869443,3.7080195891688277,-3.7080195891688277
subend_noleak,1337,val,sUbend_016__f08,0.44442862272262573,1.4609826803207397,0.2156379073858261,0.503126323223114,0.304198419809506,0.79006720278052,8.537881568788691,7.747814366008171,-7.747814366008171
subend_noleak,1337,val,sUbend_016__f09,0.44442877173423767,1.6208704710006714,0.2156379073858261,0.5166246294975281,0.2741914173190299,0.7900677325808125,10.508884335047753,9.71881660246694,-9.71881660246694
subend_noleak,1337,val,sUbend_016__f10,0.4444287419319153,1.424275517463684,0.2156379073858261,0.4651392996311188,0.3120384619988016,0.7900676266207398,8.11424299858578,7.32417537196504,-7.32417537196504
subend_noleak,1337,val,sUbend_016__f11,0.4444286823272705,1.2560820579528809,0.2156379073858261,0.3843291401863098,0.35382137616994946,0.7900674147006157,6.310968545244577,5.520901130543962,-5.520901130543962
subend_noleak,1337,val,sUbend_016__f12,0.4444286823272705,0.9907641410827637,0.21563789248466492,0.28022316098213196,0.44857162658468186,0.7900674147006157,3.9264543330218658,3.13638691832125,-3.13638691832125
subend_noleak,1337,val,sUbend_016__f13,0.4444287419319153,0.7234793305397034,0.2156379073858261,0.17705382406711578,0.6142936268827182,0.7900676266207398,2.0936893668727095,1.3036217402519696,-1.3036217402519696
subend_noleak,1337,val,sUbend_016__f14,0.4444287121295929,0.5014791488647461,0.2156379073858261,0.11734998971223831,0.88623567527323,0.7900675206606742,1.0059253469844407,0.2158578263237665,-0.2158578263237665
subend_noleak,1337,val,sUbend_016__f15,0.4444286823272705,0.3876854181289673,0.2156379073858261,0.0973774716258049,1.1463641951563601,0.7900674147006157,0.6011999337193288,0.18886748098128692,0.18886748098128692
subend_noleak,1337,val,sUbend_016__f16,0.4444286525249481,0.32781922817230225,0.2156379073858261,0.08784550428390503,1.3557125828243235,0.7900673087405643,0.42986178543793585,0.36020552330262845,0.36020552330262845
subend_noleak,1337,val,sUbend_016__f17,0.44442859292030334,0.28463879227638245,0.2156379073858261,0.07274795323610306,1.5613774544432653,0.7900670968204828,0.3240769682742304,0.46599012854625244,0.46599012854625244
subend_noleak,1337,val,sUbend_016__f18,0.4444286823272705,0.2330220639705658,0.2156379073858261,0.0582464225590229,1.9072386312027885,0.7900674147006157,0.21719712918840983,0.5728702855122059,0.5728702855122059
subend_noleak,1337,val,sUbend_016__f19,0.4444287419319153,0.20139645040035248,0.2156379073858261,0.04838113859295845,2.206735724728232,0.7900676266207398,0.16224212093544654,0.6278255056852933,0.6278255056852933
subend_noleak,1337,val,sUbend_016__f20,0.4444287419319153,0.1802574098110199,0.2156379073858261,0.04254575073719025,2.465522734393277,0.7900676266207398,0.1299709351671119,0.6600966914536279,0.6600966914536279
subend_noleak,1337,val,sUbend_016__f21,0.4444286525249481,0.16701100766658783,0.2156379073858261,0.03896208852529526,2.6610740138289724,0.7900673087405643,0.11157070672723624,0.6784966020133281,0.6784966020133281
subend_noleak,1337,val,sUbend_016__f22,0.44442877173423767,0.14924661815166473,0.2156379073858261,0.036142054945230484,2.977814688454838,0.7900677325808125,0.08909821211883528,0.7009695204619772,0.7009695204619772
subend_noleak,1337,val,sUbend_016__f23,0.4444287419319153,0.14450791478157043,0.2156379073858261,0.03611912578344345,3.0754629779530576,0.7900676266207398,0.08353014973807049,0.7065374768826693,0.7065374768826693
subend_noleak,1337,val,sUbend_016__f24,0.44442862272262573,0.13714781403541565,0.2156379073858261,0.034975238144397736,3.2405082490622927,0.79006720278052,0.07523809157877182,0.7148291112017482,0.7148291112017482
subend_noleak,1337,val,sUbend_019__f00,0.465497225522995,0.14872324466705322,0.2359926998615265,0.04501776397228241,3.1299560910273563,0.8667506678784243,0.0884744140171847,0.7782762538612396,0.7782762538612396
subend_noleak,1337,val,sUbend_019__f01,0.46549731492996216,0.14188675582408905,0.2359926998615265,0.045995235443115234,3.2807664973824964,0.8667510008280175,0.08052740591313867,0.7862235949148788,0.7862235949148788
subend_noleak,1337,val,sUbend_019__f02,0.465497225522995,0.15169338881969452,0.2359926998615265,0.05100074037909508,3.0686718066289185,0.8667506678784243,0.09204353684641209,0.7747071310320122,0.7747071310320122
subend_noleak,1337,val,sUbend_019__f03,0.4654974043369293,0.17309197783470154,0.2359926998615265,0.06317298859357834,2.6893066343113117,0.8667513337776747,0.11984333116291523,0.7469080026147594,0.7469080026147594
subend_noleak,1337,val,sUbend_019__f04,0.46549731492996216,0.26184219121932983,0.2359926998615265,0.08817920088768005,1.777778106584979,0.8667510008280175,0.27424533241016036,0.5925056684178571,0.5925056684178571
subend_noleak,1337,val,sUbend_019__f05,0.46549734473228455,0.4903830289840698,0.2359926998615265,0.16033218801021576,0.949252558141457,0.8667511118112294,0.9619020604623643,0.09515094865113483,-0.09515094865113483
subend_noleak,1337,val,sUbend_019__f06,0.46549728512763977,0.9081997871398926,0.2359926998615265,0.2998613715171814,0.512549432095317,0.8667508898448126,3.2993074134437848,2.432556523598972,-2.432556523598972
subend_noleak,1337,val,sUbend_019__f07,0.4654974043369293,1.304381012916565,0.2359926998615265,0.44863244891166687,0.3568722633397493,0.8667513337776747,6.805639307428976,5.938887973651301,-5.938887973651301
subend_noleak,1337,val,sUbend_019__f08,0.46549737453460693,1.6370285749435425,0.2359926998615265,0.5304021239280701,0.28435506970344787,0.8667512227944485,10.719450220726742,9.852698997932293,-9.852698997932293
subend_noleak,1337,val,sUbend_019__f09,0.46549728512763977,1.6188859939575195,0.2359926998615265,0.5444782972335815,0.28754173355326135,0.8667508898448126,10.483167445727304,9.616416555882491,-9.616416555882491
subend_noleak,1337,val,sUbend_019__f10,0.4654974043369293,1.610708236694336,0.2359926998615265,0.5116552114486694,0.28900169113946533,0.8667513337776747,10.377524095019908,9.510772761242233,-9.510772761242233
subend_noleak,1337,val,sUbend_019__f11,0.46549731492996216,1.3670549392700195,0.2359926998615265,0.43741145730018616,0.3405110515737784,0.8667510008280175,7.475356827930227,6.60860582710221,-6.60860582710221
subend_noleak,1337,val,sUbend_019__f12,0.4654974639415741,1.0797072649002075,0.2359926998615265,0.3585837483406067,0.43113302936291525,0.8667515557441483,4.663071111513148,3.7963195557689993,-3.7963195557689993
subend_noleak,1337,val,sUbend_019__f13,0.46549728512763977,0.8902775049209595,0.2359926998615265,0.2651892900466919,0.5228676256050832,0.8667508898448126,3.170376143073156,2.3036252532283434,-2.3036252532283434
subend_noleak,1337,val,sUbend_019__f14,0.46549728512763977,0.6385231018066406,0.2359926998615265,0.17810563743114471,0.7290218377542791,0.8667508898448126,1.6308470061630942,0.7640961163182816,-0.7640961163182816
subend_noleak,1337,val,sUbend_019__f15,0.46549728512763977,0.46108174324035645,0.2359926998615265,0.12794095277786255,1.0095764838925352,0.8667508898448126,0.850385495798264,0.016365394046548687,0.016365394046548687
subend_noleak,1337,val,sUbend_019__f16,0.4654974043369293,0.3921951949596405,0.2359926998615265,0.10447657853364944,1.1869023647391501,0.8667513337776747,0.6152682837977217,0.25148304997995297,0.25148304997995297
subend_noleak,1337,val,sUbend_019__f17,0.4654974341392517,0.33920252323150635,0.2359926998615265,0.08883146196603775,1.3723289252230852,0.8667514447609079,0.4602334070664824,0.4065180376944255,0.4065180376944255
subend_noleak,1337,val,sUbend_019__f18,0.46549734473228455,0.28168585896492004,0.2359926998615265,0.07995810359716415,1.6525406935328464,0.8667511118112294,0.3173876925632193,0.5493634192480101,0.5493634192480101
subend_noleak,1337,val,sUbend_019__f19,0.46549737453460693,0.2600327134132385,0.2359926998615265,0.0731925219297409,1.7901492793902753,0.8667512227944485,0.27046804818020576,0.5962831746142427,0.5962831746142427
subend_noleak,1337,val,sUbend_019__f20,0.46549734473228455,0.22523963451385498,0.2359926998615265,0.06513869017362595,2.0666759903823713,0.8667511118112294,0.2029315718237399,0.6638195399874895,0.6638195399874895
subend_noleak,1337,val,sUbend_019__f21,0.46549731492996216,0.19946731626987457,0.2359926998615265,0.05795609951019287,2.333702200615941,0.8667510008280175,0.15914884103962468,0.7076021597883928,0.7076021597883928
subend_noleak,1337,val,sUbend_019__f22,0.465497225522995,0.17648626863956451,0.2359926998615265,0.05229571461677551,2.637583247191166,0.8667506678784243,0.12458961207326613,0.7421610558051581,0.7421610558051581
subend_noleak,1337,val,sUbend_019__f23,0.46549731492996216,0.17449679970741272,0.2359926998615265,0.04869947209954262,2.6676553135099565,0.8667510008280175,0.12179653243251565,0.7449544683955018,0.7449544683955018
subend_noleak,1337,val,sUbend_019__f24,0.46549728512763977,0.15677359700202942,0.2359926998615265,0.0465613417327404,2.9692326643600193,0.8667508898448126,0.09831184286781891,0.7684390469769937,0.7684390469769937
subend_noleak,1337,val,sUbend_023__f00,0.4485836923122406,0.11081650853157043,0.22854742407798767,0.03198875114321709,4.047986155279779,0.8049093160339318,0.04912119425251049,0.7557881217814213,0.7557881217814213
subend_noleak,1337,val,sUbend_023__f01,0.44858378171920776,0.10386040061712265,0.22854742407798767,0.028834430500864983,4.319103133184461,0.8049096368860233,0.043147931265396844,0.7617617056206265,0.7617617056206265
subend_noleak,1337,val,sUbend_023__f02,0.44858378171920776,0.10179544240236282,0.22854742407798767,0.026870548725128174,4.406717738365028,0.8049096368860233,0.04144924837557107,0.7634603885104523,0.7634603885104523
subend_noleak,1337,val,sUbend_023__f03,0.44858378171920776,0.09641176462173462,0.22854742407798767,0.02536691352725029,4.652790906578647,0.8049096368860233,0.037180913429907037,0.7677287234561163,0.7677287234561163
subend_noleak,1337,val,sUbend_023__f04,0.44858378171920776,0.10224653780460358,0.22854742407798767,0.035566747188568115,4.387276003188155,0.8049096368860233,0.041817417972112914,0.7630922189139104,0.7630922189139104
subend_noleak,1337,val,sUbend_023__f05,0.44858378171920776,0.26425179839134216,0.22854742407798767,0.07765001058578491,1.69756188775253,0.8049096368860233,0.2793160518122342,0.5255935850737892,0.5255935850737892
subend_noleak,1337,val,sUbend_023__f06,0.44858381152153015,0.37265029549598694,0.22854742407798767,0.10674731433391571,1.203766150042838,0.8049097438367347,0.5554729709329855,0.24943677290374922,0.24943677290374922
subend_noleak,1337,val,sUbend_023__f07,0.44858381152153015,0.8645905256271362,0.22854742407798767,0.25214359164237976,0.5188396104573862,0.8049097438367347,2.990067108016831,2.185157364180096,-2.185157364180096
subend_noleak,1337,val,sUbend_023__f08,0.44858381152153015,1.563048243522644,0.22854742407798767,0.4973137378692627,0.28699294048055496,0.8049097438367347,9.772479246316891,8.967569502480156,-8.967569502480156
subend_noleak,1337,val,sUbend_023__f09,0.44858384132385254,1.822366714477539,0.22854742407798767,0.5369448661804199,0.24615454055440136,0.8049098507874533,13.284081768142642,12.479171917355188,-12.479171917355188
subend_noleak,1337,val,sUbend_023__f10,0.44858381152153015,1.5853747129440308,0.22854742407798767,0.4729996919631958,0.28295128455058605,0.8049097438367347,10.053651921769472,9.248742177932737,-9.248742177932737
subend_noleak,1337,val,sUbend_023__f11,0.44858381152153015,1.3955347537994385,0.22854742407798767,0.41334015130996704,0.32144223588859405,0.8049097438367347,7.7900689962482375,6.985159252411503,-6.985159252411503
subend_noleak,1337,val,sUbend_023__f12,0.4485838711261749,1.1601338386535645,0.22854742407798767,0.3330318033695221,0.3866656209655907,0.8049099577381789,5.383642094356219,4.57873213661804,-4.57873213661804
subend_noleak,1337,val,sUbend_023__f13,0.4485838711261749,0.9522798657417297,0.22854742407798767,0.25010010600090027,0.4710630637735614,0.8049099577381789,3.6273477707883472,2.8224378130501684,-2.8224378130501684
subend_noleak,1337,val,sUbend_023__f14,0.44858381152153015,0.7095852494239807,0.22854742407798767,0.17394037544727325,0.6321774753430636,0.8049097438367347,2.0140449048003717,1.209135160963637,-1.209135160963637
subend_noleak,1337,val,sUbend_023__f15,0.44858384132385254,0.5211384892463684,0.22854742407798767,0.12329576164484024,0.8607766468612998,0.8049098507874533,1.086341299895949,0.2814314491084957,-0.2814314491084957
subend_noleak,1337,val,sUbend_023__f16,0.44858381152153015,0.43774843215942383,0.22854742407798767,0.09760218113660812,1.0247525258026742,0.8049097438367347,0.7664947594321347,0.038414984404600006,0.038414984404600006
subend_noleak,1337,val,sUbend_023__f17,0.4485838711261749,0.38649940490722656,0.22854742407798767,0.08201386779546738,1.1606327601820003,0.8049099577381789,0.5975271599745611,0.2073827977636178,0.2073827977636178
subend_noleak,1337,val,sUbend_023__f18,0.44858381152153015,0.3461501896381378,0.22854742407798767,0.0692809671163559,1.2959224780159024,0.8049097438367347,0.4792798151460751,0.32562992869065965,0.32562992869065965
subend_noleak,1337,val,sUbend_023__f19,0.44858381152153015,0.2882310450077057,0.22854742407798767,0.06032847240567207,1.5563341260117818,0.8049097438367347,0.33230854122493625,0.4726012026117985,0.4726012026117985
subend_noleak,1337,val,sUbend_023__f20,0.4485838711261749,0.22687876224517822,0.22854742407798767,0.05285300686955452,1.9771963963793553,0.8049099577381789,0.20589589103161643,0.5990140667065624,0.5990140667065624
subend_noleak,1337,val,sUbend_023__f21,0.44858378171920776,0.18721087276935577,0.22854742407798767,0.04703010246157646,2.396141714866444,0.8049096368860233,0.14019164353225566,0.6647179933537677,0.6647179933537677
subend_noleak,1337,val,sUbend_023__f22,0.44858378171920776,0.1636490821838379,0.22854742407798767,0.0429171547293663,2.7411322797110698,0.8049096368860233,0.10712408839845011,0.6977855484875732,0.6977855484875732
subend_noleak,1337,val,sUbend_023__f23,0.4485838711261749,0.13409310579299927,0.22854742407798767,0.038356877863407135,3.34531643870385,0.8049099577381789,0.07192384408484997,0.7329861136533289,0.7329861136533289
subend_noleak,1337,val,sUbend_023__f24,0.44858378171920776,0.12464030086994171,0.22854742407798767,0.03552336245775223,3.5990267881918148,0.8049096368860233,0.06214081840379837,0.742768818482225,0.742768818482225
subend_noleak,2026,test,sUbend_012__f00,0.3404558598995209,0.48265302181243896,0.20192769169807434,0.10553682595491409,0.7053842916409285,0.46364077015968874,0.9318157578587147,0.468174987699026,-0.468174987699026
subend_noleak,2026,test,sUbend_012__f01,0.3404557406902313,0.45587942004203796,0.20192769169807434,0.09230007976293564,0.7468109454443829,0.46364044547573613,0.8313041824714595,0.3676637369957234,-0.3676637369957234
subend_noleak,2026,test,sUbend_012__f02,0.3404558300971985,0.38823622465133667,0.20192769169807434,0.07528668642044067,0.8769295817332647,0.46364068898868993,0.6029094645260926,0.1392687755374027,-0.1392687755374027
subend_noleak,2026,test,sUbend_012__f03,0.3404558300971985,0.33899757266044617,0.20192769169807434,0.06108138710260391,1.004301675157459,0.46364068898868993,0.4596774170786979,0.003963271909992017,0.003963271909992017
subend_noleak,2026,test,sUbend_012__f04,0.3404558300971985,0.2649005949497223,0.20192769169807434,0.05264614149928093,1.2852210851463601,0.46364068898868993,0.28068930081886734,0.1829513881698226,0.1829513881698226
subend_noleak,2026,test,sUbend_012__f05,0.3404558598995209,0.25847500562667847,0.20192769169807434,0.06178370490670204,1.3171713027883605,0.46364077015968874,0.26723731413484586,0.19640345602484288,0.19640345602484288
subend_noleak,2026,test,sUbend_012__f06,0.3404558002948761,1.2772669792175293,0.20192769169807434,0.2524249851703644,0.2665502246863407,0.4636406078176982,6.52564374479789,6.062003136980191,-6.062003136980191
subend_noleak,2026,test,sUbend_012__f07,0.3404557704925537,2.64764404296875,0.20192769169807434,0.5706283450126648,0.1285881957571636,0.4636405266467136,28.040075913071632,27.57643538642492,-27.57643538642492
subend_noleak,2026,test,sUbend_012__f08,0.3404558598995209,3.358830213546753,0.20192769169807434,0.7576717734336853,0.10136143783821001,0.46364077015968874,45.1269616137381,44.66332084357842,-44.66332084357842
subend_noleak,2026,test,sUbend_012__f09,0.3404558300971985,3.3379228115081787,0.20192769169807434,0.7887685894966125,0.10199631606920527,0.46364068898868993,44.56691478234666,44.10327409335797,-44.10327409335797
subend_noleak,2026,test,sUbend_012__f10,0.34045594930648804,2.945417642593384,0.20192769169807434,0.7438451647758484,0.1155883445468613,0.4636410136727278,34.701940357201465,34.23829934352874,-34.23829934352874
subend_noleak,2026,test,sUbend_012__f11,0.3404557406902313,2.3651576042175293,0.20192769169807434,0.6251805424690247,0.1439463231046986,0.46364044547573613,22.375881971152012,21.912241525676276,-21.912241525676276
subend_noleak,2026,test,sUbend_012__f12,0.34045588970184326,1.880467176437378,0.20192769169807434,0.4930272400379181,0.18104856812595416,0.46364085133069466,14.144627206633459,13.680986355302764,-13.680986355302764
subend_noleak,2026,test,sUbend_012__f13,0.3404558300971985,1.5041799545288086,0.20192769169807434,0.3845941126346588,0.22633982660927554,0.46364068898868993,9.050229342425155,8.586588653436465,-8.586588653436465
subend_noleak,2026,test,sUbend_012__f14,0.3404558002948761,1.0965973138809204,0.20192769169807434,0.2873152196407318,0.3104656522365385,0.4636406078176982,4.8101026752433995,4.346462067425701,-4.346462067425701
subend_noleak,2026,test,sUbend_012__f15,0.3404557406902313,0.7118344902992249,0.20192769169807434,0.20995444059371948,0.4782793547234811,0.46364044547573613,2.026833366318229,1.5631929208424928,-1.5631929208424928
subend_noleak,2026,test,sUbend_012__f16,0.3404558002948761,0.5640744566917419,0.20192769169807434,0.16667626798152924,0.6035653560553442,0.4636406078176982,1.2727199707683354,0.8090793629506372,-0.8090793629506372
subend_noleak,2026,test,sUbend_012__f17,0.3404557406902313,0.5132749080657959,0.20192769169807434,0.14551451802253723,0.6633009627787783,0.46364044547573613,1.053804524999805,0.5901640795240688,-0.5901640795240688
subend_noleak,2026,test,sUbend_012__f18,0.3404558002948761,0.5176658630371094,0.20192769169807434,0.13992194831371307,0.6576748142082341,0.4636406078176982,1.0719117830158211,0.6082711751981229,-0.6082711751981229
subend_noleak,2026,test,sUbend_012__f19,0.3404557704925537,0.5698524117469788,0.20192769169807434,0.13915123045444489,0.5974455200581307,0.4636405266467136,1.2989270846953929,0.8352865580486792,-0.8352865580486792
subend_noleak,2026,test,sUbend_012__f20,0.34045591950416565,0.5585685968399048,0.20192769169807434,0.134679913520813,0.6095149663448518,0.4636409325017077,1.2479955095028004,0.7843545770010927,-0.7843545770010927
subend_noleak,2026,test,sUbend_012__f21,0.3404558002948761,0.5518748164176941,0.20192769169807434,0.12942193448543549,0.6169076576184941,0.4636406078176982,1.2182632519842542,0.754622644166556,-0.754622644166556
subend_noleak,2026,test,sUbend_012__f22,0.3404558598995209,0.5466099381446838,0.20192769169807434,0.12475831806659698,0.6228497437406719,0.46364077015968874,1.1951296979141404,0.7314889277544516,-0.7314889277544516
subend_noleak,2026,test,sUbend_012__f23,0.3404558300971985,0.5331071615219116,0.20192769169807434,0.11906066536903381,0.6386255047207899,0.46364068898868993,1.1368129826637983,0.6731722936751083,-0.6731722936751083
subend_noleak,2026,test,sUbend_012__f24,0.34045591950416565,0.5210325717926025,0.20192769169807434,0.11320210993289948,0.6534254055036014,0.4636409325017077,1.085899763475254,0.6222588309735464,-0.6222588309735464
subend_noleak,2026,test,sUbend_021__f00,0.3389175832271576,0.28423604369163513,0.21305815875530243,0.07498495280742645,1.1923807368879857,0.4594605128821492,0.32316051413389246,0.1362999987482567,0.1362999987482567
subend_noleak,2026,test,sUbend_021__f01,0.33891749382019043,0.2860671281814575,0.21305815875530243,0.07170616090297699,1.1847481252904002,0.4594602704694353,0.3273376073039458,0.13212266316548948,0.13212266316548948
subend_noleak,2026,test,sUbend_021__f02,0.33891764283180237,0.27683666348457336,0.21305815875530243,0.0635092481970787,1.2242512915948665,0.45946067449066064,0.30655415299708366,0.15290652149357697,0.15290652149357697
subend_noleak,2026,test,sUbend_021__f03,0.3389175236225128,0.27063122391700745,0.21305815875530243,0.05930048227310181,1.2523223252555893,0.45946035127366613,0.2929650374352697,0.16649531383839644,0.16649531383839644
subend_noleak,2026,test,sUbend_021__f04,0.3389175236225128,0.22834274172782898,0.21305815875530243,0.039422787725925446,1.484249164470848,0.45946035127366613,0.20856163079912804,0.2508987204745381,0.2508987204745381
subend_noleak,2026,test,sUbend_021__f05,0.33891761302948,0.1853945553302765,0.21305815875530243,0.0305553637444973,1.828088275978253,0.45946059368640135,0.1374845645844438,0.32197602910195755,0.32197602910195755
subend_noleak,2026,test,sUbend_021__f06,0.3389175534248352,0.7181300520896912,0.21305815875530243,0.19818057119846344,0.47194453489116195,0.4594604320779041,2.06284308685737,1.603382654779466,-1.603382654779466
subend_noleak,2026,test,sUbend_021__f07,0.33891761302948,1.7748973369598389,0.21305815875530243,0.5199140906333923,0.190950544559383,0.45946059368640135,12.601042226988511,12.14158163330211,-12.14158163330211
subend_noleak,2026,test,sUbend_021__f08,0.3389175236225128,2.3739774227142334,0.21305815875530243,0.6764387488365173,0.14276358333476447,0.45946035127366613,22.543075214227656,22.08361486295399,-22.08361486295399
subend_noleak,2026,test,sUbend_021__f09,0.33891767263412476,2.2838501930236816,0.21305815875530243,0.6834629774093628,0.1483975059613774,0.459460755294927,20.86388681669723,20.404426061402305,-20.404426061402305
subend_noleak,2026,test,sUbend_021__f10,0.3389175534248352,2.1059648990631104,0.21305815875530243,0.6278491616249084,0.16093219482224558,0.4594604320779041,17.740352624343586,17.280892192265682,-17.280892192265682
subend_noleak,2026,test,sUbend_021__f11,0.3389175534248352,1.8058662414550781,0.21305815875530243,0.5286971926689148,0.18767588963385912,0.4594604320779041,13.044611528108362,12.585151096030458,-12.585151096030458
subend_noleak,2026,test,sUbend_021__f12,0.3389175832271576,1.4528396129608154,0.21305815875530243,0.4208817481994629,0.233279420662588,0.4594605128821492,8.442971763952528,7.983511251070379,-7.983511251070379
subend_noleak,2026,test,sUbend_021__f13,0.3389175832271576,1.151943325996399,0.21305815875530243,0.3210694491863251,0.29421376519023046,0.4594605128821492,5.307893705230583,4.848433192348434,-4.848433192348434
subend_noleak,2026,test,sUbend_021__f14,0.33891764283180237,0.8249955773353577,0.21305815875530243,0.232591912150383,0.41081146631896864,0.45946067449066064,2.7224708104916004,2.26301013600094,-2.26301013600094
subend_noleak,2026,test,sUbend_021__f15,0.33891761302948,0.5994604229927063,0.21305815875530243,0.17230843007564545,0.5653711238141298,0.45946059368640135,1.4374111949383774,0.9779506012519761,-0.9779506012519761
subend_noleak,2026,test,sUbend_021__f16,0.3389175832271576,0.49976885318756104,0.21305815875530243,0.13719043135643005,0.6781486702612964,0.4594605128821492,0.9990756264656397,0.5396151135834906,-0.5396151135834906
subend_noleak,2026,test,sUbend_021__f17,0.33891761302948,0.4746529161930084,0.21305815875530243,0.11529845744371414,0.7140325097921988,0.45946059368640135,0.9011815634021083,0.44172096971570696,-0.44172096971570696
subend_noleak,2026,test,sUbend_021__f18,0.3389175236225128,0.43479782342910767,0.21305815875530243,0.10288877040147781,0.7794830271908484,0.45946035127366613,0.756196589034758,0.2967362377610918,-0.2967362377610918
subend_noleak,2026,test,sUbend_021__f19,0.33891761302948,0.40467509627342224,0.21305815875530243,0.09455490112304688,0.8375054856365249,0.45946059368640135,0.6550477341756142,0.19558714048921289,-0.19558714048921289
subend_noleak,2026,test,sUbend_021__f20,0.3389175534248352,0.38497668504714966,0.21305815875530243,0.09208906441926956,0.8803586466108372,0.4594604320779041,0.592828192119569,0.13336776004166495,-0.13336776004166495
subend_noleak,2026,test,sUbend_021__f21,0.3389175236225128,0.35445716977119446,0.21305815875530243,0.09224628657102585,0.9561593121145987,0.45946035127366613,0.5025595408088215,0.04309918953515535,-0.04309918953515535
subend_noleak,2026,test,sUbend_021__f22,0.33891767263412476,0.3197004497051239,0.21305815875530243,0.08841510862112045,1.0601100903884428,0.459460755294927,0.40883351016663383,0.0506272451282932,0.0506272451282932
subend_noleak,2026,test,sUbend_021__f23,0.33891773223876953,0.30677521228790283,0.21305815875530243,0.08725284785032272,1.1047754794500853,0.4594609169034811,0.3764441234971514,0.08301679340632973,0.08301679340632973
subend_noleak,2026,test,sUbend_021__f24,0.33891764283180237,0.2920149862766266,0.21305815875530243,0.08156520873308182,1.1606172928082013,0.45946067449066064,0.34109100884055366,0.11836966565010698,0.11836966565010698
subend_noleak,2026,test,sUbend_022__f00,0.3393736183643341,0.13690918684005737,0.2154940813779831,0.03389902412891388,2.4788228328373867,0.46069781136680277,0.07497650176482296,0.3857213096019798,0.3857213096019798
subend_noleak,2026,test,sUbend_022__f01,0.33937349915504456,0.11378740519285202,0.2154940813779831,0.03092322312295437,2.9825225259321018,0.4606974877149561,0.05179029432208915,0.40890719339286696,0.40890719339286696
subend_noleak,2026,test,sUbend_022__f02,0.33937352895736694,0.10572563111782074,0.2154940813779831,0.02841157652437687,3.209945642974396,0.4606975686279071,0.04471163630104602,0.4159859323268611,0.4159859323268611
subend_noleak,2026,test,sUbend_022__f03,0.33937355875968933,0.1010335236787796,0.2154940813779831,0.02708689123392105,3.3590193274726796,0.46069764954086523,0.040831091627802074,0.41986655791306315,0.41986655791306315
subend_noleak,2026,test,sUbend_022__f04,0.33937349915504456,0.14884856343269348,0.2154940813779831,0.05713614076375961,2.2799917669914422,0.4606974877149561,0.0886235793439063,0.3720739083710498,0.3720739083710498
subend_noleak,2026,test,sUbend_022__f05,0.33937349915504456,0.4543622136116028,0.2154940813779831,0.16181135177612305,0.7469228051722349,0.4606974877149561,0.825780084632143,0.3650825969171869,-0.3650825969171869
subend_noleak,2026,test,sUbend_022__f06,0.33937349915504456,0.77876877784729,0.2154940813779831,0.2856981158256531,0.4357821073581777,0.4606974877149561,2.425923237399047,1.965225749684091,-1.965225749684091
subend_noleak,2026,test,sUbend_022__f07,0.33937355875968933,1.1009187698364258,0.2154940813779831,0.42569229006767273,0.30826394104454535,0.46069764954086523,4.848088551112596,4.387390901571731,-4.387390901571731
subend_noleak,2026,test,sUbend_022__f08,0.33937355875968933,1.4119216203689575,0.2154940813779831,0.5578948855400085,0.24036288832449895,0.46069764954086523,7.97409064826121,7.513392998720345,-7.513392998720345
subend_noleak,2026,test,sUbend_022__f09,0.3393735885620117,1.4451364278793335,0.2154940813779831,0.5705522894859314,0.2348384429420451,0.46069773045383045,8.35367718073536,7.89297945028153,-7.89297945028153
subend_noleak,2026,test,sUbend_022__f10,0.33937346935272217,1.3665584325790405,0.2154940813779831,0.5101863145828247,0.2483417183356286,0.4606974068020122,7.469927798611536,7.009230391809524,-7.009230391809524
subend_noleak,2026,test,sUbend_022__f11,0.33937349915504456,1.1047513484954834,0.2154940813779831,0.4291037619113922,0.3071944647247761,0.4606974877149561,4.881902168010356,4.4212046802954,-4.4212046802954
subend_noleak,2026,test,sUbend_022__f12,0.3393736779689789,0.9273004531860352,0.2154940813779831,0.332093745470047,0.3659802783477058,0.46069797319276873,3.4395445219161047,2.978846548723336,-2.978846548723336
subend_noleak,2026,test,sUbend_022__f13,0.33937352895736694,0.7089967131614685,0.2154940813779831,0.2463744580745697,0.47866728104291967,0.4606975686279071,2.0107053570950626,1.5500077884671555,-1.5500077884671555
subend_noleak,2026,test,sUbend_022__f14,0.33937352895736694,0.5593370199203491,0.2154940813779831,0.17329387366771698,0.6067424770234134,0.4606975686279071,1.2514316074135081,0.790734038785601,-0.790734038785601
subend_noleak,2026,test,sUbend_022__f15,0.33937349915504456,0.4369078278541565,0.2154940813779831,0.12533226609230042,0.776762231113722,0.4606974877149561,0.763553800160949,0.30285631244599287,-0.30285631244599287
subend_noleak,2026,test,sUbend_022__f16,0.33937346935272217,0.38657209277153015,0.2154940813779831,0.09958802908658981,0.8779047316105587,0.4606974068020122,0.5977519316390421,0.13705452483702985,-0.13705452483702985
subend_noleak,2026,test,sUbend_022__f17,0.33937355875968933,0.3058919310569763,0.2154940813779831,0.08324942737817764,1.1094557400942904,0.46069764954086523,0.3742794939430638,0.08641815559780142,0.08641815559780142
subend_noleak,2026,test,sUbend_022__f18,0.3393736183643341,0.27003416419029236,0.2154940813779831,0.07218877226114273,1.2567803017886967,0.46069781136680277,0.2916737993197991,0.16902401204700368,0.16902401204700368
subend_noleak,2026,test,sUbend_022__f19,0.33937352895736694,0.231423482298851,0.2154940813779831,0.06663597375154495,1.466461076405002,0.4606975686279071,0.21422731263730643,0.24647025599060068,0.24647025599060068
subend_noleak,2026,test,sUbend_022__f20,0.3393735885620117,0.2122746706008911,0.2154940813779831,0.061474140733480453,1.5987474511270638,0.46069773045383045,0.1802421431148673,0.28045558733896314,0.28045558733896314
subend_noleak,2026,test,sUbend_022__f21,0.33937352895736694,0.18821696937084198,0.2154940813779831,0.05540510267019272,1.8030974045103378,0.4606975686279071,0.14170251023657787,0.31899505839132924,0.31899505839132924
subend_noleak,2026,test,sUbend_022__f22,0.33937352895736694,0.17297504842281342,0.2154940813779831,0.049495112150907516,1.9619796730902808,0.4606975686279071,0.11968146950749858,0.34101609912040853,0.34101609912040853
subend_noleak,2026,test,sUbend_022__f23,0.33937349915504456,0.16348809003829956,0.2154940813779831,0.043103307485580444,2.075830105272752,0.4606974877149561,0.10691342233748458,0.35378406537747153,0.35378406537747153
subend_noleak,2026,test,sUbend_022__f24,0.33937349915504456,0.14399580657482147,0.2154940813779831,0.0383966825902462,2.3568290440368007,0.4606974877149561,0.0829391692445336,0.3777583184704225,0.3777583184704225
subend_noleak,2026,val,sUbend_016__f00,0.3364167809486389,0.13983136415481567,0.21072345972061157,0.03605708107352257,2.4058749836422377,0.452705002015378,0.07821124160558668,0.3744937604097913,0.3744937604097913
subend_noleak,2026,val,sUbend_016__f01,0.33641675114631653,0.14758743345737457,0.21072347462177277,0.043770596385002136,2.279440351156175,0.45270492180737065,0.08712820205813987,0.3655767197492308,0.3655767197492308
subend_noleak,2026,val,sUbend_016__f02,0.33641666173934937,0.15146535634994507,0.21072347462177277,0.047494448721408844,2.221079921154336,0.45270468118339124,0.09176701669686338,0.36093766448652786,0.36093766448652786
subend_noleak,2026,val,sUbend_016__f03,0.33641672134399414,0.1668083667755127,0.21072347462177277,0.05330801382660866,2.016785655582474,0.4527048415993704,0.11130012490525587,0.34140471669411454,0.34140471669411454
subend_noleak,2026,val,sUbend_016__f04,0.33641666173934937,0.12245456129312515,0.21072347462177277,0.03341587260365486,2.747277505931798,0.45270468118339124,0.05998047832596698,0.39272420285742426,0.39272420285742426
subend_noleak,2026,val,sUbend_016__f05,0.33641675114631653,0.08487140387296677,0.21072347462177277,0.02085074782371521,3.963841008802636,0.45270492180737065,0.028812620781472953,0.4238923010258977,0.4238923010258977
subend_noleak,2026,val,sUbend_016__f06,0.336416631937027,0.3139774799346924,0.21072347462177277,0.10799472779035568,1.071467393161452,0.4527046009754123,0.39432743162456063,0.05837716935085169,0.05837716935085169
subend_noleak,2026,val,sUbend_016__f07,0.3364167809486389,1.0604346990585327,0.21072347462177277,0.3413296937942505,0.31724422187176066,0.452705002015378,4.498087003869443,4.045382001854065,-4.045382001854065
subend_noleak,2026,val,sUbend_016__f08,0.33641672134399414,1.4609826803207397,0.21072347462177277,0.503126323223114,0.23026742607936887,0.4527048415993704,8.537881568788691,8.085176727189321,-8.085176727189321
subend_noleak,2026,val,sUbend_016__f09,0.33641672134399414,1.6208704710006714,0.21072347462177277,0.5166246294975281,0.20755311874878052,0.4527048415993704,10.508884335047753,10.056179493448383,-10.056179493448383
subend_noleak,2026,val,sUbend_016__f10,0.336416631937027,1.424275517463684,0.21072347462177277,0.4651392996311188,0.2362019341146225,0.4527046009754123,8.11424299858578,7.661538397610368,-7.661538397610368
subend_noleak,2026,val,sUbend_016__f11,0.33641669154167175,1.2560820579528809,0.21072347462177277,0.3843291401863098,0.26783018626183713,0.4527047613913773,6.310968545244577,5.8582637838532,-5.8582637838532
subend_noleak,2026,val,sUbend_016__f12,0.33641672134399414,0.9907641410827637,0.21072347462177277,0.28022316098213196,0.3395527829422033,0.4527048415993704,3.9264543330218658,3.4737494914224953,-3.4737494914224953
subend_noleak,2026,val,sUbend_016__f13,0.33641672134399414,0.7234793305397034,0.21072347462177277,0.17705382406711578,0.46499838646811503,0.4527048415993704,2.0936893668727095,1.640984525273339,-1.640984525273339
subend_noleak,2026,val,sUbend_016__f14,0.3364168107509613,0.5014791488647461,0.21072345972061157,0.11734998971223831,0.6708490502796484,0.45270508222339245,1.0059253469844407,0.5532202647610482,-0.5532202647610482
subend_noleak,2026,val,sUbend_016__f15,0.33641669154167175,0.3876854181289673,0.21072347462177277,0.0973774716258049,0.8677568869246444,0.4527047613913773,0.6011999337193288,0.1484951723279515,-0.1484951723279515
subend_noleak,2026,val,sUbend_016__f16,0.33641672134399414,0.32781922817230225,0.21072347462177277,0.08784550428390503,1.026226323634601,0.4527048415993704,0.42986178543793585,0.02284305616143456,0.02284305616143456
subend_noleak,2026,val,sUbend_016__f17,0.33641672134399414,0.28463879227638245,0.21072347462177277,0.07274795323610306,1.1819074928386277,0.4527048415993704,0.3240769682742304,0.12862787332514003,0.12862787332514003
subend_noleak,2026,val,sUbend_016__f18,0.3364168405532837,0.2330220639705658,0.21072347462177277,0.0582464225590229,1.4437123885220509,0.452705162431414,0.21719712918840983,0.23550803324300418,0.23550803324300418
subend_noleak,2026,val,sUbend_016__f19,0.3364165425300598,0.20139645040035248,0.21072347462177277,0.04838113859295845,1.6704194232882619,0.4527043603515182,0.16224212093544654,0.29046223941607163,0.29046223941607163
subend_noleak,2026,val,sUbend_016__f20,0.33641675114631653,0.1802574098110199,0.21072347462177277,0.04254575073719025,1.8663130214675367,0.45270492180737065,0.1299709351671119,0.32273398664025876,0.32273398664025876
subend_noleak,2026,val,sUbend_016__f21,0.3364167809486389,0.16701100766658783,0.21072347462177277,0.03896208852529526,2.0143389687238105,0.452705002015378,0.11157070672723624,0.34113429528814176,0.34113429528814176
subend_noleak,2026,val,sUbend_016__f22,0.336416631937027,0.14924661815166473,0.21072347462177277,0.036142054945230484,2.2540988606868106,0.4527046009754123,0.08909821211883528,0.36360638885657703,0.36360638885657703
subend_noleak,2026,val,sUbend_016__f23,0.33641672134399414,0.14450791478157043,0.21072347462177277,0.03611912578344345,2.3280158865519693,0.4527048415993704,0.08353014973807049,0.3691746918612999,0.3691746918612999
subend_noleak,2026,val,sUbend_016__f24,0.3364168405532837,0.13714781403541565,0.21072347462177277,0.034975238144397736,2.4529508028936635,0.452705162431414,0.07523809157877182,0.3774670708526422,0.3774670708526422
subend_noleak,2026,val,sUbend_019__f00,0.3380112051963806,0.14872324466705322,0.2163255661725998,0.04501776397228241,2.272753031666882,0.4570062993532389,0.0884744140171847,0.3685318853360542,0.3685318853360542
subend_noleak,2026,val,sUbend_019__f01,0.3380112946033478,0.14188675582408905,0.2163255512714386,0.045995235443115234,2.382261068978232,0.45700654111772465,0.08052740591313867,0.376479135204586,0.376479135204586
subend_noleak,2026,val,sUbend_019__f02,0.33801135420799255,0.15169338881969452,0.2163255512714386,0.05100074037909508,2.2282536954181893,0.457006702294084,0.09204353684641209,0.36496316544767193,0.36496316544767193
subend_noleak,2026,val,sUbend_019__f03,0.33801141381263733,0.17309197783470154,0.2163255661725998,0.06317298859357834,1.9527849761785592,0.4570068634704718,0.11984333116291523,0.3371635323075566,0.3371635323075566
subend_noleak,2026,val,sUbend_019__f04,0.3380112946033478,0.26184219121932983,0.2163255512714386,0.08817920088768005,1.2908969827563639,0.45700654111772465,0.27424533241016036,0.1827612087075643,0.1827612087075643
subend_noleak,2026,val,sUbend_019__f05,0.33801135420799255,0.4903830289840698,0.2163255512714386,0.16033218801021576,0.6892802854704274,0.457006702294084,0.9619020604623643,0.5048953581682802,-0.5048953581682802
subend_noleak,2026,val,sUbend_019__f06,0.3380112946033478,0.9081997871398926,0.2163255661725998,0.2998613715171814,0.3721772449075491,0.45700654111772465,3.2993074134437848,2.84230087232606,-2.84230087232606
subend_noleak,2026,val,sUbend_019__f07,0.3380112648010254,1.304381012916565,0.2163255512714386,0.44863244891166687,0.25913537643823886,0.4570064605295556,6.805639307428976,6.34863284689942,-6.34863284689942
subend_noleak,2026,val,sUbend_019__f08,0.33801132440567017,1.6370285749435425,0.2163255661725998,0.5304021239280701,0.20647857317782461,0.4570066217059008,10.719450220726742,10.262443599020841,-10.262443599020841
subend_noleak,2026,val,sUbend_019__f09,0.33801138401031494,1.6188859939575195,0.2163255661725998,0.5444782972335815,0.20879258037436857,0.45700678288227436,10.483167445727304,10.02616066284503,-10.02616066284503
subend_noleak,2026,val,sUbend_019__f10,0.3380112946033478,1.610708236694336,0.2163255512714386,0.5116552114486694,0.20985258962669115,0.45700654111772465,10.377524095019908,9.920517553902183,-9.920517553902183
subend_noleak,2026,val,sUbend_019__f11,0.33801141381263733,1.3670549392700195,0.2163255512714386,0.43741145730018616,0.24725517907358485,0.4570068634704718,7.475356827930227,7.018349964459755,-7.018349964459755
subend_noleak,2026,val,sUbend_019__f12,0.3380112648010254,1.0797072649002075,0.2163255512714386,0.3585837483406067,0.31305824809122335,0.4570064605295556,4.663071111513148,4.206064650983592,-4.206064650983592
subend_noleak,2026,val,sUbend_019__f13,0.3380112946033478,0.8902775049209595,0.2163255661725998,0.2651892900466919,0.3796695892404437,0.45700654111772465,3.170376143073156,2.7133696019554314,-2.7133696019554314
subend_noleak,2026,val,sUbend_019__f14,0.3380114436149597,0.6385231018066406,0.2163255512714386,0.17810563743114471,0.5293644703826508,0.45700694405867637,1.6308470061630942,1.1738400621044178,-1.1738400621044178
subend_noleak,2026,val,sUbend_019__f15,0.33801138401031494,0.46108174324035645,0.2163255512714386,0.12794095277786255,0.7330834260208685,0.45700678288227436,0.850385495798264,0.3933787129159896,-0.3933787129159896
subend_noleak,2026,val,sUbend_019__f16,0.3380112946033478,0.3921951949596405,0.2163255512714386,0.10447657853364944,0.8618445583917248,0.45700654111772465,0.6152682837977217,0.15826174267999704,-0.15826174267999704
subend_noleak,2026,val,sUbend_019__f17,0.3380112946033478,0.33920252323150635,0.2163255661725998,0.08883146196603775,0.9964881492719747,0.45700654111772465,0.4602334070664824,0.0032268659487577622,-0.0032268659487577622
subend_noleak,2026,val,sUbend_019__f18,0.3380112051963806,0.28168585896492004,0.2163255512714386,0.07995810359716415,1.1999580186184464,0.4570062993532389,0.3173876925632193,0.13961860679001958,0.13961860679001958
subend_noleak,2026,val,sUbend_019__f19,0.3380114436149597,0.2600327134132385,0.2163255512714386,0.0731925219297409,1.2998804618778832,0.45700694405867637,0.27046804818020576,0.1865388958784706,0.1865388958784706
subend_noleak,2026,val,sUbend_019__f20,0.3380111753940582,0.22523963451385498,0.2163255512714386,0.06513869017362595,1.500673609791648,0.4570062187650912,0.2029315718237399,0.2540746469413513,0.2540746469413513
subend_noleak,2026,val,sUbend_019__f21,0.3380112946033478,0.19946731626987457,0.2163255661725998,0.05795609951019287,1.6945698218851377,0.45700654111772465,0.15914884103962468,0.2978577000781,0.2978577000781
subend_noleak,2026,val,sUbend_019__f22,0.3380112946033478,0.17648626863956451,0.2163255661725998,0.05229571461677551,1.9152271573810855,0.45700654111772465,0.12458961207326613,0.3324169290444585,0.3324169290444585
subend_noleak,2026,val,sUbend_019__f23,0.33801135420799255,0.17449679970741272,0.2163255661725998,0.04869947209954262,1.9370633431372533,0.457006702294084,0.12179653243251565,0.3352101698615684,0.3352101698615684
subend_noleak,2026,val,sUbend_019__f24,0.33801138401031494,0.15677359700202942,0.2163255512714386,0.0465613417327404,2.156047896291742,0.45700678288227436,0.09831184286781891,0.35869494001445545,0.35869494001445545
subend_noleak,2026,val,sUbend_023__f00,0.33478787541389465,0.11081650853157043,0.21350212395191193,0.03198875114321709,3.021101096309285,0.4483316860965978,0.04912119425251049,0.3992104918440873,0.3992104918440873
subend_noleak,2026,val,sUbend_023__f01,0.33478787541389465,0.10386040061712265,0.21350212395191193,0.028834430500864983,3.22344101721769,0.4483316860965978,0.043147931265396844,0.40518375483120095,0.40518375483120095
subend_noleak,2026,val,sUbend_023__f02,0.3347878158092499,0.10179544240236282,0.21350212395191193,0.026870548725128174,3.2888291254332125,0.4483315264573129,0.04144924837557107,0.4068822780817418,0.4068822780817418
subend_noleak,2026,val,sUbend_023__f03,0.3347877860069275,0.09641176462173462,0.21350212395191193,0.02536691352725029,3.4724785644204927,0.4483314466376811,0.037180913429907037,0.41115053320777406,0.41115053320777406
subend_noleak,2026,val,sUbend_023__f04,0.3347878158092499,0.10224653780460358,0.21350212395191193,0.035566747188568115,3.2743193363577765,0.4483315264573129,0.041817417972112914,0.4065141084852,0.4065141084852
subend_noleak,2026,val,sUbend_023__f05,0.33478790521621704,0.26425179839134216,0.21350212395191193,0.07765001058578491,1.2669276321079748,0.4483317659162509,0.2793160518122342,0.16901571410401672,0.16901571410401672
subend_noleak,2026,val,sUbend_023__f06,0.33478787541389465,0.37265029549598694,0.21350212395191193,0.10674731433391571,0.8983969138366079,0.4483316860965978,0.5554729709329855,0.10714128483638774,-0.10714128483638774
subend_noleak,2026,val,sUbend_023__f07,0.33478787541389465,0.8645905256271362,0.21350212395191193,0.25214359164237976,0.3872213093834843,0.4483316860965978,2.990067108016831,2.541735421920233,-2.541735421920233
subend_noleak,2026,val,sUbend_023__f08,0.33478784561157227,1.563048243522644,0.21350212395191193,0.4973137378692627,0.2141890674193526,0.4483316062769518,9.772479246316891,9.32414764003994,-9.32414764003994
subend_noleak,2026,val,sUbend_023__f09,0.3347877860069275,1.822366714477539,0.21350212395191193,0.5369448661804199,0.18371043728315078,0.4483314466376811,13.284081768142642,12.83575032150496,-12.83575032150496
subend_noleak,2026,val,sUbend_023__f10,0.33478784561157227,1.5853747129440308,0.21350212395191193,0.4729996919631958,0.2111726917795184,0.4483316062769518,10.053651921769472,9.60532031549252,-9.60532031549252
subend_noleak,2026,val,sUbend_023__f11,0.33478793501853943,1.3955347537994385,0.21350212395191193,0.41334015130996704,0.2398993891818577,0.4483318457359111,7.7900689962482375,7.341737150512326,-7.341737150512326
subend_noleak,2026,val,sUbend_023__f12,0.33478787541389465,1.1601338386535645,0.21350212395191193,0.3330318033695221,0.28857694195218453,0.4483316860965978,5.383642094356219,4.935310408259621,-4.935310408259621
subend_noleak,2026,val,sUbend_023__f13,0.33478790521621704,0.9522798657417297,0.21350212395191193,0.25010010600090027,0.35156461588679194,0.4483317659162509,3.6273477707883472,3.1790160048720963,-3.1790160048720963
subend_noleak,2026,val,sUbend_023__f14,0.3347879946231842,0.7095852494239807,0.21350212395191193,0.17394037544727325,0.4718079961427534,0.44833200537525286,2.0140449048003717,1.5657128994251188,-1.5657128994251188
subend_noleak,2026,val,sUbend_023__f15,0.33478784561157227,0.5211384892463684,0.21350212395191193,0.12329576164484024,0.6424162722959064,0.4483316062769518,1.086341299895949,0.6380096936189972,-0.6380096936189972
subend_noleak,2026,val,sUbend_023__f16,0.33478787541389465,0.43774843215942383,0.21350212395191193,0.09760218113660812,0.7647951444677432,0.4483316860965978,0.7664947594321347,0.31816307333553695,-0.31816307333553695
subend_noleak,2026,val,sUbend_023__f17,0.33478787541389465,0.38649940490722656,0.21350212395191193,0.08201386779546738,0.8662054097968288,0.4483316860965978,0.5975271599745611,0.14919547387796328,-0.14919547387796328
subend_noleak,2026,val,sUbend_023__f18,0.33478787541389465,0.3461501896381378,0.21350212395191193,0.0692809671163559,0.9671751899482672,0.4483316860965978,0.4792798151460751,0.030948129049477302,-0.030948129049477302
subend_noleak,2026,val,sUbend_023__f19,0.33478787541389465,0.2882310450077057,0.21350212395191193,0.06032847240567207,1.161526078514354,0.4483316860965978,0.33230854122493625,0.11602314487166154,0.11602314487166154
subend_noleak,2026,val,sUbend_023__f20,0.33478790521621704,0.22687876224517822,0.21350212395191193,0.05285300686955452,1.4756246988619675,0.4483317659162509,0.20589589103161643,0.24243587488463447,0.24243587488463447
subend_noleak,2026,val,sUbend_023__f21,0.33478787541389465,0.18721087276935577,0.21350212395191193,0.04703010246157646,1.788292904474379,0.4483316860965978,0.14019164353225566,0.30814004256434213,0.30814004256434213
subend_noleak,2026,val,sUbend_023__f22,0.3347878158092499,0.1636490821838379,0.21350212395191193,0.0429171547293663,2.045766534963884,0.4483315264573129,0.10712408839845011,0.3412074380588628,0.3412074380588628
subend_noleak,2026,val,sUbend_023__f23,0.3347877562046051,0.13409310579299927,0.21350212395191193,0.038356877863407135,2.4966813485655255,0.4483313668180564,0.07192384408484997,0.37640752273320643,0.37640752273320643
subend_noleak,2026,val,sUbend_023__f24,0.3347878158092499,0.12464030086994171,0.21350212395191193,0.03552336245775223,2.686031832983062,0.4483315264573129,0.06214081840379837,0.3861907080535145,0.3861907080535145
subend_noleak,777,test,sUbend_012__f00,0.4445514380931854,0.48265302181243896,0.20512054860591888,0.10553682595491409,0.9210580230572761,0.7905039244428771,0.9318157578587147,0.14131183341583764,-0.14131183341583764
subend_noleak,777,test,sUbend_012__f01,0.4445514678955078,0.45587942004203796,0.20512054860591888,0.09230007976293564,0.9751514289776767,0.7905040304322029,0.8313041824714595,0.04080015203925669,-0.04080015203925669
subend_noleak,777,test,sUbend_012__f02,0.4445514380931854,0.38823622465133667,0.20512054860591888,0.07528668642044067,1.1450539899836079,0.7905039244428771,0.6029094645260926,0.18759445991678447,0.18759445991678447
subend_noleak,777,test,sUbend_012__f03,0.4445512592792511,0.33899757266044617,0.20512054860591888,0.06108138710260391,1.31137003663602,0.7905032885070717,0.4596774170786979,0.33082587142837383,0.33082587142837383
subend_noleak,777,test,sUbend_012__f04,0.4445514678955078,0.2649005949497223,0.20512054860591888,0.05264614149928093,1.6781822176725687,0.7905040304322029,0.28068930081886734,0.5098147296133355,0.5098147296133355
subend_noleak,777,test,sUbend_012__f05,0.4445514678955078,0.25847500562667847,0.20512054860591888,0.06178370490670204,1.7199011827765813,0.7905040304322029,0.26723731413484586,0.523266716297357,0.523266716297357
subend_noleak,777,test,sUbend_012__f06,0.4445515275001526,1.2772669792175293,0.20512054860591888,0.2524249851703644,0.3480490255627612,0.7905042424108757,6.52564374479789,5.735139502387014,-5.735139502387014
subend_noleak,777,test,sUbend_012__f07,0.44455137848854065,2.64764404296875,0.20512054860591888,0.5706283450126648,0.16790451105733764,0.7905037124642469,28.040075913071632,27.249572200607385,-27.249572200607385
subend_noleak,777,test,sUbend_012__f08,0.4445514380931854,3.358830213546753,0.20512054860591888,0.7576717734336853,0.1323530544355089,0.7905039244428771,45.1269616137381,44.33645768929523,-44.33645768929523
subend_noleak,777,test,sUbend_012__f09,0.4445514678955078,3.3379228115081787,0.20512054860591888,0.7887685894966125,0.13318206950826567,0.7905040304322029,44.56691478234666,43.776410751914455,-43.776410751914455
subend_noleak,777,test,sUbend_012__f10,0.4445514678955078,2.945417642593384,0.20512054860591888,0.7438451647758484,0.1509298584577258,0.7905040304322029,34.701940357201465,33.91143632676926,-33.91143632676926
subend_noleak,777,test,sUbend_012__f11,0.4445512890815735,2.3651576042175293,0.20512054860591888,0.6251805424690247,0.18795842115927214,0.7905033944963549,22.375881971152012,21.585378576655657,-21.585378576655657
subend_noleak,777,test,sUbend_012__f12,0.44455137848854065,1.880467176437378,0.20512054860591888,0.4930272400379181,0.23640475306288591,0.7905037124642469,14.144627206633459,13.354123494169212,-13.354123494169212
subend_noleak,777,test,sUbend_012__f13,0.4445514380931854,1.5041799545288086,0.20512054860591888,0.3845941126346588,0.2955440515974987,0.7905039244428771,9.050229342425155,8.259725417982278,-8.259725417982278
subend_noleak,777,test,sUbend_012__f14,0.4445514678955078,1.0965973138809204,0.20512054860591888,0.2873152196407318,0.4053917169669282,0.7905040304322029,4.8101026752433995,4.019598644811197,-4.019598644811197
subend_noleak,777,test,sUbend_012__f15,0.44455137848854065,0.7118344902992249,0.20512054860591888,0.20995444059371948,0.6245150867888829,0.7905037124642469,2.026833366318229,1.236329653853982,-1.236329653853982
subend_noleak,777,test,sUbend_012__f16,0.4445512592792511,0.5640744566917419,0.20512054860591888,0.16667626798152924,0.7881074102991895,0.7905032885070717,1.2727199707683354,0.4822166822612637,-0.4822166822612637
subend_noleak,777,test,sUbend_012__f17,0.44455137848854065,0.5132749080657959,0.20512054860591888,0.14551451802253723,0.8661077553231071,0.7905037124642469,1.053804524999805,0.26330081253555804,-0.26330081253555804
subend_noleak,777,test,sUbend_012__f18,0.44455134868621826,0.5176658630371094,0.20512054860591888,0.13992194831371307,0.8587611825088612,0.7905036064749424,1.0719117830158211,0.2814081765408787,-0.2814081765408787
subend_noleak,777,test,sUbend_012__f19,0.44455134868621826,0.5698524117469788,0.2051205337047577,0.13915123045444489,0.7801166398916713,0.7905036064749424,1.2989270846953929,0.5084234782204504,-0.5084234782204504
subend_noleak,777,test,sUbend_012__f20,0.44455134868621826,0.5585685968399048,0.20512054860591888,0.134679913520813,0.7958760145150698,0.7905036064749424,1.2479955095028004,0.4574919030278579,-0.4574919030278579
subend_noleak,777,test,sUbend_012__f21,0.4445514678955078,0.5518748164176941,0.20512054860591888,0.12942193448543549,0.8055295416108331,0.7905040304322029,1.2182632519842542,0.42775922155205137,-0.42775922155205137
subend_noleak,777,test,sUbend_012__f22,0.44455140829086304,0.5466099381446838,0.20512054860591888,0.12475831806659698,0.8132881919413499,0.7905038184535584,1.1951296979141404,0.4046258794605819,-0.4046258794605819
subend_noleak,777,test,sUbend_012__f23,0.44455140829086304,0.5331071615219116,0.20512054860591888,0.11906066536903381,0.8338875190154263,0.7905038184535584,1.1368129826637983,0.34630916421023983,-0.34630916421023983
subend_noleak,777,test,sUbend_012__f24,0.444551557302475,0.5210325717926025,0.20512054860591888,0.11320210993289948,0.8532126039126573,0.7905043484002228,1.085899763475254,0.2953954150750313,-0.2953954150750313
subend_noleak,777,test,sUbend_021__f00,0.43728870153427124,0.28423604369163513,0.22925922274589539,0.07498495280742645,1.5384702652584112,0.7648856339581158,0.32316051413389246,0.44172511982422336,0.44172511982422336
subend_noleak,777,test,sUbend_021__f01,0.43728873133659363,0.2860671281814575,0.22925922274589539,0.07170616090297699,1.5286227890511541,0.7648857382158702,0.3273376073039458,0.43754813091192446,0.43754813091192446
subend_noleak,777,test,sUbend_021__f02,0.43728873133659363,0.27683666348457336,0.22925922274589539,0.0635092481970787,1.5795911055724792,0.7648857382158702,0.30655415299708366,0.4583315852187866,0.4583315852187866
subend_noleak,777,test,sUbend_021__f03,0.43728870153427124,0.27063122391700745,0.22925922274589539,0.05930048227310181,1.6158102350687054,0.7648856339581158,0.2929650374352697,0.4719205965228461,0.4719205965228461
subend_noleak,777,test,sUbend_021__f04,0.4372884929180145,0.22834274172782898,0.22925922274589539,0.039422787725925446,1.9150531766813788,0.7648849041540338,0.20856163079912804,0.5563232733549057,0.5563232733549057
subend_noleak,777,test,sUbend_021__f05,0.4372886121273041,0.1853945553302765,0.22925922274589539,0.0305553637444973,2.358691771440017,0.7648853211848952,0.1374845645844438,0.6274007566004514,0.6274007566004514
subend_noleak,777,test,sUbend_021__f06,0.43728870153427124,0.7181300520896912,0.22925922274589539,0.19818057119846344,0.608926893202425,0.7648856339581158,2.06284308685737,1.2979574528992543,-1.2979574528992543
subend_noleak,777,test,sUbend_021__f07,0.43728870153427124,1.7748973369598389,0.22925922274589539,0.5199140906333923,0.2463740817163477,0.7648856339581158,12.601042226988511,11.836156593030395,-11.836156593030395
subend_noleak,777,test,sUbend_021__f08,0.4372886121273041,2.3739774227142334,0.22925922274589539,0.6764387488365173,0.18420083019464442,0.7648853211848952,22.543075214227656,21.77818989304276,-21.77818989304276
subend_noleak,777,test,sUbend_021__f09,0.4372886121273041,2.2838501930236816,0.22925922274589539,0.6834629774093628,0.19146991928939086,0.7648853211848952,20.86388681669723,20.099001495512336,-20.099001495512336
subend_noleak,777,test,sUbend_021__f10,0.43728867173194885,2.1059648990631104,0.22925922274589539,0.6278491616249084,0.207642906074307,0.7648855297003685,17.740352624343586,16.975467094643218,-16.975467094643218
subend_noleak,777,test,sUbend_021__f11,0.4372886121273041,1.8058662414550781,0.22925922274589539,0.5286971926689148,0.24214894884737334,0.7648853211848952,13.044611528108362,12.279726206923467,-12.279726206923467
subend_noleak,777,test,sUbend_021__f12,0.4372886121273041,1.4528396129608154,0.22925922274589539,0.4208817481994629,0.3009889104249653,0.7648853211848952,8.442971763952528,7.678086442767633,-7.678086442767633
subend_noleak,777,test,sUbend_021__f13,0.43728867173194885,1.151943325996399,0.22925922274589539,0.3210694491863251,0.37960953621889887,0.7648855297003685,5.307893705230583,4.543008175530215,-4.543008175530215
subend_noleak,777,test,sUbend_021__f14,0.4372886121273041,0.8249955773353577,0.22925922274589539,0.232591912150383,0.530049644071665,0.7648853211848952,2.7224708104916004,1.9575854893067053,-1.9575854893067053
subend_noleak,777,test,sUbend_021__f15,0.4372886121273041,0.5994604229927063,0.22925922274589539,0.17230843007564545,0.7294703626041125,0.7648853211848952,1.4374111949383774,0.6725258737534823,-0.6725258737534823
subend_noleak,777,test,sUbend_021__f16,0.43728867173194885,0.49976885318756104,0.22925922274589539,0.13719043135643005,0.8749818419913342,0.7648855297003685,0.9990756264656397,0.23419009676527125,-0.23419009676527125
subend_noleak,777,test,sUbend_021__f17,0.43728873133659363,0.4746529161930084,0.22925922274589539,0.11529845744371414,0.9212810380349136,0.7648857382158702,0.9011815634021083,0.13629582518623806,-0.13629582518623806
subend_noleak,777,test,sUbend_021__f18,0.43728873133659363,0.43479782342910767,0.22925922274589539,0.10288877040147781,1.0057288877111688,0.7648857382158702,0.756196589034758,0.008689149181112299,0.008689149181112299
subend_noleak,777,test,sUbend_021__f19,0.43728870153427124,0.40467509627342224,0.22925922274589539,0.09455490112304688,1.0805920738913306,0.7648856339581158,0.6550477341756142,0.10983789978250158,0.10983789978250158
subend_noleak,777,test,sUbend_021__f20,0.4372885525226593,0.38497668504714966,0.22925922274589539,0.09208906441926956,1.135883209314618,0.7648851126694503,0.592828192119569,0.1720569205498812,0.1720569205498812
subend_noleak,777,test,sUbend_021__f21,0.4372886121273041,0.35445716977119446,0.22925922274589539,0.09224628657102585,1.2336853347037051,0.7648853211848952,0.5025595408088215,0.2623257803760737,0.2623257803760737
subend_noleak,777,test,sUbend_021__f22,0.4372885525226593,0.3197004497051239,0.22925922274589539,0.08841510862112045,1.3678071235933291,0.7648851126694503,0.40883351016663383,0.3560516025028164,0.3560516025028164
subend_noleak,777,test,sUbend_021__f23,0.4372886121273041,0.30677521228790283,0.22925922274589539,0.08725284785032272,1.4254365887844838,0.7648853211848952,0.3764441234971514,0.38844119768774377,0.38844119768774377
subend_noleak,777,test,sUbend_021__f24,0.43728873133659363,0.2920149862766266,0.22925922274589539,0.08156520873308182,1.4974872930745713,0.7648857382158702,0.34109100884055366,0.4237947293753166,0.4237947293753166
subend_noleak,777,test,sUbend_022__f00,0.4469046890735626,0.13690918684005737,0.23623140156269073,0.03389902412891388,3.2642417896737204,0.7988952044637507,0.07497650176482296,0.7239187026989278,0.7239187026989278
subend_noleak,777,test,sUbend_022__f01,0.4469047486782074,0.11378740519285202,0.23623140156269073,0.03092322312295437,3.9275414350188678,0.7988954175645269,0.05179029432208915,0.7471051232424377,0.7471051232424377
subend_noleak,777,test,sUbend_022__f02,0.44690486788749695,0.10572563111782074,0.23623140156269073,0.02841157652437687,4.2270248298585775,0.7988958437661644,0.04471163630104602,0.7541842074651184,0.7541842074651184
subend_noleak,777,test,sUbend_022__f03,0.4469047486782074,0.1010335236787796,0.23623140156269073,0.02708689123392105,4.423331310299259,0.7988954175645269,0.040831091627802074,0.7580643259367248,0.7580643259367248
subend_noleak,777,test,sUbend_022__f04,0.4469048082828522,0.14884856343269348,0.23623140156269073,0.05713614076375961,3.0024126399105904,0.7988956306653314,0.0886235793439063,0.7102720513214251,0.7102720513214251
subend_noleak,777,test,sUbend_022__f05,0.4469048082828522,0.4543622136116028,0.23623140156269073,0.16181135177612305,0.9835870917401478,0.7988956306653314,0.825780084632143,0.026884453966811606,-0.026884453966811606
subend_noleak,777,test,sUbend_022__f06,0.4469046890735626,0.77876877784729,0.23623140156269073,0.2856981158256531,0.5738605627063247,0.7988952044637507,2.425923237399047,1.6270280329352964,-1.6270280329352964
subend_noleak,777,test,sUbend_022__f07,0.4469048082828522,1.1009187698364258,0.23623140156269073,0.42569229006767273,0.40593804059608607,0.7988956306653314,4.848088551112596,4.049192920447265,-4.049192920447265
subend_noleak,777,test,sUbend_022__f08,0.446904718875885,1.4119216203689575,0.23623140156269073,0.5578948855400085,0.31652232845552836,0.7988953110141352,7.97409064826121,7.175195337247075,-7.175195337247075
subend_noleak,777,test,sUbend_022__f09,0.4469046890735626,1.4451364278793335,0.23623140156269073,0.5705522894859314,0.30924740422561575,0.7988952044637507,8.35367718073536,7.5547819762716095,-7.5547819762716095
subend_noleak,777,test,sUbend_022__f10,0.4469047784805298,1.3665584325790405,0.23623140156269073,0.5101863145828247,0.32702939576254175,0.7988955241149256,7.469927798611536,6.671032274496611,-6.671032274496611
subend_noleak,777,test,sUbend_022__f11,0.4469047486782074,1.1047513484954834,0.23623140156269073,0.4291037619113922,0.4045297154756399,0.7988954175645269,4.881902168010356,4.083006750445829,-4.083006750445829
subend_noleak,777,test,sUbend_022__f12,0.4469048082828522,0.9273004531860352,0.23623140156269073,0.332093745470047,0.48194175549830565,0.7988956306653314,3.4395445219161047,2.6406488912507733,-2.6406488912507733
subend_noleak,777,test,sUbend_022__f13,0.4469048082828522,0.7089967131614685,0.23623140156269073,0.2463744580745697,0.6303341044982715,0.7988956306653314,2.0107053570950626,1.2118097264297312,-1.2118097264297312
subend_noleak,777,test,sUbend_022__f14,0.44690486788749695,0.5593370199203491,0.23623140156269073,0.17329387366771698,0.7989903259954745,0.7988958437661644,1.2514316074135081,0.4525357636473437,-0.4525357636473437
subend_noleak,777,test,sUbend_022__f15,0.446904718875885,0.4369078278541565,0.23623140156269073,0.12533226609230042,1.0228810068952703,0.7988953110141352,0.763553800160949,0.035341510853186264,0.035341510853186264
subend_noleak,777,test,sUbend_022__f16,0.446904718875885,0.38657209277153015,0.23623140156269073,0.09958802908658981,1.1560708267164344,0.7988953110141352,0.5977519316390421,0.2011433793750932,0.2011433793750932
subend_noleak,777,test,sUbend_022__f17,0.44690486788749695,0.3058919310569763,0.23623140156269073,0.08324942737817764,1.4609893969522691,0.7988958437661644,0.3742794939430638,0.4246163498231006,0.4246163498231006
subend_noleak,777,test,sUbend_022__f18,0.4469046890735626,0.27003416419029236,0.23623140156269073,0.07218877226114273,1.6549931391593475,0.7988952044637507,0.2916737993197991,0.5072214051439516,0.5072214051439516
subend_noleak,777,test,sUbend_022__f19,0.4469046890735626,0.231423482298851,0.23623140156269073,0.06663597375154495,1.931112109429102,0.7988952044637507,0.21422731263730643,0.5846678918264443,0.5846678918264443
subend_noleak,777,test,sUbend_022__f20,0.4469048082828522,0.2122746706008911,0.23623140156269073,0.061474140733480453,2.105313870080626,0.7988956306653314,0.1802421431148673,0.6186534875504641,0.6186534875504641
subend_noleak,777,test,sUbend_022__f21,0.446904718875885,0.18821696937084198,0.23623140156269073,0.05540510267019272,2.374412468598159,0.7988953110141352,0.14170251023657787,0.6571928007775574,0.6571928007775574
subend_noleak,777,test,sUbend_022__f22,0.44690486788749695,0.17297504842281342,0.23623140156269073,0.049495112150907516,2.5836377671946087,0.7988958437661644,0.11968146950749858,0.6792143742586658,0.6792143742586658
subend_noleak,777,test,sUbend_022__f23,0.4469047486782074,0.16348809003829956,0.23623140156269073,0.043103307485580444,2.7335615002506493,0.7988954175645269,0.10691342233748458,0.6919819952270423,0.6919819952270423
subend_noleak,777,test,sUbend_022__f24,0.4469047486782074,0.14399580657482147,0.23623140156269073,0.0383966825902462,3.103595578986474,0.7988954175645269,0.0829391692445336,0.7159562483199933,0.7159562483199933
subend_noleak,777,val,sUbend_016__f00,0.4273792803287506,0.13983136415481567,0.21252863109111786,0.03605708107352257,3.0563906954063143,0.7306121970172832,0.07821124160558668,0.6524009554116965,0.6524009554116965
subend_noleak,777,val,sUbend_016__f01,0.42737919092178345,0.14758743345737457,0.21252863109111786,0.043770596385002136,2.895769517160259,0.7306118913318329,0.08712820205813987,0.643483689273693,0.643483689273693
subend_noleak,777,val,sUbend_016__f02,0.4273793697357178,0.15146535634994507,0.21252863109111786,0.047494448721408844,2.8216311639494767,0.7306125027027974,0.09176701669686338,0.638845486005934,0.638845486005934
subend_noleak,777,val,sUbend_016__f03,0.4273792505264282,0.1668083667755127,0.21252863109111786,0.05330801382660866,2.5620972064404093,0.730612095122126,0.11130012490525587,0.6193119702168701,0.6193119702168701
subend_noleak,777,val,sUbend_016__f04,0.4273792505264282,0.12245456129312515,0.21252863109111786,0.03341587260365486,3.490104786733021,0.730612095122126,0.05998047832596698,0.670631616796159,0.670631616796159
subend_noleak,777,val,sUbend_016__f05,0.4273792505264282,0.08487140387296677,0.21252863109111786,0.02085074782371521,5.035609534232732,0.730612095122126,0.028812620781472953,0.701799474340653,0.701799474340653
subend_noleak,777,val,sUbend_016__f06,0.427379310131073,0.3139774799346924,0.21252863109111786,0.10799472779035568,1.3611782291518753,0.7306122989124475,0.39432743162456063,0.33628486728788687,0.33628486728788687
subend_noleak,777,val,sUbend_016__f07,0.4273793399333954,1.0604346990585327,0.21252863109111786,0.3413296937942505,0.4030227795382669,0.7306124008076189,4.498087003869443,3.7674746030618245,-3.7674746030618245
subend_noleak,777,val,sUbend_016__f08,0.4273792505264282,1.4609826803207397,0.21252863109111786,0.503126323223114,0.2925286221959884,0.730612095122126,8.537881568788691,7.807269473666565,-7.807269473666565
subend_noleak,777,val,sUbend_016__f09,0.42737922072410583,1.6208704710006714,0.21252863109111786,0.5166246294975281,0.2636726551383567,0.7306119932269759,10.508884335047753,9.778272341820777,-9.778272341820777
subend_noleak,777,val,sUbend_016__f10,0.42737916111946106,1.424275517463684,0.21252863109111786,0.4651392996311188,0.3000677578735101,0.730611789436697,8.11424299858578,7.383631209149083,-7.383631209149083
subend_noleak,777,val,sUbend_016__f11,0.42737916111946106,1.2560820579528809,0.21252863109111786,0.3843291401863098,0.3402478034086315,0.730611789436697,6.310968545244577,5.58035675580788,-5.58035675580788
subend_noleak,777,val,sUbend_016__f12,0.427379310131073,0.9907641410827637,0.21252863109111786,0.28022316098213196,0.43136332090502233,0.7306122989124475,3.9264543330218658,3.1958420341094183,-3.1958420341094183
subend_noleak,777,val,sUbend_016__f13,0.4273792803287506,0.7234793305397034,0.21252863109111786,0.17705382406711578,0.5907276991727364,0.7306121970172832,2.0936893668727095,1.3630771698554263,-1.3630771698554263
subend_noleak,777,val,sUbend_016__f14,0.427379310131073,0.5014791488647461,0.21252863109111786,0.11734998971223831,0.8522374481542829,0.7306122989124475,1.0059253469844407,0.2753130480719932,-0.2753130480719932
subend_noleak,777,val,sUbend_016__f15,0.42737916111946106,0.3876854181289673,0.21252863109111786,0.0973774716258049,1.102386474018193,0.730611789436697,0.6011999337193288,0.12941185571736824,0.12941185571736824
subend_noleak,777,val,sUbend_016__f16,0.427379310131073,0.32781922817230225,0.21252863109111786,0.08784550428390503,1.3037042168449064,0.7306122989124475,0.42986178543793585,0.30075051347451165,0.30075051347451165
subend_noleak,777,val,sUbend_016__f17,0.42737939953804016,0.28463879227638245,0.21252863109111786,0.07274795323610306,1.5014798092701906,0.730612604597983,0.3240769682742304,0.40653563632375267,0.40653563632375267
subend_noleak,777,val,sUbend_016__f18,0.4273793399333954,0.2330220639705658,0.21252863109111786,0.0582464225590229,1.834072416367318,0.7306124008076189,0.21719712918840983,0.5134152716192091,0.5134152716192091
subend_noleak,777,val,sUbend_016__f19,0.4273793697357178,0.20139645040035248,0.21252863109111786,0.04838113859295845,2.1220799516880153,0.7306125027027974,0.16224212093544654,0.5683703817673509,0.5683703817673509
subend_noleak,777,val,sUbend_016__f20,0.42737919092178345,0.1802574098110199,0.21252863109111786,0.04254575073719025,2.370938267502255,0.7306118913318329,0.1299709351671119,0.600640956164721,0.600640956164721
subend_noleak,777,val,sUbend_016__f21,0.4273792505264282,0.16701100766658783,0.21252863109111786,0.03896208852529526,2.558988515173959,0.730612095122126,0.11157070672723624,0.6190413883948898,0.6190413883948898
subend_noleak,777,val,sUbend_016__f22,0.427379310131073,0.14924661815166473,0.21252863109111786,0.036142054945230484,2.8635778513706036,0.7306122989124475,0.08909821211883528,0.6415140867936122,0.6415140867936122
subend_noleak,777,val,sUbend_016__f23,0.427379310131073,0.14450791478157043,0.21252863109111786,0.03611912578344345,2.9574802928758204,0.7306122989124475,0.08353014973807049,0.647082149174377,0.647082149174377
subend_noleak,777,val,sUbend_016__f24,0.4273792505264282,0.13714781403541565,0.21252863109111786,0.034975238144397736,3.1161944033323503,0.730612095122126,0.07523809157877182,0.6553740035433542,0.6553740035433542
subend_noleak,777,val,sUbend_019__f00,0.43924152851104736,0.14872324466705322,0.22647538781166077,0.04501776397228241,2.9534154495780234,0.7717324814748849,0.0884744140171847,0.6832580674577002,0.6832580674577002
subend_noleak,777,val,sUbend_019__f01,0.439241498708725,0.14188675582408905,0.22647538781166077,0.045995235443115234,3.0957188086906138,0.7717323767515474,0.08052740591313867,0.6912049708384087,0.6912049708384087
subend_noleak,777,val,sUbend_019__f02,0.4392416179180145,0.15169338881969452,0.22647538781166077,0.05100074037909508,2.895588405900174,0.7717327956449402,0.09204353684641209,0.6796892587985282,0.6796892587985282
subend_noleak,777,val,sUbend_019__f03,0.4392414093017578,0.17309197783470154,0.22647538781166077,0.06317298859357834,2.537618523957374,0.7717320625815773,0.11984333116291523,0.6518887314186621,0.6518887314186621
subend_noleak,777,val,sUbend_019__f04,0.4392414391040802,0.26184219121932983,0.22647538781166077,0.08817920088768005,1.6775044428808397,0.7717321673048936,0.27424533241016036,0.4974868348947332,0.4974868348947332
subend_noleak,777,val,sUbend_019__f05,0.4392414689064026,0.4903830289840698,0.22647538781166077,0.16033218801021576,0.895710991092784,0.7717322720282169,0.9619020604623643,0.19016978843414734,-0.19016978843414734
subend_noleak,777,val,sUbend_019__f06,0.4392414093017578,0.9081997871398926,0.22647538781166077,0.2998613715171814,0.48363963031198137,0.7717320625815773,3.2993074134437848,2.5275753508622074,-2.5275753508622074
subend_noleak,777,val,sUbend_019__f07,0.43924152851104736,1.304381012916565,0.22647538781166077,0.44863244891166687,0.3367432706866177,0.7717324814748849,6.805639307428976,6.033906825954091,-6.033906825954091
subend_noleak,777,val,sUbend_019__f08,0.4392413794994354,1.6370285749435425,0.22647538781166077,0.5304021239280701,0.26831625679752347,0.7717319578582682,10.719450220726742,9.947718262868474,-9.947718262868474
subend_noleak,777,val,sUbend_019__f09,0.4392413794994354,1.6188859939575195,0.22647538781166077,0.5444782972335815,0.2713232316166183,0.7717319578582682,10.483167445727304,9.711435487869036,-9.711435487869036
subend_noleak,777,val,sUbend_019__f10,0.43924134969711304,1.610708236694336,0.22647538781166077,0.5116552114486694,0.2727007534266852,0.7717318531349662,10.377524095019908,9.605792241884942,-9.605792241884942
subend_noleak,777,val,sUbend_019__f11,0.4392414093017578,1.3670549392700195,0.22647538781166077,0.43741145730018616,0.32130486982206,0.7717320625815773,7.475356827930227,6.70362476534865,-6.70362476534865
subend_noleak,777,val,sUbend_019__f12,0.4392414093017578,1.0797072649002075,0.22647538781166077,0.3585837483406067,0.40681527630765263,0.7717320625815773,4.663071111513148,3.8913390489315702,-3.8913390489315702
subend_noleak,777,val,sUbend_019__f13,0.43924134969711304,0.8902775049209595,0.22647538781166077,0.2651892900466919,0.4933757702168491,0.7717318531349662,3.170376143073156,2.39864428993819,-2.39864428993819
subend_noleak,777,val,sUbend_019__f14,0.4392414391040802,0.6385231018066406,0.22647538781166077,0.17810563743114471,0.6879021884428115,0.7717321673048936,1.6308470061630942,0.8591148388582006,-0.8591148388582006
subend_noleak,777,val,sUbend_019__f15,0.4392414391040802,0.46108174324035645,0.22647538781166077,0.12794095277786255,0.952632468197963,0.7717321673048936,0.850385495798264,0.07865332849337037,-0.07865332849337037
subend_noleak,777,val,sUbend_019__f16,0.4392414391040802,0.3921951949596405,0.22647538781166077,0.10447657853364944,1.1199561971922707,0.7717321673048936,0.6152682837977217,0.15646388350717189,0.15646388350717189
subend_noleak,777,val,sUbend_019__f17,0.4392414391040802,0.33920252323150635,0.22647538781166077,0.08883146196603775,1.29492385528128,0.7717321673048936,0.4602334070664824,0.31149876023841117,0.31149876023841117
subend_noleak,777,val,sUbend_019__f18,0.4392414391040802,0.28168585896492004,0.22647538781166077,0.07995810359716415,1.559330811699644,0.7717321673048936,0.3173876925632193,0.4543444747416743,0.4543444747416743
subend_noleak,777,val,sUbend_019__f19,0.43924152851104736,0.2600327134132385,0.22647538781166077,0.0731925219297409,1.6891779605168906,0.7717324814748849,0.27046804818020576,0.5012644332946792,0.5012644332946792
subend_noleak,777,val,sUbend_019__f20,0.4392414391040802,0.22523963451385498,0.22647538781166077,0.06513869017362595,1.9501072271410629,0.7717321673048936,0.2029315718237399,0.5688005954811537,0.5688005954811537
subend_noleak,777,val,sUbend_019__f21,0.43924131989479065,0.19946731626987457,0.22647538781166077,0.05795609951019287,2.202071638145006,0.7717317484116712,0.15914884103962468,0.6125829073720466,0.6125829073720466
subend_noleak,777,val,sUbend_019__f22,0.43924158811569214,0.17648626863956451,0.22647538781166077,0.05229571461677551,2.488814520821159,0.7717326909215814,0.12458961207326613,0.6471430788483152,0.6471430788483152
subend_noleak,777,val,sUbend_019__f23,0.4392414391040802,0.17449679970741272,0.22647538781166077,0.04869947209954262,2.517189082209976,0.7717321673048936,0.12179653243251565,0.6499356348723779,0.6499356348723779
subend_noleak,777,val,sUbend_019__f24,0.4392414391040802,0.15677359700202942,0.22647538781166077,0.0465613417327404,2.8017564660355037,0.7717321673048936,0.09831184286781891,0.6734203244370747,0.6734203244370747
subend_noleak,777,val,sUbend_023__f00,0.42722442746162415,0.11081650853157043,0.22165396809577942,0.03198875114321709,3.855241724565907,0.7300828456796502,0.04912119425251049,0.6809616514271397,0.6809616514271397
subend_noleak,777,val,sUbend_023__f01,0.42722436785697937,0.10386040061712265,0.22165396809577942,0.028834430500864983,4.113448102630814,0.7300826419631825,0.043147931265396844,0.6869347106977857,0.6869347106977857
subend_noleak,777,val,sUbend_023__f02,0.42722442746162415,0.10179544240236282,0.22165396809577942,0.026870548725128174,4.196891504955114,0.7300828456796502,0.04144924837557107,0.6886335973040791,0.6886335973040791
subend_noleak,777,val,sUbend_023__f03,0.42722436785697937,0.09641176462173462,0.22165396809577942,0.02536691352725029,4.431247260468334,0.7300826419631825,0.037180913429907037,0.6929017285332755,0.6929017285332755
subend_noleak,777,val,sUbend_023__f04,0.42722445726394653,0.10224653780460358,0.22165396809577942,0.035566747188568115,4.1783757810986835,0.7300829475378947,0.041817417972112914,0.6882655295657818,0.6882655295657818
subend_noleak,777,val,sUbend_023__f05,0.4272245168685913,0.26425179839134216,0.22165396809577942,0.07765001058578491,1.616732674931111,0.730083151254405,0.2793160518122342,0.45076709944217086,0.45076709944217086
subend_noleak,777,val,sUbend_023__f06,0.42722442746162415,0.37265029549598694,0.22165396809577942,0.10674731433391571,1.1464486480360914,0.7300828456796502,0.5554729709329855,0.17460987474666467,0.17460987474666467
subend_noleak,777,val,sUbend_023__f07,0.42722442746162415,0.8645905256271362,0.22165396809577942,0.25214359164237976,0.4941349862141205,0.7300828456796502,2.990067108016831,2.2599842623371806,-2.2599842623371806
subend_noleak,777,val,sUbend_023__f08,0.42722442746162415,1.563048243522644,0.22165396809577942,0.4973137378692627,0.27332772947480355,0.7300828456796502,9.772479246316891,9.04239640063724,-9.04239640063724
subend_noleak,777,val,sUbend_023__f09,0.42722442746162415,1.822366714477539,0.22165396809577942,0.5369448661804199,0.23443384038327691,0.7300828456796502,13.284081768142642,12.553998922462991,-12.553998922462991
subend_noleak,777,val,sUbend_023__f10,0.427224338054657,1.5853747129440308,0.22165396809577942,0.4729996919631958,0.26947846119060653,0.7300825401049593,10.053651921769472,9.323569381664512,-9.323569381664512
subend_noleak,777,val,sUbend_023__f11,0.4272245168685913,1.3955347537994385,0.22165396809577942,0.41334015130996704,0.306136780689584,0.730083151254405,7.7900689962482375,7.059985844993832,-7.059985844993832
subend_noleak,777,val,sUbend_023__f12,0.42722442746162415,1.1601338386535645,0.22165396809577942,0.3330318033695221,0.3682544317106162,0.7300828456796502,5.383642094356219,4.653559248676569,-4.653559248676569
subend_noleak,777,val,sUbend_023__f13,0.427224338054657,0.9522798657417297,0.22165396809577942,0.25010010600090027,0.4486331733181111,0.7300825401049593,3.6273477707883472,2.897265230683388,-2.897265230683388
subend_noleak,777,val,sUbend_023__f14,0.4272245168685913,0.7095852494239807,0.22165396809577942,0.17394037544727325,0.6020763780185664,0.730083151254405,2.0140449048003717,1.2839617535459666,-1.2839617535459666
subend_noleak,777,val,sUbend_023__f15,0.427224338054657,0.5211384892463684,0.22165396809577942,0.12329576164484024,0.8197904143915314,0.7300825401049593,1.086341299895949,0.35625875979098964,-0.35625875979098964
subend_noleak,777,val,sUbend_023__f16,0.42722442746162415,0.43774843215942383,0.22165396809577942,0.09760218113660812,0.975958783802184,0.7300828456796502,0.7664947594321347,0.03641191375248454,-0.03641191375248454
subend_noleak,777,val,sUbend_023__f17,0.42722436785697937,0.38649940490722656,0.22165396809577942,0.08201386779546738,1.1053687597773358,0.7300826419631825,0.5975271599745611,0.13255548198862144,0.13255548198862144
subend_noleak,777,val,sUbend_023__f18,0.4272245168685913,0.3461501896381378,0.22165396809577942,0.0692809671163559,1.23421719720913,0.730083151254405,0.4792798151460751,0.25080333610832994,0.25080333610832994
subend_noleak,777,val,sUbend_023__f19,0.42722460627555847,0.2882310450077057,0.22165396809577942,0.06032847240567207,1.4822296684388625,0.7300834568292238,0.33230854122493625,0.39777491560428757,0.39777491560428757
subend_noleak,777,val,sUbend_023__f20,0.42722436785697937,0.22687876224517822,0.22165396809577942,0.05285300686955452,1.8830513866930223,0.7300826419631825,0.20589589103161643,0.5241867509315661,0.5241867509315661
subend_noleak,777,val,sUbend_023__f21,0.42722436785697937,0.18721087276935577,0.22165396809577942,0.04703010246157646,2.2820489084697595,0.7300826419631825,0.14019164353225566,0.5898909984309268,0.5898909984309268
subend_noleak,777,val,sUbend_023__f22,0.4272245168685913,0.1636490821838379,0.22165396809577942,0.0429171547293663,2.6106135834520696,0.730083151254405,0.10712408839845011,0.6229590628559549,0.6229590628559549
subend_noleak,777,val,sUbend_023__f23,0.42722442746162415,0.13409310579299927,0.22165396809577942,0.038356877863407135,3.186028281880012,0.7300828456796502,0.07192384408484997,0.6581590015948002,0.6581590015948002
subend_noleak,777,val,sUbend_023__f24,0.42722439765930176,0.12464030086994171,0.22165396809577942,0.03552336245775223,3.4276585877716803,0.7300827438214128,0.06214081840379837,0.6679419254176144,0.6679419254176144
