variant,seed,split,case,R_mm,L_mm,alpha_womersley,kappa,eps,De,pp_dir_10deg,cos_signed_median,frac_flipped,angle_median_deg
subend_withleak,1337,test,sUbend_012__f00,15.559647232294083,316.79895520210266,nan,nan,nan,nan,0.6208,0.9951239824295044,0.0,5.660379409790039
subend_withleak,1337,test,sUbend_012__f01,15.559647232294083,316.79895520210266,nan,nan,nan,nan,0.6127,0.9946507215499878,0.0,5.928950309753418
subend_withleak,1337,test,sUbend_012__f02,15.559647232294083,316.79895520210266,nan,nan,nan,nan,0.5986,0.9922686815261841,0.0,7.129262447357178
subend_withleak,1337,test,sUbend_012__f03,15.559647232294083,316.79895520210266,nan,nan,nan,nan,0.5343,0.987102746963501,0.0,9.212002754211426
subend_withleak,1337,test,sUbend_012__f04,15.559647232294083,316.79895520210266,nan,nan,nan,nan,0.527,0.9860913753509521,0.0,9.56719970703125
subend_withleak,1337,test,sUbend_012__f05,15.559647232294083,316.79895520210266,nan,nan,nan,nan,0.6091,0.9918128848075867,0.0,7.33668327331543
subend_withleak,1337,test,sUbend_012__f06,15.559647232294083,316.79895520210266,nan,nan,nan,nan,0.9337,0.9964451193809509,0.0,4.832577705383301
subend_withleak,1337,test,sUbend_012__f07,15.559647232294083,316.79895520210266,nan,nan,nan,nan,0.9445,0.9975777864456177,0.0022,3.9886765480041504
subend_withleak,1337,test,sUbend_012__f08,15.559647232294083,316.79895520210266,nan,nan,nan,nan,0.923,0.998121976852417,0.0,3.5119848251342773
subend_withleak,1337,test,sUbend_012__f09,15.559647232294083,316.79895520210266,nan,nan,nan,nan,0.8346,0.997482180595398,0.0,4.066689491271973
subend_withleak,1337,test,sUbend_012__f10,15.559647232294083,316.79895520210266,nan,nan,nan,nan,0.7795,0.9964097142219543,0.0,4.856597900390625
subend_withleak,1337,test,sUbend_012__f11,15.559647232294083,316.79895520210266,nan,nan,nan,nan,0.813,0.9961049556732178,0.0,5.058633327484131
subend_withleak,1337,test,sUbend_012__f12,15.559647232294083,316.79895520210266,nan,nan,nan,nan,0.7369,0.9951332807540894,0.0,5.654993057250977
subend_withleak,1337,test,sUbend_012__f13,15.559647232294083,316.79895520210266,nan,nan,nan,nan,0.6793,0.995002269744873,0.0,5.730648040771484
subend_withleak,1337,test,sUbend_012__f14,15.559647232294083,316.79895520210266,nan,nan,nan,nan,0.6121,0.9920652508735657,0.0,7.222570419311523
subend_withleak,1337,test,sUbend_012__f15,15.559647232294083,316.79895520210266,nan,nan,nan,nan,0.5259,0.9867377281188965,0.0,9.341739654541016
subend_withleak,1337,test,sUbend_012__f16,15.559647232294083,316.79895520210266,nan,nan,nan,nan,0.4734,0.982476532459259,0.0,10.741968154907227
subend_withleak,1337,test,sUbend_012__f17,15.559647232294083,316.79895520210266,nan,nan,nan,nan,0.5377,0.9875032901763916,0.0,9.067524909973145
subend_withleak,1337,test,sUbend_012__f18,15.559647232294083,316.79895520210266,nan,nan,nan,nan,0.5852,0.9910249710083008,0.0,7.682103633880615
subend_withleak,1337,test,sUbend_012__f19,15.559647232294083,316.79895520210266,nan,nan,nan,nan,0.6217,0.9928630590438843,0.0,6.849381923675537
subend_withleak,1337,test,sUbend_012__f20,15.559647232294083,316.79895520210266,nan,nan,nan,nan,0.632,0.993780255317688,0.0,6.393640518188477
subend_withleak,1337,test,sUbend_012__f21,15.559647232294083,316.79895520210266,nan,nan,nan,nan,0.6286,0.9943225979804993,0.0,6.108268737792969
subend_withleak,1337,test,sUbend_012__f22,15.559647232294083,316.79895520210266,nan,nan,nan,nan,0.6175,0.9938707947731018,0.0,6.3469014167785645
subend_withleak,1337,test,sUbend_012__f23,15.559647232294083,316.79895520210266,nan,nan,nan,nan,0.6156,0.9945483803749084,0.0,5.985464572906494
subend_withleak,1337,test,sUbend_012__f24,15.559647232294083,316.79895520210266,nan,nan,nan,nan,0.6165,0.994918704032898,0.0,5.778416633605957
subend_withleak,1337,test,sUbend_021__f00,15.624887309968472,306.6862225532532,nan,nan,nan,nan,0.9611,0.9980714917182922,0.0,3.5589191913604736
subend_withleak,1337,test,sUbend_021__f01,15.624887309968472,306.6862225532532,nan,nan,nan,nan,0.9683,0.9980137348175049,0.0,3.6118366718292236
subend_withleak,1337,test,sUbend_021__f02,15.624887309968472,306.6862225532532,nan,nan,nan,nan,0.9529,0.9977387189865112,0.0,3.8538670539855957
subend_withleak,1337,test,sUbend_021__f03,15.624887309968472,306.6862225532532,nan,nan,nan,nan,0.9497,0.9976887106895447,0.0,3.8962645530700684
subend_withleak,1337,test,sUbend_021__f04,15.624887309968472,306.6862225532532,nan,nan,nan,nan,0.8386,0.9955790042877197,0.0,5.389597415924072
subend_withleak,1337,test,sUbend_021__f05,15.624887309968472,306.6862225532532,nan,nan,nan,nan,0.6801,0.9924446940422058,0.0,7.047538757324219
subend_withleak,1337,test,sUbend_021__f06,15.624887309968472,306.6862225532532,nan,nan,nan,nan,0.9982,0.9985390305519104,0.0,3.0974984169006348
subend_withleak,1337,test,sUbend_021__f07,15.624887309968472,306.6862225532532,nan,nan,nan,nan,0.9808,0.9986350536346436,0.0,2.9939844608306885
subend_withleak,1337,test,sUbend_021__f08,15.624887309968472,306.6862225532532,nan,nan,nan,nan,0.9368,0.9990054368972778,0.0006,2.555619955062866
subend_withleak,1337,test,sUbend_021__f09,15.624887309968472,306.6862225532532,nan,nan,nan,nan,0.9301,0.998235821723938,0.0,3.4038681983947754
subend_withleak,1337,test,sUbend_021__f10,15.624887309968472,306.6862225532532,nan,nan,nan,nan,0.9599,0.9986894130706787,0.0,2.933748722076416
subend_withleak,1337,test,sUbend_021__f11,15.624887309968472,306.6862225532532,nan,nan,nan,nan,0.9755,0.998593270778656,0.0,3.0394415855407715
subend_withleak,1337,test,sUbend_021__f12,15.624887309968472,306.6862225532532,nan,nan,nan,nan,0.9719,0.9982564449310303,0.0,3.3838791847229004
subend_withleak,1337,test,sUbend_021__f13,15.624887309968472,306.6862225532532,nan,nan,nan,nan,0.9731,0.9977790117263794,0.0,3.819338798522949
subend_withleak,1337,test,sUbend_021__f14,15.624887309968472,306.6862225532532,nan,nan,nan,nan,0.9577,0.9971964955329895,0.0,4.291308403015137
subend_withleak,1337,test,sUbend_021__f15,15.624887309968472,306.6862225532532,nan,nan,nan,nan,0.9393,0.996271014213562,0.0,4.949595928192139
subend_withleak,1337,test,sUbend_021__f16,15.624887309968472,306.6862225532532,nan,nan,nan,nan,0.9319,0.9953172206878662,0.0,5.546994209289551
subend_withleak,1337,test,sUbend_021__f17,15.624887309968472,306.6862225532532,nan,nan,nan,nan,0.9062,0.9942667484283447,0.0,6.138251304626465
subend_withleak,1337,test,sUbend_021__f18,15.624887309968472,306.6862225532532,nan,nan,nan,nan,0.877,0.9945530295372009,0.0,5.98291015625
subend_withleak,1337,test,sUbend_021__f19,15.624887309968472,306.6862225532532,nan,nan,nan,nan,0.874,0.9955874681472778,0.0,5.384468078613281
subend_withleak,1337,test,sUbend_021__f20,15.624887309968472,306.6862225532532,nan,nan,nan,nan,0.8867,0.9966797828674316,0.0,4.670260429382324
subend_withleak,1337,test,sUbend_021__f21,15.624887309968472,306.6862225532532,nan,nan,nan,nan,0.9221,0.9973864555358887,0.0,4.143307209014893
subend_withleak,1337,test,sUbend_021__f22,15.624887309968472,306.6862225532532,nan,nan,nan,nan,0.9407,0.9977889060974121,0.0,3.8108184337615967
subend_withleak,1337,test,sUbend_021__f23,15.624887309968472,306.6862225532532,nan,nan,nan,nan,0.9502,0.9980640411376953,0.0,3.565817356109619
subend_withleak,1337,test,sUbend_021__f24,15.624887309968472,306.6862225532532,nan,nan,nan,nan,0.9567,0.9980803728103638,0.0,3.550712823867798
subend_withleak,1337,test,sUbend_022__f00,15.591314062476158,303.772509098053,nan,nan,nan,nan,0.3988,0.9780720472335815,0.0,12.020811080932617
subend_withleak,1337,test,sUbend_022__f01,15.591314062476158,303.772509098053,nan,nan,nan,nan,0.3831,0.9758691787719727,0.0,12.612491607666016
subend_withleak,1337,test,sUbend_022__f02,15.591314062476158,303.772509098053,nan,nan,nan,nan,0.3786,0.9754759669303894,0.0,12.715255737304688
subend_withleak,1337,test,sUbend_022__f03,15.591314062476158,303.772509098053,nan,nan,nan,nan,0.3708,0.9759994745254517,0.0,12.578264236450195
subend_withleak,1337,test,sUbend_022__f04,15.591314062476158,303.772509098053,nan,nan,nan,nan,0.7561,0.9954044818878174,0.0,5.495027542114258
subend_withleak,1337,test,sUbend_022__f05,15.591314062476158,303.772509098053,nan,nan,nan,nan,0.9989,0.9983917474746704,0.0,3.249891757965088
subend_withleak,1337,test,sUbend_022__f06,15.591314062476158,303.772509098053,nan,nan,nan,nan,0.9997,0.9989413619041443,0.0,2.6366329193115234
subend_withleak,1337,test,sUbend_022__f07,15.591314062476158,303.772509098053,nan,nan,nan,nan,0.9956,0.9990739822387695,0.0,2.465930461883545
subend_withleak,1337,test,sUbend_022__f08,15.591314062476158,303.772509098053,nan,nan,nan,nan,0.977,0.998993456363678,0.0004,2.5709304809570312
subend_withleak,1337,test,sUbend_022__f09,15.591314062476158,303.772509098053,nan,nan,nan,nan,0.9375,0.9990020394325256,0.0,2.559943675994873
subend_withleak,1337,test,sUbend_022__f10,15.591314062476158,303.772509098053,nan,nan,nan,nan,0.9179,0.998955488204956,0.0,2.619016647338867
subend_withleak,1337,test,sUbend_022__f11,15.591314062476158,303.772509098053,nan,nan,nan,nan,0.8931,0.9987198114395142,0.0,2.8994853496551514
subend_withleak,1337,test,sUbend_022__f12,15.591314062476158,303.772509098053,nan,nan,nan,nan,0.7938,0.9982059001922607,0.0,3.4326493740081787
subend_withleak,1337,test,sUbend_022__f13,15.591314062476158,303.772509098053,nan,nan,nan,nan,0.7644,0.9977080821990967,0.0,3.8799216747283936
subend_withleak,1337,test,sUbend_022__f14,15.591314062476158,303.772509098053,nan,nan,nan,nan,0.7192,0.9946357011795044,0.0,5.937292098999023
subend_withleak,1337,test,sUbend_022__f15,15.591314062476158,303.772509098053,nan,nan,nan,nan,0.6239,0.9908455610275269,0.0,7.7586350440979
subend_withleak,1337,test,sUbend_022__f16,15.591314062476158,303.772509098053,nan,nan,nan,nan,0.6088,0.9898519515991211,0.0,8.169525146484375
subend_withleak,1337,test,sUbend_022__f17,15.591314062476158,303.772509098053,nan,nan,nan,nan,0.5624,0.9882173538208008,0.0,8.804140090942383
subend_withleak,1337,test,sUbend_022__f18,15.591314062476158,303.772509098053,nan,nan,nan,nan,0.5509,0.9875013828277588,0.0,9.068219184875488
subend_withleak,1337,test,sUbend_022__f19,15.591314062476158,303.772509098053,nan,nan,nan,nan,0.5988,0.9898188710212708,0.0,8.182851791381836
subend_withleak,1337,test,sUbend_022__f20,15.591314062476158,303.772509098053,nan,nan,nan,nan,0.6181,0.9904423952102661,0.0,7.927908897399902
subend_withleak,1337,test,sUbend_022__f21,15.591314062476158,303.772509098053,nan,nan,nan,nan,0.5899,0.9891582727432251,0.0,8.444629669189453
subend_withleak,1337,test,sUbend_022__f22,15.591314062476158,303.772509098053,nan,nan,nan,nan,0.5651,0.9884864687919617,0.0,8.70280933380127
subend_withleak,1337,test,sUbend_022__f23,15.591314062476158,303.772509098053,nan,nan,nan,nan,0.493,0.9844216108322144,0.0,10.126614570617676
subend_withleak,1337,test,sUbend_022__f24,15.591314062476158,303.772509098053,nan,nan,nan,nan,0.4467,0.981277346611023,0.0,11.104557037353516
subend_withleak,1337,val,sUbend_016__f00,15.276375226676464,316.95735454559326,nan,nan,nan,nan,0.8203,0.9961549043655396,0.0,5.026111602783203
subend_withleak,1337,val,sUbend_016__f01,15.276375226676464,316.95735454559326,nan,nan,nan,nan,0.8829,0.9974376559257507,0.0,4.102504730224609
subend_withleak,1337,val,sUbend_016__f02,15.276375226676464,316.95735454559326,nan,nan,nan,nan,0.9026,0.9978495836257935,0.0,3.7581725120544434
subend_withleak,1337,val,sUbend_016__f03,15.276375226676464,316.95735454559326,nan,nan,nan,nan,0.924,0.998052179813385,0.0,3.576700448989868
subend_withleak,1337,val,sUbend_016__f04,15.276375226676464,316.95735454559326,nan,nan,nan,nan,0.8307,0.9967647790908813,0.0,4.610082626342773
subend_withleak,1337,val,sUbend_016__f05,15.276375226676464,316.95735454559326,nan,nan,nan,nan,0.5457,0.9875510334968567,0.0,9.050151824951172
subend_withleak,1337,val,sUbend_016__f06,15.276375226676464,316.95735454559326,nan,nan,nan,nan,0.9944,0.9983012676239014,0.0,3.3401455879211426
subend_withleak,1337,val,sUbend_016__f07,15.276375226676464,316.95735454559326,nan,nan,nan,nan,0.9992,0.9984675049781799,0.0,3.1724343299865723
subend_withleak,1337,val,sUbend_016__f08,15.276375226676464,316.95735454559326,nan,nan,nan,nan,0.9778,0.9986789226531982,0.0009,2.9454357624053955
subend_withleak,1337,val,sUbend_016__f09,15.276375226676464,316.95735454559326,nan,nan,nan,nan,0.9406,0.9985237121582031,0.0017,3.1136670112609863
subend_withleak,1337,val,sUbend_016__f10,15.276375226676464,316.95735454559326,nan,nan,nan,nan,0.9083,0.9985190629959106,0.0003,3.1185989379882812
subend_withleak,1337,val,sUbend_016__f11,15.276375226676464,316.95735454559326,nan,nan,nan,nan,0.8936,0.9979437589645386,0.0,3.674903392791748
subend_withleak,1337,val,sUbend_016__f12,15.276375226676464,316.95735454559326,nan,nan,nan,nan,0.8773,0.9976507425308228,0.0,3.9281740188598633
subend_withleak,1337,val,sUbend_016__f13,15.276375226676464,316.95735454559326,nan,nan,nan,nan,0.7511,0.995794951915741,0.0,5.256242752075195
subend_withleak,1337,val,sUbend_016__f14,15.276375226676464,316.95735454559326,nan,nan,nan,nan,0.678,0.9921549558639526,0.0,7.181588172912598
subend_withleak,1337,val,sUbend_016__f15,15.276375226676464,316.95735454559326,nan,nan,nan,nan,0.6878,0.9920117855072021,0.0,7.246909141540527
subend_withleak,1337,val,sUbend_016__f16,15.276375226676464,316.95735454559326,nan,nan,nan,nan,0.7474,0.993867039680481,0.0,6.348847389221191
subend_withleak,1337,val,sUbend_016__f17,15.276375226676464,316.95735454559326,nan,nan,nan,nan,0.7319,0.993403971195221,0.0,6.58442497253418
subend_withleak,1337,val,sUbend_016__f18,15.276375226676464,316.95735454559326,nan,nan,nan,nan,0.6686,0.9918726086616516,0.0,7.30983829498291
subend_withleak,1337,val,sUbend_016__f19,15.276375226676464,316.95735454559326,nan,nan,nan,nan,0.6045,0.9899699687957764,0.0,8.12180233001709
subend_withleak,1337,val,sUbend_016__f20,15.276375226676464,316.95735454559326,nan,nan,nan,nan,0.5934,0.9893779754638672,0.0,8.358474731445312
subend_withleak,1337,val,sUbend_016__f21,15.276375226676464,316.95735454559326,nan,nan,nan,nan,0.6064,0.9898219704627991,0.0,8.181604385375977
subend_withleak,1337,val,sUbend_016__f22,15.276375226676464,316.95735454559326,nan,nan,nan,nan,0.6293,0.9908469319343567,0.0,7.758053302764893
subend_withleak,1337,val,sUbend_016__f23,15.276375226676464,316.95735454559326,nan,nan,nan,nan,0.7238,0.9938571453094482,0.0,6.35395622253418
subend_withleak,1337,val,sUbend_016__f24,15.276375226676464,316.95735454559326,nan,nan,nan,nan,0.7686,0.9949780106544495,0.0,5.744568824768066
subend_withleak,1337,val,sUbend_019__f00,16.874685883522034,320.8715319633484,nan,nan,nan,nan,0.4491,0.9825214147567749,0.0,10.728172302246094
subend_withleak,1337,val,sUbend_019__f01,16.874685883522034,320.8715319633484,nan,nan,nan,nan,0.5194,0.9857561588287354,0.0,9.6820650100708
subend_withleak,1337,val,sUbend_019__f02,16.874685883522034,320.8715319633484,nan,nan,nan,nan,0.5878,0.98892742395401,0.0,8.53421401977539
subend_withleak,1337,val,sUbend_019__f03,16.874685883522034,320.8715319633484,nan,nan,nan,nan,0.6839,0.993841290473938,0.0,6.362159729003906
subend_withleak,1337,val,sUbend_019__f04,16.874685883522034,320.8715319633484,nan,nan,nan,nan,0.7416,0.9956329464912415,0.0,5.35660982131958
subend_withleak,1337,val,sUbend_019__f05,16.874685883522034,320.8715319633484,nan,nan,nan,nan,0.8755,0.9967721700668335,0.0,4.60481071472168
subend_withleak,1337,val,sUbend_019__f06,16.874685883522034,320.8715319633484,nan,nan,nan,nan,0.9821,0.9981613159179688,0.0,3.4750232696533203
subend_withleak,1337,val,sUbend_019__f07,16.874685883522034,320.8715319633484,nan,nan,nan,nan,0.9861,0.9986876249313354,0.0004,2.9357495307922363
subend_withleak,1337,val,sUbend_019__f08,16.874685883522034,320.8715319633484,nan,nan,nan,nan,0.9605,0.9988754987716675,0.0031,2.717393398284912
subend_withleak,1337,val,sUbend_019__f09,16.874685883522034,320.8715319633484,nan,nan,nan,nan,0.9358,0.9991130828857422,0.0,2.4132587909698486
subend_withleak,1337,val,sUbend_019__f10,16.874685883522034,320.8715319633484,nan,nan,nan,nan,0.9298,0.9987707734107971,0.0,2.8411755561828613
subend_withleak,1337,val,sUbend_019__f11,16.874685883522034,320.8715319633484,nan,nan,nan,nan,0.9486,0.998652458190918,0.0,2.9748311042785645
subend_withleak,1337,val,sUbend_019__f12,16.874685883522034,320.8715319633484,nan,nan,nan,nan,0.8888,0.9986307621002197,0.0,2.9986231327056885
subend_withleak,1337,val,sUbend_019__f13,16.874685883522034,320.8715319633484,nan,nan,nan,nan,0.8127,0.9977055191993713,0.0,3.882065773010254
subend_withleak,1337,val,sUbend_019__f14,16.874685883522034,320.8715319633484,nan,nan,nan,nan,0.7212,0.9949289560317993,0.0,5.772580623626709
subend_withleak,1337,val,sUbend_019__f15,16.874685883522034,320.8715319633484,nan,nan,nan,nan,0.6402,0.9906249046325684,0.0,7.851716995239258
subend_withleak,1337,val,sUbend_019__f16,16.874685883522034,320.8715319633484,nan,nan,nan,nan,0.5808,0.9882973432540894,0.0,8.774133682250977
subend_withleak,1337,val,sUbend_019__f17,16.874685883522034,320.8715319633484,nan,nan,nan,nan,0.548,0.9870514273643494,0.0,9.230352401733398
subend_withleak,1337,val,sUbend_019__f18,16.874685883522034,320.8715319633484,nan,nan,nan,nan,0.5343,0.9864161014556885,0.0,9.454599380493164
subend_withleak,1337,val,sUbend_019__f19,16.874685883522034,320.8715319633484,nan,nan,nan,nan,0.5557,0.9874367713928223,0.0,9.091665267944336
subend_withleak,1337,val,sUbend_019__f20,16.874685883522034,320.8715319633484,nan,nan,nan,nan,0.5393,0.986677348613739,0.0,9.363027572631836
subend_withleak,1337,val,sUbend_019__f21,16.874685883522034,320.8715319633484,nan,nan,nan,nan,0.5064,0.9851381778717041,0.0,9.890369415283203
subend_withleak,1337,val,sUbend_019__f22,16.874685883522034,320.8715319633484,nan,nan,nan,nan,0.4564,0.9826009273529053,0.0,10.703652381896973
subend_withleak,1337,val,sUbend_019__f23,16.874685883522034,320.8715319633484,nan,nan,nan,nan,0.439,0.9818273186683655,0.0,10.939740180969238
subend_withleak,1337,val,sUbend_019__f24,16.874685883522034,320.8715319633484,nan,nan,nan,nan,0.4395,0.9819493889808655,0.0,10.902824401855469
subend_withleak,1337,val,sUbend_023__f00,15.804242342710495,319.2725479602814,nan,nan,nan,nan,0.546,0.9868649244308472,0.0,9.296745300292969
subend_withleak,1337,val,sUbend_023__f01,15.804242342710495,319.2725479602814,nan,nan,nan,nan,0.4897,0.9842914342880249,0.0,10.168938636779785
subend_withleak,1337,val,sUbend_023__f02,15.804242342710495,319.2725479602814,nan,nan,nan,nan,0.4725,0.9834174513816833,0.0,10.448770523071289
subend_withleak,1337,val,sUbend_023__f03,15.804242342710495,319.2725479602814,nan,nan,nan,nan,0.4568,0.9827063083648682,0.0,10.671112060546875
subend_withleak,1337,val,sUbend_023__f04,15.804242342710495,319.2725479602814,nan,nan,nan,nan,0.6883,0.9927728176116943,0.0,6.892614364624023
subend_withleak,1337,val,sUbend_023__f05,15.804242342710495,319.2725479602814,nan,nan,nan,nan,0.8892,0.9972100853919983,0.0,4.280890464782715
subend_withleak,1337,val,sUbend_023__f06,15.804242342710495,319.2725479602814,nan,nan,nan,nan,0.9227,0.9974284768104553,0.0,4.10984992980957
subend_withleak,1337,val,sUbend_023__f07,15.804242342710495,319.2725479602814,nan,nan,nan,nan,0.9867,0.9978686571121216,0.0,3.7414894104003906
subend_withleak,1337,val,sUbend_023__f08,15.804242342710495,319.2725479602814,nan,nan,nan,nan,0.969,0.9983226656913757,0.0,3.31900691986084
subend_withleak,1337,val,sUbend_023__f09,15.804242342710495,319.2725479602814,nan,nan,nan,nan,0.8964,0.9981896281242371,0.0011,3.44815731048584
subend_withleak,1337,val,sUbend_023__f10,15.804242342710495,319.2725479602814,nan,nan,nan,nan,0.8814,0.9980603456497192,0.0,3.569192886352539
subend_withleak,1337,val,sUbend_023__f11,15.804242342710495,319.2725479602814,nan,nan,nan,nan,0.8829,0.9980646371841431,0.0,3.565213203430176
subend_withleak,1337,val,sUbend_023__f12,15.804242342710495,319.2725479602814,nan,nan,nan,nan,0.8684,0.9982839226722717,0.0,3.3571298122406006
subend_withleak,1337,val,sUbend_023__f13,15.804242342710495,319.2725479602814,nan,nan,nan,nan,0.8374,0.9975982308387756,0.0,3.9718260765075684
subend_withleak,1337,val,sUbend_023__f14,15.804242342710495,319.2725479602814,nan,nan,nan,nan,0.7426,0.9955770969390869,0.0,5.39076042175293
subend_withleak,1337,val,sUbend_023__f15,15.804242342710495,319.2725479602814,nan,nan,nan,nan,0.6776,0.9930070638656616,0.0,6.77984619140625
subend_withleak,1337,val,sUbend_023__f16,15.804242342710495,319.2725479602814,nan,nan,nan,nan,0.6346,0.9910832643508911,0.0,7.65709114074707
subend_withleak,1337,val,sUbend_023__f17,15.804242342710495,319.2725479602814,nan,nan,nan,nan,0.6163,0.9904044270515442,0.0,7.943665504455566
subend_withleak,1337,val,sUbend_023__f18,15.804242342710495,319.2725479602814,nan,nan,nan,nan,0.6093,0.990032434463501,0.0,8.096441268920898
subend_withleak,1337,val,sUbend_023__f19,15.804242342710495,319.2725479602814,nan,nan,nan,nan,0.6128,0.9896059632301331,0.0,8.26811695098877
subend_withleak,1337,val,sUbend_023__f20,15.804242342710495,319.2725479602814,nan,nan,nan,nan,0.581,0.988242506980896,0.0,8.794708251953125
subend_withleak,1337,val,sUbend_023__f21,15.804242342710495,319.2725479602814,nan,nan,nan,nan,0.5695,0.9879123568534851,0.0,8.917577743530273
subend_withleak,1337,val,sUbend_023__f22,15.804242342710495,319.2725479602814,nan,nan,nan,nan,0.5802,0.9881525039672852,0.0,8.828361511230469
subend_withleak,1337,val,sUbend_023__f23,15.804242342710495,319.2725479602814,nan,nan,nan,nan,0.5525,0.9870240092277527,0.0,9.240140914916992
subend_withleak,1337,val,sUbend_023__f24,15.804242342710495,319.2725479602814,nan,nan,nan,nan,0.5571,0.9871553182601929,0.0,9.193180084228516
subend_withleak,2026,test,sUbend_012__f00,15.559647232294083,316.79895520210266,nan,nan,nan,nan,0.6209,0.9952866435050964,0.0,5.565106391906738
subend_withleak,2026,test,sUbend_012__f01,15.559647232294083,316.79895520210266,nan,nan,nan,nan,0.615,0.9942214488983154,0.0,6.162508487701416
subend_withleak,2026,test,sUbend_012__f02,15.559647232294083,316.79895520210266,nan,nan,nan,nan,0.5893,0.9912875890731812,0.0,7.568709373474121
subend_withleak,2026,test,sUbend_012__f03,15.559647232294083,316.79895520210266,nan,nan,nan,nan,0.5047,0.985163688659668,0.0,9.881866455078125
subend_withleak,2026,test,sUbend_012__f04,15.559647232294083,316.79895520210266,nan,nan,nan,nan,0.4678,0.9832465648651123,0.0,10.502622604370117
subend_withleak,2026,test,sUbend_012__f05,15.559647232294083,316.79895520210266,nan,nan,nan,nan,0.615,0.9926939010620117,0.0,6.93017578125
subend_withleak,2026,test,sUbend_012__f06,15.559647232294083,316.79895520210266,nan,nan,nan,nan,0.9294,0.9982198476791382,0.0,3.419219493865967
subend_withleak,2026,test,sUbend_012__f07,15.559647232294083,316.79895520210266,nan,nan,nan,nan,0.9247,0.9986996650695801,0.0028,2.9222493171691895
subend_withleak,2026,test,sUbend_012__f08,15.559647232294083,316.79895520210266,nan,nan,nan,nan,0.8994,0.9983410835266113,0.0,3.300729513168335
subend_withleak,2026,test,sUbend_012__f09,15.559647232294083,316.79895520210266,nan,nan,nan,nan,0.8138,0.9982624650001526,0.0,3.3780596256256104
subend_withleak,2026,test,sUbend_012__f10,15.559647232294083,316.79895520210266,nan,nan,nan,nan,0.7582,0.9965341091156006,0.0,4.771671295166016
subend_withleak,2026,test,sUbend_012__f11,15.559647232294083,316.79895520210266,nan,nan,nan,nan,0.7912,0.9955834150314331,0.0,5.3869242668151855
subend_withleak,2026,test,sUbend_012__f12,15.559647232294083,316.79895520210266,nan,nan,nan,nan,0.7146,0.9940420389175415,0.0,6.2575364112854
subend_withleak,2026,test,sUbend_012__f13,15.559647232294083,316.79895520210266,nan,nan,nan,nan,0.6547,0.9930046796798706,0.0,6.781018257141113
subend_withleak,2026,test,sUbend_012__f14,15.559647232294083,316.79895520210266,nan,nan,nan,nan,0.5917,0.990740180015564,0.0,7.8032331466674805
subend_withleak,2026,test,sUbend_012__f15,15.559647232294083,316.79895520210266,nan,nan,nan,nan,0.5523,0.9881845712661743,0.0,8.816391944885254
subend_withleak,2026,test,sUbend_012__f16,15.559647232294083,316.79895520210266,nan,nan,nan,nan,0.5174,0.986126184463501,0.0,9.555181503295898
subend_withleak,2026,test,sUbend_012__f17,15.559647232294083,316.79895520210266,nan,nan,nan,nan,0.5377,0.9872722029685974,0.0,9.151155471801758
subend_withleak,2026,test,sUbend_012__f18,15.559647232294083,316.79895520210266,nan,nan,nan,nan,0.5635,0.9892470240592957,0.0,8.409919738769531
subend_withleak,2026,test,sUbend_012__f19,15.559647232294083,316.79895520210266,nan,nan,nan,nan,0.5759,0.98987877368927,0.0,8.15869140625
subend_withleak,2026,test,sUbend_012__f20,15.559647232294083,316.79895520210266,nan,nan,nan,nan,0.5815,0.9910661578178406,0.0,7.664443492889404
subend_withleak,2026,test,sUbend_012__f21,15.559647232294083,316.79895520210266,nan,nan,nan,nan,0.5873,0.9918451309204102,0.0,7.322201251983643
subend_withleak,2026,test,sUbend_012__f22,15.559647232294083,316.79895520210266,nan,nan,nan,nan,0.5917,0.9930688142776489,0.0,6.749811172485352
subend_withleak,2026,test,sUbend_012__f23,15.559647232294083,316.79895520210266,nan,nan,nan,nan,0.6079,0.9946587085723877,0.0,5.924550533294678
subend_withleak,2026,test,sUbend_012__f24,15.559647232294083,316.79895520210266,nan,nan,nan,nan,0.6158,0.9955748319625854,0.0,5.392141342163086
subend_withleak,2026,test,sUbend_021__f00,15.624887309968472,306.6862225532532,nan,nan,nan,nan,0.9238,0.9982752799987793,0.0,3.3655757904052734
subend_withleak,2026,test,sUbend_021__f01,15.624887309968472,306.6862225532532,nan,nan,nan,nan,0.934,0.9982597827911377,0.0,3.3806374073028564
subend_withleak,2026,test,sUbend_021__f02,15.624887309968472,306.6862225532532,nan,nan,nan,nan,0.9215,0.9979805946350098,0.0,3.6418533325195312
subend_withleak,2026,test,sUbend_021__f03,15.624887309968472,306.6862225532532,nan,nan,nan,nan,0.9208,0.9979369640350342,0.0,3.6809988021850586
subend_withleak,2026,test,sUbend_021__f04,15.624887309968472,306.6862225532532,nan,nan,nan,nan,0.7621,0.9952921867370605,0.0,5.561812400817871
subend_withleak,2026,test,sUbend_021__f05,15.624887309968472,306.6862225532532,nan,nan,nan,nan,0.6413,0.991929292678833,0.0,7.28425407409668
subend_withleak,2026,test,sUbend_021__f06,15.624887309968472,306.6862225532532,nan,nan,nan,nan,0.9834,0.9988446235656738,0.0,2.7544898986816406
subend_withleak,2026,test,sUbend_021__f07,15.624887309968472,306.6862225532532,nan,nan,nan,nan,0.9218,0.9988244771957397,0.0008,2.7784056663513184
subend_withleak,2026,test,sUbend_021__f08,15.624887309968472,306.6862225532532,nan,nan,nan,nan,0.8869,0.9985795617103577,0.0014,3.0542192459106445
subend_withleak,2026,test,sUbend_021__f09,15.624887309968472,306.6862225532532,nan,nan,nan,nan,0.9065,0.9984496831893921,0.0003,3.1908626556396484
subend_withleak,2026,test,sUbend_021__f10,15.624887309968472,306.6862225532532,nan,nan,nan,nan,0.9223,0.998746931552887,0.0,2.868602752685547
subend_withleak,2026,test,sUbend_021__f11,15.624887309968472,306.6862225532532,nan,nan,nan,nan,0.919,0.9985663294792175,0.0,3.068415403366089
subend_withleak,2026,test,sUbend_021__f12,15.624887309968472,306.6862225532532,nan,nan,nan,nan,0.9157,0.998025119304657,0.0,3.601468086242676
subend_withleak,2026,test,sUbend_021__f13,15.624887309968472,306.6862225532532,nan,nan,nan,nan,0.9041,0.9979233741760254,0.0,3.69313383102417
subend_withleak,2026,test,sUbend_021__f14,15.624887309968472,306.6862225532532,nan,nan,nan,nan,0.9007,0.9973934292793274,0.0,4.137773513793945
subend_withleak,2026,test,sUbend_021__f15,15.624887309968472,306.6862225532532,nan,nan,nan,nan,0.879,0.9964919090270996,0.0,4.800670623779297
subend_withleak,2026,test,sUbend_021__f16,15.624887309968472,306.6862225532532,nan,nan,nan,nan,0.8661,0.9960495233535767,0.0,5.094545364379883
subend_withleak,2026,test,sUbend_021__f17,15.624887309968472,306.6862225532532,nan,nan,nan,nan,0.8437,0.9958440065383911,0.0,5.225472450256348
subend_withleak,2026,test,sUbend_021__f18,15.624887309968472,306.6862225532532,nan,nan,nan,nan,0.841,0.9962130784988403,0.0,4.98790168762207
subend_withleak,2026,test,sUbend_021__f19,15.624887309968472,306.6862225532532,nan,nan,nan,nan,0.839,0.9966491460800171,0.0,4.69174861907959
subend_withleak,2026,test,sUbend_021__f20,15.624887309968472,306.6862225532532,nan,nan,nan,nan,0.8465,0.997299075126648,0.0,4.212008953094482
subend_withleak,2026,test,sUbend_021__f21,15.624887309968472,306.6862225532532,nan,nan,nan,nan,0.8763,0.997846782207489,0.0,3.760620594024658
subend_withleak,2026,test,sUbend_021__f22,15.624887309968472,306.6862225532532,nan,nan,nan,nan,0.8934,0.9980837106704712,0.0,3.5476231575012207
subend_withleak,2026,test,sUbend_021__f23,15.624887309968472,306.6862225532532,nan,nan,nan,nan,0.9054,0.9983618259429932,0.0,3.280052900314331
subend_withleak,2026,test,sUbend_021__f24,15.624887309968472,306.6862225532532,nan,nan,nan,nan,0.9114,0.998361349105835,0.0,3.2805306911468506
subend_withleak,2026,test,sUbend_022__f00,15.591314062476158,303.772509098053,nan,nan,nan,nan,0.4831,0.983543872833252,0.0,10.408745765686035
subend_withleak,2026,test,sUbend_022__f01,15.591314062476158,303.772509098053,nan,nan,nan,nan,0.4698,0.9829282760620117,0.0,10.602201461791992
subend_withleak,2026,test,sUbend_022__f02,15.591314062476158,303.772509098053,nan,nan,nan,nan,0.4589,0.9817248582839966,0.0,10.97063159942627
subend_withleak,2026,test,sUbend_022__f03,15.591314062476158,303.772509098053,nan,nan,nan,nan,0.4633,0.982501745223999,0.0,10.73420524597168
subend_withleak,2026,test,sUbend_022__f04,15.591314062476158,303.772509098053,nan,nan,nan,nan,0.8193,0.9967033863067627,0.0,4.653620719909668
subend_withleak,2026,test,sUbend_022__f05,15.591314062476158,303.772509098053,nan,nan,nan,nan,0.93,0.9988555312156677,0.0,2.7414541244506836
subend_withleak,2026,test,sUbend_022__f06,15.591314062476158,303.772509098053,nan,nan,nan,nan,0.9214,0.9993111491203308,0.0,2.1267924308776855
subend_withleak,2026,test,sUbend_022__f07,15.591314062476158,303.772509098053,nan,nan,nan,nan,0.9096,0.9993373155593872,0.0,2.085956573486328
subend_withleak,2026,test,sUbend_022__f08,15.591314062476158,303.772509098053,nan,nan,nan,nan,0.8943,0.9992841482162476,0.0006,2.168123960494995
subend_withleak,2026,test,sUbend_022__f09,15.591314062476158,303.772509098053,nan,nan,nan,nan,0.8709,0.9989606142044067,0.0,2.61250638961792
subend_withleak,2026,test,sUbend_022__f10,15.591314062476158,303.772509098053,nan,nan,nan,nan,0.8692,0.9990146160125732,0.0,2.5437979698181152
subend_withleak,2026,test,sUbend_022__f11,15.591314062476158,303.772509098053,nan,nan,nan,nan,0.8597,0.9989501237869263,0.0,2.625697374343872
subend_withleak,2026,test,sUbend_022__f12,15.591314062476158,303.772509098053,nan,nan,nan,nan,0.7979,0.9982995390892029,0.0,3.34181547164917
subend_withleak,2026,test,sUbend_022__f13,15.591314062476158,303.772509098053,nan,nan,nan,nan,0.7932,0.997718095779419,0.0,3.8714334964752197
subend_withleak,2026,test,sUbend_022__f14,15.591314062476158,303.772509098053,nan,nan,nan,nan,0.7351,0.9948855638504028,0.0,5.797245979309082
subend_withleak,2026,test,sUbend_022__f15,15.591314062476158,303.772509098053,nan,nan,nan,nan,0.66,0.9919463396072388,0.0,7.276547431945801
subend_withleak,2026,test,sUbend_022__f16,15.591314062476158,303.772509098053,nan,nan,nan,nan,0.6227,0.989453911781311,0.0,8.3284912109375
subend_withleak,2026,test,sUbend_022__f17,15.591314062476158,303.772509098053,nan,nan,nan,nan,0.5943,0.9890347719192505,0.0,8.492654800415039
subend_withleak,2026,test,sUbend_022__f18,15.591314062476158,303.772509098053,nan,nan,nan,nan,0.5696,0.9877100586891174,0.0,8.992040634155273
subend_withleak,2026,test,sUbend_022__f19,15.591314062476158,303.772509098053,nan,nan,nan,nan,0.6174,0.9898384213447571,0.0,8.174979209899902
subend_withleak,2026,test,sUbend_022__f20,15.591314062476158,303.772509098053,nan,nan,nan,nan,0.641,0.9907922744750977,0.0,7.781230926513672
subend_withleak,2026,test,sUbend_022__f21,15.591314062476158,303.772509098053,nan,nan,nan,nan,0.638,0.9907412528991699,0.0,7.802767753601074
subend_withleak,2026,test,sUbend_022__f22,15.591314062476158,303.772509098053,nan,nan,nan,nan,0.625,0.990260124206543,0.0,8.00326919555664
subend_withleak,2026,test,sUbend_022__f23,15.591314062476158,303.772509098053,nan,nan,nan,nan,0.5563,0.9877945780754089,0.0,8.961006164550781
subend_withleak,2026,test,sUbend_022__f24,15.591314062476158,303.772509098053,nan,nan,nan,nan,0.5246,0.9861056804656982,0.0,9.562267303466797
subend_withleak,2026,val,sUbend_016__f00,15.276375226676464,316.95735454559326,nan,nan,nan,nan,0.8564,0.9962387084960938,0.0,4.970983505249023
subend_withleak,2026,val,sUbend_016__f01,15.276375226676464,316.95735454559326,nan,nan,nan,nan,0.9228,0.9974528551101685,0.0,4.090290069580078
subend_withleak,2026,val,sUbend_016__f02,15.276375226676464,316.95735454559326,nan,nan,nan,nan,0.9432,0.9979596138000488,0.0,3.6607563495635986
subend_withleak,2026,val,sUbend_016__f03,15.276375226676464,316.95735454559326,nan,nan,nan,nan,0.9498,0.9983595609664917,0.0,3.2822909355163574
subend_withleak,2026,val,sUbend_016__f04,15.276375226676464,316.95735454559326,nan,nan,nan,nan,0.8218,0.9968980550765991,0.0,4.514078140258789
subend_withleak,2026,val,sUbend_016__f05,15.276375226676464,316.95735454559326,nan,nan,nan,nan,0.5941,0.9897146821022034,0.0003,8.224687576293945
subend_withleak,2026,val,sUbend_016__f06,15.276375226676464,316.95735454559326,nan,nan,nan,nan,0.9485,0.9991027116775513,0.0,2.4274110794067383
subend_withleak,2026,val,sUbend_016__f07,15.276375226676464,316.95735454559326,nan,nan,nan,nan,0.9479,0.9992260932922363,0.0,2.2542471885681152
subend_withleak,2026,val,sUbend_016__f08,15.276375226676464,316.95735454559326,nan,nan,nan,nan,0.9124,0.9991105794906616,0.0014,2.4166629314422607
subend_withleak,2026,val,sUbend_016__f09,15.276375226676464,316.95735454559326,nan,nan,nan,nan,0.8903,0.9986885190010071,0.0019,2.934715747833252
subend_withleak,2026,val,sUbend_016__f10,15.276375226676464,316.95735454559326,nan,nan,nan,nan,0.8645,0.9983136653900146,0.0004,3.327901840209961
subend_withleak,2026,val,sUbend_016__f11,15.276375226676464,316.95735454559326,nan,nan,nan,nan,0.867,0.9981598854064941,0.0,3.4763753414154053
subend_withleak,2026,val,sUbend_016__f12,15.276375226676464,316.95735454559326,nan,nan,nan,nan,0.8763,0.9979853630065918,0.0,3.6375229358673096
subend_withleak,2026,val,sUbend_016__f13,15.276375226676464,316.95735454559326,nan,nan,nan,nan,0.7507,0.9958875775337219,0.0,5.197989463806152
subend_withleak,2026,val,sUbend_016__f14,15.276375226676464,316.95735454559326,nan,nan,nan,nan,0.6515,0.9914418458938599,0.0,7.501336097717285
subend_withleak,2026,val,sUbend_016__f15,15.276375226676464,316.95735454559326,nan,nan,nan,nan,0.6907,0.9921059608459473,0.0,7.203993797302246
subend_withleak,2026,val,sUbend_016__f16,15.276375226676464,316.95735454559326,nan,nan,nan,nan,0.7844,0.9941867589950562,0.0,6.180964946746826
subend_withleak,2026,val,sUbend_016__f17,15.276375226676464,316.95735454559326,nan,nan,nan,nan,0.7733,0.9939641952514648,0.0,6.29829216003418
subend_withleak,2026,val,sUbend_016__f18,15.276375226676464,316.95735454559326,nan,nan,nan,nan,0.7082,0.992477536201477,0.0,7.032170295715332
subend_withleak,2026,val,sUbend_016__f19,15.276375226676464,316.95735454559326,nan,nan,nan,nan,0.6576,0.9916356205940247,0.0,7.4157938957214355
subend_withleak,2026,val,sUbend_016__f20,15.276375226676464,316.95735454559326,nan,nan,nan,nan,0.6574,0.9917965531349182,0.0,7.344008445739746
subend_withleak,2026,val,sUbend_016__f21,15.276375226676464,316.95735454559326,nan,nan,nan,nan,0.6792,0.9919168949127197,0.0,7.289854526519775
subend_withleak,2026,val,sUbend_016__f22,15.276375226676464,316.95735454559326,nan,nan,nan,nan,0.7052,0.9926501512527466,0.0,6.950933933258057
subend_withleak,2026,val,sUbend_016__f23,15.276375226676464,316.95735454559326,nan,nan,nan,nan,0.7798,0.9944052696228027,0.0,6.063607215881348
subend_withleak,2026,val,sUbend_016__f24,15.276375226676464,316.95735454559326,nan,nan,nan,nan,0.8169,0.9952192902565002,0.0,5.604759216308594
subend_withleak,2026,val,sUbend_019__f00,16.874685883522034,320.8715319633484,nan,nan,nan,nan,0.5239,0.9857051968574524,0.0,9.699411392211914
subend_withleak,2026,val,sUbend_019__f01,16.874685883522034,320.8715319633484,nan,nan,nan,nan,0.6043,0.9884819984436035,0.0,8.704500198364258
subend_withleak,2026,val,sUbend_019__f02,16.874685883522034,320.8715319633484,nan,nan,nan,nan,0.6785,0.9919781684875488,0.0,7.262147903442383
subend_withleak,2026,val,sUbend_019__f03,16.874685883522034,320.8715319633484,nan,nan,nan,nan,0.751,0.9951474070549011,0.0,5.646772861480713
subend_withleak,2026,val,sUbend_019__f04,16.874685883522034,320.8715319633484,nan,nan,nan,nan,0.7301,0.9966741800308228,0.0,4.674201011657715
subend_withleak,2026,val,sUbend_019__f05,16.874685883522034,320.8715319633484,nan,nan,nan,nan,0.8128,0.9982724189758301,0.0,3.368337631225586
subend_withleak,2026,val,sUbend_019__f06,16.874685883522034,320.8715319633484,nan,nan,nan,nan,0.8956,0.9987070560455322,0.0,2.913930892944336
subend_withleak,2026,val,sUbend_019__f07,16.874685883522034,320.8715319633484,nan,nan,nan,nan,0.9097,0.9989027976989746,0.0015,2.6842358112335205
subend_withleak,2026,val,sUbend_019__f08,16.874685883522034,320.8715319633484,nan,nan,nan,nan,0.8982,0.9990788102149963,0.0057,2.4594926834106445
subend_withleak,2026,val,sUbend_019__f09,16.874685883522034,320.8715319633484,nan,nan,nan,nan,0.878,0.9990594387054443,0.0,2.485182523727417
subend_withleak,2026,val,sUbend_019__f10,16.874685883522034,320.8715319633484,nan,nan,nan,nan,0.9058,0.9991297721862793,0.0,2.390441417694092
subend_withleak,2026,val,sUbend_019__f11,16.874685883522034,320.8715319633484,nan,nan,nan,nan,0.9397,0.9989989995956421,0.0,2.563840389251709
subend_withleak,2026,val,sUbend_019__f12,16.874685883522034,320.8715319633484,nan,nan,nan,nan,0.8568,0.9989140033721924,0.0,2.6704912185668945
subend_withleak,2026,val,sUbend_019__f13,16.874685883522034,320.8715319633484,nan,nan,nan,nan,0.7999,0.9982248544692993,0.0,3.4144351482391357
subend_withleak,2026,val,sUbend_019__f14,16.874685883522034,320.8715319633484,nan,nan,nan,nan,0.7376,0.9958648085594177,0.0,5.212369441986084
subend_withleak,2026,val,sUbend_019__f15,16.874685883522034,320.8715319633484,nan,nan,nan,nan,0.6908,0.9927030205726624,0.0,6.925858497619629
subend_withleak,2026,val,sUbend_019__f16,16.874685883522034,320.8715319633484,nan,nan,nan,nan,0.6277,0.990272581577301,0.0,7.998141288757324
subend_withleak,2026,val,sUbend_019__f17,16.874685883522034,320.8715319633484,nan,nan,nan,nan,0.5908,0.9887505769729614,0.0,8.602222442626953
subend_withleak,2026,val,sUbend_019__f18,16.874685883522034,320.8715319633484,nan,nan,nan,nan,0.5996,0.989025354385376,0.0,8.496319770812988
subend_withleak,2026,val,sUbend_019__f19,16.874685883522034,320.8715319633484,nan,nan,nan,nan,0.6092,0.9896575808525085,0.0,8.247526168823242
subend_withleak,2026,val,sUbend_019__f20,16.874685883522034,320.8715319633484,nan,nan,nan,nan,0.6074,0.9897282719612122,0.0,8.219242095947266
subend_withleak,2026,val,sUbend_019__f21,16.874685883522034,320.8715319633484,nan,nan,nan,nan,0.5819,0.9882587194442749,0.0,8.788640975952148
subend_withleak,2026,val,sUbend_019__f22,16.874685883522034,320.8715319633484,nan,nan,nan,nan,0.548,0.9868966341018677,0.0,9.285480499267578
subend_withleak,2026,val,sUbend_019__f23,16.874685883522034,320.8715319633484,nan,nan,nan,nan,0.5204,0.9856118559837341,0.0,9.731103897094727
subend_withleak,2026,val,sUbend_019__f24,16.874685883522034,320.8715319633484,nan,nan,nan,nan,0.5172,0.9854221343994141,0.0,9.795196533203125
subend_withleak,2026,val,sUbend_023__f00,15.804242342710495,319.2725479602814,nan,nan,nan,nan,0.5842,0.9886785745620728,0.0,8.629749298095703
subend_withleak,2026,val,sUbend_023__f01,15.804242342710495,319.2725479602814,nan,nan,nan,nan,0.5049,0.9851255416870117,0.0,9.894603729248047
subend_withleak,2026,val,sUbend_023__f02,15.804242342710495,319.2725479602814,nan,nan,nan,nan,0.4756,0.983426570892334,0.0,10.445890426635742
subend_withleak,2026,val,sUbend_023__f03,15.804242342710495,319.2725479602814,nan,nan,nan,nan,0.4542,0.9821721911430359,0.0,10.835124969482422
subend_withleak,2026,val,sUbend_023__f04,15.804242342710495,319.2725479602814,nan,nan,nan,nan,0.7494,0.9947497844696045,0.0,5.873762130737305
subend_withleak,2026,val,sUbend_023__f05,15.804242342710495,319.2725479602814,nan,nan,nan,nan,0.8501,0.9979731440544128,0.0,3.6485676765441895
subend_withleak,2026,val,sUbend_023__f06,15.804242342710495,319.2725479602814,nan,nan,nan,nan,0.8715,0.9984014630317688,0.0,3.2400879859924316
subend_withleak,2026,val,sUbend_023__f07,15.804242342710495,319.2725479602814,nan,nan,nan,nan,0.9018,0.9986473321914673,0.0,2.980484962463379
subend_withleak,2026,val,sUbend_023__f08,15.804242342710495,319.2725479602814,nan,nan,nan,nan,0.8999,0.9990403652191162,0.0004,2.510298490524292
subend_withleak,2026,val,sUbend_023__f09,15.804242342710495,319.2725479602814,nan,nan,nan,nan,0.8446,0.9989674091339111,0.0013,2.6040263175964355
subend_withleak,2026,val,sUbend_023__f10,15.804242342710495,319.2725479602814,nan,nan,nan,nan,0.848,0.9987083673477173,0.0,2.9123854637145996
subend_withleak,2026,val,sUbend_023__f11,15.804242342710495,319.2725479602814,nan,nan,nan,nan,0.8618,0.9989457130432129,0.0,2.6311707496643066
subend_withleak,2026,val,sUbend_023__f12,15.804242342710495,319.2725479602814,nan,nan,nan,nan,0.8537,0.9989546537399292,0.0,2.619988203048706
subend_withleak,2026,val,sUbend_023__f13,15.804242342710495,319.2725479602814,nan,nan,nan,nan,0.8253,0.9983305931091309,0.0,3.311152458190918
subend_withleak,2026,val,sUbend_023__f14,15.804242342710495,319.2725479602814,nan,nan,nan,nan,0.7185,0.9954857230186462,0.0,5.446220397949219
subend_withleak,2026,val,sUbend_023__f15,15.804242342710495,319.2725479602814,nan,nan,nan,nan,0.6536,0.99208664894104,0.0,7.212812423706055
subend_withleak,2026,val,sUbend_023__f16,15.804242342710495,319.2725479602814,nan,nan,nan,nan,0.6419,0.9910489320755005,0.0,7.671851634979248
subend_withleak,2026,val,sUbend_023__f17,15.804242342710495,319.2725479602814,nan,nan,nan,nan,0.6234,0.9905648231506348,0.0,7.876887798309326
subend_withleak,2026,val,sUbend_023__f18,15.804242342710495,319.2725479602814,nan,nan,nan,nan,0.5998,0.9894040822982788,0.0,8.34817886352539
subend_withleak,2026,val,sUbend_023__f19,15.804242342710495,319.2725479602814,nan,nan,nan,nan,0.622,0.989987313747406,0.0,8.114764213562012
subend_withleak,2026,val,sUbend_023__f20,15.804242342710495,319.2725479602814,nan,nan,nan,nan,0.6173,0.9894558191299438,0.0,8.32772445678711
subend_withleak,2026,val,sUbend_023__f21,15.804242342710495,319.2725479602814,nan,nan,nan,nan,0.5831,0.9885082244873047,0.0,8.694578170776367
subend_withleak,2026,val,sUbend_023__f22,15.804242342710495,319.2725479602814,nan,nan,nan,nan,0.5859,0.9887503385543823,0.0,8.602325439453125
subend_withleak,2026,val,sUbend_023__f23,15.804242342710495,319.2725479602814,nan,nan,nan,nan,0.5733,0.9883949756622314,0.0,8.737375259399414
subend_withleak,2026,val,sUbend_023__f24,15.804242342710495,319.2725479602814,nan,nan,nan,nan,0.5932,0.9890271425247192,0.0,8.495637893676758
subend_withleak,777,test,sUbend_012__f00,15.559647232294083,316.79895520210266,nan,nan,nan,nan,0.6067,0.9954879283905029,0.0,5.444870948791504
subend_withleak,777,test,sUbend_012__f01,15.559647232294083,316.79895520210266,nan,nan,nan,nan,0.5965,0.9942069053649902,0.0,6.170234203338623
subend_withleak,777,test,sUbend_012__f02,15.559647232294083,316.79895520210266,nan,nan,nan,nan,0.5724,0.9913041591644287,0.0,7.561523914337158
subend_withleak,777,test,sUbend_012__f03,15.559647232294083,316.79895520210266,nan,nan,nan,nan,0.5016,0.9849116802215576,0.0,9.96565055847168
subend_withleak,777,test,sUbend_012__f04,15.559647232294083,316.79895520210266,nan,nan,nan,nan,0.5195,0.9857362508773804,0.0,9.688835144042969
subend_withleak,777,test,sUbend_012__f05,15.559647232294083,316.79895520210266,nan,nan,nan,nan,0.581,0.9912515878677368,0.0,7.584366798400879
subend_withleak,777,test,sUbend_012__f06,15.559647232294083,316.79895520210266,nan,nan,nan,nan,0.9357,0.9973949193954468,0.0,4.136590003967285
subend_withleak,777,test,sUbend_012__f07,15.559647232294083,316.79895520210266,nan,nan,nan,nan,0.9433,0.9978765249252319,0.0035,3.734548330307007
subend_withleak,777,test,sUbend_012__f08,15.559647232294083,316.79895520210266,nan,nan,nan,nan,0.8865,0.998117208480835,0.0,3.516469955444336
subend_withleak,777,test,sUbend_012__f09,15.559647232294083,316.79895520210266,nan,nan,nan,nan,0.8487,0.9980573654174805,0.0,3.5719070434570312
subend_withleak,777,test,sUbend_012__f10,15.559647232294083,316.79895520210266,nan,nan,nan,nan,0.8026,0.9973559379577637,0.0,4.16741418838501
subend_withleak,777,test,sUbend_012__f11,15.559647232294083,316.79895520210266,nan,nan,nan,nan,0.8355,0.9972319602966309,0.0,4.264043807983398
subend_withleak,777,test,sUbend_012__f12,15.559647232294083,316.79895520210266,nan,nan,nan,nan,0.7645,0.9965866804122925,0.0,4.735323905944824
subend_withleak,777,test,sUbend_012__f13,15.559647232294083,316.79895520210266,nan,nan,nan,nan,0.7072,0.9957301616668701,0.0,5.296627998352051
subend_withleak,777,test,sUbend_012__f14,15.559647232294083,316.79895520210266,nan,nan,nan,nan,0.6441,0.9927353858947754,0.0,6.910462856292725
subend_withleak,777,test,sUbend_012__f15,15.559647232294083,316.79895520210266,nan,nan,nan,nan,0.6169,0.9894415140151978,0.0,8.333370208740234
subend_withleak,777,test,sUbend_012__f16,15.559647232294083,316.79895520210266,nan,nan,nan,nan,0.5427,0.9865682125091553,0.0,9.401373863220215
subend_withleak,777,test,sUbend_012__f17,15.559647232294083,316.79895520210266,nan,nan,nan,nan,0.5577,0.9879184365272522,0.0,8.915329933166504
subend_withleak,777,test,sUbend_012__f18,15.559647232294083,316.79895520210266,nan,nan,nan,nan,0.5902,0.991219699382782,0.0,7.598196983337402
subend_withleak,777,test,sUbend_012__f19,15.559647232294083,316.79895520210266,nan,nan,nan,nan,0.6225,0.9941222667694092,0.0,6.215205192565918
subend_withleak,777,test,sUbend_012__f20,15.559647232294083,316.79895520210266,nan,nan,nan,nan,0.6334,0.9950975179672241,0.0,5.675732135772705
subend_withleak,777,test,sUbend_012__f21,15.559647232294083,316.79895520210266,nan,nan,nan,nan,0.6425,0.9953992366790771,0.0,5.498201370239258
subend_withleak,777,test,sUbend_012__f22,15.559647232294083,316.79895520210266,nan,nan,nan,nan,0.6321,0.9951529502868652,0.0,5.6435441970825195
subend_withleak,777,test,sUbend_012__f23,15.559647232294083,316.79895520210266,nan,nan,nan,nan,0.6317,0.9951713681221008,0.0,5.632802963256836
subend_withleak,777,test,sUbend_012__f24,15.559647232294083,316.79895520210266,nan,nan,nan,nan,0.6167,0.9955477714538574,0.0,5.408651828765869
subend_withleak,777,test,sUbend_021__f00,15.624887309968472,306.6862225532532,nan,nan,nan,nan,0.97,0.9984912872314453,0.0,3.1476845741271973
subend_withleak,777,test,sUbend_021__f01,15.624887309968472,306.6862225532532,nan,nan,nan,nan,0.9698,0.9984009265899658,0.0,3.240662097930908
subend_withleak,777,test,sUbend_021__f02,15.624887309968472,306.6862225532532,nan,nan,nan,nan,0.9539,0.9981714487075806,0.0,3.4654035568237305
subend_withleak,777,test,sUbend_021__f03,15.624887309968472,306.6862225532532,nan,nan,nan,nan,0.9508,0.9981242418289185,0.0,3.509921073913574
subend_withleak,777,test,sUbend_021__f04,15.624887309968472,306.6862225532532,nan,nan,nan,nan,0.8338,0.9959853887557983,0.0002,5.13577938079834
subend_withleak,777,test,sUbend_021__f05,15.624887309968472,306.6862225532532,nan,nan,nan,nan,0.6815,0.992169976234436,0.0003,7.174673080444336
subend_withleak,777,test,sUbend_021__f06,15.624887309968472,306.6862225532532,nan,nan,nan,nan,0.9983,0.9985756874084473,0.0,3.058382511138916
subend_withleak,777,test,sUbend_021__f07,15.624887309968472,306.6862225532532,nan,nan,nan,nan,0.978,0.9986999034881592,0.0023,2.921947956085205
subend_withleak,777,test,sUbend_021__f08,15.624887309968472,306.6862225532532,nan,nan,nan,nan,0.9338,0.9987061023712158,0.0024,2.915005683898926
subend_withleak,777,test,sUbend_021__f09,15.624887309968472,306.6862225532532,nan,nan,nan,nan,0.899,0.9984601736068726,0.0002,3.1800460815429688
subend_withleak,777,test,sUbend_021__f10,15.624887309968472,306.6862225532532,nan,nan,nan,nan,0.9599,0.9989732503890991,0.0,2.596611976623535
subend_withleak,777,test,sUbend_021__f11,15.624887309968472,306.6862225532532,nan,nan,nan,nan,0.9672,0.9988431334495544,0.0,2.756265878677368
subend_withleak,777,test,sUbend_021__f12,15.624887309968472,306.6862225532532,nan,nan,nan,nan,0.9638,0.9986546039581299,0.0,2.972395420074463
subend_withleak,777,test,sUbend_021__f13,15.624887309968472,306.6862225532532,nan,nan,nan,nan,0.9607,0.9984642267227173,0.0,3.1758265495300293
subend_withleak,777,test,sUbend_021__f14,15.624887309968472,306.6862225532532,nan,nan,nan,nan,0.9361,0.9979325532913208,0.0,3.684959650039673
subend_withleak,777,test,sUbend_021__f15,15.624887309968472,306.6862225532532,nan,nan,nan,nan,0.9237,0.9972633123397827,0.0,4.239838600158691
subend_withleak,777,test,sUbend_021__f16,15.624887309968472,306.6862225532532,nan,nan,nan,nan,0.9352,0.9968081712722778,0.0,4.579046249389648
subend_withleak,777,test,sUbend_021__f17,15.624887309968472,306.6862225532532,nan,nan,nan,nan,0.9341,0.9966402053833008,0.0,4.698028564453125
subend_withleak,777,test,sUbend_021__f18,15.624887309968472,306.6862225532532,nan,nan,nan,nan,0.9261,0.9972172975540161,0.0,4.275350570678711
subend_withleak,777,test,sUbend_021__f19,15.624887309968472,306.6862225532532,nan,nan,nan,nan,0.9279,0.9977613687515259,0.0,3.834536075592041
subend_withleak,777,test,sUbend_021__f20,15.624887309968472,306.6862225532532,nan,nan,nan,nan,0.9309,0.9980542063713074,0.0,3.574838638305664
subend_withleak,777,test,sUbend_021__f21,15.624887309968472,306.6862225532532,nan,nan,nan,nan,0.9536,0.9982905983924866,0.0,3.3505916595458984
subend_withleak,777,test,sUbend_021__f22,15.624887309968472,306.6862225532532,nan,nan,nan,nan,0.966,0.9985225200653076,0.0,3.1149556636810303
subend_withleak,777,test,sUbend_021__f23,15.624887309968472,306.6862225532532,nan,nan,nan,nan,0.9732,0.9985965490341187,0.0,3.03586483001709
subend_withleak,777,test,sUbend_021__f24,15.624887309968472,306.6862225532532,nan,nan,nan,nan,0.9741,0.9985898733139038,0.0,3.043142318725586
subend_withleak,777,test,sUbend_022__f00,15.591314062476158,303.772509098053,nan,nan,nan,nan,0.4,0.9777681827545166,0.0,12.104122161865234
subend_withleak,777,test,sUbend_022__f01,15.591314062476158,303.772509098053,nan,nan,nan,nan,0.3779,0.9754254817962646,0.0,12.728391647338867
subend_withleak,777,test,sUbend_022__f02,15.591314062476158,303.772509098053,nan,nan,nan,nan,0.369,0.9745210409164429,0.0,12.961488723754883
subend_withleak,777,test,sUbend_022__f03,15.591314062476158,303.772509098053,nan,nan,nan,nan,0.3604,0.974716067314148,0.0,12.91158390045166
subend_withleak,777,test,sUbend_022__f04,15.591314062476158,303.772509098053,nan,nan,nan,nan,0.8059,0.9967198967933655,0.0,4.641946792602539
subend_withleak,777,test,sUbend_022__f05,15.591314062476158,303.772509098053,nan,nan,nan,nan,0.9813,0.9987608790397644,0.0,2.8525896072387695
subend_withleak,777,test,sUbend_022__f06,15.591314062476158,303.772509098053,nan,nan,nan,nan,0.9996,0.9991129636764526,0.0,2.413421154022217
subend_withleak,777,test,sUbend_022__f07,15.591314062476158,303.772509098053,nan,nan,nan,nan,0.9962,0.9991657733917236,0.0,2.340548038482666
subend_withleak,777,test,sUbend_022__f08,15.591314062476158,303.772509098053,nan,nan,nan,nan,0.9843,0.9989525079727173,0.0007,2.622676134109497
subend_withleak,777,test,sUbend_022__f09,15.591314062476158,303.772509098053,nan,nan,nan,nan,0.9614,0.9990206956863403,0.0,2.5358986854553223
subend_withleak,777,test,sUbend_022__f10,15.591314062476158,303.772509098053,nan,nan,nan,nan,0.9301,0.9990476965904236,0.0001,2.5006892681121826
subend_withleak,777,test,sUbend_022__f11,15.591314062476158,303.772509098053,nan,nan,nan,nan,0.8969,0.9989213943481445,0.0,2.6613497734069824
subend_withleak,777,test,sUbend_022__f12,15.591314062476158,303.772509098053,nan,nan,nan,nan,0.8051,0.9985599517822266,0.0,3.075234889984131
subend_withleak,777,test,sUbend_022__f13,15.591314062476158,303.772509098053,nan,nan,nan,nan,0.7523,0.9974556565284729,0.0,4.0880632400512695
subend_withleak,777,test,sUbend_022__f14,15.591314062476158,303.772509098053,nan,nan,nan,nan,0.6968,0.9937132596969604,0.0,6.428018569946289
subend_withleak,777,test,sUbend_022__f15,15.591314062476158,303.772509098053,nan,nan,nan,nan,0.6228,0.9909654259681702,0.0,7.7075958251953125
subend_withleak,777,test,sUbend_022__f16,15.591314062476158,303.772509098053,nan,nan,nan,nan,0.6165,0.9901689887046814,0.0,8.040685653686523
subend_withleak,777,test,sUbend_022__f17,15.591314062476158,303.772509098053,nan,nan,nan,nan,0.5912,0.9890389442443848,0.0,8.491046905517578
subend_withleak,777,test,sUbend_022__f18,15.591314062476158,303.772509098053,nan,nan,nan,nan,0.5704,0.988066554069519,0.0,8.86041259765625
subend_withleak,777,test,sUbend_022__f19,15.591314062476158,303.772509098053,nan,nan,nan,nan,0.6114,0.990227222442627,0.0,8.01679801940918
subend_withleak,777,test,sUbend_022__f20,15.591314062476158,303.772509098053,nan,nan,nan,nan,0.6548,0.9917173981666565,0.0,7.3794026374816895
subend_withleak,777,test,sUbend_022__f21,15.591314062476158,303.772509098053,nan,nan,nan,nan,0.6352,0.9912702441215515,0.0,7.576263904571533
subend_withleak,777,test,sUbend_022__f22,15.591314062476158,303.772509098053,nan,nan,nan,nan,0.6013,0.9899395704269409,0.0,8.134132385253906
subend_withleak,777,test,sUbend_022__f23,15.591314062476158,303.772509098053,nan,nan,nan,nan,0.5162,0.9856588840484619,0.0,9.715149879455566
subend_withleak,777,test,sUbend_022__f24,15.591314062476158,303.772509098053,nan,nan,nan,nan,0.4593,0.9823884963989258,0.0,10.768997192382812
subend_withleak,777,val,sUbend_016__f00,15.276375226676464,316.95735454559326,nan,nan,nan,nan,0.835,0.9962131381034851,0.0,4.987862586975098
subend_withleak,777,val,sUbend_016__f01,15.276375226676464,316.95735454559326,nan,nan,nan,nan,0.9034,0.99751877784729,0.0,4.037038326263428
subend_withleak,777,val,sUbend_016__f02,15.276375226676464,316.95735454559326,nan,nan,nan,nan,0.9301,0.9978218078613281,0.0,3.782400369644165
subend_withleak,777,val,sUbend_016__f03,15.276375226676464,316.95735454559326,nan,nan,nan,nan,0.9523,0.9980462789535522,0.0,3.5821428298950195
subend_withleak,777,val,sUbend_016__f04,15.276375226676464,316.95735454559326,nan,nan,nan,nan,0.8479,0.996674656867981,0.0,4.673845291137695
subend_withleak,777,val,sUbend_016__f05,15.276375226676464,316.95735454559326,nan,nan,nan,nan,0.557,0.9881532192230225,0.0,8.828093528747559
subend_withleak,777,val,sUbend_016__f06,15.276375226676464,316.95735454559326,nan,nan,nan,nan,0.9801,0.9979837536811829,0.0,3.639003276824951
subend_withleak,777,val,sUbend_016__f07,15.276375226676464,316.95735454559326,nan,nan,nan,nan,0.9998,0.9985631704330444,0.0,3.0717949867248535
subend_withleak,777,val,sUbend_016__f08,15.276375226676464,316.95735454559326,nan,nan,nan,nan,0.9815,0.9986304044723511,0.0012,2.9990477561950684
subend_withleak,777,val,sUbend_016__f09,15.276375226676464,316.95735454559326,nan,nan,nan,nan,0.949,0.9983866214752197,0.0017,3.255068778991699
subend_withleak,777,val,sUbend_016__f10,15.276375226676464,316.95735454559326,nan,nan,nan,nan,0.9281,0.9985542297363281,0.0007,3.0813395977020264
subend_withleak,777,val,sUbend_016__f11,15.276375226676464,316.95735454559326,nan,nan,nan,nan,0.887,0.9980876445770264,0.0,3.5439791679382324
subend_withleak,777,val,sUbend_016__f12,15.276375226676464,316.95735454559326,nan,nan,nan,nan,0.8578,0.9975799322128296,0.0,3.9869089126586914
subend_withleak,777,val,sUbend_016__f13,15.276375226676464,316.95735454559326,nan,nan,nan,nan,0.7425,0.9954234957695007,0.0,5.483656883239746
subend_withleak,777,val,sUbend_016__f14,15.276375226676464,316.95735454559326,nan,nan,nan,nan,0.6814,0.9921250343322754,0.0,7.195261001586914
subend_withleak,777,val,sUbend_016__f15,15.276375226676464,316.95735454559326,nan,nan,nan,nan,0.6875,0.9927108287811279,0.0,6.922146797180176
subend_withleak,777,val,sUbend_016__f16,15.276375226676464,316.95735454559326,nan,nan,nan,nan,0.741,0.9946496486663818,0.0,5.9295454025268555
subend_withleak,777,val,sUbend_016__f17,15.276375226676464,316.95735454559326,nan,nan,nan,nan,0.7334,0.994328498840332,0.0,6.105073928833008
subend_withleak,777,val,sUbend_016__f18,15.276375226676464,316.95735454559326,nan,nan,nan,nan,0.6983,0.9929133057594299,0.0,6.825213432312012
subend_withleak,777,val,sUbend_016__f19,15.276375226676464,316.95735454559326,nan,nan,nan,nan,0.6576,0.9916960000991821,0.0,7.3889288902282715
subend_withleak,777,val,sUbend_016__f20,15.276375226676464,316.95735454559326,nan,nan,nan,nan,0.6555,0.9915148615837097,0.0,7.469209671020508
subend_withleak,777,val,sUbend_016__f21,15.276375226676464,316.95735454559326,nan,nan,nan,nan,0.6674,0.9918684363365173,0.0,7.3117170333862305
subend_withleak,777,val,sUbend_016__f22,15.276375226676464,316.95735454559326,nan,nan,nan,nan,0.6939,0.9925955533981323,0.0,6.976749420166016
subend_withleak,777,val,sUbend_016__f23,15.276375226676464,316.95735454559326,nan,nan,nan,nan,0.7568,0.9943585395812988,0.0,6.088868618011475
subend_withleak,777,val,sUbend_016__f24,15.276375226676464,316.95735454559326,nan,nan,nan,nan,0.7979,0.9952267408370972,0.0,5.600403785705566
subend_withleak,777,val,sUbend_019__f00,16.874685883522034,320.8715319633484,nan,nan,nan,nan,0.4098,0.9790169596672058,0.0,11.758018493652344
subend_withleak,777,val,sUbend_019__f01,16.874685883522034,320.8715319633484,nan,nan,nan,nan,0.4786,0.9833951592445374,0.0,10.455812454223633
subend_withleak,777,val,sUbend_019__f02,16.874685883522034,320.8715319633484,nan,nan,nan,nan,0.5822,0.9898430705070496,0.0,8.173105239868164
subend_withleak,777,val,sUbend_019__f03,16.874685883522034,320.8715319633484,nan,nan,nan,nan,0.6929,0.9955853223800659,0.0,5.3857421875
subend_withleak,777,val,sUbend_019__f04,16.874685883522034,320.8715319633484,nan,nan,nan,nan,0.7752,0.9969191551208496,0.0,4.498647689819336
subend_withleak,777,val,sUbend_019__f05,16.874685883522034,320.8715319633484,nan,nan,nan,nan,0.9052,0.9977097511291504,0.0,3.8784825801849365
subend_withleak,777,val,sUbend_019__f06,16.874685883522034,320.8715319633484,nan,nan,nan,nan,0.9995,0.9985326528549194,0.0,3.1042847633361816
subend_withleak,777,val,sUbend_019__f07,16.874685883522034,320.8715319633484,nan,nan,nan,nan,0.9895,0.9985921382904053,0.0021,3.040632724761963
subend_withleak,777,val,sUbend_019__f08,16.874685883522034,320.8715319633484,nan,nan,nan,nan,0.9689,0.9989372491836548,0.0056,2.641787528991699
subend_withleak,777,val,sUbend_019__f09,16.874685883522034,320.8715319633484,nan,nan,nan,nan,0.9576,0.9992014169692993,0.0,2.2899527549743652
subend_withleak,777,val,sUbend_019__f10,16.874685883522034,320.8715319633484,nan,nan,nan,nan,0.9422,0.9990983009338379,0.0,2.433370590209961
subend_withleak,777,val,sUbend_019__f11,16.874685883522034,320.8715319633484,nan,nan,nan,nan,0.9222,0.9988227486610413,0.0,2.7804479598999023
subend_withleak,777,val,sUbend_019__f12,16.874685883522034,320.8715319633484,nan,nan,nan,nan,0.8933,0.9988675117492676,0.0,2.727064847946167
subend_withleak,777,val,sUbend_019__f13,16.874685883522034,320.8715319633484,nan,nan,nan,nan,0.8295,0.9982470870018005,0.0,3.392979621887207
subend_withleak,777,val,sUbend_019__f14,16.874685883522034,320.8715319633484,nan,nan,nan,nan,0.7528,0.9958319067955017,0.0,5.233078479766846
subend_withleak,777,val,sUbend_019__f15,16.874685883522034,320.8715319633484,nan,nan,nan,nan,0.6689,0.9917640686035156,0.0,7.3585405349731445
subend_withleak,777,val,sUbend_019__f16,16.874685883522034,320.8715319633484,nan,nan,nan,nan,0.5906,0.9889799356460571,0.0,8.513914108276367
subend_withleak,777,val,sUbend_019__f17,16.874685883522034,320.8715319633484,nan,nan,nan,nan,0.5396,0.9866816997528076,0.0,9.36148452758789
subend_withleak,777,val,sUbend_019__f18,16.874685883522034,320.8715319633484,nan,nan,nan,nan,0.5242,0.985970675945282,0.0,9.608709335327148
subend_withleak,777,val,sUbend_019__f19,16.874685883522034,320.8715319633484,nan,nan,nan,nan,0.5355,0.9866331815719604,0.0,9.378578186035156
subend_withleak,777,val,sUbend_019__f20,16.874685883522034,320.8715319633484,nan,nan,nan,nan,0.5077,0.985249400138855,0.0,9.85321044921875
subend_withleak,777,val,sUbend_019__f21,16.874685883522034,320.8715319633484,nan,nan,nan,nan,0.4767,0.983629584312439,0.0,10.381538391113281
subend_withleak,777,val,sUbend_019__f22,16.874685883522034,320.8715319633484,nan,nan,nan,nan,0.414,0.9798364639282227,0.0,11.525331497192383
subend_withleak,777,val,sUbend_019__f23,16.874685883522034,320.8715319633484,nan,nan,nan,nan,0.4009,0.9789518117904663,0.0,11.776313781738281
subend_withleak,777,val,sUbend_019__f24,16.874685883522034,320.8715319633484,nan,nan,nan,nan,0.3958,0.978541374206543,0.0,11.89100456237793
subend_withleak,777,val,sUbend_023__f00,15.804242342710495,319.2725479602814,nan,nan,nan,nan,0.4566,0.9818671941757202,0.0,10.927701950073242
subend_withleak,777,val,sUbend_023__f01,15.804242342710495,319.2725479602814,nan,nan,nan,nan,0.4232,0.9795597791671753,0.0,11.604398727416992
subend_withleak,777,val,sUbend_023__f02,15.804242342710495,319.2725479602814,nan,nan,nan,nan,0.4107,0.9791957139968872,0.0,11.707642555236816
subend_withleak,777,val,sUbend_023__f03,15.804242342710495,319.2725479602814,nan,nan,nan,nan,0.419,0.9794992208480835,0.0,11.621635437011719
subend_withleak,777,val,sUbend_023__f04,15.804242342710495,319.2725479602814,nan,nan,nan,nan,0.593,0.990863561630249,0.0,7.751004219055176
subend_withleak,777,val,sUbend_023__f05,15.804242342710495,319.2725479602814,nan,nan,nan,nan,0.8587,0.9980463981628418,0.0,3.58203387260437
subend_withleak,777,val,sUbend_023__f06,15.804242342710495,319.2725479602814,nan,nan,nan,nan,0.9119,0.9981732964515686,0.0,3.4636802673339844
subend_withleak,777,val,sUbend_023__f07,15.804242342710495,319.2725479602814,nan,nan,nan,nan,0.9998,0.9986046552658081,0.0,3.0270824432373047
subend_withleak,777,val,sUbend_023__f08,15.804242342710495,319.2725479602814,nan,nan,nan,nan,0.9885,0.998831570148468,0.0003,2.7700090408325195
subend_withleak,777,val,sUbend_023__f09,15.804242342710495,319.2725479602814,nan,nan,nan,nan,0.9077,0.9983963966369629,0.0015,3.2452197074890137
subend_withleak,777,val,sUbend_023__f10,15.804242342710495,319.2725479602814,nan,nan,nan,nan,0.8803,0.998562753200531,0.0,3.0722413063049316
subend_withleak,777,val,sUbend_023__f11,15.804242342710495,319.2725479602814,nan,nan,nan,nan,0.8817,0.9984349012374878,0.0,3.2059812545776367
subend_withleak,777,val,sUbend_023__f12,15.804242342710495,319.2725479602814,nan,nan,nan,nan,0.8738,0.9984989166259766,0.0,3.139744758605957
subend_withleak,777,val,sUbend_023__f13,15.804242342710495,319.2725479602814,nan,nan,nan,nan,0.8512,0.998215913772583,0.0,3.422996759414673
subend_withleak,777,val,sUbend_023__f14,15.804242342710495,319.2725479602814,nan,nan,nan,nan,0.7649,0.9960267543792725,0.0,5.10921573638916
subend_withleak,777,val,sUbend_023__f15,15.804242342710495,319.2725479602814,nan,nan,nan,nan,0.7109,0.9934217929840088,0.0,6.575514316558838
subend_withleak,777,val,sUbend_023__f16,15.804242342710495,319.2725479602814,nan,nan,nan,nan,0.6736,0.9919252991676331,0.0,7.286072731018066
subend_withleak,777,val,sUbend_023__f17,15.804242342710495,319.2725479602814,nan,nan,nan,nan,0.6586,0.9915157556533813,0.0,7.468801975250244
subend_withleak,777,val,sUbend_023__f18,15.804242342710495,319.2725479602814,nan,nan,nan,nan,0.6659,0.991366982460022,0.0,7.534121036529541
subend_withleak,777,val,sUbend_023__f19,15.804242342710495,319.2725479602814,nan,nan,nan,nan,0.6638,0.9912583827972412,0.0,7.581404209136963
subend_withleak,777,val,sUbend_023__f20,15.804242342710495,319.2725479602814,nan,nan,nan,nan,0.6371,0.9901859760284424,0.0,8.03372573852539
subend_withleak,777,val,sUbend_023__f21,15.804242342710495,319.2725479602814,nan,nan,nan,nan,0.5925,0.9889436960220337,0.0,8.52791690826416
subend_withleak,777,val,sUbend_023__f22,15.804242342710495,319.2725479602814,nan,nan,nan,nan,0.598,0.9890802502632141,0.0,8.475004196166992
subend_withleak,777,val,sUbend_023__f23,15.804242342710495,319.2725479602814,nan,nan,nan,nan,0.4737,0.983243465423584,0.0,10.50358772277832
subend_withleak,777,val,sUbend_023__f24,15.804242342710495,319.2725479602814,nan,nan,nan,nan,0.4694,0.9830878973007202,0.0,10.552388191223145
subend_leak_dir_only,1337,test,sUbend_012__f00,15.559647232294083,316.79895520210266,nan,nan,nan,nan,0.635,0.9937304258346558,0.0002,6.4192423820495605
subend_leak_dir_only,1337,test,sUbend_012__f01,15.559647232294083,316.79895520210266,nan,nan,nan,nan,0.6218,0.9929574131965637,0.0,6.803915500640869
subend_leak_dir_only,1337,test,sUbend_012__f02,15.559647232294083,316.79895520210266,nan,nan,nan,nan,0.5936,0.9912230372428894,0.0,7.596751689910889
subend_leak_dir_only,1337,test,sUbend_012__f03,15.559647232294083,316.79895520210266,nan,nan,nan,nan,0.5317,0.9872158765792847,0.0,9.171415328979492
subend_leak_dir_only,1337,test,sUbend_012__f04,15.559647232294083,316.79895520210266,nan,nan,nan,nan,0.4918,0.9843231439590454,0.0002,10.158641815185547
subend_leak_dir_only,1337,test,sUbend_012__f05,15.559647232294083,316.79895520210266,nan,nan,nan,nan,0.5694,0.9899998307228088,0.0002,8.109682083129883
subend_leak_dir_only,1337,test,sUbend_012__f06,15.559647232294083,316.79895520210266,nan,nan,nan,nan,0.9745,0.9982052445411682,0.0,3.433248519897461
subend_leak_dir_only,1337,test,sUbend_012__f07,15.559647232294083,316.79895520210266,nan,nan,nan,nan,0.9397,0.9981494545936584,0.0028,3.486217498779297
subend_leak_dir_only,1337,test,sUbend_012__f08,15.559647232294083,316.79895520210266,nan,nan,nan,nan,0.8626,0.9976186752319336,0.0094,3.9549031257629395
subend_leak_dir_only,1337,test,sUbend_012__f09,15.559647232294083,316.79895520210266,nan,nan,nan,nan,0.8548,0.9970090985298157,0.0,4.43248176574707
subend_leak_dir_only,1337,test,sUbend_012__f10,15.559647232294083,316.79895520210266,nan,nan,nan,nan,0.8007,0.9965651631355286,0.0,4.7502336502075195
subend_leak_dir_only,1337,test,sUbend_012__f11,15.559647232294083,316.79895520210266,nan,nan,nan,nan,0.8086,0.99622642993927,0.0,4.979113578796387
subend_leak_dir_only,1337,test,sUbend_012__f12,15.559647232294083,316.79895520210266,nan,nan,nan,nan,0.7244,0.9951217770576477,0.0,5.661677360534668
subend_leak_dir_only,1337,test,sUbend_012__f13,15.559647232294083,316.79895520210266,nan,nan,nan,nan,0.6877,0.9947953224182129,0.0,5.8482279777526855
subend_leak_dir_only,1337,test,sUbend_012__f14,15.559647232294083,316.79895520210266,nan,nan,nan,nan,0.6276,0.9927207827568054,0.0,6.917413711547852
subend_leak_dir_only,1337,test,sUbend_012__f15,15.559647232294083,316.79895520210266,nan,nan,nan,nan,0.5445,0.9875549077987671,0.0,9.048727989196777
subend_leak_dir_only,1337,test,sUbend_012__f16,15.559647232294083,316.79895520210266,nan,nan,nan,nan,0.5299,0.9864909648895264,0.0,9.428430557250977
subend_leak_dir_only,1337,test,sUbend_012__f17,15.559647232294083,316.79895520210266,nan,nan,nan,nan,0.5599,0.9880599975585938,0.0,8.862829208374023
subend_leak_dir_only,1337,test,sUbend_012__f18,15.559647232294083,316.79895520210266,nan,nan,nan,nan,0.6064,0.9911335706710815,0.0,7.635428428649902
subend_leak_dir_only,1337,test,sUbend_012__f19,15.559647232294083,316.79895520210266,nan,nan,nan,nan,0.6368,0.9933221936225891,0.0002,6.625162124633789
subend_leak_dir_only,1337,test,sUbend_012__f20,15.559647232294083,316.79895520210266,nan,nan,nan,nan,0.6334,0.9938353300094604,0.0003,6.365256309509277
subend_leak_dir_only,1337,test,sUbend_012__f21,15.559647232294083,316.79895520210266,nan,nan,nan,nan,0.6301,0.9940972328186035,0.0003,6.228424072265625
subend_leak_dir_only,1337,test,sUbend_012__f22,15.559647232294083,316.79895520210266,nan,nan,nan,nan,0.621,0.9939571619033813,0.0006,6.301995277404785
subend_leak_dir_only,1337,test,sUbend_012__f23,15.559647232294083,316.79895520210266,nan,nan,nan,nan,0.6214,0.9939447641372681,0.0005,6.30844783782959
subend_leak_dir_only,1337,test,sUbend_012__f24,15.559647232294083,316.79895520210266,nan,nan,nan,nan,0.6223,0.9936878681182861,0.0001,6.440999984741211
subend_leak_dir_only,1337,test,sUbend_021__f00,15.624887309968472,306.6862225532532,nan,nan,nan,nan,0.9546,0.997943639755249,0.0,3.675063371658325
subend_leak_dir_only,1337,test,sUbend_021__f01,15.624887309968472,306.6862225532532,nan,nan,nan,nan,0.9656,0.997865617275238,0.0,3.744131088256836
subend_leak_dir_only,1337,test,sUbend_021__f02,15.624887309968472,306.6862225532532,nan,nan,nan,nan,0.9485,0.9976402521133423,0.0002,3.9368886947631836
subend_leak_dir_only,1337,test,sUbend_021__f03,15.624887309968472,306.6862225532532,nan,nan,nan,nan,0.947,0.9977126121520996,0.0,3.876033306121826
subend_leak_dir_only,1337,test,sUbend_021__f04,15.624887309968472,306.6862225532532,nan,nan,nan,nan,0.8135,0.9955155849456787,0.0008,5.4281816482543945
subend_leak_dir_only,1337,test,sUbend_021__f05,15.624887309968472,306.6862225532532,nan,nan,nan,nan,0.7094,0.9933440685272217,0.006,6.614274978637695
subend_leak_dir_only,1337,test,sUbend_021__f06,15.624887309968472,306.6862225532532,nan,nan,nan,nan,0.9961,0.9991976022720337,0.0,2.295459270477295
subend_leak_dir_only,1337,test,sUbend_021__f07,15.624887309968472,306.6862225532532,nan,nan,nan,nan,0.9781,0.9989889860153198,0.0,2.576596260070801
subend_leak_dir_only,1337,test,sUbend_021__f08,15.624887309968472,306.6862225532532,nan,nan,nan,nan,0.9254,0.9983772039413452,0.0016,3.264587879180908
subend_leak_dir_only,1337,test,sUbend_021__f09,15.624887309968472,306.6862225532532,nan,nan,nan,nan,0.9313,0.9982322454452515,0.0019,3.4073171615600586
subend_leak_dir_only,1337,test,sUbend_021__f10,15.624887309968472,306.6862225532532,nan,nan,nan,nan,0.9707,0.9984754323959351,0.0,3.164185047149658
subend_leak_dir_only,1337,test,sUbend_021__f11,15.624887309968472,306.6862225532532,nan,nan,nan,nan,0.9784,0.9982635974884033,0.0,3.376958131790161
subend_leak_dir_only,1337,test,sUbend_021__f12,15.624887309968472,306.6862225532532,nan,nan,nan,nan,0.9703,0.9978479146957397,0.0,3.7596054077148438
subend_leak_dir_only,1337,test,sUbend_021__f13,15.624887309968472,306.6862225532532,nan,nan,nan,nan,0.9657,0.9973554611206055,0.0,4.167814254760742
subend_leak_dir_only,1337,test,sUbend_021__f14,15.624887309968472,306.6862225532532,nan,nan,nan,nan,0.9478,0.9971026182174683,0.0003,4.362577438354492
subend_leak_dir_only,1337,test,sUbend_021__f15,15.624887309968472,306.6862225532532,nan,nan,nan,nan,0.9273,0.9967670440673828,0.0,4.608468055725098
subend_leak_dir_only,1337,test,sUbend_021__f16,15.624887309968472,306.6862225532532,nan,nan,nan,nan,0.9061,0.9962965846061707,0.0,4.9325666427612305
subend_leak_dir_only,1337,test,sUbend_021__f17,15.624887309968472,306.6862225532532,nan,nan,nan,nan,0.8847,0.995926558971405,0.0001,5.173278331756592
subend_leak_dir_only,1337,test,sUbend_021__f18,15.624887309968472,306.6862225532532,nan,nan,nan,nan,0.8851,0.9962361454963684,0.0,4.972678184509277
subend_leak_dir_only,1337,test,sUbend_021__f19,15.624887309968472,306.6862225532532,nan,nan,nan,nan,0.877,0.9966690540313721,0.0001,4.677783012390137
subend_leak_dir_only,1337,test,sUbend_021__f20,15.624887309968472,306.6862225532532,nan,nan,nan,nan,0.8932,0.9971346855163574,0.0001,4.338379859924316
subend_leak_dir_only,1337,test,sUbend_021__f21,15.624887309968472,306.6862225532532,nan,nan,nan,nan,0.9233,0.9976339340209961,0.0,3.9421825408935547
subend_leak_dir_only,1337,test,sUbend_021__f22,15.624887309968472,306.6862225532532,nan,nan,nan,nan,0.9392,0.9978060722351074,0.0,3.795991897583008
subend_leak_dir_only,1337,test,sUbend_021__f23,15.624887309968472,306.6862225532532,nan,nan,nan,nan,0.9494,0.9978796243667603,0.0001,3.731820821762085
subend_leak_dir_only,1337,test,sUbend_021__f24,15.624887309968472,306.6862225532532,nan,nan,nan,nan,0.9505,0.9979464411735535,0.0,3.6725316047668457
subend_leak_dir_only,1337,test,sUbend_022__f00,15.591314062476158,303.772509098053,nan,nan,nan,nan,0.4399,0.9807617664337158,0.0003,11.2568941116333
subend_leak_dir_only,1337,test,sUbend_022__f01,15.591314062476158,303.772509098053,nan,nan,nan,nan,0.4272,0.9801468849182129,0.0012,11.435979843139648
subend_leak_dir_only,1337,test,sUbend_022__f02,15.591314062476158,303.772509098053,nan,nan,nan,nan,0.4235,0.9796710014343262,0.0004,11.572691917419434
subend_leak_dir_only,1337,test,sUbend_022__f03,15.591314062476158,303.772509098053,nan,nan,nan,nan,0.4266,0.9796972274780273,0.0,11.565191268920898
subend_leak_dir_only,1337,test,sUbend_022__f04,15.591314062476158,303.772509098053,nan,nan,nan,nan,0.7757,0.996284008026123,0.0003,4.940959930419922
subend_leak_dir_only,1337,test,sUbend_022__f05,15.591314062476158,303.772509098053,nan,nan,nan,nan,0.9931,0.9990977048873901,0.0,2.4341344833374023
subend_leak_dir_only,1337,test,sUbend_022__f06,15.591314062476158,303.772509098053,nan,nan,nan,nan,0.9973,0.9991855621337891,0.0,2.3125338554382324
subend_leak_dir_only,1337,test,sUbend_022__f07,15.591314062476158,303.772509098053,nan,nan,nan,nan,0.9963,0.9989889860153198,0.0,2.576672077178955
subend_leak_dir_only,1337,test,sUbend_022__f08,15.591314062476158,303.772509098053,nan,nan,nan,nan,0.9783,0.9988448619842529,0.0002,2.7542057037353516
subend_leak_dir_only,1337,test,sUbend_022__f09,15.591314062476158,303.772509098053,nan,nan,nan,nan,0.9129,0.9987473487854004,0.0085,2.8680906295776367
subend_leak_dir_only,1337,test,sUbend_022__f10,15.591314062476158,303.772509098053,nan,nan,nan,nan,0.8956,0.9986345767974854,0.0019,2.9944422245025635
subend_leak_dir_only,1337,test,sUbend_022__f11,15.591314062476158,303.772509098053,nan,nan,nan,nan,0.8884,0.9982159733772278,0.0002,3.4229679107666016
subend_leak_dir_only,1337,test,sUbend_022__f12,15.591314062476158,303.772509098053,nan,nan,nan,nan,0.8015,0.9972839951515198,0.0,4.223779201507568
subend_leak_dir_only,1337,test,sUbend_022__f13,15.591314062476158,303.772509098053,nan,nan,nan,nan,0.7608,0.9968205094337463,0.0,4.57016134262085
subend_leak_dir_only,1337,test,sUbend_022__f14,15.591314062476158,303.772509098053,nan,nan,nan,nan,0.7316,0.9955922961235046,0.0,5.381501197814941
subend_leak_dir_only,1337,test,sUbend_022__f15,15.591314062476158,303.772509098053,nan,nan,nan,nan,0.6631,0.9923408627510071,0.0001,7.095861434936523
subend_leak_dir_only,1337,test,sUbend_022__f16,15.591314062476158,303.772509098053,nan,nan,nan,nan,0.6222,0.9904307126998901,0.0003,7.932760238647461
subend_leak_dir_only,1337,test,sUbend_022__f17,15.591314062476158,303.772509098053,nan,nan,nan,nan,0.5668,0.9884155988693237,0.0,8.729615211486816
subend_leak_dir_only,1337,test,sUbend_022__f18,15.591314062476158,303.772509098053,nan,nan,nan,nan,0.5301,0.9866663813591003,0.0,9.366888046264648
subend_leak_dir_only,1337,test,sUbend_022__f19,15.591314062476158,303.772509098053,nan,nan,nan,nan,0.5828,0.9889797568321228,0.0001,8.513984680175781
subend_leak_dir_only,1337,test,sUbend_022__f20,15.591314062476158,303.772509098053,nan,nan,nan,nan,0.6151,0.9905940294265747,0.0,7.864656448364258
subend_leak_dir_only,1337,test,sUbend_022__f21,15.591314062476158,303.772509098053,nan,nan,nan,nan,0.5873,0.9893020391464233,0.0,8.388340950012207
subend_leak_dir_only,1337,test,sUbend_022__f22,15.591314062476158,303.772509098053,nan,nan,nan,nan,0.5754,0.988659143447876,0.0,8.637187957763672
subend_leak_dir_only,1337,test,sUbend_022__f23,15.591314062476158,303.772509098053,nan,nan,nan,nan,0.5147,0.9854533672332764,0.0002,9.784671783447266
subend_leak_dir_only,1337,test,sUbend_022__f24,15.591314062476158,303.772509098053,nan,nan,nan,nan,0.4705,0.9827718138694763,0.0001,10.6508150100708
subend_leak_dir_only,1337,val,sUbend_016__f00,15.276375226676464,316.95735454559326,nan,nan,nan,nan,0.7731,0.995753824710846,0.0004,5.281902313232422
subend_leak_dir_only,1337,val,sUbend_016__f01,15.276375226676464,316.95735454559326,nan,nan,nan,nan,0.8422,0.9970490336418152,0.0002,4.402775764465332
subend_leak_dir_only,1337,val,sUbend_016__f02,15.276375226676464,316.95735454559326,nan,nan,nan,nan,0.8756,0.9974392652511597,0.0012,4.101239204406738
subend_leak_dir_only,1337,val,sUbend_016__f03,15.276375226676464,316.95735454559326,nan,nan,nan,nan,0.9027,0.9978176355361938,0.0002,3.785971164703369
subend_leak_dir_only,1337,val,sUbend_016__f04,15.276375226676464,316.95735454559326,nan,nan,nan,nan,0.796,0.9960750341415405,0.0002,5.078077793121338
subend_leak_dir_only,1337,val,sUbend_016__f05,15.276375226676464,316.95735454559326,nan,nan,nan,nan,0.4611,0.9815966486930847,0.0616,11.009163856506348
subend_leak_dir_only,1337,val,sUbend_016__f06,15.276375226676464,316.95735454559326,nan,nan,nan,nan,0.9677,0.9982718229293823,0.0,3.3689188957214355
subend_leak_dir_only,1337,val,sUbend_016__f07,15.276375226676464,316.95735454559326,nan,nan,nan,nan,0.9714,0.998757004737854,0.0,2.8570809364318848
subend_leak_dir_only,1337,val,sUbend_016__f08,15.276375226676464,316.95735454559326,nan,nan,nan,nan,0.9558,0.9985122680664062,0.0015,3.125715494155884
subend_leak_dir_only,1337,val,sUbend_016__f09,15.276375226676464,316.95735454559326,nan,nan,nan,nan,0.9002,0.9979202747344971,0.0049,3.6958634853363037
subend_leak_dir_only,1337,val,sUbend_016__f10,15.276375226676464,316.95735454559326,nan,nan,nan,nan,0.8444,0.9980261325836182,0.0103,3.60054349899292
subend_leak_dir_only,1337,val,sUbend_016__f11,15.276375226676464,316.95735454559326,nan,nan,nan,nan,0.8239,0.9972875118255615,0.0045,4.221042633056641
subend_leak_dir_only,1337,val,sUbend_016__f12,15.276375226676464,316.95735454559326,nan,nan,nan,nan,0.811,0.9965083003044128,0.002,4.78941535949707
subend_leak_dir_only,1337,val,sUbend_016__f13,15.276375226676464,316.95735454559326,nan,nan,nan,nan,0.713,0.9950774908065796,0.0003,5.687339782714844
subend_leak_dir_only,1337,val,sUbend_016__f14,15.276375226676464,316.95735454559326,nan,nan,nan,nan,0.6283,0.9914127588272095,0.0004,7.514064788818359
subend_leak_dir_only,1337,val,sUbend_016__f15,15.276375226676464,316.95735454559326,nan,nan,nan,nan,0.6485,0.9912765622138977,0.0006,7.5735182762146
subend_leak_dir_only,1337,val,sUbend_016__f16,15.276375226676464,316.95735454559326,nan,nan,nan,nan,0.7201,0.9941815137863159,0.0,6.183755874633789
subend_leak_dir_only,1337,val,sUbend_016__f17,15.276375226676464,316.95735454559326,nan,nan,nan,nan,0.7134,0.9938840866088867,0.0001,6.34000825881958
subend_leak_dir_only,1337,val,sUbend_016__f18,15.276375226676464,316.95735454559326,nan,nan,nan,nan,0.6652,0.9918462038040161,0.0003,7.3217315673828125
subend_leak_dir_only,1337,val,sUbend_016__f19,15.276375226676464,316.95735454559326,nan,nan,nan,nan,0.6167,0.9901680946350098,0.0008,8.04105281829834
subend_leak_dir_only,1337,val,sUbend_016__f20,15.276375226676464,316.95735454559326,nan,nan,nan,nan,0.624,0.9903436899185181,0.0007,7.968807220458984
subend_leak_dir_only,1337,val,sUbend_016__f21,15.276375226676464,316.95735454559326,nan,nan,nan,nan,0.6307,0.9907707571983337,0.0003,7.790318489074707
subend_leak_dir_only,1337,val,sUbend_016__f22,15.276375226676464,316.95735454559326,nan,nan,nan,nan,0.6368,0.9913836717605591,0.0001,7.526798248291016
subend_leak_dir_only,1337,val,sUbend_016__f23,15.276375226676464,316.95735454559326,nan,nan,nan,nan,0.6999,0.9937998652458191,0.0,6.38355827331543
subend_leak_dir_only,1337,val,sUbend_016__f24,15.276375226676464,316.95735454559326,nan,nan,nan,nan,0.7398,0.9947088956832886,0.0006,5.896610260009766
subend_leak_dir_only,1337,val,sUbend_019__f00,16.874685883522034,320.8715319633484,nan,nan,nan,nan,0.4491,0.9822925925254822,0.0004,10.798365592956543
subend_leak_dir_only,1337,val,sUbend_019__f01,16.874685883522034,320.8715319633484,nan,nan,nan,nan,0.4964,0.9846554398536682,0.0004,10.050132751464844
subend_leak_dir_only,1337,val,sUbend_019__f02,16.874685883522034,320.8715319633484,nan,nan,nan,nan,0.5739,0.9884580373764038,0.0,8.713556289672852
subend_leak_dir_only,1337,val,sUbend_019__f03,16.874685883522034,320.8715319633484,nan,nan,nan,nan,0.7009,0.9941244721412659,0.0,6.214037895202637
subend_leak_dir_only,1337,val,sUbend_019__f04,16.874685883522034,320.8715319633484,nan,nan,nan,nan,0.8074,0.9970594048500061,0.0,4.395028591156006
subend_leak_dir_only,1337,val,sUbend_019__f05,16.874685883522034,320.8715319633484,nan,nan,nan,nan,0.9303,0.9986631274223328,0.0,2.9629955291748047
subend_leak_dir_only,1337,val,sUbend_019__f06,16.874685883522034,320.8715319633484,nan,nan,nan,nan,0.9983,0.9988365173339844,0.0,2.7641377449035645
subend_leak_dir_only,1337,val,sUbend_019__f07,16.874685883522034,320.8715319633484,nan,nan,nan,nan,0.9863,0.9988470077514648,0.0001,2.751645803451538
subend_leak_dir_only,1337,val,sUbend_019__f08,16.874685883522034,320.8715319633484,nan,nan,nan,nan,0.9622,0.99891197681427,0.0032,2.6730189323425293
subend_leak_dir_only,1337,val,sUbend_019__f09,16.874685883522034,320.8715319633484,nan,nan,nan,nan,0.9258,0.9986137747764587,0.0018,3.0172038078308105
subend_leak_dir_only,1337,val,sUbend_019__f10,16.874685883522034,320.8715319633484,nan,nan,nan,nan,0.9098,0.9984419345855713,0.0023,3.19876766204834
subend_leak_dir_only,1337,val,sUbend_019__f11,16.874685883522034,320.8715319633484,nan,nan,nan,nan,0.9054,0.9982709288597107,0.0003,3.3698196411132812
subend_leak_dir_only,1337,val,sUbend_019__f12,16.874685883522034,320.8715319633484,nan,nan,nan,nan,0.8446,0.9980934858322144,0.0,3.5385608673095703
subend_leak_dir_only,1337,val,sUbend_019__f13,16.874685883522034,320.8715319633484,nan,nan,nan,nan,0.7987,0.9973154664039612,0.0,4.199225902557373
subend_leak_dir_only,1337,val,sUbend_019__f14,16.874685883522034,320.8715319633484,nan,nan,nan,nan,0.7178,0.9944638013839722,0.0,6.03177547454834
subend_leak_dir_only,1337,val,sUbend_019__f15,16.874685883522034,320.8715319633484,nan,nan,nan,nan,0.6532,0.9904047250747681,0.0,7.943554401397705
subend_leak_dir_only,1337,val,sUbend_019__f16,16.874685883522034,320.8715319633484,nan,nan,nan,nan,0.6493,0.9899935722351074,0.0001,8.112224578857422
subend_leak_dir_only,1337,val,sUbend_019__f17,16.874685883522034,320.8715319633484,nan,nan,nan,nan,0.6293,0.9897209405899048,0.0,8.222168922424316
subend_leak_dir_only,1337,val,sUbend_019__f18,16.874685883522034,320.8715319633484,nan,nan,nan,nan,0.5798,0.9880818724632263,0.0001,8.854700088500977
subend_leak_dir_only,1337,val,sUbend_019__f19,16.874685883522034,320.8715319633484,nan,nan,nan,nan,0.5742,0.9880669116973877,0.0001,8.860279083251953
subend_leak_dir_only,1337,val,sUbend_019__f20,16.874685883522034,320.8715319633484,nan,nan,nan,nan,0.5334,0.9864057302474976,0.0006,9.458206176757812
subend_leak_dir_only,1337,val,sUbend_019__f21,16.874685883522034,320.8715319633484,nan,nan,nan,nan,0.4964,0.9846293926239014,0.0006,10.058679580688477
subend_leak_dir_only,1337,val,sUbend_019__f22,16.874685883522034,320.8715319633484,nan,nan,nan,nan,0.4533,0.9827199578285217,0.0009,10.666879653930664
subend_leak_dir_only,1337,val,sUbend_019__f23,16.874685883522034,320.8715319633484,nan,nan,nan,nan,0.4489,0.9822967648506165,0.0004,10.797090530395508
subend_leak_dir_only,1337,val,sUbend_019__f24,16.874685883522034,320.8715319633484,nan,nan,nan,nan,0.4357,0.9818657636642456,0.0002,10.92812728881836
subend_leak_dir_only,1337,val,sUbend_023__f00,15.804242342710495,319.2725479602814,nan,nan,nan,nan,0.4916,0.9843798875808716,0.0039,10.140192031860352
subend_leak_dir_only,1337,val,sUbend_023__f01,15.804242342710495,319.2725479602814,nan,nan,nan,nan,0.486,0.9841244220733643,0.0019,10.223014831542969
subend_leak_dir_only,1337,val,sUbend_023__f02,15.804242342710495,319.2725479602814,nan,nan,nan,nan,0.5048,0.9850789308547974,0.0037,9.910113334655762
subend_leak_dir_only,1337,val,sUbend_023__f03,15.804242342710495,319.2725479602814,nan,nan,nan,nan,0.5207,0.98585045337677,0.0087,9.64988899230957
subend_leak_dir_only,1337,val,sUbend_023__f04,15.804242342710495,319.2725479602814,nan,nan,nan,nan,0.5773,0.988595187664032,0.0011,8.661543846130371
subend_leak_dir_only,1337,val,sUbend_023__f05,15.804242342710495,319.2725479602814,nan,nan,nan,nan,0.8971,0.9966219067573547,0.0,4.710811614990234
subend_leak_dir_only,1337,val,sUbend_023__f06,15.804242342710495,319.2725479602814,nan,nan,nan,nan,0.9303,0.9974020719528198,0.0,4.130928993225098
subend_leak_dir_only,1337,val,sUbend_023__f07,15.804242342710495,319.2725479602814,nan,nan,nan,nan,0.975,0.9983923435211182,0.0,3.249319553375244
subend_leak_dir_only,1337,val,sUbend_023__f08,15.804242342710495,319.2725479602814,nan,nan,nan,nan,0.9654,0.9983412623405457,0.0001,3.300551414489746
subend_leak_dir_only,1337,val,sUbend_023__f09,15.804242342710495,319.2725479602814,nan,nan,nan,nan,0.864,0.9973012208938599,0.01,4.210334300994873
subend_leak_dir_only,1337,val,sUbend_023__f10,15.804242342710495,319.2725479602814,nan,nan,nan,nan,0.8383,0.9975333213806152,0.0039,4.025160312652588
subend_leak_dir_only,1337,val,sUbend_023__f11,15.804242342710495,319.2725479602814,nan,nan,nan,nan,0.8264,0.9972518682479858,0.0009,4.248721122741699
subend_leak_dir_only,1337,val,sUbend_023__f12,15.804242342710495,319.2725479602814,nan,nan,nan,nan,0.8407,0.9970964193344116,0.0001,4.367243766784668
subend_leak_dir_only,1337,val,sUbend_023__f13,15.804242342710495,319.2725479602814,nan,nan,nan,nan,0.8216,0.9969969987869263,0.0,4.441464900970459
subend_leak_dir_only,1337,val,sUbend_023__f14,15.804242342710495,319.2725479602814,nan,nan,nan,nan,0.7773,0.9950965642929077,0.0,5.676318645477295
subend_leak_dir_only,1337,val,sUbend_023__f15,15.804242342710495,319.2725479602814,nan,nan,nan,nan,0.716,0.9928483366966248,0.0001,6.8564653396606445
subend_leak_dir_only,1337,val,sUbend_023__f16,15.804242342710495,319.2725479602814,nan,nan,nan,nan,0.6839,0.9915134906768799,0.0,7.469826698303223
subend_leak_dir_only,1337,val,sUbend_023__f17,15.804242342710495,319.2725479602814,nan,nan,nan,nan,0.6486,0.9910768270492554,0.0,7.659857749938965
subend_leak_dir_only,1337,val,sUbend_023__f18,15.804242342710495,319.2725479602814,nan,nan,nan,nan,0.6135,0.9900102615356445,0.0,8.105432510375977
subend_leak_dir_only,1337,val,sUbend_023__f19,15.804242342710495,319.2725479602814,nan,nan,nan,nan,0.5932,0.988920271396637,0.0004,8.53697395324707
subend_leak_dir_only,1337,val,sUbend_023__f20,15.804242342710495,319.2725479602814,nan,nan,nan,nan,0.5657,0.9877933263778687,0.0009,8.961465835571289
subend_leak_dir_only,1337,val,sUbend_023__f21,15.804242342710495,319.2725479602814,nan,nan,nan,nan,0.5288,0.9861199259757996,0.0013,9.557341575622559
subend_leak_dir_only,1337,val,sUbend_023__f22,15.804242342710495,319.2725479602814,nan,nan,nan,nan,0.5195,0.9857052564620972,0.0023,9.699392318725586
subend_leak_dir_only,1337,val,sUbend_023__f23,15.804242342710495,319.2725479602814,nan,nan,nan,nan,0.4885,0.9842712879180908,0.0015,10.175493240356445
subend_leak_dir_only,1337,val,sUbend_023__f24,15.804242342710495,319.2725479602814,nan,nan,nan,nan,0.4909,0.9843648672103882,0.0031,10.14508056640625
subend_leak_dir_only,2026,test,sUbend_012__f00,15.559647232294083,316.79895520210266,nan,nan,nan,nan,0.714,0.996375322341919,0.0,4.8798370361328125
subend_leak_dir_only,2026,test,sUbend_012__f01,15.559647232294083,316.79895520210266,nan,nan,nan,nan,0.7041,0.9960460662841797,0.0,5.096795082092285
subend_leak_dir_only,2026,test,sUbend_012__f02,15.559647232294083,316.79895520210266,nan,nan,nan,nan,0.6777,0.9948906898498535,0.0,5.794354438781738
subend_leak_dir_only,2026,test,sUbend_012__f03,15.559647232294083,316.79895520210266,nan,nan,nan,nan,0.5799,0.990147590637207,0.0,8.049459457397461
subend_leak_dir_only,2026,test,sUbend_012__f04,15.559647232294083,316.79895520210266,nan,nan,nan,nan,0.4918,0.9842747449874878,0.0002,10.174362182617188
subend_leak_dir_only,2026,test,sUbend_012__f05,15.559647232294083,316.79895520210266,nan,nan,nan,nan,0.6357,0.9941970109939575,0.0005,6.175506591796875
subend_leak_dir_only,2026,test,sUbend_012__f06,15.559647232294083,316.79895520210266,nan,nan,nan,nan,0.962,0.9985544681549072,0.0,3.081085681915283
subend_leak_dir_only,2026,test,sUbend_012__f07,15.559647232294083,316.79895520210266,nan,nan,nan,nan,0.9322,0.9987733364105225,0.0011,2.838176965713501
subend_leak_dir_only,2026,test,sUbend_012__f08,15.559647232294083,316.79895520210266,nan,nan,nan,nan,0.889,0.9983704686164856,0.0029,3.2713570594787598
subend_leak_dir_only,2026,test,sUbend_012__f09,15.559647232294083,316.79895520210266,nan,nan,nan,nan,0.8816,0.9980014562606812,0.0,3.623014450073242
subend_leak_dir_only,2026,test,sUbend_012__f10,15.559647232294083,316.79895520210266,nan,nan,nan,nan,0.8394,0.9978827238082886,0.0,3.7291173934936523
subend_leak_dir_only,2026,test,sUbend_012__f11,15.559647232294083,316.79895520210266,nan,nan,nan,nan,0.8815,0.99800705909729,0.0,3.617903232574463
subend_leak_dir_only,2026,test,sUbend_012__f12,15.559647232294083,316.79895520210266,nan,nan,nan,nan,0.8448,0.9976118803024292,0.0,3.960543632507324
subend_leak_dir_only,2026,test,sUbend_012__f13,15.559647232294083,316.79895520210266,nan,nan,nan,nan,0.7828,0.9974064826965332,0.0,4.127419471740723
subend_leak_dir_only,2026,test,sUbend_012__f14,15.559647232294083,316.79895520210266,nan,nan,nan,nan,0.7334,0.9962687492370605,0.0,4.951080322265625
subend_leak_dir_only,2026,test,sUbend_012__f15,15.559647232294083,316.79895520210266,nan,nan,nan,nan,0.6615,0.9924911260604858,0.0,7.025822162628174
subend_leak_dir_only,2026,test,sUbend_012__f16,15.559647232294083,316.79895520210266,nan,nan,nan,nan,0.6148,0.9904762506484985,0.0,7.913820743560791
subend_leak_dir_only,2026,test,sUbend_012__f17,15.559647232294083,316.79895520210266,nan,nan,nan,nan,0.6438,0.9919751882553101,0.0,7.26351261138916
subend_leak_dir_only,2026,test,sUbend_012__f18,15.559647232294083,316.79895520210266,nan,nan,nan,nan,0.669,0.9940369725227356,0.0,6.260182857513428
subend_leak_dir_only,2026,test,sUbend_012__f19,15.559647232294083,316.79895520210266,nan,nan,nan,nan,0.6881,0.9953961372375488,0.0,5.500054359436035
subend_leak_dir_only,2026,test,sUbend_012__f20,15.559647232294083,316.79895520210266,nan,nan,nan,nan,0.689,0.9958564043045044,0.0,5.2176666259765625
subend_leak_dir_only,2026,test,sUbend_012__f21,15.559647232294083,316.79895520210266,nan,nan,nan,nan,0.6899,0.9957796335220337,0.0001,5.265812873840332
subend_leak_dir_only,2026,test,sUbend_012__f22,15.559647232294083,316.79895520210266,nan,nan,nan,nan,0.6799,0.9958249926567078,0.0006,5.237420558929443
subend_leak_dir_only,2026,test,sUbend_012__f23,15.559647232294083,316.79895520210266,nan,nan,nan,nan,0.6885,0.9959782361984253,0.0001,5.140315532684326
subend_leak_dir_only,2026,test,sUbend_012__f24,15.559647232294083,316.79895520210266,nan,nan,nan,nan,0.7035,0.9961502552032471,0.0,5.02915096282959
subend_leak_dir_only,2026,test,sUbend_021__f00,15.624887309968472,306.6862225532532,nan,nan,nan,nan,0.9779,0.9986526966094971,0.0,2.9745678901672363
subend_leak_dir_only,2026,test,sUbend_021__f01,15.624887309968472,306.6862225532532,nan,nan,nan,nan,0.9818,0.9986312985420227,0.0001,2.998068332672119
subend_leak_dir_only,2026,test,sUbend_021__f02,15.624887309968472,306.6862225532532,nan,nan,nan,nan,0.9669,0.9985842704772949,0.0002,3.0491833686828613
subend_leak_dir_only,2026,test,sUbend_021__f03,15.624887309968472,306.6862225532532,nan,nan,nan,nan,0.968,0.9984906911849976,0.0004,3.1483378410339355
subend_leak_dir_only,2026,test,sUbend_021__f04,15.624887309968472,306.6862225532532,nan,nan,nan,nan,0.8174,0.9962624311447144,0.0005,4.955292701721191
subend_leak_dir_only,2026,test,sUbend_021__f05,15.624887309968472,306.6862225532532,nan,nan,nan,nan,0.7408,0.9940224885940552,0.001,6.267788887023926
subend_leak_dir_only,2026,test,sUbend_021__f06,15.624887309968472,306.6862225532532,nan,nan,nan,nan,0.9965,0.9993075132369995,0.0001,2.1324448585510254
subend_leak_dir_only,2026,test,sUbend_021__f07,15.624887309968472,306.6862225532532,nan,nan,nan,nan,0.9768,0.9994335174560547,0.0,1.9285902976989746
subend_leak_dir_only,2026,test,sUbend_021__f08,15.624887309968472,306.6862225532532,nan,nan,nan,nan,0.9348,0.9992107152938843,0.001,2.276580572128296
subend_leak_dir_only,2026,test,sUbend_021__f09,15.624887309968472,306.6862225532532,nan,nan,nan,nan,0.942,0.9990200996398926,0.0004,2.5366318225860596
subend_leak_dir_only,2026,test,sUbend_021__f10,15.624887309968472,306.6862225532532,nan,nan,nan,nan,0.9759,0.9990315437316895,0.0,2.5218119621276855
subend_leak_dir_only,2026,test,sUbend_021__f11,15.624887309968472,306.6862225532532,nan,nan,nan,nan,0.9779,0.9988675713539124,0.0,2.7269930839538574
subend_leak_dir_only,2026,test,sUbend_021__f12,15.624887309968472,306.6862225532532,nan,nan,nan,nan,0.9787,0.9986929297447205,0.0,2.9297757148742676
subend_leak_dir_only,2026,test,sUbend_021__f13,15.624887309968472,306.6862225532532,nan,nan,nan,nan,0.969,0.9983229637145996,0.0,3.3187413215637207
subend_leak_dir_only,2026,test,sUbend_021__f14,15.624887309968472,306.6862225532532,nan,nan,nan,nan,0.946,0.9980390071868896,0.0003,3.588778018951416
subend_leak_dir_only,2026,test,sUbend_021__f15,15.624887309968472,306.6862225532532,nan,nan,nan,nan,0.9217,0.9974531531333923,0.0,4.09007453918457
subend_leak_dir_only,2026,test,sUbend_021__f16,15.624887309968472,306.6862225532532,nan,nan,nan,nan,0.8974,0.9966670274734497,0.0,4.679248809814453
subend_leak_dir_only,2026,test,sUbend_021__f17,15.624887309968472,306.6862225532532,nan,nan,nan,nan,0.8857,0.9963614344596863,0.0,4.889162540435791
subend_leak_dir_only,2026,test,sUbend_021__f18,15.624887309968472,306.6862225532532,nan,nan,nan,nan,0.9107,0.9970612525939941,0.0,4.393624305725098
subend_leak_dir_only,2026,test,sUbend_021__f19,15.624887309968472,306.6862225532532,nan,nan,nan,nan,0.9159,0.9976372122764587,0.0,3.9394493103027344
subend_leak_dir_only,2026,test,sUbend_021__f20,15.624887309968472,306.6862225532532,nan,nan,nan,nan,0.9278,0.9981245994567871,0.0,3.509586811065674
subend_leak_dir_only,2026,test,sUbend_021__f21,15.624887309968472,306.6862225532532,nan,nan,nan,nan,0.9479,0.9983872175216675,0.0,3.254467010498047
subend_leak_dir_only,2026,test,sUbend_021__f22,15.624887309968472,306.6862225532532,nan,nan,nan,nan,0.9573,0.9986140727996826,0.0001,3.0168471336364746
subend_leak_dir_only,2026,test,sUbend_021__f23,15.624887309968472,306.6862225532532,nan,nan,nan,nan,0.9694,0.9987130165100098,0.0,2.9071717262268066
subend_leak_dir_only,2026,test,sUbend_021__f24,15.624887309968472,306.6862225532532,nan,nan,nan,nan,0.972,0.9987086057662964,0.0,2.9121501445770264
subend_leak_dir_only,2026,test,sUbend_022__f00,15.591314062476158,303.772509098053,nan,nan,nan,nan,0.4771,0.9836068749427795,0.0,10.38875675201416
subend_leak_dir_only,2026,test,sUbend_022__f01,15.591314062476158,303.772509098053,nan,nan,nan,nan,0.4779,0.9835144877433777,0.0009,10.418069839477539
subend_leak_dir_only,2026,test,sUbend_022__f02,15.591314062476158,303.772509098053,nan,nan,nan,nan,0.4748,0.9834332466125488,0.0004,10.443771362304688
subend_leak_dir_only,2026,test,sUbend_022__f03,15.591314062476158,303.772509098053,nan,nan,nan,nan,0.4806,0.9838515520095825,0.0,10.310723304748535
subend_leak_dir_only,2026,test,sUbend_022__f04,15.591314062476158,303.772509098053,nan,nan,nan,nan,0.7971,0.9968922734260559,0.0001,4.51826286315918
subend_leak_dir_only,2026,test,sUbend_022__f05,15.591314062476158,303.772509098053,nan,nan,nan,nan,0.9949,0.9992403984069824,0.0,2.2333126068115234
subend_leak_dir_only,2026,test,sUbend_022__f06,15.591314062476158,303.772509098053,nan,nan,nan,nan,0.9957,0.9994001388549805,0.0,1.9846534729003906
subend_leak_dir_only,2026,test,sUbend_022__f07,15.591314062476158,303.772509098053,nan,nan,nan,nan,0.9956,0.9994504451751709,0.0,1.8996038436889648
subend_leak_dir_only,2026,test,sUbend_022__f08,15.591314062476158,303.772509098053,nan,nan,nan,nan,0.979,0.9994291067123413,0.0003,1.9361355304718018
subend_leak_dir_only,2026,test,sUbend_022__f09,15.591314062476158,303.772509098053,nan,nan,nan,nan,0.9418,0.999351441860199,0.0012,2.063647747039795
subend_leak_dir_only,2026,test,sUbend_022__f10,15.591314062476158,303.772509098053,nan,nan,nan,nan,0.9294,0.9992269277572632,0.0006,2.2531180381774902
subend_leak_dir_only,2026,test,sUbend_022__f11,15.591314062476158,303.772509098053,nan,nan,nan,nan,0.9177,0.9989677667617798,0.0,2.6035377979278564
subend_leak_dir_only,2026,test,sUbend_022__f12,15.591314062476158,303.772509098053,nan,nan,nan,nan,0.8339,0.9985103607177734,0.0,3.127718925476074
subend_leak_dir_only,2026,test,sUbend_022__f13,15.591314062476158,303.772509098053,nan,nan,nan,nan,0.8238,0.9981809854507446,0.0,3.456408977508545
subend_leak_dir_only,2026,test,sUbend_022__f14,15.591314062476158,303.772509098053,nan,nan,nan,nan,0.7883,0.9967259168624878,0.0,4.63768196105957
subend_leak_dir_only,2026,test,sUbend_022__f15,15.591314062476158,303.772509098053,nan,nan,nan,nan,0.7278,0.9938481450080872,0.0001,6.3586297035217285
subend_leak_dir_only,2026,test,sUbend_022__f16,15.591314062476158,303.772509098053,nan,nan,nan,nan,0.6877,0.9927211403846741,0.0,6.917243480682373
subend_leak_dir_only,2026,test,sUbend_022__f17,15.591314062476158,303.772509098053,nan,nan,nan,nan,0.6404,0.9912394881248474,0.0,7.589617729187012
subend_leak_dir_only,2026,test,sUbend_022__f18,15.591314062476158,303.772509098053,nan,nan,nan,nan,0.6162,0.9903907775878906,0.0,7.949335098266602
subend_leak_dir_only,2026,test,sUbend_022__f19,15.591314062476158,303.772509098053,nan,nan,nan,nan,0.6613,0.992590606212616,0.0001,6.979068756103516
subend_leak_dir_only,2026,test,sUbend_022__f20,15.591314062476158,303.772509098053,nan,nan,nan,nan,0.6726,0.9931907057762146,0.0002,6.690142631530762
subend_leak_dir_only,2026,test,sUbend_022__f21,15.591314062476158,303.772509098053,nan,nan,nan,nan,0.6443,0.992302656173706,0.0002,7.113560676574707
subend_leak_dir_only,2026,test,sUbend_022__f22,15.591314062476158,303.772509098053,nan,nan,nan,nan,0.6346,0.9914273619651794,0.0,7.50767707824707
subend_leak_dir_only,2026,test,sUbend_022__f23,15.591314062476158,303.772509098053,nan,nan,nan,nan,0.5594,0.9879811406135559,0.0,8.892117500305176
subend_leak_dir_only,2026,test,sUbend_022__f24,15.591314062476158,303.772509098053,nan,nan,nan,nan,0.5209,0.9859645962715149,0.0,9.610794067382812
subend_leak_dir_only,2026,val,sUbend_016__f00,15.276375226676464,316.95735454559326,nan,nan,nan,nan,0.7796,0.9953297972679138,0.0001,5.539551734924316
subend_leak_dir_only,2026,val,sUbend_016__f01,15.276375226676464,316.95735454559326,nan,nan,nan,nan,0.8506,0.9964081048965454,0.0002,4.857666015625
subend_leak_dir_only,2026,val,sUbend_016__f02,15.276375226676464,316.95735454559326,nan,nan,nan,nan,0.8772,0.9968931674957275,0.0002,4.517634391784668
subend_leak_dir_only,2026,val,sUbend_016__f03,15.276375226676464,316.95735454559326,nan,nan,nan,nan,0.9085,0.9972413778305054,0.0,4.256826400756836
subend_leak_dir_only,2026,val,sUbend_016__f04,15.276375226676464,316.95735454559326,nan,nan,nan,nan,0.7786,0.9956965446472168,0.0001,5.3174519538879395
subend_leak_dir_only,2026,val,sUbend_016__f05,15.276375226676464,316.95735454559326,nan,nan,nan,nan,0.4454,0.9797191619873047,0.044,11.558919906616211
subend_leak_dir_only,2026,val,sUbend_016__f06,15.276375226676464,316.95735454559326,nan,nan,nan,nan,0.9873,0.9976018667221069,0.0,3.9688167572021484
subend_leak_dir_only,2026,val,sUbend_016__f07,15.276375226676464,316.95735454559326,nan,nan,nan,nan,0.9836,0.9981791973114014,0.0,3.4580512046813965
subend_leak_dir_only,2026,val,sUbend_016__f08,15.276375226676464,316.95735454559326,nan,nan,nan,nan,0.9623,0.9982738494873047,0.0003,3.3669424057006836
subend_leak_dir_only,2026,val,sUbend_016__f09,15.276375226676464,316.95735454559326,nan,nan,nan,nan,0.9131,0.9977056980133057,0.0012,3.88193941116333
subend_leak_dir_only,2026,val,sUbend_016__f10,15.276375226676464,316.95735454559326,nan,nan,nan,nan,0.8748,0.9976167678833008,0.0006,3.9564380645751953
subend_leak_dir_only,2026,val,sUbend_016__f11,15.276375226676464,316.95735454559326,nan,nan,nan,nan,0.8414,0.9970142841339111,0.0002,4.428613662719727
subend_leak_dir_only,2026,val,sUbend_016__f12,15.276375226676464,316.95735454559326,nan,nan,nan,nan,0.8363,0.9965561628341675,0.0004,4.756457328796387
subend_leak_dir_only,2026,val,sUbend_016__f13,15.276375226676464,316.95735454559326,nan,nan,nan,nan,0.744,0.9948514103889465,0.0001,5.816587448120117
subend_leak_dir_only,2026,val,sUbend_016__f14,15.276375226676464,316.95735454559326,nan,nan,nan,nan,0.6373,0.9910242557525635,0.0001,7.682410717010498
subend_leak_dir_only,2026,val,sUbend_016__f15,15.276375226676464,316.95735454559326,nan,nan,nan,nan,0.6424,0.9908972978591919,0.0001,7.736633777618408
subend_leak_dir_only,2026,val,sUbend_016__f16,15.276375226676464,316.95735454559326,nan,nan,nan,nan,0.7241,0.9937412738800049,0.0,6.4136962890625
subend_leak_dir_only,2026,val,sUbend_016__f17,15.276375226676464,316.95735454559326,nan,nan,nan,nan,0.6989,0.993374228477478,0.0006,6.59928560256958
subend_leak_dir_only,2026,val,sUbend_016__f18,15.276375226676464,316.95735454559326,nan,nan,nan,nan,0.6618,0.991625189781189,0.0017,7.420409679412842
subend_leak_dir_only,2026,val,sUbend_016__f19,15.276375226676464,316.95735454559326,nan,nan,nan,nan,0.636,0.9901057481765747,0.0006,8.066537857055664
subend_leak_dir_only,2026,val,sUbend_016__f20,15.276375226676464,316.95735454559326,nan,nan,nan,nan,0.6367,0.9903146624565125,0.0008,7.980794906616211
subend_leak_dir_only,2026,val,sUbend_016__f21,15.276375226676464,316.95735454559326,nan,nan,nan,nan,0.6607,0.9912935495376587,0.0,7.5661163330078125
subend_leak_dir_only,2026,val,sUbend_016__f22,15.276375226676464,316.95735454559326,nan,nan,nan,nan,0.6675,0.9918625950813293,0.0001,7.3143463134765625
subend_leak_dir_only,2026,val,sUbend_016__f23,15.276375226676464,316.95735454559326,nan,nan,nan,nan,0.7121,0.9935169219970703,0.0,6.527759552001953
subend_leak_dir_only,2026,val,sUbend_016__f24,15.276375226676464,316.95735454559326,nan,nan,nan,nan,0.747,0.9942413568496704,0.0002,6.151874542236328
subend_leak_dir_only,2026,val,sUbend_019__f00,16.874685883522034,320.8715319633484,nan,nan,nan,nan,0.5146,0.9853375554084778,0.0002,9.823650360107422
subend_leak_dir_only,2026,val,sUbend_019__f01,16.874685883522034,320.8715319633484,nan,nan,nan,nan,0.5455,0.9866169691085815,0.0002,9.384267807006836
subend_leak_dir_only,2026,val,sUbend_019__f02,16.874685883522034,320.8715319633484,nan,nan,nan,nan,0.6166,0.9896223545074463,0.0,8.261571884155273
subend_leak_dir_only,2026,val,sUbend_019__f03,16.874685883522034,320.8715319633484,nan,nan,nan,nan,0.7256,0.9941996335983276,0.0,6.174125671386719
subend_leak_dir_only,2026,val,sUbend_019__f04,16.874685883522034,320.8715319633484,nan,nan,nan,nan,0.8404,0.9971716403961182,0.0,4.310275077819824
subend_leak_dir_only,2026,val,sUbend_019__f05,16.874685883522034,320.8715319633484,nan,nan,nan,nan,0.992,0.9985790848731995,0.0,3.054731845855713
subend_leak_dir_only,2026,val,sUbend_019__f06,16.874685883522034,320.8715319633484,nan,nan,nan,nan,0.9976,0.9991408586502075,0.0,2.3752458095550537
subend_leak_dir_only,2026,val,sUbend_019__f07,16.874685883522034,320.8715319633484,nan,nan,nan,nan,0.9854,0.9993162155151367,0.0,2.118910074234009
subend_leak_dir_only,2026,val,sUbend_019__f08,16.874685883522034,320.8715319633484,nan,nan,nan,nan,0.966,0.9993696212768555,0.0012,2.034468173980713
subend_leak_dir_only,2026,val,sUbend_019__f09,16.874685883522034,320.8715319633484,nan,nan,nan,nan,0.9504,0.9992895126342773,0.0011,2.159893751144409
subend_leak_dir_only,2026,val,sUbend_019__f10,16.874685883522034,320.8715319633484,nan,nan,nan,nan,0.9272,0.9989567399024963,0.0016,2.6174092292785645
subend_leak_dir_only,2026,val,sUbend_019__f11,16.874685883522034,320.8715319633484,nan,nan,nan,nan,0.913,0.9987450242042542,0.0,2.8707852363586426
subend_leak_dir_only,2026,val,sUbend_019__f12,16.874685883522034,320.8715319633484,nan,nan,nan,nan,0.8704,0.9986971020698547,0.0,2.9250948429107666
subend_leak_dir_only,2026,val,sUbend_019__f13,16.874685883522034,320.8715319633484,nan,nan,nan,nan,0.8341,0.9981417059898376,0.0,3.4935107231140137
subend_leak_dir_only,2026,val,sUbend_019__f14,16.874685883522034,320.8715319633484,nan,nan,nan,nan,0.7446,0.9953920841217041,0.0,5.502440929412842
subend_leak_dir_only,2026,val,sUbend_019__f15,16.874685883522034,320.8715319633484,nan,nan,nan,nan,0.6476,0.9903054237365723,0.0,7.984606742858887
subend_leak_dir_only,2026,val,sUbend_019__f16,16.874685883522034,320.8715319633484,nan,nan,nan,nan,0.6376,0.989445686340332,0.0001,8.331720352172852
subend_leak_dir_only,2026,val,sUbend_019__f17,16.874685883522034,320.8715319633484,nan,nan,nan,nan,0.6096,0.9892224073410034,0.0,8.419569969177246
subend_leak_dir_only,2026,val,sUbend_019__f18,16.874685883522034,320.8715319633484,nan,nan,nan,nan,0.6381,0.989935040473938,0.0,8.135967254638672
subend_leak_dir_only,2026,val,sUbend_019__f19,16.874685883522034,320.8715319633484,nan,nan,nan,nan,0.6533,0.9907038807868958,0.0,7.818536758422852
subend_leak_dir_only,2026,val,sUbend_019__f20,16.874685883522034,320.8715319633484,nan,nan,nan,nan,0.6302,0.9903447031974792,0.0,7.968388080596924
subend_leak_dir_only,2026,val,sUbend_019__f21,16.874685883522034,320.8715319633484,nan,nan,nan,nan,0.6065,0.9888842105865479,0.0001,8.55089282989502
subend_leak_dir_only,2026,val,sUbend_019__f22,16.874685883522034,320.8715319633484,nan,nan,nan,nan,0.5661,0.9870907664299011,0.0003,9.216289520263672
subend_leak_dir_only,2026,val,sUbend_019__f23,16.874685883522034,320.8715319633484,nan,nan,nan,nan,0.5412,0.9862133860588074,0.0001,9.525035858154297
subend_leak_dir_only,2026,val,sUbend_019__f24,16.874685883522034,320.8715319633484,nan,nan,nan,nan,0.5241,0.9856271743774414,0.0,9.725919723510742
subend_leak_dir_only,2026,val,sUbend_023__f00,15.804242342710495,319.2725479602814,nan,nan,nan,nan,0.585,0.9880629181861877,0.0006,8.861753463745117
subend_leak_dir_only,2026,val,sUbend_023__f01,15.804242342710495,319.2725479602814,nan,nan,nan,nan,0.5375,0.9862672090530396,0.0004,9.506372451782227
subend_leak_dir_only,2026,val,sUbend_023__f02,15.804242342710495,319.2725479602814,nan,nan,nan,nan,0.5389,0.9863132238388062,0.0022,9.490394592285156
subend_leak_dir_only,2026,val,sUbend_023__f03,15.804242342710495,319.2725479602814,nan,nan,nan,nan,0.5184,0.9854958057403564,0.0074,9.770353317260742
subend_leak_dir_only,2026,val,sUbend_023__f04,15.804242342710495,319.2725479602814,nan,nan,nan,nan,0.7052,0.9921970367431641,0.0,7.162275314331055
subend_leak_dir_only,2026,val,sUbend_023__f05,15.804242342710495,319.2725479602814,nan,nan,nan,nan,0.9308,0.9969766736030579,0.0,4.456456184387207
subend_leak_dir_only,2026,val,sUbend_023__f06,15.804242342710495,319.2725479602814,nan,nan,nan,nan,0.9482,0.9975628852844238,0.0,4.000981330871582
subend_leak_dir_only,2026,val,sUbend_023__f07,15.804242342710495,319.2725479602814,nan,nan,nan,nan,0.9937,0.9982650279998779,0.0,3.375537395477295
subend_leak_dir_only,2026,val,sUbend_023__f08,15.804242342710495,319.2725479602814,nan,nan,nan,nan,0.9797,0.9985671639442444,0.0001,3.0675222873687744
subend_leak_dir_only,2026,val,sUbend_023__f09,15.804242342710495,319.2725479602814,nan,nan,nan,nan,0.895,0.997483491897583,0.0032,4.065629959106445
subend_leak_dir_only,2026,val,sUbend_023__f10,15.804242342710495,319.2725479602814,nan,nan,nan,nan,0.873,0.9974070191383362,0.0015,4.1269683837890625
subend_leak_dir_only,2026,val,sUbend_023__f11,15.804242342710495,319.2725479602814,nan,nan,nan,nan,0.8633,0.9971625208854675,0.0007,4.317245006561279
subend_leak_dir_only,2026,val,sUbend_023__f12,15.804242342710495,319.2725479602814,nan,nan,nan,nan,0.873,0.9975792169570923,0.0,3.9875473976135254
subend_leak_dir_only,2026,val,sUbend_023__f13,15.804242342710495,319.2725479602814,nan,nan,nan,nan,0.8505,0.9973001480102539,0.0,4.2111711502075195
subend_leak_dir_only,2026,val,sUbend_023__f14,15.804242342710495,319.2725479602814,nan,nan,nan,nan,0.7915,0.9959657192230225,0.0,5.1483540534973145
subend_leak_dir_only,2026,val,sUbend_023__f15,15.804242342710495,319.2725479602814,nan,nan,nan,nan,0.742,0.9939955472946167,0.0,6.281896591186523
subend_leak_dir_only,2026,val,sUbend_023__f16,15.804242342710495,319.2725479602814,nan,nan,nan,nan,0.7096,0.992661714553833,0.0,6.945443153381348
subend_leak_dir_only,2026,val,sUbend_023__f17,15.804242342710495,319.2725479602814,nan,nan,nan,nan,0.6802,0.9920186996459961,0.0002,7.2437543869018555
subend_leak_dir_only,2026,val,sUbend_023__f18,15.804242342710495,319.2725479602814,nan,nan,nan,nan,0.6399,0.9905574321746826,0.0,7.879964351654053
subend_leak_dir_only,2026,val,sUbend_023__f19,15.804242342710495,319.2725479602814,nan,nan,nan,nan,0.6089,0.9890013933181763,0.0004,8.50561809539795
subend_leak_dir_only,2026,val,sUbend_023__f20,15.804242342710495,319.2725479602814,nan,nan,nan,nan,0.5771,0.9878180027008057,0.0005,8.95239543914795
subend_leak_dir_only,2026,val,sUbend_023__f21,15.804242342710495,319.2725479602814,nan,nan,nan,nan,0.5493,0.9868704080581665,0.0011,9.294778823852539
subend_leak_dir_only,2026,val,sUbend_023__f22,15.804242342710495,319.2725479602814,nan,nan,nan,nan,0.5714,0.9878211617469788,0.0016,8.951221466064453
subend_leak_dir_only,2026,val,sUbend_023__f23,15.804242342710495,319.2725479602814,nan,nan,nan,nan,0.5496,0.9869817495346069,0.0007,9.255218505859375
subend_leak_dir_only,2026,val,sUbend_023__f24,15.804242342710495,319.2725479602814,nan,nan,nan,nan,0.5692,0.9876580238342285,0.0007,9.011107444763184
subend_leak_dir_only,777,test,sUbend_012__f00,15.559647232294083,316.79895520210266,nan,nan,nan,nan,0.7245,0.9950066208839417,0.0,5.72816801071167
subend_leak_dir_only,777,test,sUbend_012__f01,15.559647232294083,316.79895520210266,nan,nan,nan,nan,0.7089,0.9949027895927429,0.0,5.787467002868652
subend_leak_dir_only,777,test,sUbend_012__f02,15.559647232294083,316.79895520210266,nan,nan,nan,nan,0.6615,0.9934969544410706,0.0,6.537800312042236
subend_leak_dir_only,777,test,sUbend_012__f03,15.559647232294083,316.79895520210266,nan,nan,nan,nan,0.5261,0.9865967631340027,0.0,9.391365051269531
subend_leak_dir_only,777,test,sUbend_012__f04,15.559647232294083,316.79895520210266,nan,nan,nan,nan,0.373,0.9729083776473999,0.0001,13.36720085144043
subend_leak_dir_only,777,test,sUbend_012__f05,15.559647232294083,316.79895520210266,nan,nan,nan,nan,0.5991,0.9922494888305664,0.0024,7.138131141662598
subend_leak_dir_only,777,test,sUbend_012__f06,15.559647232294083,316.79895520210266,nan,nan,nan,nan,0.9508,0.9980499744415283,0.0,3.578697919845581
subend_leak_dir_only,777,test,sUbend_012__f07,15.559647232294083,316.79895520210266,nan,nan,nan,nan,0.9293,0.9982851147651672,0.0013,3.355963706970215
subend_leak_dir_only,777,test,sUbend_012__f08,15.559647232294083,316.79895520210266,nan,nan,nan,nan,0.8849,0.9977370500564575,0.0042,3.8553149700164795
subend_leak_dir_only,777,test,sUbend_012__f09,15.559647232294083,316.79895520210266,nan,nan,nan,nan,0.856,0.9973897933959961,0.0,4.140659332275391
subend_leak_dir_only,777,test,sUbend_012__f10,15.559647232294083,316.79895520210266,nan,nan,nan,nan,0.8135,0.9970088601112366,0.0,4.4326581954956055
subend_leak_dir_only,777,test,sUbend_012__f11,15.559647232294083,316.79895520210266,nan,nan,nan,nan,0.8586,0.9971905946731567,0.0,4.295802116394043
subend_leak_dir_only,777,test,sUbend_012__f12,15.559647232294083,316.79895520210266,nan,nan,nan,nan,0.8262,0.9966850876808167,0.0,4.666525840759277
subend_leak_dir_only,777,test,sUbend_012__f13,15.559647232294083,316.79895520210266,nan,nan,nan,nan,0.7888,0.9960979223251343,0.0,5.063201427459717
subend_leak_dir_only,777,test,sUbend_012__f14,15.559647232294083,316.79895520210266,nan,nan,nan,nan,0.7254,0.9945725798606873,0.0,5.972153663635254
subend_leak_dir_only,777,test,sUbend_012__f15,15.559647232294083,316.79895520210266,nan,nan,nan,nan,0.6489,0.9912731647491455,0.0,7.574994087219238
subend_leak_dir_only,777,test,sUbend_012__f16,15.559647232294083,316.79895520210266,nan,nan,nan,nan,0.5569,0.9876437783241272,0.0,9.016305923461914
subend_leak_dir_only,777,test,sUbend_012__f17,15.559647232294083,316.79895520210266,nan,nan,nan,nan,0.5976,0.9895961880683899,0.0,8.272010803222656
subend_leak_dir_only,777,test,sUbend_012__f18,15.559647232294083,316.79895520210266,nan,nan,nan,nan,0.662,0.9922066926956177,0.0,7.1578369140625
subend_leak_dir_only,777,test,sUbend_012__f19,15.559647232294083,316.79895520210266,nan,nan,nan,nan,0.6902,0.993854284286499,0.0001,6.355452537536621
subend_leak_dir_only,777,test,sUbend_012__f20,15.559647232294083,316.79895520210266,nan,nan,nan,nan,0.6985,0.9942008256912231,0.0,6.173474311828613
subend_leak_dir_only,777,test,sUbend_012__f21,15.559647232294083,316.79895520210266,nan,nan,nan,nan,0.7118,0.9943505525588989,0.0,6.093181610107422
subend_leak_dir_only,777,test,sUbend_012__f22,15.559647232294083,316.79895520210266,nan,nan,nan,nan,0.7158,0.9944021701812744,0.0001,6.0652875900268555
subend_leak_dir_only,777,test,sUbend_012__f23,15.559647232294083,316.79895520210266,nan,nan,nan,nan,0.7231,0.9946775436401367,0.0,5.91408634185791
subend_leak_dir_only,777,test,sUbend_012__f24,15.559647232294083,316.79895520210266,nan,nan,nan,nan,0.7216,0.9946150183677673,0.0,5.948737621307373
subend_leak_dir_only,777,test,sUbend_021__f00,15.624887309968472,306.6862225532532,nan,nan,nan,nan,0.9673,0.9977173805236816,0.0,3.8720149993896484
subend_leak_dir_only,777,test,sUbend_021__f01,15.624887309968472,306.6862225532532,nan,nan,nan,nan,0.9726,0.997772216796875,0.0,3.8251795768737793
subend_leak_dir_only,777,test,sUbend_021__f02,15.624887309968472,306.6862225532532,nan,nan,nan,nan,0.9611,0.997613787651062,0.0,3.9589614868164062
subend_leak_dir_only,777,test,sUbend_021__f03,15.624887309968472,306.6862225532532,nan,nan,nan,nan,0.9547,0.9975920915603638,0.0001,3.9769253730773926
subend_leak_dir_only,777,test,sUbend_021__f04,15.624887309968472,306.6862225532532,nan,nan,nan,nan,0.7568,0.9947845935821533,0.0023,5.85422420501709
subend_leak_dir_only,777,test,sUbend_021__f05,15.624887309968472,306.6862225532532,nan,nan,nan,nan,0.6306,0.9908705949783325,0.0069,7.748002529144287
subend_leak_dir_only,777,test,sUbend_021__f06,15.624887309968472,306.6862225532532,nan,nan,nan,nan,0.9928,0.9987878799438477,0.0,2.821298122406006
subend_leak_dir_only,777,test,sUbend_021__f07,15.624887309968472,306.6862225532532,nan,nan,nan,nan,0.9724,0.9984800219535828,0.0007,3.1594486236572266
subend_leak_dir_only,777,test,sUbend_021__f08,15.624887309968472,306.6862225532532,nan,nan,nan,nan,0.9154,0.9979105591773987,0.0004,3.704488754272461
subend_leak_dir_only,777,test,sUbend_021__f09,15.624887309968472,306.6862225532532,nan,nan,nan,nan,0.8908,0.9975137710571289,0.0015,4.041062355041504
subend_leak_dir_only,777,test,sUbend_021__f10,15.624887309968472,306.6862225532532,nan,nan,nan,nan,0.9442,0.9979344606399536,0.0,3.6832590103149414
subend_leak_dir_only,777,test,sUbend_021__f11,15.624887309968472,306.6862225532532,nan,nan,nan,nan,0.9486,0.997765302658081,0.0,3.831138849258423
subend_leak_dir_only,777,test,sUbend_021__f12,15.624887309968472,306.6862225532532,nan,nan,nan,nan,0.9543,0.9976999759674072,0.0,3.886754035949707
subend_leak_dir_only,777,test,sUbend_021__f13,15.624887309968472,306.6862225532532,nan,nan,nan,nan,0.9438,0.997683048248291,0.0,3.9010112285614014
subend_leak_dir_only,777,test,sUbend_021__f14,15.624887309968472,306.6862225532532,nan,nan,nan,nan,0.9229,0.9972617626190186,0.0,4.241062641143799
subend_leak_dir_only,777,test,sUbend_021__f15,15.624887309968472,306.6862225532532,nan,nan,nan,nan,0.8669,0.9965779781341553,0.0,4.741339206695557
subend_leak_dir_only,777,test,sUbend_021__f16,15.624887309968472,306.6862225532532,nan,nan,nan,nan,0.8416,0.9959186315536499,0.0,5.1782941818237305
subend_leak_dir_only,777,test,sUbend_021__f17,15.624887309968472,306.6862225532532,nan,nan,nan,nan,0.8558,0.9957808256149292,0.0001,5.26508903503418
subend_leak_dir_only,777,test,sUbend_021__f18,15.624887309968472,306.6862225532532,nan,nan,nan,nan,0.8727,0.9962884187698364,0.0,4.937984943389893
subend_leak_dir_only,777,test,sUbend_021__f19,15.624887309968472,306.6862225532532,nan,nan,nan,nan,0.8831,0.9965770244598389,0.0,4.742000102996826
subend_leak_dir_only,777,test,sUbend_021__f20,15.624887309968472,306.6862225532532,nan,nan,nan,nan,0.9042,0.9969669580459595,0.0,4.463592529296875
subend_leak_dir_only,777,test,sUbend_021__f21,15.624887309968472,306.6862225532532,nan,nan,nan,nan,0.9326,0.9974648356437683,0.0,4.080679416656494
subend_leak_dir_only,777,test,sUbend_021__f22,15.624887309968472,306.6862225532532,nan,nan,nan,nan,0.9487,0.9976925849914551,0.0,3.8929715156555176
subend_leak_dir_only,777,test,sUbend_021__f23,15.624887309968472,306.6862225532532,nan,nan,nan,nan,0.9593,0.9978574514389038,0.0,3.751289129257202
subend_leak_dir_only,777,test,sUbend_021__f24,15.624887309968472,306.6862225532532,nan,nan,nan,nan,0.9666,0.9977988600730896,0.0,3.8022537231445312
subend_leak_dir_only,777,test,sUbend_022__f00,15.591314062476158,303.772509098053,nan,nan,nan,nan,0.3202,0.9682936072349548,0.0001,14.466558456420898
subend_leak_dir_only,777,test,sUbend_022__f01,15.591314062476158,303.772509098053,nan,nan,nan,nan,0.3127,0.9669300317764282,0.0026,14.776060104370117
subend_leak_dir_only,777,test,sUbend_022__f02,15.591314062476158,303.772509098053,nan,nan,nan,nan,0.3031,0.9658643007278442,0.0012,15.013620376586914
subend_leak_dir_only,777,test,sUbend_022__f03,15.591314062476158,303.772509098053,nan,nan,nan,nan,0.2978,0.9648306369781494,0.0,15.240554809570312
subend_leak_dir_only,777,test,sUbend_022__f04,15.591314062476158,303.772509098053,nan,nan,nan,nan,0.73,0.9945647716522217,0.0001,5.976434707641602
subend_leak_dir_only,777,test,sUbend_022__f05,15.591314062476158,303.772509098053,nan,nan,nan,nan,0.9912,0.9980990290641785,0.0,3.5334110260009766
subend_leak_dir_only,777,test,sUbend_022__f06,15.591314062476158,303.772509098053,nan,nan,nan,nan,0.992,0.9985188245773315,0.0,3.118818759918213
subend_leak_dir_only,777,test,sUbend_022__f07,15.591314062476158,303.772509098053,nan,nan,nan,nan,0.9889,0.9986863136291504,0.0,2.937182903289795
subend_leak_dir_only,777,test,sUbend_022__f08,15.591314062476158,303.772509098053,nan,nan,nan,nan,0.9591,0.9986393451690674,0.0003,2.9892730712890625
subend_leak_dir_only,777,test,sUbend_022__f09,15.591314062476158,303.772509098053,nan,nan,nan,nan,0.8812,0.9984065294265747,0.0032,3.234978199005127
subend_leak_dir_only,777,test,sUbend_022__f10,15.591314062476158,303.772509098053,nan,nan,nan,nan,0.8678,0.9982731342315674,0.0007,3.367640256881714
subend_leak_dir_only,777,test,sUbend_022__f11,15.591314062476158,303.772509098053,nan,nan,nan,nan,0.8653,0.9980970621109009,0.0,3.535266876220703
subend_leak_dir_only,777,test,sUbend_022__f12,15.591314062476158,303.772509098053,nan,nan,nan,nan,0.7899,0.997483491897583,0.0,4.065606117248535
subend_leak_dir_only,777,test,sUbend_022__f13,15.591314062476158,303.772509098053,nan,nan,nan,nan,0.7755,0.9966754913330078,0.0,4.673299789428711
subend_leak_dir_only,777,test,sUbend_022__f14,15.591314062476158,303.772509098053,nan,nan,nan,nan,0.6923,0.9939122200012207,0.0,6.325379848480225
subend_leak_dir_only,777,test,sUbend_022__f15,15.591314062476158,303.772509098053,nan,nan,nan,nan,0.5654,0.9883507490158081,0.0,8.75405216217041
subend_leak_dir_only,777,test,sUbend_022__f16,15.591314062476158,303.772509098053,nan,nan,nan,nan,0.5152,0.9856818914413452,0.0,9.707334518432617
subend_leak_dir_only,777,test,sUbend_022__f17,15.591314062476158,303.772509098053,nan,nan,nan,nan,0.5045,0.985045313835144,0.0,9.921308517456055
subend_leak_dir_only,777,test,sUbend_022__f18,15.591314062476158,303.772509098053,nan,nan,nan,nan,0.4975,0.9846726655960083,0.0,10.04448413848877
subend_leak_dir_only,777,test,sUbend_022__f19,15.591314062476158,303.772509098053,nan,nan,nan,nan,0.5693,0.9884656667709351,0.0,8.710681915283203
subend_leak_dir_only,777,test,sUbend_022__f20,15.591314062476158,303.772509098053,nan,nan,nan,nan,0.5862,0.9895405173301697,0.0,8.294151306152344
subend_leak_dir_only,777,test,sUbend_022__f21,15.591314062476158,303.772509098053,nan,nan,nan,nan,0.5299,0.9866430759429932,0.0,9.375089645385742
subend_leak_dir_only,777,test,sUbend_022__f22,15.591314062476158,303.772509098053,nan,nan,nan,nan,0.4922,0.9843086004257202,0.0,10.163385391235352
subend_leak_dir_only,777,test,sUbend_022__f23,15.591314062476158,303.772509098053,nan,nan,nan,nan,0.415,0.9788130521774292,0.0001,11.815221786499023
subend_leak_dir_only,777,test,sUbend_022__f24,15.591314062476158,303.772509098053,nan,nan,nan,nan,0.3658,0.9735463857650757,0.0,13.208163261413574
subend_leak_dir_only,777,val,sUbend_016__f00,15.276375226676464,316.95735454559326,nan,nan,nan,nan,0.725,0.9941161870956421,0.0,6.218422889709473
subend_leak_dir_only,777,val,sUbend_016__f01,15.276375226676464,316.95735454559326,nan,nan,nan,nan,0.812,0.9956607818603516,0.0,5.339499473571777
subend_leak_dir_only,777,val,sUbend_016__f02,15.276375226676464,316.95735454559326,nan,nan,nan,nan,0.8486,0.996414065361023,0.0,4.853672981262207
subend_leak_dir_only,777,val,sUbend_016__f03,15.276375226676464,316.95735454559326,nan,nan,nan,nan,0.8866,0.9969722032546997,0.0,4.459729194641113
subend_leak_dir_only,777,val,sUbend_016__f04,15.276375226676464,316.95735454559326,nan,nan,nan,nan,0.7551,0.9949098825454712,0.0013,5.783418655395508
subend_leak_dir_only,777,val,sUbend_016__f05,15.276375226676464,316.95735454559326,nan,nan,nan,nan,0.4236,0.9780702590942383,0.0556,12.021293640136719
subend_leak_dir_only,777,val,sUbend_016__f06,15.276375226676464,316.95735454559326,nan,nan,nan,nan,0.9599,0.9977394342422485,0.0,3.853231906890869
subend_leak_dir_only,777,val,sUbend_016__f07,15.276375226676464,316.95735454559326,nan,nan,nan,nan,0.9434,0.997591495513916,0.0,3.9773688316345215
subend_leak_dir_only,777,val,sUbend_016__f08,15.276375226676464,316.95735454559326,nan,nan,nan,nan,0.8971,0.9976614117622375,0.0004,3.919215679168701
subend_leak_dir_only,777,val,sUbend_016__f09,15.276375226676464,316.95735454559326,nan,nan,nan,nan,0.8383,0.9968757629394531,0.0022,4.5302557945251465
subend_leak_dir_only,777,val,sUbend_016__f10,15.276375226676464,316.95735454559326,nan,nan,nan,nan,0.8238,0.9968506097793579,0.0017,4.548465728759766
subend_leak_dir_only,777,val,sUbend_016__f11,15.276375226676464,316.95735454559326,nan,nan,nan,nan,0.7871,0.9962192177772522,0.0015,4.983854293823242
subend_leak_dir_only,777,val,sUbend_016__f12,15.276375226676464,316.95735454559326,nan,nan,nan,nan,0.7747,0.9949848651885986,0.0001,5.740626811981201
subend_leak_dir_only,777,val,sUbend_016__f13,15.276375226676464,316.95735454559326,nan,nan,nan,nan,0.6684,0.9925788044929504,0.0,6.984631538391113
subend_leak_dir_only,777,val,sUbend_016__f14,15.276375226676464,316.95735454559326,nan,nan,nan,nan,0.5232,0.9862300157546997,0.0,9.519287109375
subend_leak_dir_only,777,val,sUbend_016__f15,15.276375226676464,316.95735454559326,nan,nan,nan,nan,0.5403,0.9868531823158264,0.0,9.300897598266602
subend_leak_dir_only,777,val,sUbend_016__f16,15.276375226676464,316.95735454559326,nan,nan,nan,nan,0.6271,0.9904292225837708,0.0006,7.933379173278809
subend_leak_dir_only,777,val,sUbend_016__f17,15.276375226676464,316.95735454559326,nan,nan,nan,nan,0.616,0.9901809692382812,0.0001,8.035789489746094
subend_leak_dir_only,777,val,sUbend_016__f18,15.276375226676464,316.95735454559326,nan,nan,nan,nan,0.5536,0.9875482320785522,0.0,9.05116081237793
subend_leak_dir_only,777,val,sUbend_016__f19,15.276375226676464,316.95735454559326,nan,nan,nan,nan,0.5015,0.9848995208740234,0.0001,9.969684600830078
subend_leak_dir_only,777,val,sUbend_016__f20,15.276375226676464,316.95735454559326,nan,nan,nan,nan,0.5055,0.985094428062439,0.0001,9.904953002929688
subend_leak_dir_only,777,val,sUbend_016__f21,15.276375226676464,316.95735454559326,nan,nan,nan,nan,0.5363,0.9866591095924377,0.0,9.369447708129883
subend_leak_dir_only,777,val,sUbend_016__f22,15.276375226676464,316.95735454559326,nan,nan,nan,nan,0.5525,0.987450361251831,0.0,9.08675765991211
subend_leak_dir_only,777,val,sUbend_016__f23,15.276375226676464,316.95735454559326,nan,nan,nan,nan,0.6243,0.9910980463027954,0.0,7.650732040405273
subend_leak_dir_only,777,val,sUbend_016__f24,15.276375226676464,316.95735454559326,nan,nan,nan,nan,0.6702,0.9924507737159729,0.0,7.044698715209961
subend_leak_dir_only,777,val,sUbend_019__f00,16.874685883522034,320.8715319633484,nan,nan,nan,nan,0.3973,0.9791035652160645,0.0,11.733634948730469
subend_leak_dir_only,777,val,sUbend_019__f01,16.874685883522034,320.8715319633484,nan,nan,nan,nan,0.4565,0.9823952317237854,0.0,10.766931533813477
subend_leak_dir_only,777,val,sUbend_019__f02,16.874685883522034,320.8715319633484,nan,nan,nan,nan,0.5663,0.9880677461624146,0.0,8.859968185424805
subend_leak_dir_only,777,val,sUbend_019__f03,16.874685883522034,320.8715319633484,nan,nan,nan,nan,0.6546,0.9922235012054443,0.0,7.150075912475586
subend_leak_dir_only,777,val,sUbend_019__f04,16.874685883522034,320.8715319633484,nan,nan,nan,nan,0.7221,0.9957332611083984,0.0,5.2946672439575195
subend_leak_dir_only,777,val,sUbend_019__f05,16.874685883522034,320.8715319633484,nan,nan,nan,nan,0.9278,0.9973753094673157,0.0,4.152137279510498
subend_leak_dir_only,777,val,sUbend_019__f06,16.874685883522034,320.8715319633484,nan,nan,nan,nan,0.9914,0.9977407455444336,0.0,3.852113723754883
subend_leak_dir_only,777,val,sUbend_019__f07,16.874685883522034,320.8715319633484,nan,nan,nan,nan,0.9815,0.9981491565704346,0.0008,3.4864702224731445
subend_leak_dir_only,777,val,sUbend_019__f08,16.874685883522034,320.8715319633484,nan,nan,nan,nan,0.9398,0.998363196849823,0.0034,3.2786502838134766
subend_leak_dir_only,777,val,sUbend_019__f09,16.874685883522034,320.8715319633484,nan,nan,nan,nan,0.9086,0.9982514381408691,0.0003,3.3887648582458496
subend_leak_dir_only,777,val,sUbend_019__f10,16.874685883522034,320.8715319633484,nan,nan,nan,nan,0.8936,0.9981516599655151,0.0015,3.4841108322143555
subend_leak_dir_only,777,val,sUbend_019__f11,16.874685883522034,320.8715319633484,nan,nan,nan,nan,0.8746,0.9975941181182861,0.0,3.9752018451690674
subend_leak_dir_only,777,val,sUbend_019__f12,16.874685883522034,320.8715319633484,nan,nan,nan,nan,0.8301,0.9972989559173584,0.0,4.212101459503174
subend_leak_dir_only,777,val,sUbend_019__f13,16.874685883522034,320.8715319633484,nan,nan,nan,nan,0.7923,0.9968987107276917,0.0,4.51357889175415
subend_leak_dir_only,777,val,sUbend_019__f14,16.874685883522034,320.8715319633484,nan,nan,nan,nan,0.6834,0.9933185577392578,0.0,6.626966953277588
subend_leak_dir_only,777,val,sUbend_019__f15,16.874685883522034,320.8715319633484,nan,nan,nan,nan,0.5541,0.9873627424240112,0.0,9.11846923828125
subend_leak_dir_only,777,val,sUbend_019__f16,16.874685883522034,320.8715319633484,nan,nan,nan,nan,0.5234,0.9859331846237183,0.0,9.62155818939209
subend_leak_dir_only,777,val,sUbend_019__f17,16.874685883522034,320.8715319633484,nan,nan,nan,nan,0.5129,0.985389769077301,0.0002,9.806100845336914
subend_leak_dir_only,777,val,sUbend_019__f18,16.874685883522034,320.8715319633484,nan,nan,nan,nan,0.493,0.9844218492507935,0.0,10.126546859741211
subend_leak_dir_only,777,val,sUbend_019__f19,16.874685883522034,320.8715319633484,nan,nan,nan,nan,0.5142,0.9854016900062561,0.0,9.802087783813477
subend_leak_dir_only,777,val,sUbend_019__f20,16.874685883522034,320.8715319633484,nan,nan,nan,nan,0.4832,0.9839448928833008,0.0,10.280811309814453
subend_leak_dir_only,777,val,sUbend_019__f21,16.874685883522034,320.8715319633484,nan,nan,nan,nan,0.4482,0.9824090003967285,0.0,10.762699127197266
subend_leak_dir_only,777,val,sUbend_019__f22,16.874685883522034,320.8715319633484,nan,nan,nan,nan,0.3925,0.9792377948760986,0.0,11.695765495300293
subend_leak_dir_only,777,val,sUbend_019__f23,16.874685883522034,320.8715319633484,nan,nan,nan,nan,0.3777,0.977287232875824,0.0002,12.234834671020508
subend_leak_dir_only,777,val,sUbend_019__f24,16.874685883522034,320.8715319633484,nan,nan,nan,nan,0.3885,0.9781591296195984,0.0,11.996821403503418
subend_leak_dir_only,777,val,sUbend_023__f00,15.804242342710495,319.2725479602814,nan,nan,nan,nan,0.4171,0.9803957939147949,0.0009,11.363826751708984
subend_leak_dir_only,777,val,sUbend_023__f01,15.804242342710495,319.2725479602814,nan,nan,nan,nan,0.4146,0.9795882701873779,0.0002,11.596281051635742
subend_leak_dir_only,777,val,sUbend_023__f02,15.804242342710495,319.2725479602814,nan,nan,nan,nan,0.4017,0.9786736965179443,0.0007,11.854146003723145
subend_leak_dir_only,777,val,sUbend_023__f03,15.804242342710495,319.2725479602814,nan,nan,nan,nan,0.3934,0.9774289727210999,0.003,12.196453094482422
subend_leak_dir_only,777,val,sUbend_023__f04,15.804242342710495,319.2725479602814,nan,nan,nan,nan,0.588,0.9894987344741821,0.0,8.310718536376953
subend_leak_dir_only,777,val,sUbend_023__f05,15.804242342710495,319.2725479602814,nan,nan,nan,nan,0.862,0.9966607689857483,0.0,4.683621406555176
subend_leak_dir_only,777,val,sUbend_023__f06,15.804242342710495,319.2725479602814,nan,nan,nan,nan,0.8935,0.9974336624145508,0.0,4.105678558349609
subend_leak_dir_only,777,val,sUbend_023__f07,15.804242342710495,319.2725479602814,nan,nan,nan,nan,0.89,0.9980997443199158,0.0,3.532745838165283
subend_leak_dir_only,777,val,sUbend_023__f08,15.804242342710495,319.2725479602814,nan,nan,nan,nan,0.8801,0.9977436065673828,0.0,3.8497238159179688
subend_leak_dir_only,777,val,sUbend_023__f09,15.804242342710495,319.2725479602814,nan,nan,nan,nan,0.7732,0.9951765537261963,0.0058,5.629775047302246
subend_leak_dir_only,777,val,sUbend_023__f10,15.804242342710495,319.2725479602814,nan,nan,nan,nan,0.7727,0.995025634765625,0.0017,5.717259407043457
subend_leak_dir_only,777,val,sUbend_023__f11,15.804242342710495,319.2725479602814,nan,nan,nan,nan,0.7683,0.9957821369171143,0.0003,5.264251232147217
subend_leak_dir_only,777,val,sUbend_023__f12,15.804242342710495,319.2725479602814,nan,nan,nan,nan,0.7897,0.9954638481140137,0.0,5.459427833557129
subend_leak_dir_only,777,val,sUbend_023__f13,15.804242342710495,319.2725479602814,nan,nan,nan,nan,0.7977,0.9955101013183594,0.0,5.431466102600098
subend_leak_dir_only,777,val,sUbend_023__f14,15.804242342710495,319.2725479602814,nan,nan,nan,nan,0.7364,0.9937066435813904,0.0,6.431419372558594
subend_leak_dir_only,777,val,sUbend_023__f15,15.804242342710495,319.2725479602814,nan,nan,nan,nan,0.5978,0.9891951084136963,0.0,8.4302339553833
subend_leak_dir_only,777,val,sUbend_023__f16,15.804242342710495,319.2725479602814,nan,nan,nan,nan,0.5308,0.9863005876541138,0.0,9.494795799255371
subend_leak_dir_only,777,val,sUbend_023__f17,15.804242342710495,319.2725479602814,nan,nan,nan,nan,0.4989,0.9847381114959717,0.0,10.022941589355469
subend_leak_dir_only,777,val,sUbend_023__f18,15.804242342710495,319.2725479602814,nan,nan,nan,nan,0.4328,0.9812303781509399,0.0,11.118511199951172
subend_leak_dir_only,777,val,sUbend_023__f19,15.804242342710495,319.2725479602814,nan,nan,nan,nan,0.4041,0.9799084663391113,0.0,11.50466537475586
subend_leak_dir_only,777,val,sUbend_023__f20,15.804242342710495,319.2725479602814,nan,nan,nan,nan,0.4124,0.9803454875946045,0.0003,11.378437995910645
subend_leak_dir_only,777,val,sUbend_023__f21,15.804242342710495,319.2725479602814,nan,nan,nan,nan,0.4152,0.9801493883132935,0.0,11.435239791870117
subend_leak_dir_only,777,val,sUbend_023__f22,15.804242342710495,319.2725479602814,nan,nan,nan,nan,0.4322,0.9810749292373657,0.0,11.164621353149414
subend_leak_dir_only,777,val,sUbend_023__f23,15.804242342710495,319.2725479602814,nan,nan,nan,nan,0.4023,0.9791734218597412,0.0,11.713953971862793
subend_leak_dir_only,777,val,sUbend_023__f24,15.804242342710495,319.2725479602814,nan,nan,nan,nan,0.416,0.9795371294021606,0.0002,11.610847473144531
subend_leak_mag_only,1337,test,sUbend_012__f00,15.559647232294083,316.79895520210266,nan,nan,nan,nan,0.15,0.7460757493972778,0.1855,41.748416900634766
subend_leak_mag_only,1337,test,sUbend_012__f01,15.559647232294083,316.79895520210266,nan,nan,nan,nan,0.1367,0.6978005170822144,0.2044,45.74919509887695
subend_leak_mag_only,1337,test,sUbend_012__f02,15.559647232294083,316.79895520210266,nan,nan,nan,nan,0.0746,0.6025615930557251,0.2192,52.94641876220703
subend_leak_mag_only,1337,test,sUbend_012__f03,15.559647232294083,316.79895520210266,nan,nan,nan,nan,0.0175,0.38281217217445374,0.3187,67.49201202392578
subend_leak_mag_only,1337,test,sUbend_012__f04,15.559647232294083,316.79895520210266,nan,nan,nan,nan,0.0068,-0.012924142181873322,0.506,90.74051666259766
subend_leak_mag_only,1337,test,sUbend_012__f05,15.559647232294083,316.79895520210266,nan,nan,nan,nan,0.099,0.650056004524231,0.2014,49.45417022705078
subend_leak_mag_only,1337,test,sUbend_012__f06,15.559647232294083,316.79895520210266,nan,nan,nan,nan,0.1882,0.4763385057449341,0.4137,61.553462982177734
subend_leak_mag_only,1337,test,sUbend_012__f07,15.559647232294083,316.79895520210266,nan,nan,nan,nan,0.1983,0.717241644859314,0.3723,44.17278289794922
subend_leak_mag_only,1337,test,sUbend_012__f08,15.559647232294083,316.79895520210266,nan,nan,nan,nan,0.2503,0.8651896715164185,0.3106,30.095624923706055
subend_leak_mag_only,1337,test,sUbend_012__f09,15.559647232294083,316.79895520210266,nan,nan,nan,nan,0.215,0.8300274610519409,0.198,33.89844512939453
subend_leak_mag_only,1337,test,sUbend_012__f10,15.559647232294083,316.79895520210266,nan,nan,nan,nan,0.2133,0.9137814044952393,0.1311,23.96674156188965
subend_leak_mag_only,1337,test,sUbend_012__f11,15.559647232294083,316.79895520210266,nan,nan,nan,nan,0.2384,0.933978796005249,0.0821,20.936216354370117
subend_leak_mag_only,1337,test,sUbend_012__f12,15.559647232294083,316.79895520210266,nan,nan,nan,nan,0.1947,0.9248465299606323,0.06,22.354774475097656
subend_leak_mag_only,1337,test,sUbend_012__f13,15.559647232294083,316.79895520210266,nan,nan,nan,nan,0.1622,0.9072797894477844,0.0622,24.86789321899414
subend_leak_mag_only,1337,test,sUbend_012__f14,15.559647232294083,316.79895520210266,nan,nan,nan,nan,0.1423,0.8756507635116577,0.0701,28.877910614013672
subend_leak_mag_only,1337,test,sUbend_012__f15,15.559647232294083,316.79895520210266,nan,nan,nan,nan,0.0853,0.8096382021903992,0.1396,35.93939971923828
subend_leak_mag_only,1337,test,sUbend_012__f16,15.559647232294083,316.79895520210266,nan,nan,nan,nan,0.0705,0.7570703029632568,0.1528,40.79339599609375
subend_leak_mag_only,1337,test,sUbend_012__f17,15.559647232294083,316.79895520210266,nan,nan,nan,nan,0.1176,0.8241075277328491,0.0926,34.50188446044922
subend_leak_mag_only,1337,test,sUbend_012__f18,15.559647232294083,316.79895520210266,nan,nan,nan,nan,0.1655,0.8566908240318298,0.0575,31.052963256835938
subend_leak_mag_only,1337,test,sUbend_012__f19,15.559647232294083,316.79895520210266,nan,nan,nan,nan,0.1589,0.8207602500915527,0.0913,34.83903503417969
subend_leak_mag_only,1337,test,sUbend_012__f20,15.559647232294083,316.79895520210266,nan,nan,nan,nan,0.1739,0.7933636903762817,0.1026,37.4990234375
subend_leak_mag_only,1337,test,sUbend_012__f21,15.559647232294083,316.79895520210266,nan,nan,nan,nan,0.1804,0.7928279042243958,0.1122,37.54942321777344
subend_leak_mag_only,1337,test,sUbend_012__f22,15.559647232294083,316.79895520210266,nan,nan,nan,nan,0.1664,0.7889626026153564,0.1274,37.91133117675781
subend_leak_mag_only,1337,test,sUbend_012__f23,15.559647232294083,316.79895520210266,nan,nan,nan,nan,0.1536,0.7836498022079468,0.1506,38.404029846191406
subend_leak_mag_only,1337,test,sUbend_012__f24,15.559647232294083,316.79895520210266,nan,nan,nan,nan,0.147,0.7628090381622314,0.1838,40.28752899169922
subend_leak_mag_only,1337,test,sUbend_021__f00,15.624887309968472,306.6862225532532,nan,nan,nan,nan,0.1961,0.849103569984436,0.2421,31.885692596435547
subend_leak_mag_only,1337,test,sUbend_021__f01,15.624887309968472,306.6862225532532,nan,nan,nan,nan,0.2079,0.8634955883026123,0.2277,30.288639068603516
subend_leak_mag_only,1337,test,sUbend_021__f02,15.624887309968472,306.6862225532532,nan,nan,nan,nan,0.2087,0.8825719356536865,0.2205,28.04581069946289
subend_leak_mag_only,1337,test,sUbend_021__f03,15.624887309968472,306.6862225532532,nan,nan,nan,nan,0.2122,0.8965514898300171,0.2097,26.291584014892578
subend_leak_mag_only,1337,test,sUbend_021__f04,15.624887309968472,306.6862225532532,nan,nan,nan,nan,0.1193,0.8539154529571533,0.2569,31.359867095947266
subend_leak_mag_only,1337,test,sUbend_021__f05,15.624887309968472,306.6862225532532,nan,nan,nan,nan,0.078,0.6778280138969421,0.338,47.325843811035156
subend_leak_mag_only,1337,test,sUbend_021__f06,15.624887309968472,306.6862225532532,nan,nan,nan,nan,0.2771,0.9455292820930481,0.2459,18.99811363220215
subend_leak_mag_only,1337,test,sUbend_021__f07,15.624887309968472,306.6862225532532,nan,nan,nan,nan,0.2481,0.8889583945274353,0.2259,27.257349014282227
subend_leak_mag_only,1337,test,sUbend_021__f08,15.624887309968472,306.6862225532532,nan,nan,nan,nan,0.2412,0.8914393186569214,0.2112,26.945327758789062
subend_leak_mag_only,1337,test,sUbend_021__f09,15.624887309968472,306.6862225532532,nan,nan,nan,nan,0.2702,0.9081692695617676,0.1243,24.74642562866211
subend_leak_mag_only,1337,test,sUbend_021__f10,15.624887309968472,306.6862225532532,nan,nan,nan,nan,0.2557,0.8895061016082764,0.1165,27.188753128051758
subend_leak_mag_only,1337,test,sUbend_021__f11,15.624887309968472,306.6862225532532,nan,nan,nan,nan,0.2339,0.8755524158477783,0.0998,28.889572143554688
subend_leak_mag_only,1337,test,sUbend_021__f12,15.624887309968472,306.6862225532532,nan,nan,nan,nan,0.2363,0.9133188724517822,0.0677,24.03190040588379
subend_leak_mag_only,1337,test,sUbend_021__f13,15.624887309968472,306.6862225532532,nan,nan,nan,nan,0.2819,0.946353554725647,0.067,18.852508544921875
subend_leak_mag_only,1337,test,sUbend_021__f14,15.624887309968472,306.6862225532532,nan,nan,nan,nan,0.2537,0.9507956504821777,0.0565,18.048311233520508
subend_leak_mag_only,1337,test,sUbend_021__f15,15.624887309968472,306.6862225532532,nan,nan,nan,nan,0.1485,0.8684796094894409,0.1637,29.71755599975586
subend_leak_mag_only,1337,test,sUbend_021__f16,15.624887309968472,306.6862225532532,nan,nan,nan,nan,0.0991,0.7145464420318604,0.3265,44.393959045410156
subend_leak_mag_only,1337,test,sUbend_021__f17,15.624887309968472,306.6862225532532,nan,nan,nan,nan,0.0765,0.6885541677474976,0.3348,46.484230041503906
subend_leak_mag_only,1337,test,sUbend_021__f18,15.624887309968472,306.6862225532532,nan,nan,nan,nan,0.0712,0.7151044011116028,0.3264,44.34823989868164
subend_leak_mag_only,1337,test,sUbend_021__f19,15.624887309968472,306.6862225532532,nan,nan,nan,nan,0.0923,0.7655051946640015,0.293,40.04804229736328
subend_leak_mag_only,1337,test,sUbend_021__f20,15.624887309968472,306.6862225532532,nan,nan,nan,nan,0.1098,0.8109114170074463,0.2698,35.81492614746094
subend_leak_mag_only,1337,test,sUbend_021__f21,15.624887309968472,306.6862225532532,nan,nan,nan,nan,0.1421,0.841059684753418,0.261,32.74781036376953
subend_leak_mag_only,1337,test,sUbend_021__f22,15.624887309968472,306.6862225532532,nan,nan,nan,nan,0.1673,0.8522082567214966,0.2622,31.54732894897461
subend_leak_mag_only,1337,test,sUbend_021__f23,15.624887309968472,306.6862225532532,nan,nan,nan,nan,0.1796,0.855864405632019,0.2627,31.144634246826172
subend_leak_mag_only,1337,test,sUbend_021__f24,15.624887309968472,306.6862225532532,nan,nan,nan,nan,0.1879,0.8463128209114075,0.2657,32.187129974365234
subend_leak_mag_only,1337,test,sUbend_022__f00,15.591314062476158,303.772509098053,nan,nan,nan,nan,0.0065,0.06497988104820251,0.4794,86.2742919921875
subend_leak_mag_only,1337,test,sUbend_022__f01,15.591314062476158,303.772509098053,nan,nan,nan,nan,0.006,-0.11878050863742828,0.5405,96.82173156738281
subend_leak_mag_only,1337,test,sUbend_022__f02,15.591314062476158,303.772509098053,nan,nan,nan,nan,0.0061,-0.06658155471086502,0.524,93.81766510009766
subend_leak_mag_only,1337,test,sUbend_022__f03,15.591314062476158,303.772509098053,nan,nan,nan,nan,0.0087,0.09279675781726837,0.469,84.67547607421875
subend_leak_mag_only,1337,test,sUbend_022__f04,15.591314062476158,303.772509098053,nan,nan,nan,nan,0.1936,0.8437842130661011,0.206,32.45808792114258
subend_leak_mag_only,1337,test,sUbend_022__f05,15.591314062476158,303.772509098053,nan,nan,nan,nan,0.2505,0.9136197566986084,0.0725,23.989524841308594
subend_leak_mag_only,1337,test,sUbend_022__f06,15.591314062476158,303.772509098053,nan,nan,nan,nan,0.2637,0.9165451526641846,0.068,23.573883056640625
subend_leak_mag_only,1337,test,sUbend_022__f07,15.591314062476158,303.772509098053,nan,nan,nan,nan,0.3008,0.9304336309432983,0.0795,21.497493743896484
subend_leak_mag_only,1337,test,sUbend_022__f08,15.591314062476158,303.772509098053,nan,nan,nan,nan,0.2861,0.9386999011039734,0.0571,20.165637969970703
subend_leak_mag_only,1337,test,sUbend_022__f09,15.591314062476158,303.772509098053,nan,nan,nan,nan,0.2766,0.9540771245956421,0.0352,17.431236267089844
subend_leak_mag_only,1337,test,sUbend_022__f10,15.591314062476158,303.772509098053,nan,nan,nan,nan,0.2951,0.9563387036323547,0.0288,16.993343353271484
subend_leak_mag_only,1337,test,sUbend_022__f11,15.591314062476158,303.772509098053,nan,nan,nan,nan,0.2825,0.9537001848220825,0.0329,17.50320053100586
subend_leak_mag_only,1337,test,sUbend_022__f12,15.591314062476158,303.772509098053,nan,nan,nan,nan,0.2545,0.9391665458679199,0.0738,20.087947845458984
subend_leak_mag_only,1337,test,sUbend_022__f13,15.591314062476158,303.772509098053,nan,nan,nan,nan,0.2101,0.9049755334854126,0.1038,25.18001365661621
subend_leak_mag_only,1337,test,sUbend_022__f14,15.591314062476158,303.772509098053,nan,nan,nan,nan,0.1217,0.8217428922653198,0.1884,34.740352630615234
subend_leak_mag_only,1337,test,sUbend_022__f15,15.591314062476158,303.772509098053,nan,nan,nan,nan,0.0677,0.5295624136924744,0.3619,58.02410125732422
subend_leak_mag_only,1337,test,sUbend_022__f16,15.591314062476158,303.772509098053,nan,nan,nan,nan,0.0484,0.21985715627670288,0.4571,77.29935455322266
subend_leak_mag_only,1337,test,sUbend_022__f17,15.591314062476158,303.772509098053,nan,nan,nan,nan,0.0523,0.09973752498626709,0.48,84.27593994140625
subend_leak_mag_only,1337,test,sUbend_022__f18,15.591314062476158,303.772509098053,nan,nan,nan,nan,0.052,0.4098024368286133,0.4196,65.80757141113281
subend_leak_mag_only,1337,test,sUbend_022__f19,15.591314062476158,303.772509098053,nan,nan,nan,nan,0.0546,0.6257606744766235,0.2841,51.261959075927734
subend_leak_mag_only,1337,test,sUbend_022__f20,15.591314062476158,303.772509098053,nan,nan,nan,nan,0.0629,0.6636610627174377,0.2921,48.420310974121094
subend_leak_mag_only,1337,test,sUbend_022__f21,15.591314062476158,303.772509098053,nan,nan,nan,nan,0.0617,0.6096327304840088,0.3285,52.43704605102539
subend_leak_mag_only,1337,test,sUbend_022__f22,15.591314062476158,303.772509098053,nan,nan,nan,nan,0.0415,0.5158926844596863,0.3549,58.94285583496094
subend_leak_mag_only,1337,test,sUbend_022__f23,15.591314062476158,303.772509098053,nan,nan,nan,nan,0.0154,0.39637643098831177,0.3904,66.64814758300781
subend_leak_mag_only,1337,test,sUbend_022__f24,15.591314062476158,303.772509098053,nan,nan,nan,nan,0.0099,0.22602500021457672,0.4361,76.93683624267578
subend_leak_mag_only,1337,val,sUbend_016__f00,15.276375226676464,316.95735454559326,nan,nan,nan,nan,0.0573,0.5780905485153198,0.2922,54.68363952636719
subend_leak_mag_only,1337,val,sUbend_016__f01,15.276375226676464,316.95735454559326,nan,nan,nan,nan,0.1115,0.6455298066139221,0.2932,49.794586181640625
subend_leak_mag_only,1337,val,sUbend_016__f02,15.276375226676464,316.95735454559326,nan,nan,nan,nan,0.1321,0.7073091268539429,0.2896,44.98360061645508
subend_leak_mag_only,1337,val,sUbend_016__f03,15.276375226676464,316.95735454559326,nan,nan,nan,nan,0.1444,0.7398742437362671,0.2892,42.279296875
subend_leak_mag_only,1337,val,sUbend_016__f04,15.276375226676464,316.95735454559326,nan,nan,nan,nan,0.1152,0.6357748508453369,0.3181,50.52251434326172
subend_leak_mag_only,1337,val,sUbend_016__f05,15.276375226676464,316.95735454559326,nan,nan,nan,nan,0.0085,0.0057932911440730095,0.4984,89.66806030273438
subend_leak_mag_only,1337,val,sUbend_016__f06,15.276375226676464,316.95735454559326,nan,nan,nan,nan,0.17,0.8438599109649658,0.2524,32.450008392333984
subend_leak_mag_only,1337,val,sUbend_016__f07,15.276375226676464,316.95735454559326,nan,nan,nan,nan,0.2416,0.8798543810844421,0.2719,28.375194549560547
subend_leak_mag_only,1337,val,sUbend_016__f08,15.276375226676464,316.95735454559326,nan,nan,nan,nan,0.2576,0.90505051612854,0.2093,25.169897079467773
subend_leak_mag_only,1337,val,sUbend_016__f09,15.276375226676464,316.95735454559326,nan,nan,nan,nan,0.2155,0.8285901546478271,0.295,34.04581832885742
subend_leak_mag_only,1337,val,sUbend_016__f10,15.276375226676464,316.95735454559326,nan,nan,nan,nan,0.2205,0.8521589040756226,0.1855,31.55272674560547
subend_leak_mag_only,1337,val,sUbend_016__f11,15.276375226676464,316.95735454559326,nan,nan,nan,nan,0.1918,0.8797918558120728,0.1894,28.382734298706055
subend_leak_mag_only,1337,val,sUbend_016__f12,15.276375226676464,316.95735454559326,nan,nan,nan,nan,0.1844,0.8750989437103271,0.2258,28.943313598632812
subend_leak_mag_only,1337,val,sUbend_016__f13,15.276375226676464,316.95735454559326,nan,nan,nan,nan,0.0951,0.6198899745941162,0.3196,51.691898345947266
subend_leak_mag_only,1337,val,sUbend_016__f14,15.276375226676464,316.95735454559326,nan,nan,nan,nan,0.038,0.3025777339935303,0.4222,72.38750457763672
subend_leak_mag_only,1337,val,sUbend_016__f15,15.276375226676464,316.95735454559326,nan,nan,nan,nan,0.0357,0.37379318475723267,0.3808,68.05025482177734
subend_leak_mag_only,1337,val,sUbend_016__f16,15.276375226676464,316.95735454559326,nan,nan,nan,nan,0.0401,0.48115187883377075,0.3172,61.23933410644531
subend_leak_mag_only,1337,val,sUbend_016__f17,15.276375226676464,316.95735454559326,nan,nan,nan,nan,0.0304,0.4132515490055084,0.3634,65.59074401855469
subend_leak_mag_only,1337,val,sUbend_016__f18,15.276375226676464,316.95735454559326,nan,nan,nan,nan,0.0201,0.2921609878540039,0.4118,73.01261901855469
subend_leak_mag_only,1337,val,sUbend_016__f19,15.276375226676464,316.95735454559326,nan,nan,nan,nan,0.0132,-0.032170724123716354,0.5081,91.84356689453125
subend_leak_mag_only,1337,val,sUbend_016__f20,15.276375226676464,316.95735454559326,nan,nan,nan,nan,0.0147,-0.048712387681007385,0.5126,92.7921142578125
subend_leak_mag_only,1337,val,sUbend_016__f21,15.276375226676464,316.95735454559326,nan,nan,nan,nan,0.0161,0.16258008778095245,0.4549,80.643310546875
subend_leak_mag_only,1337,val,sUbend_016__f22,15.276375226676464,316.95735454559326,nan,nan,nan,nan,0.0172,0.30369359254837036,0.419,72.3204116821289
subend_leak_mag_only,1337,val,sUbend_016__f23,15.276375226676464,316.95735454559326,nan,nan,nan,nan,0.0229,0.4618496000766754,0.3543,62.49347686767578
subend_leak_mag_only,1337,val,sUbend_016__f24,15.276375226676464,316.95735454559326,nan,nan,nan,nan,0.0277,0.5039278268814087,0.3115,59.73979187011719
subend_leak_mag_only,1337,val,sUbend_019__f00,16.874685883522034,320.8715319633484,nan,nan,nan,nan,0.0057,0.3209680914878845,0.3047,71.27851867675781
subend_leak_mag_only,1337,val,sUbend_019__f01,16.874685883522034,320.8715319633484,nan,nan,nan,nan,0.048,0.4507938027381897,0.2532,63.20537185668945
subend_leak_mag_only,1337,val,sUbend_019__f02,16.874685883522034,320.8715319633484,nan,nan,nan,nan,0.1191,0.6760008335113525,0.1716,47.46807861328125
subend_leak_mag_only,1337,val,sUbend_019__f03,16.874685883522034,320.8715319633484,nan,nan,nan,nan,0.1757,0.8433602452278137,0.1146,32.503326416015625
subend_leak_mag_only,1337,val,sUbend_019__f04,16.874685883522034,320.8715319633484,nan,nan,nan,nan,0.2262,0.8929622173309326,0.0481,26.752120971679688
subend_leak_mag_only,1337,val,sUbend_019__f05,16.874685883522034,320.8715319633484,nan,nan,nan,nan,0.2164,0.8962808847427368,0.0483,26.32657241821289
subend_leak_mag_only,1337,val,sUbend_019__f06,16.874685883522034,320.8715319633484,nan,nan,nan,nan,0.2517,0.9174661636352539,0.0585,23.44157600402832
subend_leak_mag_only,1337,val,sUbend_019__f07,16.874685883522034,320.8715319633484,nan,nan,nan,nan,0.3003,0.9279400110244751,0.0456,21.884052276611328
subend_leak_mag_only,1337,val,sUbend_019__f08,16.874685883522034,320.8715319633484,nan,nan,nan,nan,0.305,0.9220042824745178,0.0832,22.77912139892578
subend_leak_mag_only,1337,val,sUbend_019__f09,16.874685883522034,320.8715319633484,nan,nan,nan,nan,0.3217,0.9531962871551514,0.0292,17.598928451538086
subend_leak_mag_only,1337,val,sUbend_019__f10,16.874685883522034,320.8715319633484,nan,nan,nan,nan,0.3353,0.9564030170440674,0.0613,16.98073959350586
subend_leak_mag_only,1337,val,sUbend_019__f11,16.874685883522034,320.8715319633484,nan,nan,nan,nan,0.2824,0.9507493376731873,0.0353,18.056865692138672
subend_leak_mag_only,1337,val,sUbend_019__f12,16.874685883522034,320.8715319633484,nan,nan,nan,nan,0.2885,0.9501911401748657,0.0209,18.159759521484375
subend_leak_mag_only,1337,val,sUbend_019__f13,16.874685883522034,320.8715319633484,nan,nan,nan,nan,0.2348,0.9209511280059814,0.0197,22.934467315673828
subend_leak_mag_only,1337,val,sUbend_019__f14,16.874685883522034,320.8715319633484,nan,nan,nan,nan,0.131,0.785137951374054,0.1187,38.266563415527344
subend_leak_mag_only,1337,val,sUbend_019__f15,16.874685883522034,320.8715319633484,nan,nan,nan,nan,0.038,0.2668982744216919,0.3933,74.52021789550781
subend_leak_mag_only,1337,val,sUbend_019__f16,16.874685883522034,320.8715319633484,nan,nan,nan,nan,0.0144,0.0711565911769867,0.4697,85.9195785522461
subend_leak_mag_only,1337,val,sUbend_019__f17,16.874685883522034,320.8715319633484,nan,nan,nan,nan,0.0159,0.11919771879911423,0.44,83.15419006347656
subend_leak_mag_only,1337,val,sUbend_019__f18,16.874685883522034,320.8715319633484,nan,nan,nan,nan,0.0152,0.28680619597435,0.3438,73.3331527709961
subend_leak_mag_only,1337,val,sUbend_019__f19,16.874685883522034,320.8715319633484,nan,nan,nan,nan,0.013,0.38174498081207275,0.2888,67.55818176269531
subend_leak_mag_only,1337,val,sUbend_019__f20,16.874685883522034,320.8715319633484,nan,nan,nan,nan,0.008,0.3507128953933716,0.2892,69.46907043457031
subend_leak_mag_only,1337,val,sUbend_019__f21,16.874685883522034,320.8715319633484,nan,nan,nan,nan,0.0076,0.318606972694397,0.3305,71.42129516601562
subend_leak_mag_only,1337,val,sUbend_019__f22,16.874685883522034,320.8715319633484,nan,nan,nan,nan,0.0027,0.24673661589622498,0.3629,75.71551513671875
subend_leak_mag_only,1337,val,sUbend_019__f23,16.874685883522034,320.8715319633484,nan,nan,nan,nan,0.0047,0.2746952474117279,0.3574,74.05614471435547
subend_leak_mag_only,1337,val,sUbend_019__f24,16.874685883522034,320.8715319633484,nan,nan,nan,nan,0.0029,0.28790199756622314,0.3363,73.26760864257812
subend_leak_mag_only,1337,val,sUbend_023__f00,15.804242342710495,319.2725479602814,nan,nan,nan,nan,0.0146,0.15707312524318695,0.4209,80.96295166015625
subend_leak_mag_only,1337,val,sUbend_023__f01,15.804242342710495,319.2725479602814,nan,nan,nan,nan,0.0046,0.09365463256835938,0.4551,84.62611389160156
subend_leak_mag_only,1337,val,sUbend_023__f02,15.804242342710495,319.2725479602814,nan,nan,nan,nan,0.0051,0.07533378899097443,0.4593,85.67959594726562
subend_leak_mag_only,1337,val,sUbend_023__f03,15.804242342710495,319.2725479602814,nan,nan,nan,nan,0.0047,0.027067214250564575,0.4806,88.448974609375
subend_leak_mag_only,1337,val,sUbend_023__f04,15.804242342710495,319.2725479602814,nan,nan,nan,nan,0.0681,0.5347276926040649,0.2499,57.67455291748047
subend_leak_mag_only,1337,val,sUbend_023__f05,15.804242342710495,319.2725479602814,nan,nan,nan,nan,0.1504,0.7027853727340698,0.3206,45.349098205566406
subend_leak_mag_only,1337,val,sUbend_023__f06,15.804242342710495,319.2725479602814,nan,nan,nan,nan,0.1822,0.8501461148262024,0.2855,31.77243423461914
subend_leak_mag_only,1337,val,sUbend_023__f07,15.804242342710495,319.2725479602814,nan,nan,nan,nan,0.2529,0.9139482975006104,0.2684,23.94318962097168
subend_leak_mag_only,1337,val,sUbend_023__f08,15.804242342710495,319.2725479602814,nan,nan,nan,nan,0.3185,0.9305462837219238,0.2406,21.479873657226562
subend_leak_mag_only,1337,val,sUbend_023__f09,15.804242342710495,319.2725479602814,nan,nan,nan,nan,0.2351,0.8593438863754272,0.2937,30.75700569152832
subend_leak_mag_only,1337,val,sUbend_023__f10,15.804242342710495,319.2725479602814,nan,nan,nan,nan,0.2383,0.9077953100204468,0.1972,24.797557830810547
subend_leak_mag_only,1337,val,sUbend_023__f11,15.804242342710495,319.2725479602814,nan,nan,nan,nan,0.222,0.857512354850769,0.1803,30.961585998535156
subend_leak_mag_only,1337,val,sUbend_023__f12,15.804242342710495,319.2725479602814,nan,nan,nan,nan,0.2131,0.8379139304161072,0.1703,33.07950973510742
subend_leak_mag_only,1337,val,sUbend_023__f13,15.804242342710495,319.2725479602814,nan,nan,nan,nan,0.1697,0.8260141015052795,0.1688,34.308555603027344
subend_leak_mag_only,1337,val,sUbend_023__f14,15.804242342710495,319.2725479602814,nan,nan,nan,nan,0.1086,0.789334774017334,0.2161,37.876609802246094
subend_leak_mag_only,1337,val,sUbend_023__f15,15.804242342710495,319.2725479602814,nan,nan,nan,nan,0.0426,0.5625209808349609,0.328,55.769676208496094
subend_leak_mag_only,1337,val,sUbend_023__f16,15.804242342710495,319.2725479602814,nan,nan,nan,nan,0.0262,0.3361662030220032,0.4012,70.35652160644531
subend_leak_mag_only,1337,val,sUbend_023__f17,15.804242342710495,319.2725479602814,nan,nan,nan,nan,0.0246,0.18051639199256897,0.4392,79.60015869140625
subend_leak_mag_only,1337,val,sUbend_023__f18,15.804242342710495,319.2725479602814,nan,nan,nan,nan,0.0277,0.09704330563545227,0.4751,84.43106079101562
subend_leak_mag_only,1337,val,sUbend_023__f19,15.804242342710495,319.2725479602814,nan,nan,nan,nan,0.0198,0.08470700681209564,0.4732,85.14082336425781
subend_leak_mag_only,1337,val,sUbend_023__f20,15.804242342710495,319.2725479602814,nan,nan,nan,nan,0.0112,0.08731693029403687,0.4638,84.99072265625
subend_leak_mag_only,1337,val,sUbend_023__f21,15.804242342710495,319.2725479602814,nan,nan,nan,nan,0.0076,0.12024593353271484,0.4421,83.09370422363281
subend_leak_mag_only,1337,val,sUbend_023__f22,15.804242342710495,319.2725479602814,nan,nan,nan,nan,0.0116,0.15697309374809265,0.4204,80.96875
subend_leak_mag_only,1337,val,sUbend_023__f23,15.804242342710495,319.2725479602814,nan,nan,nan,nan,0.0126,0.1773374378681183,0.4211,79.78529357910156
subend_leak_mag_only,1337,val,sUbend_023__f24,15.804242342710495,319.2725479602814,nan,nan,nan,nan,0.0164,0.16423246264457703,0.4267,80.54734802246094
subend_leak_mag_only,2026,test,sUbend_012__f00,15.559647232294083,316.79895520210266,nan,nan,nan,nan,0.1631,0.7643009424209595,0.1396,40.15515899658203
subend_leak_mag_only,2026,test,sUbend_012__f01,15.559647232294083,316.79895520210266,nan,nan,nan,nan,0.1315,0.7189311385154724,0.1476,44.03369140625
subend_leak_mag_only,2026,test,sUbend_012__f02,15.559647232294083,316.79895520210266,nan,nan,nan,nan,0.0645,0.6422221660614014,0.1628,50.04228210449219
subend_leak_mag_only,2026,test,sUbend_012__f03,15.559647232294083,316.79895520210266,nan,nan,nan,nan,0.0158,0.4120419919490814,0.3077,65.66682434082031
subend_leak_mag_only,2026,test,sUbend_012__f04,15.559647232294083,316.79895520210266,nan,nan,nan,nan,0.011,-0.024309787899255753,0.5091,91.39299011230469
subend_leak_mag_only,2026,test,sUbend_012__f05,15.559647232294083,316.79895520210266,nan,nan,nan,nan,0.096,0.7340011596679688,0.1576,42.77711486816406
subend_leak_mag_only,2026,test,sUbend_012__f06,15.559647232294083,316.79895520210266,nan,nan,nan,nan,0.1929,0.7035132050514221,0.3668,45.29043960571289
subend_leak_mag_only,2026,test,sUbend_012__f07,15.559647232294083,316.79895520210266,nan,nan,nan,nan,0.2195,0.8108309507369995,0.3387,35.82279968261719
subend_leak_mag_only,2026,test,sUbend_012__f08,15.559647232294083,316.79895520210266,nan,nan,nan,nan,0.2684,0.8862100839614868,0.251,27.599197387695312
subend_leak_mag_only,2026,test,sUbend_012__f09,15.559647232294083,316.79895520210266,nan,nan,nan,nan,0.2312,0.8652065992355347,0.1463,30.09369659423828
subend_leak_mag_only,2026,test,sUbend_012__f10,15.559647232294083,316.79895520210266,nan,nan,nan,nan,0.2265,0.9218021631240845,0.0835,22.80901527404785
subend_leak_mag_only,2026,test,sUbend_012__f11,15.559647232294083,316.79895520210266,nan,nan,nan,nan,0.2946,0.955108106136322,0.0548,17.232955932617188
subend_leak_mag_only,2026,test,sUbend_012__f12,15.559647232294083,316.79895520210266,nan,nan,nan,nan,0.2371,0.9460654258728027,0.0242,18.90353012084961
subend_leak_mag_only,2026,test,sUbend_012__f13,15.559647232294083,316.79895520210266,nan,nan,nan,nan,0.1811,0.924284815788269,0.0265,22.439245223999023
subend_leak_mag_only,2026,test,sUbend_012__f14,15.559647232294083,316.79895520210266,nan,nan,nan,nan,0.1266,0.8915667533874512,0.0698,26.929210662841797
subend_leak_mag_only,2026,test,sUbend_012__f15,15.559647232294083,316.79895520210266,nan,nan,nan,nan,0.075,0.8375864624977112,0.1388,33.113868713378906
subend_leak_mag_only,2026,test,sUbend_012__f16,15.559647232294083,316.79895520210266,nan,nan,nan,nan,0.0742,0.7653137445449829,0.1493,40.065086364746094
subend_leak_mag_only,2026,test,sUbend_012__f17,15.559647232294083,316.79895520210266,nan,nan,nan,nan,0.1257,0.843121349811554,0.0803,32.52878952026367
subend_leak_mag_only,2026,test,sUbend_012__f18,15.559647232294083,316.79895520210266,nan,nan,nan,nan,0.1758,0.8909628391265869,0.0279,27.005516052246094
subend_leak_mag_only,2026,test,sUbend_012__f19,15.559647232294083,316.79895520210266,nan,nan,nan,nan,0.1863,0.8712327480316162,0.0465,29.397785186767578
subend_leak_mag_only,2026,test,sUbend_012__f20,15.559647232294083,316.79895520210266,nan,nan,nan,nan,0.1934,0.8475401401519775,0.061,32.054874420166016
subend_leak_mag_only,2026,test,sUbend_012__f21,15.559647232294083,316.79895520210266,nan,nan,nan,nan,0.1939,0.8447375297546387,0.0732,32.35617446899414
subend_leak_mag_only,2026,test,sUbend_012__f22,15.559647232294083,316.79895520210266,nan,nan,nan,nan,0.1844,0.8274941444396973,0.0839,34.15781784057617
subend_leak_mag_only,2026,test,sUbend_012__f23,15.559647232294083,316.79895520210266,nan,nan,nan,nan,0.1699,0.8072687387466431,0.1095,36.170066833496094
subend_leak_mag_only,2026,test,sUbend_012__f24,15.559647232294083,316.79895520210266,nan,nan,nan,nan,0.1586,0.7799103260040283,0.1371,38.74763107299805
subend_leak_mag_only,2026,test,sUbend_021__f00,15.624887309968472,306.6862225532532,nan,nan,nan,nan,0.1923,0.8636162281036377,0.2248,30.27492904663086
subend_leak_mag_only,2026,test,sUbend_021__f01,15.624887309968472,306.6862225532532,nan,nan,nan,nan,0.2016,0.8560831546783447,0.2009,31.120391845703125
subend_leak_mag_only,2026,test,sUbend_021__f02,15.624887309968472,306.6862225532532,nan,nan,nan,nan,0.1981,0.8624444603919983,0.1836,30.4078369140625
subend_leak_mag_only,2026,test,sUbend_021__f03,15.624887309968472,306.6862225532532,nan,nan,nan,nan,0.2009,0.8670650720596313,0.1709,29.880645751953125
subend_leak_mag_only,2026,test,sUbend_021__f04,15.624887309968472,306.6862225532532,nan,nan,nan,nan,0.1054,0.8095988035202026,0.2427,35.94324493408203
subend_leak_mag_only,2026,test,sUbend_021__f05,15.624887309968472,306.6862225532532,nan,nan,nan,nan,0.0605,0.5863150358200073,0.3646,54.10404968261719
subend_leak_mag_only,2026,test,sUbend_021__f06,15.624887309968472,306.6862225532532,nan,nan,nan,nan,0.2141,0.922179102897644,0.174,22.75324058532715
subend_leak_mag_only,2026,test,sUbend_021__f07,15.624887309968472,306.6862225532532,nan,nan,nan,nan,0.2454,0.8961092233657837,0.1591,26.348731994628906
subend_leak_mag_only,2026,test,sUbend_021__f08,15.624887309968472,306.6862225532532,nan,nan,nan,nan,0.2438,0.9088212251663208,0.1554,24.65703582763672
subend_leak_mag_only,2026,test,sUbend_021__f09,15.624887309968472,306.6862225532532,nan,nan,nan,nan,0.2684,0.9168579578399658,0.0829,23.52902603149414
subend_leak_mag_only,2026,test,sUbend_021__f10,15.624887309968472,306.6862225532532,nan,nan,nan,nan,0.2521,0.9049066305160522,0.07,25.189289093017578
subend_leak_mag_only,2026,test,sUbend_021__f11,15.624887309968472,306.6862225532532,nan,nan,nan,nan,0.2118,0.905592143535614,0.0483,25.096843719482422
subend_leak_mag_only,2026,test,sUbend_021__f12,15.624887309968472,306.6862225532532,nan,nan,nan,nan,0.233,0.9301636219024658,0.0368,21.539661407470703
subend_leak_mag_only,2026,test,sUbend_021__f13,15.624887309968472,306.6862225532532,nan,nan,nan,nan,0.2734,0.9550500512123108,0.034,17.244182586669922
subend_leak_mag_only,2026,test,sUbend_021__f14,15.624887309968472,306.6862225532532,nan,nan,nan,nan,0.2483,0.9429998397827148,0.0391,19.438396453857422
subend_leak_mag_only,2026,test,sUbend_021__f15,15.624887309968472,306.6862225532532,nan,nan,nan,nan,0.1522,0.863213062286377,0.1365,30.320716857910156
subend_leak_mag_only,2026,test,sUbend_021__f16,15.624887309968472,306.6862225532532,nan,nan,nan,nan,0.1096,0.7162400484085083,0.3013,44.25508117675781
subend_leak_mag_only,2026,test,sUbend_021__f17,15.624887309968472,306.6862225532532,nan,nan,nan,nan,0.0813,0.7027272582054138,0.3183,45.35377502441406
subend_leak_mag_only,2026,test,sUbend_021__f18,15.624887309968472,306.6862225532532,nan,nan,nan,nan,0.0861,0.7460058927536011,0.295,41.75442886352539
subend_leak_mag_only,2026,test,sUbend_021__f19,15.624887309968472,306.6862225532532,nan,nan,nan,nan,0.1201,0.8009305000305176,0.2532,36.78094482421875
subend_leak_mag_only,2026,test,sUbend_021__f20,15.624887309968472,306.6862225532532,nan,nan,nan,nan,0.1435,0.840254008769989,0.2457,32.833045959472656
subend_leak_mag_only,2026,test,sUbend_021__f21,15.624887309968472,306.6862225532532,nan,nan,nan,nan,0.1647,0.8643010854721069,0.2372,30.197006225585938
subend_leak_mag_only,2026,test,sUbend_021__f22,15.624887309968472,306.6862225532532,nan,nan,nan,nan,0.1752,0.8794804811477661,0.2486,28.420242309570312
subend_leak_mag_only,2026,test,sUbend_021__f23,15.624887309968472,306.6862225532532,nan,nan,nan,nan,0.1846,0.8800780773162842,0.2536,28.348217010498047
subend_leak_mag_only,2026,test,sUbend_021__f24,15.624887309968472,306.6862225532532,nan,nan,nan,nan,0.1919,0.8735643625259399,0.2447,29.12447738647461
subend_leak_mag_only,2026,test,sUbend_022__f00,15.591314062476158,303.772509098053,nan,nan,nan,nan,0.0089,0.06232016161084175,0.4812,86.427001953125
subend_leak_mag_only,2026,test,sUbend_022__f01,15.591314062476158,303.772509098053,nan,nan,nan,nan,0.006,-0.10961710661649704,0.5331,96.29324340820312
subend_leak_mag_only,2026,test,sUbend_022__f02,15.591314062476158,303.772509098053,nan,nan,nan,nan,0.0085,-0.058728255331516266,0.5205,93.3668212890625
subend_leak_mag_only,2026,test,sUbend_022__f03,15.591314062476158,303.772509098053,nan,nan,nan,nan,0.0115,0.1085084080696106,0.4602,83.77066040039062
subend_leak_mag_only,2026,test,sUbend_022__f04,15.591314062476158,303.772509098053,nan,nan,nan,nan,0.1891,0.8491748571395874,0.1963,31.87796401977539
subend_leak_mag_only,2026,test,sUbend_022__f05,15.591314062476158,303.772509098053,nan,nan,nan,nan,0.2121,0.9070895910263062,0.0873,24.89379119873047
subend_leak_mag_only,2026,test,sUbend_022__f06,15.591314062476158,303.772509098053,nan,nan,nan,nan,0.2396,0.9146803617477417,0.0848,23.83962631225586
subend_leak_mag_only,2026,test,sUbend_022__f07,15.591314062476158,303.772509098053,nan,nan,nan,nan,0.294,0.9297937154769897,0.0967,21.59731674194336
subend_leak_mag_only,2026,test,sUbend_022__f08,15.591314062476158,303.772509098053,nan,nan,nan,nan,0.2904,0.939003586769104,0.0695,20.115110397338867
subend_leak_mag_only,2026,test,sUbend_022__f09,15.591314062476158,303.772509098053,nan,nan,nan,nan,0.2778,0.9524250030517578,0.0448,17.74451446533203
subend_leak_mag_only,2026,test,sUbend_022__f10,15.591314062476158,303.772509098053,nan,nan,nan,nan,0.2952,0.9577182531356812,0.0328,16.72076416015625
subend_leak_mag_only,2026,test,sUbend_022__f11,15.591314062476158,303.772509098053,nan,nan,nan,nan,0.2936,0.9542783498764038,0.0367,17.39270782470703
subend_leak_mag_only,2026,test,sUbend_022__f12,15.591314062476158,303.772509098053,nan,nan,nan,nan,0.2472,0.9414066076278687,0.0609,19.710857391357422
subend_leak_mag_only,2026,test,sUbend_022__f13,15.591314062476158,303.772509098053,nan,nan,nan,nan,0.2037,0.9054206609725952,0.0974,25.1200008392334
subend_leak_mag_only,2026,test,sUbend_022__f14,15.591314062476158,303.772509098053,nan,nan,nan,nan,0.1127,0.8225194215774536,0.186,34.662200927734375
subend_leak_mag_only,2026,test,sUbend_022__f15,15.591314062476158,303.772509098053,nan,nan,nan,nan,0.0594,0.5613902807235718,0.3538,55.84799575805664
subend_leak_mag_only,2026,test,sUbend_022__f16,15.591314062476158,303.772509098053,nan,nan,nan,nan,0.0516,0.2619971036911011,0.4512,74.8114013671875
subend_leak_mag_only,2026,test,sUbend_022__f17,15.591314062476158,303.772509098053,nan,nan,nan,nan,0.0454,0.18062707781791687,0.4657,79.59371185302734
subend_leak_mag_only,2026,test,sUbend_022__f18,15.591314062476158,303.772509098053,nan,nan,nan,nan,0.0513,0.4563010334968567,0.4041,62.851322174072266
subend_leak_mag_only,2026,test,sUbend_022__f19,15.591314062476158,303.772509098053,nan,nan,nan,nan,0.046,0.6126983761787415,0.2871,52.215126037597656
subend_leak_mag_only,2026,test,sUbend_022__f20,15.591314062476158,303.772509098053,nan,nan,nan,nan,0.0509,0.6642600297927856,0.2947,48.374412536621094
subend_leak_mag_only,2026,test,sUbend_022__f21,15.591314062476158,303.772509098053,nan,nan,nan,nan,0.0563,0.6175369024276733,0.328,51.86351013183594
subend_leak_mag_only,2026,test,sUbend_022__f22,15.591314062476158,303.772509098053,nan,nan,nan,nan,0.0493,0.5372645854949951,0.3549,57.50237274169922
subend_leak_mag_only,2026,test,sUbend_022__f23,15.591314062476158,303.772509098053,nan,nan,nan,nan,0.0208,0.40809088945388794,0.3843,65.91503143310547
subend_leak_mag_only,2026,test,sUbend_022__f24,15.591314062476158,303.772509098053,nan,nan,nan,nan,0.0171,0.23266863822937012,0.4341,76.54576110839844
subend_leak_mag_only,2026,val,sUbend_016__f00,15.276375226676464,316.95735454559326,nan,nan,nan,nan,0.0358,0.5264453887939453,0.3203,58.234397888183594
subend_leak_mag_only,2026,val,sUbend_016__f01,15.276375226676464,316.95735454559326,nan,nan,nan,nan,0.1019,0.6652315258979797,0.293,48.299903869628906
subend_leak_mag_only,2026,val,sUbend_016__f02,15.276375226676464,316.95735454559326,nan,nan,nan,nan,0.1284,0.7229568362236023,0.2722,43.70085144042969
subend_leak_mag_only,2026,val,sUbend_016__f03,15.276375226676464,316.95735454559326,nan,nan,nan,nan,0.1448,0.7515325546264648,0.2685,41.276695251464844
subend_leak_mag_only,2026,val,sUbend_016__f04,15.276375226676464,316.95735454559326,nan,nan,nan,nan,0.1096,0.6454607248306274,0.3233,49.799766540527344
subend_leak_mag_only,2026,val,sUbend_016__f05,15.276375226676464,316.95735454559326,nan,nan,nan,nan,0.0057,0.053515031933784485,0.4806,86.93234252929688
subend_leak_mag_only,2026,val,sUbend_016__f06,15.276375226676464,316.95735454559326,nan,nan,nan,nan,0.1612,0.867633581161499,0.2489,29.815196990966797
subend_leak_mag_only,2026,val,sUbend_016__f07,15.276375226676464,316.95735454559326,nan,nan,nan,nan,0.2061,0.9096640348434448,0.2132,24.541038513183594
subend_leak_mag_only,2026,val,sUbend_016__f08,15.276375226676464,316.95735454559326,nan,nan,nan,nan,0.2285,0.8784216642379761,0.1745,28.54745101928711
subend_leak_mag_only,2026,val,sUbend_016__f09,15.276375226676464,316.95735454559326,nan,nan,nan,nan,0.1871,0.8820322751998901,0.2556,28.11150550842285
subend_leak_mag_only,2026,val,sUbend_016__f10,15.276375226676464,316.95735454559326,nan,nan,nan,nan,0.1816,0.8846224546432495,0.1558,27.794898986816406
subend_leak_mag_only,2026,val,sUbend_016__f11,15.276375226676464,316.95735454559326,nan,nan,nan,nan,0.1761,0.908126711845398,0.1562,24.75225067138672
subend_leak_mag_only,2026,val,sUbend_016__f12,15.276375226676464,316.95735454559326,nan,nan,nan,nan,0.1421,0.8721827268600464,0.1828,29.28671646118164
subend_leak_mag_only,2026,val,sUbend_016__f13,15.276375226676464,316.95735454559326,nan,nan,nan,nan,0.0734,0.6783784627914429,0.2689,47.282928466796875
subend_leak_mag_only,2026,val,sUbend_016__f14,15.276375226676464,316.95735454559326,nan,nan,nan,nan,0.0284,0.36719051003456116,0.3901,68.45755004882812
subend_leak_mag_only,2026,val,sUbend_016__f15,15.276375226676464,316.95735454559326,nan,nan,nan,nan,0.0248,0.4047818183898926,0.343,66.12254333496094
subend_leak_mag_only,2026,val,sUbend_016__f16,15.276375226676464,316.95735454559326,nan,nan,nan,nan,0.0276,0.4628010094165802,0.3284,62.43199920654297
subend_leak_mag_only,2026,val,sUbend_016__f17,15.276375226676464,316.95735454559326,nan,nan,nan,nan,0.0208,0.3549436330795288,0.3771,69.21000671386719
subend_leak_mag_only,2026,val,sUbend_016__f18,15.276375226676464,316.95735454559326,nan,nan,nan,nan,0.0187,0.21657559275627136,0.4326,77.49201965332031
subend_leak_mag_only,2026,val,sUbend_016__f19,15.276375226676464,316.95735454559326,nan,nan,nan,nan,0.011,-0.09148959070444107,0.5251,95.24930572509766
subend_leak_mag_only,2026,val,sUbend_016__f20,15.276375226676464,316.95735454559326,nan,nan,nan,nan,0.0132,-0.11858168244361877,0.5317,96.81025695800781
subend_leak_mag_only,2026,val,sUbend_016__f21,15.276375226676464,316.95735454559326,nan,nan,nan,nan,0.0124,0.0873105525970459,0.4777,84.9910888671875
subend_leak_mag_only,2026,val,sUbend_016__f22,15.276375226676464,316.95735454559326,nan,nan,nan,nan,0.0114,0.19874198734760284,0.4374,78.53659057617188
subend_leak_mag_only,2026,val,sUbend_016__f23,15.276375226676464,316.95735454559326,nan,nan,nan,nan,0.0146,0.34211277961730957,0.3777,69.99435424804688
subend_leak_mag_only,2026,val,sUbend_016__f24,15.276375226676464,316.95735454559326,nan,nan,nan,nan,0.0154,0.43063730001449585,0.3385,64.49198913574219
subend_leak_mag_only,2026,val,sUbend_019__f00,16.874685883522034,320.8715319633484,nan,nan,nan,nan,0.0064,0.29842767119407654,0.3038,72.63681030273438
subend_leak_mag_only,2026,val,sUbend_019__f01,16.874685883522034,320.8715319633484,nan,nan,nan,nan,0.0473,0.43002983927726746,0.2469,64.53054809570312
subend_leak_mag_only,2026,val,sUbend_019__f02,16.874685883522034,320.8715319633484,nan,nan,nan,nan,0.1156,0.6643469333648682,0.1707,48.36775207519531
subend_leak_mag_only,2026,val,sUbend_019__f03,16.874685883522034,320.8715319633484,nan,nan,nan,nan,0.1803,0.8238354921340942,0.1314,34.529396057128906
subend_leak_mag_only,2026,val,sUbend_019__f04,16.874685883522034,320.8715319633484,nan,nan,nan,nan,0.2352,0.9199890494346619,0.0699,23.075517654418945
subend_leak_mag_only,2026,val,sUbend_019__f05,16.874685883522034,320.8715319633484,nan,nan,nan,nan,0.2313,0.9396349191665649,0.0256,20.009662628173828
subend_leak_mag_only,2026,val,sUbend_019__f06,16.874685883522034,320.8715319633484,nan,nan,nan,nan,0.2692,0.9451359510421753,0.0202,19.06722640991211
subend_leak_mag_only,2026,val,sUbend_019__f07,16.874685883522034,320.8715319633484,nan,nan,nan,nan,0.331,0.9610650539398193,0.029,16.040830612182617
subend_leak_mag_only,2026,val,sUbend_019__f08,16.874685883522034,320.8715319633484,nan,nan,nan,nan,0.3103,0.9481170773506165,0.042,18.537263870239258
subend_leak_mag_only,2026,val,sUbend_019__f09,16.874685883522034,320.8715319633484,nan,nan,nan,nan,0.3574,0.9677417278289795,0.024,14.59259033203125
subend_leak_mag_only,2026,val,sUbend_019__f10,16.874685883522034,320.8715319633484,nan,nan,nan,nan,0.3763,0.9676189422607422,0.0389,14.620500564575195
subend_leak_mag_only,2026,val,sUbend_019__f11,16.874685883522034,320.8715319633484,nan,nan,nan,nan,0.3642,0.9686381816864014,0.0309,14.38731861114502
subend_leak_mag_only,2026,val,sUbend_019__f12,16.874685883522034,320.8715319633484,nan,nan,nan,nan,0.3119,0.9595192670822144,0.0264,16.358287811279297
subend_leak_mag_only,2026,val,sUbend_019__f13,16.874685883522034,320.8715319633484,nan,nan,nan,nan,0.2517,0.933201789855957,0.0133,21.060457229614258
subend_leak_mag_only,2026,val,sUbend_019__f14,16.874685883522034,320.8715319633484,nan,nan,nan,nan,0.1326,0.7907886505126953,0.1353,37.74072265625
subend_leak_mag_only,2026,val,sUbend_019__f15,16.874685883522034,320.8715319633484,nan,nan,nan,nan,0.0412,0.23419582843780518,0.4035,76.45578002929688
subend_leak_mag_only,2026,val,sUbend_019__f16,16.874685883522034,320.8715319633484,nan,nan,nan,nan,0.0156,0.06166396290063858,0.4712,86.46466827392578
subend_leak_mag_only,2026,val,sUbend_019__f17,16.874685883522034,320.8715319633484,nan,nan,nan,nan,0.0084,0.12383677810430527,0.4354,82.88641357421875
subend_leak_mag_only,2026,val,sUbend_019__f18,16.874685883522034,320.8715319633484,nan,nan,nan,nan,0.0141,0.3012782335281372,0.3304,72.46560668945312
subend_leak_mag_only,2026,val,sUbend_019__f19,16.874685883522034,320.8715319633484,nan,nan,nan,nan,0.015,0.37752407789230347,0.2687,67.81959533691406
subend_leak_mag_only,2026,val,sUbend_019__f20,16.874685883522034,320.8715319633484,nan,nan,nan,nan,0.0062,0.3344539701938629,0.2728,70.46066284179688
subend_leak_mag_only,2026,val,sUbend_019__f21,16.874685883522034,320.8715319633484,nan,nan,nan,nan,0.0046,0.28801947832107544,0.3114,73.26057434082031
subend_leak_mag_only,2026,val,sUbend_019__f22,16.874685883522034,320.8715319633484,nan,nan,nan,nan,0.0012,0.23100551962852478,0.3608,76.64372253417969
subend_leak_mag_only,2026,val,sUbend_019__f23,16.874685883522034,320.8715319633484,nan,nan,nan,nan,0.0029,0.25622475147247314,0.3482,75.15382385253906
subend_leak_mag_only,2026,val,sUbend_019__f24,16.874685883522034,320.8715319633484,nan,nan,nan,nan,0.0022,0.26487353444099426,0.3291,74.64056396484375
subend_leak_mag_only,2026,val,sUbend_023__f00,15.804242342710495,319.2725479602814,nan,nan,nan,nan,0.0184,0.15781742334365845,0.4245,80.91976928710938
subend_leak_mag_only,2026,val,sUbend_023__f01,15.804242342710495,319.2725479602814,nan,nan,nan,nan,0.0043,0.09005195647478104,0.4572,84.83340454101562
subend_leak_mag_only,2026,val,sUbend_023__f02,15.804242342710495,319.2725479602814,nan,nan,nan,nan,0.0029,0.06985440105199814,0.4621,85.99436950683594
subend_leak_mag_only,2026,val,sUbend_023__f03,15.804242342710495,319.2725479602814,nan,nan,nan,nan,0.0027,0.036600369960069656,0.4723,87.90248107910156
subend_leak_mag_only,2026,val,sUbend_023__f04,15.804242342710495,319.2725479602814,nan,nan,nan,nan,0.0758,0.5666553974151611,0.2385,55.48267364501953
subend_leak_mag_only,2026,val,sUbend_023__f05,15.804242342710495,319.2725479602814,nan,nan,nan,nan,0.1717,0.6431359648704529,0.2842,49.97393798828125
subend_leak_mag_only,2026,val,sUbend_023__f06,15.804242342710495,319.2725479602814,nan,nan,nan,nan,0.2195,0.8189078569412231,0.2452,35.024383544921875
subend_leak_mag_only,2026,val,sUbend_023__f07,15.804242342710495,319.2725479602814,nan,nan,nan,nan,0.2958,0.9332171082496643,0.2099,21.058006286621094
subend_leak_mag_only,2026,val,sUbend_023__f08,15.804242342710495,319.2725479602814,nan,nan,nan,nan,0.295,0.9310874342918396,0.1815,21.39503288269043
subend_leak_mag_only,2026,val,sUbend_023__f09,15.804242342710495,319.2725479602814,nan,nan,nan,nan,0.2824,0.912090003490448,0.2382,24.204206466674805
subend_leak_mag_only,2026,val,sUbend_023__f10,15.804242342710495,319.2725479602814,nan,nan,nan,nan,0.2777,0.926628053188324,0.1542,22.084854125976562
subend_leak_mag_only,2026,val,sUbend_023__f11,15.804242342710495,319.2725479602814,nan,nan,nan,nan,0.2469,0.8907715082168579,0.1436,27.029638290405273
subend_leak_mag_only,2026,val,sUbend_023__f12,15.804242342710495,319.2725479602814,nan,nan,nan,nan,0.2378,0.8700211048126221,0.1225,29.53890609741211
subend_leak_mag_only,2026,val,sUbend_023__f13,15.804242342710495,319.2725479602814,nan,nan,nan,nan,0.2038,0.8495496511459351,0.142,31.837276458740234
subend_leak_mag_only,2026,val,sUbend_023__f14,15.804242342710495,319.2725479602814,nan,nan,nan,nan,0.1024,0.7860872149467468,0.1982,38.178653717041016
subend_leak_mag_only,2026,val,sUbend_023__f15,15.804242342710495,319.2725479602814,nan,nan,nan,nan,0.0225,0.5632025003433228,0.3266,55.722434997558594
subend_leak_mag_only,2026,val,sUbend_023__f16,15.804242342710495,319.2725479602814,nan,nan,nan,nan,0.0126,0.32737213373184204,0.4056,70.89064025878906
subend_leak_mag_only,2026,val,sUbend_023__f17,15.804242342710495,319.2725479602814,nan,nan,nan,nan,0.0093,0.18162298202514648,0.4494,79.53569030761719
subend_leak_mag_only,2026,val,sUbend_023__f18,15.804242342710495,319.2725479602814,nan,nan,nan,nan,0.0087,0.04772229120135307,0.4877,87.26467895507812
subend_leak_mag_only,2026,val,sUbend_023__f19,15.804242342710495,319.2725479602814,nan,nan,nan,nan,0.0065,0.08039921522140503,0.4747,85.38848876953125
subend_leak_mag_only,2026,val,sUbend_023__f20,15.804242342710495,319.2725479602814,nan,nan,nan,nan,0.0044,0.044982295483350754,0.4822,87.42183685302734
subend_leak_mag_only,2026,val,sUbend_023__f21,15.804242342710495,319.2725479602814,nan,nan,nan,nan,0.006,0.09836310148239136,0.4522,84.3550796508789
subend_leak_mag_only,2026,val,sUbend_023__f22,15.804242342710495,319.2725479602814,nan,nan,nan,nan,0.0089,0.1736302375793457,0.4153,80.00103759765625
subend_leak_mag_only,2026,val,sUbend_023__f23,15.804242342710495,319.2725479602814,nan,nan,nan,nan,0.013,0.1855020821094513,0.4195,79.30960083007812
subend_leak_mag_only,2026,val,sUbend_023__f24,15.804242342710495,319.2725479602814,nan,nan,nan,nan,0.0166,0.18541276454925537,0.4271,79.3147964477539
subend_leak_mag_only,777,test,sUbend_012__f00,15.559647232294083,316.79895520210266,nan,nan,nan,nan,0.1681,0.7752525210380554,0.0972,39.17206573486328
subend_leak_mag_only,777,test,sUbend_012__f01,15.559647232294083,316.79895520210266,nan,nan,nan,nan,0.1196,0.7309912443161011,0.1019,43.03043746948242
subend_leak_mag_only,777,test,sUbend_012__f02,15.559647232294083,316.79895520210266,nan,nan,nan,nan,0.039,0.6405190229415894,0.1313,50.169464111328125
subend_leak_mag_only,777,test,sUbend_012__f03,15.559647232294083,316.79895520210266,nan,nan,nan,nan,0.0235,0.4021865725517273,0.2888,66.2850570678711
subend_leak_mag_only,777,test,sUbend_012__f04,15.559647232294083,316.79895520210266,nan,nan,nan,nan,0.0236,0.04272466152906418,0.4802,87.55130767822266
subend_leak_mag_only,777,test,sUbend_012__f05,15.559647232294083,316.79895520210266,nan,nan,nan,nan,0.08,0.7594884634017944,0.1295,40.58087158203125
subend_leak_mag_only,777,test,sUbend_012__f06,15.559647232294083,316.79895520210266,nan,nan,nan,nan,0.1674,0.8079996109008789,0.3351,36.09905242919922
subend_leak_mag_only,777,test,sUbend_012__f07,15.559647232294083,316.79895520210266,nan,nan,nan,nan,0.2146,0.8290325403213501,0.277,34.00050735473633
subend_leak_mag_only,777,test,sUbend_012__f08,15.559647232294083,316.79895520210266,nan,nan,nan,nan,0.2672,0.8696160316467285,0.2126,29.585941314697266
subend_leak_mag_only,777,test,sUbend_012__f09,15.559647232294083,316.79895520210266,nan,nan,nan,nan,0.2621,0.8872776627540588,0.1086,27.466869354248047
subend_leak_mag_only,777,test,sUbend_012__f10,15.559647232294083,316.79895520210266,nan,nan,nan,nan,0.209,0.8930149078369141,0.0748,26.745420455932617
subend_leak_mag_only,777,test,sUbend_012__f11,15.559647232294083,316.79895520210266,nan,nan,nan,nan,0.1907,0.9304832220077515,0.0465,21.489730834960938
subend_leak_mag_only,777,test,sUbend_012__f12,15.559647232294083,316.79895520210266,nan,nan,nan,nan,0.2033,0.9365576505661011,0.0148,20.51873016357422
subend_leak_mag_only,777,test,sUbend_012__f13,15.559647232294083,316.79895520210266,nan,nan,nan,nan,0.1753,0.9155474901199341,0.011,23.71639633178711
subend_leak_mag_only,777,test,sUbend_012__f14,15.559647232294083,316.79895520210266,nan,nan,nan,nan,0.0901,0.869775116443634,0.0586,29.567480087280273
subend_leak_mag_only,777,test,sUbend_012__f15,15.559647232294083,316.79895520210266,nan,nan,nan,nan,0.0222,0.8266493082046509,0.1235,34.243934631347656
subend_leak_mag_only,777,test,sUbend_012__f16,15.559647232294083,316.79895520210266,nan,nan,nan,nan,0.0223,0.7584351897239685,0.1336,40.67355728149414
subend_leak_mag_only,777,test,sUbend_012__f17,15.559647232294083,316.79895520210266,nan,nan,nan,nan,0.0896,0.816379189491272,0.0761,35.276039123535156
subend_leak_mag_only,777,test,sUbend_012__f18,15.559647232294083,316.79895520210266,nan,nan,nan,nan,0.1636,0.8807424902915955,0.0243,28.26793670654297
subend_leak_mag_only,777,test,sUbend_012__f19,15.559647232294083,316.79895520210266,nan,nan,nan,nan,0.2164,0.8915231227874756,0.0416,26.934730529785156
subend_leak_mag_only,777,test,sUbend_012__f20,15.559647232294083,316.79895520210266,nan,nan,nan,nan,0.2184,0.8813941478729248,0.0579,28.189002990722656
subend_leak_mag_only,777,test,sUbend_012__f21,15.559647232294083,316.79895520210266,nan,nan,nan,nan,0.2236,0.8772751092910767,0.0663,28.684608459472656
subend_leak_mag_only,777,test,sUbend_012__f22,15.559647232294083,316.79895520210266,nan,nan,nan,nan,0.2188,0.851960301399231,0.0774,31.57447052001953
subend_leak_mag_only,777,test,sUbend_012__f23,15.559647232294083,316.79895520210266,nan,nan,nan,nan,0.1875,0.8065117001533508,0.0918,36.24349594116211
subend_leak_mag_only,777,test,sUbend_012__f24,15.559647232294083,316.79895520210266,nan,nan,nan,nan,0.1683,0.7786162495613098,0.1021,38.86594009399414
subend_leak_mag_only,777,test,sUbend_021__f00,15.624887309968472,306.6862225532532,nan,nan,nan,nan,0.2983,0.9154655933380127,0.1603,23.728065490722656
subend_leak_mag_only,777,test,sUbend_021__f01,15.624887309968472,306.6862225532532,nan,nan,nan,nan,0.3134,0.9279648065567017,0.122,21.880245208740234
subend_leak_mag_only,777,test,sUbend_021__f02,15.624887309968472,306.6862225532532,nan,nan,nan,nan,0.3104,0.9335341453552246,0.0799,21.007396697998047
subend_leak_mag_only,777,test,sUbend_021__f03,15.624887309968472,306.6862225532532,nan,nan,nan,nan,0.3133,0.9430679678916931,0.0675,19.426666259765625
subend_leak_mag_only,777,test,sUbend_021__f04,15.624887309968472,306.6862225532532,nan,nan,nan,nan,0.1628,0.8921072483062744,0.1537,26.860748291015625
subend_leak_mag_only,777,test,sUbend_021__f05,15.624887309968472,306.6862225532532,nan,nan,nan,nan,0.0895,0.674575924873352,0.3162,47.57876968383789
subend_leak_mag_only,777,test,sUbend_021__f06,15.624887309968472,306.6862225532532,nan,nan,nan,nan,0.2602,0.9330608248710632,0.1268,21.082916259765625
subend_leak_mag_only,777,test,sUbend_021__f07,15.624887309968472,306.6862225532532,nan,nan,nan,nan,0.2797,0.9018584489822388,0.1361,25.596561431884766
subend_leak_mag_only,777,test,sUbend_021__f08,15.624887309968472,306.6862225532532,nan,nan,nan,nan,0.2654,0.9218139052391052,0.1114,22.807279586791992
subend_leak_mag_only,777,test,sUbend_021__f09,15.624887309968472,306.6862225532532,nan,nan,nan,nan,0.2996,0.922888994216919,0.0735,22.647842407226562
subend_leak_mag_only,777,test,sUbend_021__f10,15.624887309968472,306.6862225532532,nan,nan,nan,nan,0.287,0.936468243598938,0.0419,20.533340454101562
subend_leak_mag_only,777,test,sUbend_021__f11,15.624887309968472,306.6862225532532,nan,nan,nan,nan,0.3389,0.9528036117553711,0.0319,17.673187255859375
subend_leak_mag_only,777,test,sUbend_021__f12,15.624887309968472,306.6862225532532,nan,nan,nan,nan,0.3791,0.9683631062507629,0.0257,14.45061206817627
subend_leak_mag_only,777,test,sUbend_021__f13,15.624887309968472,306.6862225532532,nan,nan,nan,nan,0.3334,0.963840126991272,0.0211,15.454975128173828
subend_leak_mag_only,777,test,sUbend_021__f14,15.624887309968472,306.6862225532532,nan,nan,nan,nan,0.2329,0.9432193636894226,0.0302,19.40056800842285
subend_leak_mag_only,777,test,sUbend_021__f15,15.624887309968472,306.6862225532532,nan,nan,nan,nan,0.1399,0.8841851353645325,0.1072,27.848588943481445
subend_leak_mag_only,777,test,sUbend_021__f16,15.624887309968472,306.6862225532532,nan,nan,nan,nan,0.0996,0.7944698333740234,0.2732,37.39479064941406
subend_leak_mag_only,777,test,sUbend_021__f17,15.624887309968472,306.6862225532532,nan,nan,nan,nan,0.0952,0.8095662593841553,0.2803,35.9464225769043
subend_leak_mag_only,777,test,sUbend_021__f18,15.624887309968472,306.6862225532532,nan,nan,nan,nan,0.1073,0.8082935810089111,0.2804,36.070457458496094
subend_leak_mag_only,777,test,sUbend_021__f19,15.624887309968472,306.6862225532532,nan,nan,nan,nan,0.1579,0.8727001547813416,0.2402,29.226051330566406
subend_leak_mag_only,777,test,sUbend_021__f20,15.624887309968472,306.6862225532532,nan,nan,nan,nan,0.2079,0.8982468247413635,0.2269,26.071430206298828
subend_leak_mag_only,777,test,sUbend_021__f21,15.624887309968472,306.6862225532532,nan,nan,nan,nan,0.2459,0.9139811992645264,0.2096,23.93853759765625
subend_leak_mag_only,777,test,sUbend_021__f22,15.624887309968472,306.6862225532532,nan,nan,nan,nan,0.2638,0.9168291091918945,0.2191,23.53316307067871
subend_leak_mag_only,777,test,sUbend_021__f23,15.624887309968472,306.6862225532532,nan,nan,nan,nan,0.27,0.9157602787017822,0.2032,23.68607521057129
subend_leak_mag_only,777,test,sUbend_021__f24,15.624887309968472,306.6862225532532,nan,nan,nan,nan,0.2845,0.912147045135498,0.1861,24.196231842041016
subend_leak_mag_only,777,test,sUbend_022__f00,15.591314062476158,303.772509098053,nan,nan,nan,nan,0.0135,0.030096003785729408,0.4872,88.27536010742188
subend_leak_mag_only,777,test,sUbend_022__f01,15.591314062476158,303.772509098053,nan,nan,nan,nan,0.0078,-0.1182570606470108,0.5481,96.79151916503906
subend_leak_mag_only,777,test,sUbend_022__f02,15.591314062476158,303.772509098053,nan,nan,nan,nan,0.0072,-0.09010450541973114,0.5402,95.16961669921875
subend_leak_mag_only,777,test,sUbend_022__f03,15.591314062476158,303.772509098053,nan,nan,nan,nan,0.0106,0.04556705430150032,0.4768,87.38829040527344
subend_leak_mag_only,777,test,sUbend_022__f04,15.591314062476158,303.772509098053,nan,nan,nan,nan,0.196,0.8230283260345459,0.1767,34.610897064208984
subend_leak_mag_only,777,test,sUbend_022__f05,15.591314062476158,303.772509098053,nan,nan,nan,nan,0.2156,0.8603816628456116,0.0615,30.64053726196289
subend_leak_mag_only,777,test,sUbend_022__f06,15.591314062476158,303.772509098053,nan,nan,nan,nan,0.231,0.8624696731567383,0.0639,30.404977798461914
subend_leak_mag_only,777,test,sUbend_022__f07,15.591314062476158,303.772509098053,nan,nan,nan,nan,0.2631,0.8874301910400391,0.0847,27.447914123535156
subend_leak_mag_only,777,test,sUbend_022__f08,15.591314062476158,303.772509098053,nan,nan,nan,nan,0.26,0.9051784873008728,0.0571,25.15265655517578
subend_leak_mag_only,777,test,sUbend_022__f09,15.591314062476158,303.772509098053,nan,nan,nan,nan,0.2725,0.9371731281280518,0.031,20.417884826660156
subend_leak_mag_only,777,test,sUbend_022__f10,15.591314062476158,303.772509098053,nan,nan,nan,nan,0.3124,0.9543094635009766,0.0198,17.38675308227539
subend_leak_mag_only,777,test,sUbend_022__f11,15.591314062476158,303.772509098053,nan,nan,nan,nan,0.3179,0.9540154933929443,0.0258,17.443025588989258
subend_leak_mag_only,777,test,sUbend_022__f12,15.591314062476158,303.772509098053,nan,nan,nan,nan,0.2616,0.9369751811027527,0.0513,20.450368881225586
subend_leak_mag_only,777,test,sUbend_022__f13,15.591314062476158,303.772509098053,nan,nan,nan,nan,0.2093,0.8969718217849731,0.0952,26.237163543701172
subend_leak_mag_only,777,test,sUbend_022__f14,15.591314062476158,303.772509098053,nan,nan,nan,nan,0.1084,0.8081835508346558,0.1729,36.08116149902344
subend_leak_mag_only,777,test,sUbend_022__f15,15.591314062476158,303.772509098053,nan,nan,nan,nan,0.0739,0.5646188259124756,0.3544,55.62417221069336
subend_leak_mag_only,777,test,sUbend_022__f16,15.591314062476158,303.772509098053,nan,nan,nan,nan,0.0632,0.3033604621887207,0.4454,72.34044647216797
subend_leak_mag_only,777,test,sUbend_022__f17,15.591314062476158,303.772509098053,nan,nan,nan,nan,0.0517,0.1829998940229416,0.4685,79.45545959472656
subend_leak_mag_only,777,test,sUbend_022__f18,15.591314062476158,303.772509098053,nan,nan,nan,nan,0.0462,0.44745945930480957,0.3991,63.41919708251953
subend_leak_mag_only,777,test,sUbend_022__f19,15.591314062476158,303.772509098053,nan,nan,nan,nan,0.0388,0.6296181678771973,0.2519,50.97804260253906
subend_leak_mag_only,777,test,sUbend_022__f20,15.591314062476158,303.772509098053,nan,nan,nan,nan,0.0456,0.6328557729721069,0.2747,50.738861083984375
subend_leak_mag_only,777,test,sUbend_022__f21,15.591314062476158,303.772509098053,nan,nan,nan,nan,0.0623,0.5546703338623047,0.3218,56.311988830566406
subend_leak_mag_only,777,test,sUbend_022__f22,15.591314062476158,303.772509098053,nan,nan,nan,nan,0.0563,0.4815675616264343,0.3383,61.21216583251953
subend_leak_mag_only,777,test,sUbend_022__f23,15.591314062476158,303.772509098053,nan,nan,nan,nan,0.0206,0.37822091579437256,0.3679,67.77647399902344
subend_leak_mag_only,777,test,sUbend_022__f24,15.591314062476158,303.772509098053,nan,nan,nan,nan,0.0196,0.2147531658411026,0.4221,77.59895324707031
subend_leak_mag_only,777,val,sUbend_016__f00,15.276375226676464,316.95735454559326,nan,nan,nan,nan,0.0311,0.574891209602356,0.2403,54.907981872558594
subend_leak_mag_only,777,val,sUbend_016__f01,15.276375226676464,316.95735454559326,nan,nan,nan,nan,0.0746,0.6493663787841797,0.2057,49.50614929199219
subend_leak_mag_only,777,val,sUbend_016__f02,15.276375226676464,316.95735454559326,nan,nan,nan,nan,0.1066,0.6754869222640991,0.1836,47.508026123046875
subend_leak_mag_only,777,val,sUbend_016__f03,15.276375226676464,316.95735454559326,nan,nan,nan,nan,0.1296,0.6945594549179077,0.1747,46.00787353515625
subend_leak_mag_only,777,val,sUbend_016__f04,15.276375226676464,316.95735454559326,nan,nan,nan,nan,0.0843,0.6388438940048218,0.2076,50.294334411621094
subend_leak_mag_only,777,val,sUbend_016__f05,15.276375226676464,316.95735454559326,nan,nan,nan,nan,0.004,-0.06499405205249786,0.5309,93.72651672363281
subend_leak_mag_only,777,val,sUbend_016__f06,15.276375226676464,316.95735454559326,nan,nan,nan,nan,0.157,0.7789035439491272,0.1977,38.83970260620117
subend_leak_mag_only,777,val,sUbend_016__f07,15.276375226676464,316.95735454559326,nan,nan,nan,nan,0.1356,0.7838201522827148,0.2024,38.388309478759766
subend_leak_mag_only,777,val,sUbend_016__f08,15.276375226676464,316.95735454559326,nan,nan,nan,nan,0.1731,0.7809213399887085,0.1595,38.65498352050781
subend_leak_mag_only,777,val,sUbend_016__f09,15.276375226676464,316.95735454559326,nan,nan,nan,nan,0.0784,0.7790051698684692,0.2308,38.830421447753906
subend_leak_mag_only,777,val,sUbend_016__f10,15.276375226676464,316.95735454559326,nan,nan,nan,nan,0.1114,0.8047882318496704,0.1303,36.410186767578125
subend_leak_mag_only,777,val,sUbend_016__f11,15.276375226676464,316.95735454559326,nan,nan,nan,nan,0.1297,0.8522485494613647,0.1385,31.542919158935547
subend_leak_mag_only,777,val,sUbend_016__f12,15.276375226676464,316.95735454559326,nan,nan,nan,nan,0.0993,0.8440331816673279,0.1383,32.43150329589844
subend_leak_mag_only,777,val,sUbend_016__f13,15.276375226676464,316.95735454559326,nan,nan,nan,nan,0.0424,0.7121337056159973,0.2164,44.591209411621094
subend_leak_mag_only,777,val,sUbend_016__f14,15.276375226676464,316.95735454559326,nan,nan,nan,nan,0.0292,0.3869647979736328,0.3718,67.2342300415039
subend_leak_mag_only,777,val,sUbend_016__f15,15.276375226676464,316.95735454559326,nan,nan,nan,nan,0.0267,0.40067362785339355,0.3421,66.37969970703125
subend_leak_mag_only,777,val,sUbend_016__f16,15.276375226676464,316.95735454559326,nan,nan,nan,nan,0.032,0.4482942819595337,0.3362,63.36569595336914
subend_leak_mag_only,777,val,sUbend_016__f17,15.276375226676464,316.95735454559326,nan,nan,nan,nan,0.0306,0.3351662755012512,0.383,70.41734313964844
subend_leak_mag_only,777,val,sUbend_016__f18,15.276375226676464,316.95735454559326,nan,nan,nan,nan,0.0293,0.16042475402355194,0.4474,80.76844787597656
subend_leak_mag_only,777,val,sUbend_016__f19,15.276375226676464,316.95735454559326,nan,nan,nan,nan,0.0149,-0.18447157740592957,0.5571,100.63032531738281
subend_leak_mag_only,777,val,sUbend_016__f20,15.276375226676464,316.95735454559326,nan,nan,nan,nan,0.0151,-0.20868296921253204,0.5665,102.04518127441406
subend_leak_mag_only,777,val,sUbend_016__f21,15.276375226676464,316.95735454559326,nan,nan,nan,nan,0.0192,0.016795340925455093,0.4952,89.03765869140625
subend_leak_mag_only,777,val,sUbend_016__f22,15.276375226676464,316.95735454559326,nan,nan,nan,nan,0.0197,0.16946817934513092,0.4435,80.24310302734375
subend_leak_mag_only,777,val,sUbend_016__f23,15.276375226676464,316.95735454559326,nan,nan,nan,nan,0.0238,0.3689180612564087,0.357,68.35108947753906
subend_leak_mag_only,777,val,sUbend_016__f24,15.276375226676464,316.95735454559326,nan,nan,nan,nan,0.0275,0.4442066550254822,0.3034,63.627410888671875
subend_leak_mag_only,777,val,sUbend_019__f00,16.874685883522034,320.8715319633484,nan,nan,nan,nan,0.0098,0.35524728894233704,0.2894,69.19139099121094
subend_leak_mag_only,777,val,sUbend_019__f01,16.874685883522034,320.8715319633484,nan,nan,nan,nan,0.0355,0.5148372650146484,0.2453,59.0134162902832
subend_leak_mag_only,777,val,sUbend_019__f02,16.874685883522034,320.8715319633484,nan,nan,nan,nan,0.1113,0.7165336608886719,0.1878,44.23096466064453
subend_leak_mag_only,777,val,sUbend_019__f03,16.874685883522034,320.8715319633484,nan,nan,nan,nan,0.2019,0.8584904670715332,0.1242,30.85248565673828
subend_leak_mag_only,777,val,sUbend_019__f04,16.874685883522034,320.8715319633484,nan,nan,nan,nan,0.2733,0.9379411339759827,0.0312,20.2913761138916
subend_leak_mag_only,777,val,sUbend_019__f05,16.874685883522034,320.8715319633484,nan,nan,nan,nan,0.2764,0.9408483505249023,0.0179,19.80548667907715
subend_leak_mag_only,777,val,sUbend_019__f06,16.874685883522034,320.8715319633484,nan,nan,nan,nan,0.2552,0.9197430610656738,0.0196,23.1114444732666
subend_leak_mag_only,777,val,sUbend_019__f07,16.874685883522034,320.8715319633484,nan,nan,nan,nan,0.2626,0.9237063527107239,0.0225,22.52591323852539
subend_leak_mag_only,777,val,sUbend_019__f08,16.874685883522034,320.8715319633484,nan,nan,nan,nan,0.2755,0.9109925031661987,0.0475,24.357131958007812
subend_leak_mag_only,777,val,sUbend_019__f09,16.874685883522034,320.8715319633484,nan,nan,nan,nan,0.3212,0.9563929438591003,0.0304,16.982707977294922
subend_leak_mag_only,777,val,sUbend_019__f10,16.874685883522034,320.8715319633484,nan,nan,nan,nan,0.3739,0.9627261757850647,0.0539,15.692707061767578
subend_leak_mag_only,777,val,sUbend_019__f11,16.874685883522034,320.8715319633484,nan,nan,nan,nan,0.3621,0.9630032777786255,0.0343,15.633894920349121
subend_leak_mag_only,777,val,sUbend_019__f12,16.874685883522034,320.8715319633484,nan,nan,nan,nan,0.3509,0.9635009765625,0.0165,15.527729034423828
subend_leak_mag_only,777,val,sUbend_019__f13,16.874685883522034,320.8715319633484,nan,nan,nan,nan,0.2503,0.9109139442443848,0.0169,24.368038177490234
subend_leak_mag_only,777,val,sUbend_019__f14,16.874685883522034,320.8715319633484,nan,nan,nan,nan,0.1076,0.7447739839553833,0.1175,41.86030960083008
subend_leak_mag_only,777,val,sUbend_019__f15,16.874685883522034,320.8715319633484,nan,nan,nan,nan,0.0455,0.3103470802307129,0.3729,71.91984558105469
subend_leak_mag_only,777,val,sUbend_019__f16,16.874685883522034,320.8715319633484,nan,nan,nan,nan,0.0144,0.13101907074451447,0.4405,82.47151184082031
subend_leak_mag_only,777,val,sUbend_019__f17,16.874685883522034,320.8715319633484,nan,nan,nan,nan,0.0069,0.18611937761306763,0.3946,79.27359771728516
subend_leak_mag_only,777,val,sUbend_019__f18,16.874685883522034,320.8715319633484,nan,nan,nan,nan,0.0159,0.3093988299369812,0.3128,71.97698974609375
subend_leak_mag_only,777,val,sUbend_019__f19,16.874685883522034,320.8715319633484,nan,nan,nan,nan,0.0201,0.37357771396636963,0.2635,68.06356048583984
subend_leak_mag_only,777,val,sUbend_019__f20,16.874685883522034,320.8715319633484,nan,nan,nan,nan,0.0155,0.3658111095428467,0.2644,68.54248809814453
subend_leak_mag_only,777,val,sUbend_019__f21,16.874685883522034,320.8715319633484,nan,nan,nan,nan,0.0094,0.32488471269607544,0.3005,71.0414047241211
subend_leak_mag_only,777,val,sUbend_019__f22,16.874685883522034,320.8715319633484,nan,nan,nan,nan,0.0058,0.24945105612277985,0.3469,75.55496978759766
subend_leak_mag_only,777,val,sUbend_019__f23,16.874685883522034,320.8715319633484,nan,nan,nan,nan,0.0061,0.28759127855300903,0.332,73.28619384765625
subend_leak_mag_only,777,val,sUbend_019__f24,16.874685883522034,320.8715319633484,nan,nan,nan,nan,0.0037,0.3068641424179077,0.3183,72.12964630126953
subend_leak_mag_only,777,val,sUbend_023__f00,15.804242342710495,319.2725479602814,nan,nan,nan,nan,0.0094,0.19789808988571167,0.4135,78.58592224121094
subend_leak_mag_only,777,val,sUbend_023__f01,15.804242342710495,319.2725479602814,nan,nan,nan,nan,0.0057,0.11376801133155823,0.4469,83.46742248535156
subend_leak_mag_only,777,val,sUbend_023__f02,15.804242342710495,319.2725479602814,nan,nan,nan,nan,0.0037,0.08129491657018661,0.4529,85.33699798583984
subend_leak_mag_only,777,val,sUbend_023__f03,15.804242342710495,319.2725479602814,nan,nan,nan,nan,0.0027,0.03790996968746185,0.4749,87.827392578125
subend_leak_mag_only,777,val,sUbend_023__f04,15.804242342710495,319.2725479602814,nan,nan,nan,nan,0.0833,0.6000008583068848,0.2082,53.130035400390625
subend_leak_mag_only,777,val,sUbend_023__f05,15.804242342710495,319.2725479602814,nan,nan,nan,nan,0.1588,0.7500178813934326,0.2253,41.40807342529297
subend_leak_mag_only,777,val,sUbend_023__f06,15.804242342710495,319.2725479602814,nan,nan,nan,nan,0.1813,0.8202996253967285,0.191,34.885196685791016
subend_leak_mag_only,777,val,sUbend_023__f07,15.804242342710495,319.2725479602814,nan,nan,nan,nan,0.1907,0.8536155819892883,0.1774,31.392871856689453
subend_leak_mag_only,777,val,sUbend_023__f08,15.804242342710495,319.2725479602814,nan,nan,nan,nan,0.2333,0.82710862159729,0.1641,34.19713592529297
subend_leak_mag_only,777,val,sUbend_023__f09,15.804242342710495,319.2725479602814,nan,nan,nan,nan,0.22,0.8353581428527832,0.185,33.34684371948242
subend_leak_mag_only,777,val,sUbend_023__f10,15.804242342710495,319.2725479602814,nan,nan,nan,nan,0.2565,0.8850474953651428,0.1462,27.742630004882812
subend_leak_mag_only,777,val,sUbend_023__f11,15.804242342710495,319.2725479602814,nan,nan,nan,nan,0.25,0.8928810358047485,0.1304,26.762462615966797
subend_leak_mag_only,777,val,sUbend_023__f12,15.804242342710495,319.2725479602814,nan,nan,nan,nan,0.2986,0.9068956971168518,0.1062,24.92017364501953
subend_leak_mag_only,777,val,sUbend_023__f13,15.804242342710495,319.2725479602814,nan,nan,nan,nan,0.2843,0.9187095165252686,0.113,23.261852264404297
subend_leak_mag_only,777,val,sUbend_023__f14,15.804242342710495,319.2725479602814,nan,nan,nan,nan,0.1553,0.8509781360626221,0.1824,31.681785583496094
subend_leak_mag_only,777,val,sUbend_023__f15,15.804242342710495,319.2725479602814,nan,nan,nan,nan,0.046,0.6630121469497681,0.2953,48.469993591308594
subend_leak_mag_only,777,val,sUbend_023__f16,15.804242342710495,319.2725479602814,nan,nan,nan,nan,0.023,0.4156261086463928,0.3652,65.44124603271484
subend_leak_mag_only,777,val,sUbend_023__f17,15.804242342710495,319.2725479602814,nan,nan,nan,nan,0.0177,0.2378263771533966,0.4362,76.24171447753906
subend_leak_mag_only,777,val,sUbend_023__f18,15.804242342710495,319.2725479602814,nan,nan,nan,nan,0.0176,0.09455668926239014,0.4752,84.57418823242188
subend_leak_mag_only,777,val,sUbend_023__f19,15.804242342710495,319.2725479602814,nan,nan,nan,nan,0.0134,0.09320293366909027,0.472,84.652099609375
subend_leak_mag_only,777,val,sUbend_023__f20,15.804242342710495,319.2725479602814,nan,nan,nan,nan,0.0126,0.05349080264568329,0.4767,86.93373107910156
subend_leak_mag_only,777,val,sUbend_023__f21,15.804242342710495,319.2725479602814,nan,nan,nan,nan,0.0153,0.07355469465255737,0.4666,85.78181457519531
subend_leak_mag_only,777,val,sUbend_023__f22,15.804242342710495,319.2725479602814,nan,nan,nan,nan,0.017,0.1296963095664978,0.4475,82.54795837402344
subend_leak_mag_only,777,val,sUbend_023__f23,15.804242342710495,319.2725479602814,nan,nan,nan,nan,0.013,0.1847076117992401,0.419,79.35591125488281
subend_leak_mag_only,777,val,sUbend_023__f24,15.804242342710495,319.2725479602814,nan,nan,nan,nan,0.0113,0.19919735193252563,0.4178,78.50997161865234
subend_noleak,1337,test,sUbend_012__f00,nan,nan,nan,nan,nan,nan,0.1815,0.6836437582969666,0.193,46.87095642089844
subend_noleak,1337,test,sUbend_012__f01,nan,nan,nan,nan,nan,nan,0.1695,0.6201804280281067,0.2205,51.670684814453125
subend_noleak,1337,test,sUbend_012__f02,nan,nan,nan,nan,nan,nan,0.1148,0.5184409618377686,0.2907,58.77226257324219
subend_noleak,1337,test,sUbend_012__f03,nan,nan,nan,nan,nan,nan,0.0536,0.30733126401901245,0.3877,72.10151672363281
subend_noleak,1337,test,sUbend_012__f04,nan,nan,nan,nan,nan,nan,0.0108,-0.023338736966252327,0.5087,91.33732604980469
subend_noleak,1337,test,sUbend_012__f05,nan,nan,nan,nan,nan,nan,0.1144,0.619637668132782,0.2387,51.7103157043457
subend_noleak,1337,test,sUbend_012__f06,nan,nan,nan,nan,nan,nan,0.224,0.9294304251670837,0.0111,21.65379524230957
subend_noleak,1337,test,sUbend_012__f07,nan,nan,nan,nan,nan,nan,0.2569,0.922970712184906,0.0364,22.63568115234375
subend_noleak,1337,test,sUbend_012__f08,nan,nan,nan,nan,nan,nan,0.2595,0.9178841710090637,0.1258,23.381301879882812
subend_noleak,1337,test,sUbend_012__f09,nan,nan,nan,nan,nan,nan,0.2221,0.8417518734931946,0.1129,32.674415588378906
subend_noleak,1337,test,sUbend_012__f10,nan,nan,nan,nan,nan,nan,0.2045,0.8661046028137207,0.0716,29.990921020507812
subend_noleak,1337,test,sUbend_012__f11,nan,nan,nan,nan,nan,nan,0.2226,0.8921521306037903,0.0306,26.855056762695312
subend_noleak,1337,test,sUbend_012__f12,nan,nan,nan,nan,nan,nan,0.2005,0.8658713698387146,0.0102,30.017642974853516
subend_noleak,1337,test,sUbend_012__f13,nan,nan,nan,nan,nan,nan,0.1636,0.8280680179595947,0.0319,34.099212646484375
subend_noleak,1337,test,sUbend_012__f14,nan,nan,nan,nan,nan,nan,0.1396,0.7766014337539673,0.114,39.04955291748047
subend_noleak,1337,test,sUbend_012__f15,nan,nan,nan,nan,nan,nan,0.0769,0.6927385330200195,0.1601,46.152713775634766
subend_noleak,1337,test,sUbend_012__f16,nan,nan,nan,nan,nan,nan,0.0696,0.6862523555755615,0.1659,46.66582489013672
subend_noleak,1337,test,sUbend_012__f17,nan,nan,nan,nan,nan,nan,0.1084,0.7780401706695557,0.097,38.91851043701172
subend_noleak,1337,test,sUbend_012__f18,nan,nan,nan,nan,nan,nan,0.1367,0.8403561115264893,0.0517,32.82225799560547
subend_noleak,1337,test,sUbend_012__f19,nan,nan,nan,nan,nan,nan,0.1762,0.8515200018882751,0.0659,31.622615814208984
subend_noleak,1337,test,sUbend_012__f20,nan,nan,nan,nan,nan,nan,0.2,0.8502281904220581,0.0972,31.763504028320312
subend_noleak,1337,test,sUbend_012__f21,nan,nan,nan,nan,nan,nan,0.2101,0.8565390110015869,0.135,31.06982421875
subend_noleak,1337,test,sUbend_012__f22,nan,nan,nan,nan,nan,nan,0.1959,0.8446030616760254,0.1636,32.370567321777344
subend_noleak,1337,test,sUbend_012__f23,nan,nan,nan,nan,nan,nan,0.1908,0.8011351227760315,0.1749,36.7613639831543
subend_noleak,1337,test,sUbend_012__f24,nan,nan,nan,nan,nan,nan,0.1847,0.7479463219642639,0.1776,41.58720397949219
subend_noleak,1337,test,sUbend_021__f00,nan,nan,nan,nan,nan,nan,0.2112,0.7742044925689697,0.3567,39.26703643798828
subend_noleak,1337,test,sUbend_021__f01,nan,nan,nan,nan,nan,nan,0.2177,0.8134487867355347,0.3493,35.565731048583984
subend_noleak,1337,test,sUbend_021__f02,nan,nan,nan,nan,nan,nan,0.2092,0.8142862319946289,0.3494,35.48314666748047
subend_noleak,1337,test,sUbend_021__f03,nan,nan,nan,nan,nan,nan,0.2147,0.8153326511383057,0.3416,35.379730224609375
subend_noleak,1337,test,sUbend_021__f04,nan,nan,nan,nan,nan,nan,0.1266,0.4727461338043213,0.4046,61.78728485107422
subend_noleak,1337,test,sUbend_021__f05,nan,nan,nan,nan,nan,nan,0.0702,-0.1501874476671219,0.5267,98.63778686523438
subend_noleak,1337,test,sUbend_021__f06,nan,nan,nan,nan,nan,nan,0.2507,0.9047905206680298,0.2846,25.204910278320312
subend_noleak,1337,test,sUbend_021__f07,nan,nan,nan,nan,nan,nan,0.2616,0.9121490716934204,0.1174,24.19594955444336
subend_noleak,1337,test,sUbend_021__f08,nan,nan,nan,nan,nan,nan,0.2481,0.9297596216201782,0.1065,21.602619171142578
subend_noleak,1337,test,sUbend_021__f09,nan,nan,nan,nan,nan,nan,0.2459,0.926048994064331,0.1013,22.172927856445312
subend_noleak,1337,test,sUbend_021__f10,nan,nan,nan,nan,nan,nan,0.241,0.9058378338813782,0.0634,25.063636779785156
subend_noleak,1337,test,sUbend_021__f11,nan,nan,nan,nan,nan,nan,0.2312,0.8675276041030884,0.0474,29.827404022216797
subend_noleak,1337,test,sUbend_021__f12,nan,nan,nan,nan,nan,nan,0.2496,0.9015215635299683,0.0195,25.64120101928711
subend_noleak,1337,test,sUbend_021__f13,nan,nan,nan,nan,nan,nan,0.2384,0.8867026567459106,0.0309,27.538211822509766
subend_noleak,1337,test,sUbend_021__f14,nan,nan,nan,nan,nan,nan,0.1818,0.8177624344825745,0.1032,35.13856887817383
subend_noleak,1337,test,sUbend_021__f15,nan,nan,nan,nan,nan,nan,0.1208,0.6883949041366577,0.2236,46.49681091308594
subend_noleak,1337,test,sUbend_021__f16,nan,nan,nan,nan,nan,nan,0.0788,0.5302551984786987,0.3185,57.97730255126953
subend_noleak,1337,test,sUbend_021__f17,nan,nan,nan,nan,nan,nan,0.0727,0.5540358424186707,0.3073,56.35566711425781
subend_noleak,1337,test,sUbend_021__f18,nan,nan,nan,nan,nan,nan,0.1057,0.646273672580719,0.2744,49.73875427246094
subend_noleak,1337,test,sUbend_021__f19,nan,nan,nan,nan,nan,nan,0.1422,0.7092248797416687,0.2763,44.82811737060547
subend_noleak,1337,test,sUbend_021__f20,nan,nan,nan,nan,nan,nan,0.1616,0.7568588256835938,0.3005,40.81194305419922
subend_noleak,1337,test,sUbend_021__f21,nan,nan,nan,nan,nan,nan,0.1929,0.799614667892456,0.3281,36.906673431396484
subend_noleak,1337,test,sUbend_021__f22,nan,nan,nan,nan,nan,nan,0.2,0.7847890853881836,0.3498,38.29882049560547
subend_noleak,1337,test,sUbend_021__f23,nan,nan,nan,nan,nan,nan,0.21,0.7569847106933594,0.3609,40.8009033203125
subend_noleak,1337,test,sUbend_021__f24,nan,nan,nan,nan,nan,nan,0.2165,0.7444339990615845,0.3597,41.88949203491211
subend_noleak,1337,test,sUbend_022__f00,nan,nan,nan,nan,nan,nan,0.0067,0.0035029351711273193,0.4992,89.79930114746094
subend_noleak,1337,test,sUbend_022__f01,nan,nan,nan,nan,nan,nan,0.0052,-0.11462948471307755,0.5459,96.5822525024414
subend_noleak,1337,test,sUbend_022__f02,nan,nan,nan,nan,nan,nan,0.006,-0.09212925285100937,0.5399,95.2861099243164
subend_noleak,1337,test,sUbend_022__f03,nan,nan,nan,nan,nan,nan,0.0045,-0.009419416077435017,0.5045,90.53970336914062
subend_noleak,1337,test,sUbend_022__f04,nan,nan,nan,nan,nan,nan,0.1935,0.7447640895843506,0.2481,41.86115264892578
subend_noleak,1337,test,sUbend_022__f05,nan,nan,nan,nan,nan,nan,0.2753,0.8843591213226318,0.1538,27.827239990234375
subend_noleak,1337,test,sUbend_022__f06,nan,nan,nan,nan,nan,nan,0.2939,0.8911319971084595,0.146,26.984155654907227
subend_noleak,1337,test,sUbend_022__f07,nan,nan,nan,nan,nan,nan,0.3223,0.9157420992851257,0.132,23.688661575317383
subend_noleak,1337,test,sUbend_022__f08,nan,nan,nan,nan,nan,nan,0.3056,0.9404847025871277,0.1023,19.86688232421875
subend_noleak,1337,test,sUbend_022__f09,nan,nan,nan,nan,nan,nan,0.29,0.9328650236129761,0.081,21.11407470703125
subend_noleak,1337,test,sUbend_022__f10,nan,nan,nan,nan,nan,nan,0.2731,0.9227924346923828,0.0847,22.662208557128906
subend_noleak,1337,test,sUbend_022__f11,nan,nan,nan,nan,nan,nan,0.2665,0.9060603380203247,0.1069,25.033523559570312
subend_noleak,1337,test,sUbend_022__f12,nan,nan,nan,nan,nan,nan,0.2492,0.802700400352478,0.1202,36.611244201660156
subend_noleak,1337,test,sUbend_022__f13,nan,nan,nan,nan,nan,nan,0.1939,0.7743141651153564,0.1457,39.25710678100586
subend_noleak,1337,test,sUbend_022__f14,nan,nan,nan,nan,nan,nan,0.127,0.6822802424430847,0.2155,46.977909088134766
subend_noleak,1337,test,sUbend_022__f15,nan,nan,nan,nan,nan,nan,0.0649,0.432172954082489,0.3514,64.39445495605469
subend_noleak,1337,test,sUbend_022__f16,nan,nan,nan,nan,nan,nan,0.0472,0.2937700152397156,0.3973,72.91619873046875
subend_noleak,1337,test,sUbend_022__f17,nan,nan,nan,nan,nan,nan,0.0379,0.2974280118942261,0.4208,72.69681549072266
subend_noleak,1337,test,sUbend_022__f18,nan,nan,nan,nan,nan,nan,0.0394,0.44150906801223755,0.391,63.79978942871094
subend_noleak,1337,test,sUbend_022__f19,nan,nan,nan,nan,nan,nan,0.041,0.5514604449272156,0.3408,56.53273010253906
subend_noleak,1337,test,sUbend_022__f20,nan,nan,nan,nan,nan,nan,0.0587,0.5633023977279663,0.3294,55.71550750732422
subend_noleak,1337,test,sUbend_022__f21,nan,nan,nan,nan,nan,nan,0.0576,0.5028746128082275,0.3515,59.809627532958984
subend_noleak,1337,test,sUbend_022__f22,nan,nan,nan,nan,nan,nan,0.0516,0.41310232877731323,0.3809,65.60012817382812
subend_noleak,1337,test,sUbend_022__f23,nan,nan,nan,nan,nan,nan,0.0355,0.26229941844940186,0.4169,74.79345703125
subend_noleak,1337,test,sUbend_022__f24,nan,nan,nan,nan,nan,nan,0.0226,0.12639912962913513,0.4569,82.73843383789062
subend_noleak,1337,val,sUbend_016__f00,nan,nan,nan,nan,nan,nan,0.1052,0.28802022337913513,0.4107,73.26053619384766
subend_noleak,1337,val,sUbend_016__f01,nan,nan,nan,nan,nan,nan,0.1468,0.44267210364341736,0.363,63.725502014160156
subend_noleak,1337,val,sUbend_016__f02,nan,nan,nan,nan,nan,nan,0.1668,0.4739360809326172,0.344,61.70989227294922
subend_noleak,1337,val,sUbend_016__f03,nan,nan,nan,nan,nan,nan,0.1806,0.5133911371231079,0.3262,59.110015869140625
subend_noleak,1337,val,sUbend_016__f04,nan,nan,nan,nan,nan,nan,0.156,0.411808043718338,0.3749,65.68153381347656
subend_noleak,1337,val,sUbend_016__f05,nan,nan,nan,nan,nan,nan,0.0359,-0.10026805102825165,0.5331,95.75460052490234
subend_noleak,1337,val,sUbend_016__f06,nan,nan,nan,nan,nan,nan,0.1955,0.7655386924743652,0.2376,40.04505920410156
subend_noleak,1337,val,sUbend_016__f07,nan,nan,nan,nan,nan,nan,0.2087,0.8633450269699097,0.1786,30.30573844909668
subend_noleak,1337,val,sUbend_016__f08,nan,nan,nan,nan,nan,nan,0.2295,0.8013265132904053,0.2046,36.74303436279297
subend_noleak,1337,val,sUbend_016__f09,nan,nan,nan,nan,nan,nan,0.1962,0.6693680882453918,0.2773,47.981685638427734
subend_noleak,1337,val,sUbend_016__f10,nan,nan,nan,nan,nan,nan,0.1933,0.6626944541931152,0.2851,48.49430465698242
subend_noleak,1337,val,sUbend_016__f11,nan,nan,nan,nan,nan,nan,0.1738,0.7846233248710632,0.2646,38.31414031982422
subend_noleak,1337,val,sUbend_016__f12,nan,nan,nan,nan,nan,nan,0.1706,0.8297791481018066,0.253,33.92394256591797
subend_noleak,1337,val,sUbend_016__f13,nan,nan,nan,nan,nan,nan,0.118,0.6043466329574585,0.2841,52.81815719604492
subend_noleak,1337,val,sUbend_016__f14,nan,nan,nan,nan,nan,nan,0.0549,0.29134848713874817,0.4059,73.06129455566406
subend_noleak,1337,val,sUbend_016__f15,nan,nan,nan,nan,nan,nan,0.0461,0.3597586154937744,0.3941,68.91462707519531
subend_noleak,1337,val,sUbend_016__f16,nan,nan,nan,nan,nan,nan,0.0606,0.3824499249458313,0.4032,67.51448059082031
subend_noleak,1337,val,sUbend_016__f17,nan,nan,nan,nan,nan,nan,0.0543,0.12271606922149658,0.4675,82.95111846923828
subend_noleak,1337,val,sUbend_016__f18,nan,nan,nan,nan,nan,nan,0.0207,-0.18911516666412354,0.553,100.9011459350586
subend_noleak,1337,val,sUbend_016__f19,nan,nan,nan,nan,nan,nan,0.0157,-0.3594105541706085,0.6074,111.06399536132812
subend_noleak,1337,val,sUbend_016__f20,nan,nan,nan,nan,nan,nan,0.0152,-0.3794999122619629,0.6236,112.30270385742188
subend_noleak,1337,val,sUbend_016__f21,nan,nan,nan,nan,nan,nan,0.0156,-0.3089885115623474,0.5975,107.99828338623047
subend_noleak,1337,val,sUbend_016__f22,nan,nan,nan,nan,nan,nan,0.0213,-0.23816382884979248,0.5768,103.77819061279297
subend_noleak,1337,val,sUbend_016__f23,nan,nan,nan,nan,nan,nan,0.0489,-0.028102800250053406,0.5078,91.61038208007812
subend_noleak,1337,val,sUbend_016__f24,nan,nan,nan,nan,nan,nan,0.0792,0.12292231619358063,0.4626,82.939208984375
subend_noleak,1337,val,sUbend_019__f00,nan,nan,nan,nan,nan,nan,0.0057,0.2986031472682953,0.3432,72.62626647949219
subend_noleak,1337,val,sUbend_019__f01,nan,nan,nan,nan,nan,nan,0.0512,0.3768202066421509,0.2763,67.8631362915039
subend_noleak,1337,val,sUbend_019__f02,nan,nan,nan,nan,nan,nan,0.1153,0.5562898516654968,0.1953,56.20039367675781
subend_noleak,1337,val,sUbend_019__f03,nan,nan,nan,nan,nan,nan,0.1717,0.7515720129013062,0.1421,41.27326202392578
subend_noleak,1337,val,sUbend_019__f04,nan,nan,nan,nan,nan,nan,0.2263,0.8865488767623901,0.1263,27.557268142700195
subend_noleak,1337,val,sUbend_019__f05,nan,nan,nan,nan,nan,nan,0.2527,0.9202827215194702,0.1277,23.032548904418945
subend_noleak,1337,val,sUbend_019__f06,nan,nan,nan,nan,nan,nan,0.267,0.9372438192367554,0.1078,20.406272888183594
subend_noleak,1337,val,sUbend_019__f07,nan,nan,nan,nan,nan,nan,0.2863,0.9415274858474731,0.0919,19.690322875976562
subend_noleak,1337,val,sUbend_019__f08,nan,nan,nan,nan,nan,nan,0.3045,0.9402647614479065,0.0723,19.9039306640625
subend_noleak,1337,val,sUbend_019__f09,nan,nan,nan,nan,nan,nan,0.278,0.9419082403182983,0.0631,19.625473022460938
subend_noleak,1337,val,sUbend_019__f10,nan,nan,nan,nan,nan,nan,0.2573,0.939856767654419,0.0709,19.972488403320312
subend_noleak,1337,val,sUbend_019__f11,nan,nan,nan,nan,nan,nan,0.2463,0.9361642599105835,0.0872,20.582942962646484
subend_noleak,1337,val,sUbend_019__f12,nan,nan,nan,nan,nan,nan,0.2365,0.9328884482383728,0.057,21.110355377197266
subend_noleak,1337,val,sUbend_019__f13,nan,nan,nan,nan,nan,nan,0.2148,0.9373738169670105,0.0351,20.384899139404297
subend_noleak,1337,val,sUbend_019__f14,nan,nan,nan,nan,nan,nan,0.1344,0.8638202548027039,0.1594,30.251731872558594
subend_noleak,1337,val,sUbend_019__f15,nan,nan,nan,nan,nan,nan,0.0444,0.5007977485656738,0.4036,59.94720458984375
subend_noleak,1337,val,sUbend_019__f16,nan,nan,nan,nan,nan,nan,0.0304,-0.009720394387841225,0.5019,90.55694580078125
subend_noleak,1337,val,sUbend_019__f17,nan,nan,nan,nan,nan,nan,0.029,0.07264921069145203,0.4838,85.83383178710938
subend_noleak,1337,val,sUbend_019__f18,nan,nan,nan,nan,nan,nan,0.0274,0.3731210231781006,0.4105,68.09176635742188
subend_noleak,1337,val,sUbend_019__f19,nan,nan,nan,nan,nan,nan,0.0257,0.506081223487854,0.3576,59.59684753417969
subend_noleak,1337,val,sUbend_019__f20,nan,nan,nan,nan,nan,nan,0.0216,0.4757630228996277,0.3578,61.59095764160156
subend_noleak,1337,val,sUbend_019__f21,nan,nan,nan,nan,nan,nan,0.0171,0.3920755088329315,0.3792,66.91629791259766
subend_noleak,1337,val,sUbend_019__f22,nan,nan,nan,nan,nan,nan,0.0044,0.31859028339385986,0.3902,71.42230987548828
subend_noleak,1337,val,sUbend_019__f23,nan,nan,nan,nan,nan,nan,0.0011,0.2843032479286194,0.3955,73.4827880859375
subend_noleak,1337,val,sUbend_019__f24,nan,nan,nan,nan,nan,nan,0.0008,0.2954767644405365,0.3756,72.81387329101562
subend_noleak,1337,val,sUbend_023__f00,nan,nan,nan,nan,nan,nan,0.0152,-0.009690681472420692,0.5034,90.55523681640625
subend_noleak,1337,val,sUbend_023__f01,nan,nan,nan,nan,nan,nan,0.0066,-0.05349203944206238,0.5231,93.06632995605469
subend_noleak,1337,val,sUbend_023__f02,nan,nan,nan,nan,nan,nan,0.0069,-0.04656737670302391,0.5278,92.66907501220703
subend_noleak,1337,val,sUbend_023__f03,nan,nan,nan,nan,nan,nan,0.0059,-0.04023291915655136,0.5193,92.30579376220703
subend_noleak,1337,val,sUbend_023__f04,nan,nan,nan,nan,nan,nan,0.0565,0.351431280374527,0.3877,69.42511749267578
subend_noleak,1337,val,sUbend_023__f05,nan,nan,nan,nan,nan,nan,0.173,0.7793599367141724,0.3093,38.79798889160156
subend_noleak,1337,val,sUbend_023__f06,nan,nan,nan,nan,nan,nan,0.2075,0.8574173450469971,0.2864,30.97217559814453
subend_noleak,1337,val,sUbend_023__f07,nan,nan,nan,nan,nan,nan,0.232,0.9127392768859863,0.1977,24.11331558227539
subend_noleak,1337,val,sUbend_023__f08,nan,nan,nan,nan,nan,nan,0.245,0.9037243127822876,0.1857,25.34798812866211
subend_noleak,1337,val,sUbend_023__f09,nan,nan,nan,nan,nan,nan,0.1759,0.8802853226661682,0.1769,28.323196411132812
subend_noleak,1337,val,sUbend_023__f10,nan,nan,nan,nan,nan,nan,0.189,0.8807705640792847,0.1501,28.264541625976562
subend_noleak,1337,val,sUbend_023__f11,nan,nan,nan,nan,nan,nan,0.194,0.8956512808799744,0.1206,26.407791137695312
subend_noleak,1337,val,sUbend_023__f12,nan,nan,nan,nan,nan,nan,0.1836,0.867939829826355,0.0724,29.779888153076172
subend_noleak,1337,val,sUbend_023__f13,nan,nan,nan,nan,nan,nan,0.1652,0.8355712890625,0.0908,33.324623107910156
subend_noleak,1337,val,sUbend_023__f14,nan,nan,nan,nan,nan,nan,0.1043,0.7740855813026428,0.1698,39.27779769897461
subend_noleak,1337,val,sUbend_023__f15,nan,nan,nan,nan,nan,nan,0.0476,0.513869047164917,0.3116,59.07810592651367
subend_noleak,1337,val,sUbend_023__f16,nan,nan,nan,nan,nan,nan,0.0168,0.32249143719673157,0.3883,71.18634033203125
subend_noleak,1337,val,sUbend_023__f17,nan,nan,nan,nan,nan,nan,0.0093,0.2789740562438965,0.4179,73.80101013183594
subend_noleak,1337,val,sUbend_023__f18,nan,nan,nan,nan,nan,nan,0.0078,0.1807897835969925,0.4592,79.584228515625
subend_noleak,1337,val,sUbend_023__f19,nan,nan,nan,nan,nan,nan,0.0093,0.11332711577415466,0.4749,83.49285125732422
subend_noleak,1337,val,sUbend_023__f20,nan,nan,nan,nan,nan,nan,0.011,0.02455093152821064,0.4933,88.59319305419922
subend_noleak,1337,val,sUbend_023__f21,nan,nan,nan,nan,nan,nan,0.0075,0.03599466383457184,0.4893,87.93721008300781
subend_noleak,1337,val,sUbend_023__f22,nan,nan,nan,nan,nan,nan,0.0167,0.05945025011897087,0.4784,86.59173583984375
subend_noleak,1337,val,sUbend_023__f23,nan,nan,nan,nan,nan,nan,0.0124,-0.02038215845823288,0.5071,91.16789245605469
subend_noleak,1337,val,sUbend_023__f24,nan,nan,nan,nan,nan,nan,0.0214,0.003688257187604904,0.4977,89.78868103027344
subend_noleak,2026,test,sUbend_012__f00,nan,nan,nan,nan,nan,nan,0.246,0.7972536683082581,0.3781,37.13135528564453
subend_noleak,2026,test,sUbend_012__f01,nan,nan,nan,nan,nan,nan,0.2439,0.7801976799964905,0.3864,38.721317291259766
subend_noleak,2026,test,sUbend_012__f02,nan,nan,nan,nan,nan,nan,0.1975,0.5877925753593445,0.4092,53.99945831298828
subend_noleak,2026,test,sUbend_012__f03,nan,nan,nan,nan,nan,nan,0.1134,0.17462648451328278,0.4473,79.94307708740234
subend_noleak,2026,test,sUbend_012__f04,nan,nan,nan,nan,nan,nan,0.0443,0.076934315264225,0.47,85.5876235961914
subend_noleak,2026,test,sUbend_012__f05,nan,nan,nan,nan,nan,nan,0.1725,0.7271050214767456,0.3293,43.355751037597656
subend_noleak,2026,test,sUbend_012__f06,nan,nan,nan,nan,nan,nan,0.3393,0.9567095041275024,0.1537,16.92050552368164
subend_noleak,2026,test,sUbend_012__f07,nan,nan,nan,nan,nan,nan,0.3253,0.9601647257804871,0.1738,16.22646141052246
subend_noleak,2026,test,sUbend_012__f08,nan,nan,nan,nan,nan,nan,0.3059,0.9352854490280151,0.1971,20.725692749023438
subend_noleak,2026,test,sUbend_012__f09,nan,nan,nan,nan,nan,nan,0.3287,0.9468741416931152,0.1279,18.759981155395508
subend_noleak,2026,test,sUbend_012__f10,nan,nan,nan,nan,nan,nan,0.2636,0.896702766418457,0.1185,26.272010803222656
subend_noleak,2026,test,sUbend_012__f11,nan,nan,nan,nan,nan,nan,0.2243,0.8610166311264038,0.2063,30.569080352783203
subend_noleak,2026,test,sUbend_012__f12,nan,nan,nan,nan,nan,nan,0.2302,0.7547619342803955,0.2544,40.995426177978516
subend_noleak,2026,test,sUbend_012__f13,nan,nan,nan,nan,nan,nan,0.227,0.7409476041793823,0.2884,42.18779754638672
subend_noleak,2026,test,sUbend_012__f14,nan,nan,nan,nan,nan,nan,0.1704,0.5835753679275513,0.3241,54.297584533691406
subend_noleak,2026,test,sUbend_012__f15,nan,nan,nan,nan,nan,nan,0.1134,0.2711448073387146,0.4119,74.26759338378906
subend_noleak,2026,test,sUbend_012__f16,nan,nan,nan,nan,nan,nan,0.0777,0.20830771327018738,0.4279,77.97679901123047
subend_noleak,2026,test,sUbend_012__f17,nan,nan,nan,nan,nan,nan,0.1042,0.4158405661582947,0.3559,65.427734375
subend_noleak,2026,test,sUbend_012__f18,nan,nan,nan,nan,nan,nan,0.1322,0.5787765979766846,0.3384,54.635459899902344
subend_noleak,2026,test,sUbend_012__f19,nan,nan,nan,nan,nan,nan,0.1676,0.6233548521995544,0.3548,51.43845748901367
subend_noleak,2026,test,sUbend_012__f20,nan,nan,nan,nan,nan,nan,0.1989,0.6616733074188232,0.3667,48.57238006591797
subend_noleak,2026,test,sUbend_012__f21,nan,nan,nan,nan,nan,nan,0.216,0.6632192730903625,0.386,48.454139709472656
subend_noleak,2026,test,sUbend_012__f22,nan,nan,nan,nan,nan,nan,0.2283,0.7089267373085022,0.4089,44.85234069824219
subend_noleak,2026,test,sUbend_012__f23,nan,nan,nan,nan,nan,nan,0.2301,0.7551511526107788,0.4138,40.96141815185547
subend_noleak,2026,test,sUbend_012__f24,nan,nan,nan,nan,nan,nan,0.2379,0.7931020259857178,0.3933,37.52363204956055
subend_noleak,2026,test,sUbend_021__f00,nan,nan,nan,nan,nan,nan,0.2387,0.8001009225845337,0.4287,36.860260009765625
subend_noleak,2026,test,sUbend_021__f01,nan,nan,nan,nan,nan,nan,0.2496,0.8446331024169922,0.4252,32.367347717285156
subend_noleak,2026,test,sUbend_021__f02,nan,nan,nan,nan,nan,nan,0.2445,0.8280971050262451,0.4328,34.096221923828125
subend_noleak,2026,test,sUbend_021__f03,nan,nan,nan,nan,nan,nan,0.2506,0.8209671974182129,0.4256,34.81827163696289
subend_noleak,2026,test,sUbend_021__f04,nan,nan,nan,nan,nan,nan,0.1614,0.20173799991607666,0.4823,78.36138916015625
subend_noleak,2026,test,sUbend_021__f05,nan,nan,nan,nan,nan,nan,0.0906,-0.5160139799118042,0.5688,121.06526184082031
subend_noleak,2026,test,sUbend_021__f06,nan,nan,nan,nan,nan,nan,0.2926,0.9416817426681519,0.3475,19.66407012939453
subend_noleak,2026,test,sUbend_021__f07,nan,nan,nan,nan,nan,nan,0.3446,0.9500063061714172,0.2255,18.193714141845703
subend_noleak,2026,test,sUbend_021__f08,nan,nan,nan,nan,nan,nan,0.2837,0.9468101263046265,0.201,18.771377563476562
subend_noleak,2026,test,sUbend_021__f09,nan,nan,nan,nan,nan,nan,0.2963,0.9322942495346069,0.1844,21.20468521118164
subend_noleak,2026,test,sUbend_021__f10,nan,nan,nan,nan,nan,nan,0.2914,0.956022322177887,0.121,17.055259704589844
subend_noleak,2026,test,sUbend_021__f11,nan,nan,nan,nan,nan,nan,0.3429,0.9612975120544434,0.0576,15.992559432983398
subend_noleak,2026,test,sUbend_021__f12,nan,nan,nan,nan,nan,nan,0.3273,0.9566028714179993,0.0751,16.941478729248047
subend_noleak,2026,test,sUbend_021__f13,nan,nan,nan,nan,nan,nan,0.276,0.9354541301727295,0.1484,20.698360443115234
subend_noleak,2026,test,sUbend_021__f14,nan,nan,nan,nan,nan,nan,0.192,0.8944367170333862,0.2348,26.56382942199707
subend_noleak,2026,test,sUbend_021__f15,nan,nan,nan,nan,nan,nan,0.1167,0.7273058891296387,0.3309,43.3389892578125
subend_noleak,2026,test,sUbend_021__f16,nan,nan,nan,nan,nan,nan,0.0543,0.5449645519256592,0.3834,56.977752685546875
subend_noleak,2026,test,sUbend_021__f17,nan,nan,nan,nan,nan,nan,0.0508,0.5824183225631714,0.3852,54.379173278808594
subend_noleak,2026,test,sUbend_021__f18,nan,nan,nan,nan,nan,nan,0.0827,0.6798108220100403,0.3888,47.17113494873047
subend_noleak,2026,test,sUbend_021__f19,nan,nan,nan,nan,nan,nan,0.1202,0.6585816144943237,0.4114,48.808204650878906
subend_noleak,2026,test,sUbend_021__f20,nan,nan,nan,nan,nan,nan,0.1445,0.6401883959770203,0.4255,50.194129943847656
subend_noleak,2026,test,sUbend_021__f21,nan,nan,nan,nan,nan,nan,0.1748,0.6862089037895203,0.4317,46.66923904418945
subend_noleak,2026,test,sUbend_021__f22,nan,nan,nan,nan,nan,nan,0.2031,0.6983866691589355,0.4388,45.70228576660156
subend_noleak,2026,test,sUbend_021__f23,nan,nan,nan,nan,nan,nan,0.2248,0.7178316712379456,0.4407,44.12425231933594
subend_noleak,2026,test,sUbend_021__f24,nan,nan,nan,nan,nan,nan,0.2349,0.78883957862854,0.4246,37.92279052734375
subend_noleak,2026,test,sUbend_022__f00,nan,nan,nan,nan,nan,nan,0.0064,-0.016769327223300934,0.5052,90.96085357666016
subend_noleak,2026,test,sUbend_022__f01,nan,nan,nan,nan,nan,nan,0.0179,-0.14000529050827026,0.5471,98.04814910888672
subend_noleak,2026,test,sUbend_022__f02,nan,nan,nan,nan,nan,nan,0.0179,-0.10968619585037231,0.5403,96.29722595214844
subend_noleak,2026,test,sUbend_022__f03,nan,nan,nan,nan,nan,nan,0.0107,0.017642807215452194,0.4903,88.98908996582031
subend_noleak,2026,test,sUbend_022__f04,nan,nan,nan,nan,nan,nan,0.193,0.8126845359802246,0.2645,35.64093780517578
subend_noleak,2026,test,sUbend_022__f05,nan,nan,nan,nan,nan,nan,0.31,0.9418091773986816,0.2706,19.642364501953125
subend_noleak,2026,test,sUbend_022__f06,nan,nan,nan,nan,nan,nan,0.338,0.9541221857070923,0.2578,17.42261505126953
subend_noleak,2026,test,sUbend_022__f07,nan,nan,nan,nan,nan,nan,0.3799,0.9648696184158325,0.2406,15.2320556640625
subend_noleak,2026,test,sUbend_022__f08,nan,nan,nan,nan,nan,nan,0.3736,0.9720485210418701,0.1955,13.578657150268555
subend_noleak,2026,test,sUbend_022__f09,nan,nan,nan,nan,nan,nan,0.3542,0.963737964630127,0.1657,15.476930618286133
subend_noleak,2026,test,sUbend_022__f10,nan,nan,nan,nan,nan,nan,0.3644,0.9669212698936462,0.1561,14.77802848815918
subend_noleak,2026,test,sUbend_022__f11,nan,nan,nan,nan,nan,nan,0.3931,0.9658278226852417,0.1116,15.021668434143066
subend_noleak,2026,test,sUbend_022__f12,nan,nan,nan,nan,nan,nan,0.3309,0.9293057918548584,0.086,21.673141479492188
subend_noleak,2026,test,sUbend_022__f13,nan,nan,nan,nan,nan,nan,0.2851,0.8500003814697266,0.0773,31.788291931152344
subend_noleak,2026,test,sUbend_022__f14,nan,nan,nan,nan,nan,nan,0.1805,0.7056581974029541,0.1645,45.11725616455078
subend_noleak,2026,test,sUbend_022__f15,nan,nan,nan,nan,nan,nan,0.0885,0.3493015170097351,0.3215,69.5553970336914
subend_noleak,2026,test,sUbend_022__f16,nan,nan,nan,nan,nan,nan,0.0577,0.23316553235054016,0.38,76.51649475097656
subend_noleak,2026,test,sUbend_022__f17,nan,nan,nan,nan,nan,nan,0.0384,0.18044698238372803,0.4096,79.60420227050781
subend_noleak,2026,test,sUbend_022__f18,nan,nan,nan,nan,nan,nan,0.0339,0.21942231059074402,0.3985,77.32489013671875
subend_noleak,2026,test,sUbend_022__f19,nan,nan,nan,nan,nan,nan,0.0308,0.3348037004470825,0.3688,70.43939971923828
subend_noleak,2026,test,sUbend_022__f20,nan,nan,nan,nan,nan,nan,0.0412,0.3921999931335449,0.362,66.90853881835938
subend_noleak,2026,test,sUbend_022__f21,nan,nan,nan,nan,nan,nan,0.0442,0.38382047414779663,0.3763,67.4294662475586
subend_noleak,2026,test,sUbend_022__f22,nan,nan,nan,nan,nan,nan,0.0454,0.3619776964187622,0.3833,68.77828979492188
subend_noleak,2026,test,sUbend_022__f23,nan,nan,nan,nan,nan,nan,0.0301,0.24128012359142303,0.4279,76.03788757324219
subend_noleak,2026,test,sUbend_022__f24,nan,nan,nan,nan,nan,nan,0.013,0.13680770993232727,0.4563,82.13683319091797
subend_noleak,2026,val,sUbend_016__f00,nan,nan,nan,nan,nan,nan,0.1367,0.7982019186019897,0.3424,37.041255950927734
subend_noleak,2026,val,sUbend_016__f01,nan,nan,nan,nan,nan,nan,0.1795,0.8828389048576355,0.3088,28.013259887695312
subend_noleak,2026,val,sUbend_016__f02,nan,nan,nan,nan,nan,nan,0.2146,0.9052940607070923,0.2998,25.137081146240234
subend_noleak,2026,val,sUbend_016__f03,nan,nan,nan,nan,nan,nan,0.2427,0.9212856292724609,0.2981,22.88523292541504
subend_noleak,2026,val,sUbend_016__f04,nan,nan,nan,nan,nan,nan,0.2108,0.8537419438362122,0.3347,31.37896728515625
subend_noleak,2026,val,sUbend_016__f05,nan,nan,nan,nan,nan,nan,0.0559,0.11706943809986115,0.4787,83.2770004272461
subend_noleak,2026,val,sUbend_016__f06,nan,nan,nan,nan,nan,nan,0.2851,0.9523013234138489,0.2521,17.767745971679688
subend_noleak,2026,val,sUbend_016__f07,nan,nan,nan,nan,nan,nan,0.276,0.9577338695526123,0.2033,16.717666625976562
subend_noleak,2026,val,sUbend_016__f08,nan,nan,nan,nan,nan,nan,0.2714,0.9554039239883423,0.2202,17.1756591796875
subend_noleak,2026,val,sUbend_016__f09,nan,nan,nan,nan,nan,nan,0.2282,0.9449225664138794,0.1971,19.104612350463867
subend_noleak,2026,val,sUbend_016__f10,nan,nan,nan,nan,nan,nan,0.2527,0.9292596578598022,0.192,21.6802978515625
subend_noleak,2026,val,sUbend_016__f11,nan,nan,nan,nan,nan,nan,0.2365,0.9211392402648926,0.1767,22.906795501708984
subend_noleak,2026,val,sUbend_016__f12,nan,nan,nan,nan,nan,nan,0.2443,0.9262593984603882,0.1594,22.14096450805664
subend_noleak,2026,val,sUbend_016__f13,nan,nan,nan,nan,nan,nan,0.1461,0.8488469123840332,0.204,31.91351890563965
subend_noleak,2026,val,sUbend_016__f14,nan,nan,nan,nan,nan,nan,0.055,0.42557573318481445,0.3246,64.8128890991211
subend_noleak,2026,val,sUbend_016__f15,nan,nan,nan,nan,nan,nan,0.0451,0.47647392749786377,0.2811,61.54463195800781
subend_noleak,2026,val,sUbend_016__f16,nan,nan,nan,nan,nan,nan,0.0546,0.5545289516448975,0.2596,56.32172393798828
subend_noleak,2026,val,sUbend_016__f17,nan,nan,nan,nan,nan,nan,0.0598,0.45528915524482727,0.3072,62.91645812988281
subend_noleak,2026,val,sUbend_016__f18,nan,nan,nan,nan,nan,nan,0.034,0.23149645328521729,0.4,76.61480712890625
subend_noleak,2026,val,sUbend_016__f19,nan,nan,nan,nan,nan,nan,0.0322,0.05353163927793503,0.4739,86.931396484375
subend_noleak,2026,val,sUbend_016__f20,nan,nan,nan,nan,nan,nan,0.0338,0.03300362825393677,0.4867,88.10868835449219
subend_noleak,2026,val,sUbend_016__f21,nan,nan,nan,nan,nan,nan,0.036,0.08509247750043869,0.4583,85.11865234375
subend_noleak,2026,val,sUbend_016__f22,nan,nan,nan,nan,nan,nan,0.0362,0.17134477198123932,0.4348,80.13397979736328
subend_noleak,2026,val,sUbend_016__f23,nan,nan,nan,nan,nan,nan,0.0666,0.47293469309806824,0.3898,61.77503204345703
subend_noleak,2026,val,sUbend_016__f24,nan,nan,nan,nan,nan,nan,0.0945,0.6667788028717041,0.3631,48.181060791015625
subend_noleak,2026,val,sUbend_019__f00,nan,nan,nan,nan,nan,nan,0.0079,0.17277133464813232,0.4221,80.05101013183594
subend_noleak,2026,val,sUbend_019__f01,nan,nan,nan,nan,nan,nan,0.0454,0.28571683168411255,0.3715,73.39830017089844
subend_noleak,2026,val,sUbend_019__f02,nan,nan,nan,nan,nan,nan,0.1065,0.46803557872772217,0.3079,62.09314727783203
subend_noleak,2026,val,sUbend_019__f03,nan,nan,nan,nan,nan,nan,0.1606,0.6321245431900024,0.286,50.79295349121094
subend_noleak,2026,val,sUbend_019__f04,nan,nan,nan,nan,nan,nan,0.2131,0.7646793723106384,0.2853,40.12152099609375
subend_noleak,2026,val,sUbend_019__f05,nan,nan,nan,nan,nan,nan,0.267,0.9177267551422119,0.2707,23.40401840209961
subend_noleak,2026,val,sUbend_019__f06,nan,nan,nan,nan,nan,nan,0.3031,0.9528204202651978,0.229,17.670028686523438
subend_noleak,2026,val,sUbend_019__f07,nan,nan,nan,nan,nan,nan,0.3368,0.9553359150886536,0.2087,17.1888427734375
subend_noleak,2026,val,sUbend_019__f08,nan,nan,nan,nan,nan,nan,0.3411,0.9656559824943542,0.1729,15.059619903564453
subend_noleak,2026,val,sUbend_019__f09,nan,nan,nan,nan,nan,nan,0.3052,0.9686059951782227,0.1456,14.394737243652344
subend_noleak,2026,val,sUbend_019__f10,nan,nan,nan,nan,nan,nan,0.3206,0.9655780792236328,0.1428,15.07679557800293
subend_noleak,2026,val,sUbend_019__f11,nan,nan,nan,nan,nan,nan,0.288,0.9622474908828735,0.1173,15.79379653930664
subend_noleak,2026,val,sUbend_019__f12,nan,nan,nan,nan,nan,nan,0.2589,0.9618847966194153,0.0959,15.869961738586426
subend_noleak,2026,val,sUbend_019__f13,nan,nan,nan,nan,nan,nan,0.2374,0.9495989084243774,0.1638,18.268325805664062
subend_noleak,2026,val,sUbend_019__f14,nan,nan,nan,nan,nan,nan,0.1283,0.6202027797698975,0.3756,51.66905212402344
subend_noleak,2026,val,sUbend_019__f15,nan,nan,nan,nan,nan,nan,0.0499,-0.05494251102209091,0.5356,93.14955139160156
subend_noleak,2026,val,sUbend_019__f16,nan,nan,nan,nan,nan,nan,0.0294,-0.09710820019245148,0.5477,95.57266998291016
subend_noleak,2026,val,sUbend_019__f17,nan,nan,nan,nan,nan,nan,0.0249,-0.03701517730951309,0.5182,92.12129974365234
subend_noleak,2026,val,sUbend_019__f18,nan,nan,nan,nan,nan,nan,0.0186,0.09743081778287888,0.448,84.40875244140625
subend_noleak,2026,val,sUbend_019__f19,nan,nan,nan,nan,nan,nan,0.0186,0.1606019139289856,0.4153,80.75816345214844
subend_noleak,2026,val,sUbend_019__f20,nan,nan,nan,nan,nan,nan,0.0158,0.15374794602394104,0.4283,81.15580749511719
subend_noleak,2026,val,sUbend_019__f21,nan,nan,nan,nan,nan,nan,0.0082,0.09090563654899597,0.4561,84.78428649902344
subend_noleak,2026,val,sUbend_019__f22,nan,nan,nan,nan,nan,nan,0.009,0.04406603053212166,0.481,87.47438049316406
subend_noleak,2026,val,sUbend_019__f23,nan,nan,nan,nan,nan,nan,0.0034,0.06001166254281998,0.4684,86.55950927734375
subend_noleak,2026,val,sUbend_019__f24,nan,nan,nan,nan,nan,nan,0.0075,0.11517538130283356,0.4453,83.38626098632812
subend_noleak,2026,val,sUbend_023__f00,nan,nan,nan,nan,nan,nan,0.0042,0.09441046416759491,0.4432,84.58261108398438
subend_noleak,2026,val,sUbend_023__f01,nan,nan,nan,nan,nan,nan,0.005,-0.01158914901316166,0.5101,90.66401672363281
subend_noleak,2026,val,sUbend_023__f02,nan,nan,nan,nan,nan,nan,0.0058,-0.040471456944942474,0.53,92.31947326660156
subend_noleak,2026,val,sUbend_023__f03,nan,nan,nan,nan,nan,nan,0.01,-0.08956374228000641,0.5658,95.13850402832031
subend_noleak,2026,val,sUbend_023__f04,nan,nan,nan,nan,nan,nan,0.0629,0.529607892036438,0.2716,58.021026611328125
subend_noleak,2026,val,sUbend_023__f05,nan,nan,nan,nan,nan,nan,0.1964,0.8864625692367554,0.2025,27.567947387695312
subend_noleak,2026,val,sUbend_023__f06,nan,nan,nan,nan,nan,nan,0.2343,0.9055391550064087,0.2297,25.10399627685547
subend_noleak,2026,val,sUbend_023__f07,nan,nan,nan,nan,nan,nan,0.2675,0.9320918321609497,0.2235,21.236726760864258
subend_noleak,2026,val,sUbend_023__f08,nan,nan,nan,nan,nan,nan,0.3181,0.9534667134284973,0.2079,17.547616958618164
subend_noleak,2026,val,sUbend_023__f09,nan,nan,nan,nan,nan,nan,0.2611,0.9564416408538818,0.191,16.973159790039062
subend_noleak,2026,val,sUbend_023__f10,nan,nan,nan,nan,nan,nan,0.268,0.9553377628326416,0.1845,17.188491821289062
subend_noleak,2026,val,sUbend_023__f11,nan,nan,nan,nan,nan,nan,0.2924,0.9575246572494507,0.135,16.759288787841797
subend_noleak,2026,val,sUbend_023__f12,nan,nan,nan,nan,nan,nan,0.3048,0.962100625038147,0.1126,15.824684143066406
subend_noleak,2026,val,sUbend_023__f13,nan,nan,nan,nan,nan,nan,0.2855,0.9525192379951477,0.1291,17.72678565979004
subend_noleak,2026,val,sUbend_023__f14,nan,nan,nan,nan,nan,nan,0.2041,0.9136230945587158,0.23,23.98905372619629
subend_noleak,2026,val,sUbend_023__f15,nan,nan,nan,nan,nan,nan,0.0894,0.4940224885940552,0.3972,60.394683837890625
subend_noleak,2026,val,sUbend_023__f16,nan,nan,nan,nan,nan,nan,0.0326,0.2542746365070343,0.4524,75.26939392089844
subend_noleak,2026,val,sUbend_023__f17,nan,nan,nan,nan,nan,nan,0.0087,0.15036015212535858,0.4691,81.35220336914062
subend_noleak,2026,val,sUbend_023__f18,nan,nan,nan,nan,nan,nan,0.0017,0.029010331258177757,0.4929,88.33759307861328
subend_noleak,2026,val,sUbend_023__f19,nan,nan,nan,nan,nan,nan,0.001,0.09783589839935303,0.4689,84.38543701171875
subend_noleak,2026,val,sUbend_023__f20,nan,nan,nan,nan,nan,nan,0.0003,0.127667635679245,0.4445,82.6651611328125
subend_noleak,2026,val,sUbend_023__f21,nan,nan,nan,nan,nan,nan,0.0004,0.14159426093101501,0.4164,81.85989379882812
subend_noleak,2026,val,sUbend_023__f22,nan,nan,nan,nan,nan,nan,0.0066,0.17090871930122375,0.3857,80.15933990478516
subend_noleak,2026,val,sUbend_023__f23,nan,nan,nan,nan,nan,nan,0.0036,0.12585291266441345,0.4256,82.76998138427734
subend_noleak,2026,val,sUbend_023__f24,nan,nan,nan,nan,nan,nan,0.0079,0.12844428420066833,0.423,82.62030029296875
subend_noleak,777,test,sUbend_012__f00,nan,nan,nan,nan,nan,nan,0.1874,0.857393205165863,0.3729,30.97486114501953
subend_noleak,777,test,sUbend_012__f01,nan,nan,nan,nan,nan,nan,0.1748,0.8221542835235596,0.374,34.698970794677734
subend_noleak,777,test,sUbend_012__f02,nan,nan,nan,nan,nan,nan,0.1195,0.712076723575592,0.3879,44.595863342285156
subend_noleak,777,test,sUbend_012__f03,nan,nan,nan,nan,nan,nan,0.0578,0.40392637252807617,0.4235,66.17613220214844
subend_noleak,777,test,sUbend_012__f04,nan,nan,nan,nan,nan,nan,0.0228,0.08494914323091507,0.4797,85.12689971923828
subend_noleak,777,test,sUbend_012__f05,nan,nan,nan,nan,nan,nan,0.1248,0.7720112800598145,0.2984,39.46514892578125
subend_noleak,777,test,sUbend_012__f06,nan,nan,nan,nan,nan,nan,0.2585,0.9454358220100403,0.0788,19.014556884765625
subend_noleak,777,test,sUbend_012__f07,nan,nan,nan,nan,nan,nan,0.2404,0.9405728578567505,0.0615,19.852020263671875
subend_noleak,777,test,sUbend_012__f08,nan,nan,nan,nan,nan,nan,0.2635,0.9183706045150757,0.1209,23.31097412109375
subend_noleak,777,test,sUbend_012__f09,nan,nan,nan,nan,nan,nan,0.2427,0.8965575695037842,0.0857,26.29079818725586
subend_noleak,777,test,sUbend_012__f10,nan,nan,nan,nan,nan,nan,0.2362,0.9191089868545532,0.0644,23.203834533691406
subend_noleak,777,test,sUbend_012__f11,nan,nan,nan,nan,nan,nan,0.2255,0.915762186050415,0.0689,23.685794830322266
subend_noleak,777,test,sUbend_012__f12,nan,nan,nan,nan,nan,nan,0.2151,0.9034446477890015,0.1653,25.385387420654297
subend_noleak,777,test,sUbend_012__f13,nan,nan,nan,nan,nan,nan,0.1862,0.8956961631774902,0.2183,26.40200424194336
subend_noleak,777,test,sUbend_012__f14,nan,nan,nan,nan,nan,nan,0.1707,0.863284707069397,0.2669,30.312580108642578
subend_noleak,777,test,sUbend_012__f15,nan,nan,nan,nan,nan,nan,0.1172,0.7467442154884338,0.3318,41.69086456298828
subend_noleak,777,test,sUbend_012__f16,nan,nan,nan,nan,nan,nan,0.1053,0.7030754089355469,0.3256,45.32572937011719
subend_noleak,777,test,sUbend_012__f17,nan,nan,nan,nan,nan,nan,0.1396,0.8057291507720947,0.248,36.31926345825195
subend_noleak,777,test,sUbend_012__f18,nan,nan,nan,nan,nan,nan,0.1627,0.8834388852119446,0.2242,27.939979553222656
subend_noleak,777,test,sUbend_012__f19,nan,nan,nan,nan,nan,nan,0.207,0.8998905420303345,0.2527,25.8563175201416
subend_noleak,777,test,sUbend_012__f20,nan,nan,nan,nan,nan,nan,0.2227,0.8950797915458679,0.2902,26.4813175201416
subend_noleak,777,test,sUbend_012__f21,nan,nan,nan,nan,nan,nan,0.2302,0.8961207866668701,0.3306,26.34724235534668
subend_noleak,777,test,sUbend_012__f22,nan,nan,nan,nan,nan,nan,0.2262,0.884738564491272,0.3641,27.78063201904297
subend_noleak,777,test,sUbend_012__f23,nan,nan,nan,nan,nan,nan,0.2095,0.8670483827590942,0.381,29.88256072998047
subend_noleak,777,test,sUbend_012__f24,nan,nan,nan,nan,nan,nan,0.1968,0.8641159534454346,0.3822,30.21808624267578
subend_noleak,777,test,sUbend_021__f00,nan,nan,nan,nan,nan,nan,0.2363,0.8528692126274109,0.3939,31.474870681762695
subend_noleak,777,test,sUbend_021__f01,nan,nan,nan,nan,nan,nan,0.2507,0.854708731174469,0.3808,31.272422790527344
subend_noleak,777,test,sUbend_021__f02,nan,nan,nan,nan,nan,nan,0.2431,0.8321855068206787,0.3855,33.67607498168945
subend_noleak,777,test,sUbend_021__f03,nan,nan,nan,nan,nan,nan,0.2408,0.8215709924697876,0.3806,34.75762939453125
subend_noleak,777,test,sUbend_021__f04,nan,nan,nan,nan,nan,nan,0.1465,0.5148259401321411,0.4361,59.01417541503906
subend_noleak,777,test,sUbend_021__f05,nan,nan,nan,nan,nan,nan,0.0835,-0.47717422246932983,0.546,118.50100708007812
subend_noleak,777,test,sUbend_021__f06,nan,nan,nan,nan,nan,nan,0.2829,0.9256746172904968,0.314,22.229694366455078
subend_noleak,777,test,sUbend_021__f07,nan,nan,nan,nan,nan,nan,0.3018,0.9278255701065063,0.1469,21.901641845703125
subend_noleak,777,test,sUbend_021__f08,nan,nan,nan,nan,nan,nan,0.303,0.9415709972381592,0.1313,19.682918548583984
subend_noleak,777,test,sUbend_021__f09,nan,nan,nan,nan,nan,nan,0.3075,0.9491651654243469,0.1214,18.34743881225586
subend_noleak,777,test,sUbend_021__f10,nan,nan,nan,nan,nan,nan,0.2841,0.9415750503540039,0.0765,19.682231903076172
subend_noleak,777,test,sUbend_021__f11,nan,nan,nan,nan,nan,nan,0.2903,0.9448708295822144,0.0494,19.113666534423828
subend_noleak,777,test,sUbend_021__f12,nan,nan,nan,nan,nan,nan,0.2812,0.9341300129890442,0.015,20.911954879760742
subend_noleak,777,test,sUbend_021__f13,nan,nan,nan,nan,nan,nan,0.2525,0.9317035675048828,0.0631,21.298057556152344
subend_noleak,777,test,sUbend_021__f14,nan,nan,nan,nan,nan,nan,0.2158,0.9052680730819702,0.1502,25.140583038330078
subend_noleak,777,test,sUbend_021__f15,nan,nan,nan,nan,nan,nan,0.1576,0.8040420413017273,0.2673,36.48215866088867
subend_noleak,777,test,sUbend_021__f16,nan,nan,nan,nan,nan,nan,0.0934,0.627881646156311,0.3478,51.105995178222656
subend_noleak,777,test,sUbend_021__f17,nan,nan,nan,nan,nan,nan,0.0782,0.6328201293945312,0.343,50.74150085449219
subend_noleak,777,test,sUbend_021__f18,nan,nan,nan,nan,nan,nan,0.1094,0.7340710163116455,0.3298,42.771217346191406
subend_noleak,777,test,sUbend_021__f19,nan,nan,nan,nan,nan,nan,0.1372,0.7965258359909058,0.3467,37.20038986206055
subend_noleak,777,test,sUbend_021__f20,nan,nan,nan,nan,nan,nan,0.1653,0.819591224193573,0.3668,34.95610046386719
subend_noleak,777,test,sUbend_021__f21,nan,nan,nan,nan,nan,nan,0.2011,0.8464627265930176,0.3863,32.170997619628906
subend_noleak,777,test,sUbend_021__f22,nan,nan,nan,nan,nan,nan,0.2247,0.8568236827850342,0.4051,31.038204193115234
subend_noleak,777,test,sUbend_021__f23,nan,nan,nan,nan,nan,nan,0.2341,0.8714165091514587,0.4118,29.376333236694336
subend_noleak,777,test,sUbend_021__f24,nan,nan,nan,nan,nan,nan,0.2392,0.8730779886245728,0.3988,29.181686401367188
subend_noleak,777,test,sUbend_022__f00,nan,nan,nan,nan,nan,nan,0.0142,-0.04320208728313446,0.514,92.47606658935547
subend_noleak,777,test,sUbend_022__f01,nan,nan,nan,nan,nan,nan,0.0138,-0.16627874970436096,0.5485,99.57151794433594
subend_noleak,777,test,sUbend_022__f02,nan,nan,nan,nan,nan,nan,0.0176,-0.12400797009468079,0.5388,97.12346649169922
subend_noleak,777,test,sUbend_022__f03,nan,nan,nan,nan,nan,nan,0.0155,-0.006598988547921181,0.5016,90.37809753417969
subend_noleak,777,test,sUbend_022__f04,nan,nan,nan,nan,nan,nan,0.1919,0.865485429763794,0.2408,30.061817169189453
subend_noleak,777,test,sUbend_022__f05,nan,nan,nan,nan,nan,nan,0.2576,0.9014430046081543,0.1855,25.65160369873047
subend_noleak,777,test,sUbend_022__f06,nan,nan,nan,nan,nan,nan,0.2774,0.9129549264907837,0.1717,24.083053588867188
subend_noleak,777,test,sUbend_022__f07,nan,nan,nan,nan,nan,nan,0.3286,0.9291795492172241,0.1585,21.692712783813477
subend_noleak,777,test,sUbend_022__f08,nan,nan,nan,nan,nan,nan,0.3451,0.9543807506561279,0.125,17.373077392578125
subend_noleak,777,test,sUbend_022__f09,nan,nan,nan,nan,nan,nan,0.3232,0.9519380927085876,0.0988,17.835819244384766
subend_noleak,777,test,sUbend_022__f10,nan,nan,nan,nan,nan,nan,0.3028,0.9478579163551331,0.093,18.583911895751953
subend_noleak,777,test,sUbend_022__f11,nan,nan,nan,nan,nan,nan,0.2984,0.935024082660675,0.069,20.767961502075195
subend_noleak,777,test,sUbend_022__f12,nan,nan,nan,nan,nan,nan,0.2695,0.9088983535766602,0.0674,24.646442413330078
subend_noleak,777,test,sUbend_022__f13,nan,nan,nan,nan,nan,nan,0.2284,0.9038483500480652,0.0947,25.331378936767578
subend_noleak,777,test,sUbend_022__f14,nan,nan,nan,nan,nan,nan,0.1448,0.829835832118988,0.1826,33.918121337890625
subend_noleak,777,test,sUbend_022__f15,nan,nan,nan,nan,nan,nan,0.0885,0.5988587737083435,0.3358,53.211788177490234
subend_noleak,777,test,sUbend_022__f16,nan,nan,nan,nan,nan,nan,0.0749,0.49184685945510864,0.4097,60.53795623779297
subend_noleak,777,test,sUbend_022__f17,nan,nan,nan,nan,nan,nan,0.0633,0.3857559263706207,0.4345,67.309326171875
subend_noleak,777,test,sUbend_022__f18,nan,nan,nan,nan,nan,nan,0.0493,0.5099791288375854,0.4184,59.337554931640625
subend_noleak,777,test,sUbend_022__f19,nan,nan,nan,nan,nan,nan,0.0462,0.6353789567947388,0.3725,50.55189895629883
subend_noleak,777,test,sUbend_022__f20,nan,nan,nan,nan,nan,nan,0.0663,0.6679840683937073,0.3569,48.08833312988281
subend_noleak,777,test,sUbend_022__f21,nan,nan,nan,nan,nan,nan,0.0815,0.596314549446106,0.3747,53.39360046386719
subend_noleak,777,test,sUbend_022__f22,nan,nan,nan,nan,nan,nan,0.0764,0.4842238128185272,0.404,61.03836441040039
subend_noleak,777,test,sUbend_022__f23,nan,nan,nan,nan,nan,nan,0.0486,0.26115089654922485,0.4494,74.86163330078125
subend_noleak,777,test,sUbend_022__f24,nan,nan,nan,nan,nan,nan,0.0277,0.07890751212835312,0.481,85.47422790527344
subend_noleak,777,val,sUbend_016__f00,nan,nan,nan,nan,nan,nan,0.097,0.5395568609237671,0.3315,57.346519470214844
subend_noleak,777,val,sUbend_016__f01,nan,nan,nan,nan,nan,nan,0.1333,0.6698747873306274,0.2862,47.942596435546875
subend_noleak,777,val,sUbend_016__f02,nan,nan,nan,nan,nan,nan,0.1516,0.6977378129959106,0.278,45.75421142578125
subend_noleak,777,val,sUbend_016__f03,nan,nan,nan,nan,nan,nan,0.1711,0.729720413684845,0.271,43.13703918457031
subend_noleak,777,val,sUbend_016__f04,nan,nan,nan,nan,nan,nan,0.1474,0.6435724496841431,0.312,49.94126892089844
subend_noleak,777,val,sUbend_016__f05,nan,nan,nan,nan,nan,nan,0.0295,-0.03981359302997589,0.5134,92.28175354003906
subend_noleak,777,val,sUbend_016__f06,nan,nan,nan,nan,nan,nan,0.1932,0.832504153251648,0.1933,33.643150329589844
subend_noleak,777,val,sUbend_016__f07,nan,nan,nan,nan,nan,nan,0.2165,0.8714185953140259,0.1098,29.376087188720703
subend_noleak,777,val,sUbend_016__f08,nan,nan,nan,nan,nan,nan,0.2187,0.8381791114807129,0.1228,33.051658630371094
subend_noleak,777,val,sUbend_016__f09,nan,nan,nan,nan,nan,nan,0.181,0.7731912136077881,0.1537,39.358665466308594
subend_noleak,777,val,sUbend_016__f10,nan,nan,nan,nan,nan,nan,0.1854,0.7741392850875854,0.1749,39.27293395996094
subend_noleak,777,val,sUbend_016__f11,nan,nan,nan,nan,nan,nan,0.1735,0.8647918105125427,0.1756,30.141056060791016
subend_noleak,777,val,sUbend_016__f12,nan,nan,nan,nan,nan,nan,0.1676,0.8736830949783325,0.1646,29.110492706298828
subend_noleak,777,val,sUbend_016__f13,nan,nan,nan,nan,nan,nan,0.1147,0.7230804562568665,0.2177,43.69059753417969
subend_noleak,777,val,sUbend_016__f14,nan,nan,nan,nan,nan,nan,0.0505,0.468292236328125,0.3675,62.076499938964844
subend_noleak,777,val,sUbend_016__f15,nan,nan,nan,nan,nan,nan,0.0491,0.5368059873580933,0.3384,57.533531188964844
subend_noleak,777,val,sUbend_016__f16,nan,nan,nan,nan,nan,nan,0.0569,0.572265625,0.3227,55.09162902832031
subend_noleak,777,val,sUbend_016__f17,nan,nan,nan,nan,nan,nan,0.052,0.3987230062484741,0.391,66.50163269042969
subend_noleak,777,val,sUbend_016__f18,nan,nan,nan,nan,nan,nan,0.0266,0.06177320331335068,0.4862,86.45840454101562
subend_noleak,777,val,sUbend_016__f19,nan,nan,nan,nan,nan,nan,0.0199,-0.24750149250030518,0.5643,104.3297119140625
subend_noleak,777,val,sUbend_016__f20,nan,nan,nan,nan,nan,nan,0.02,-0.2838919162750244,0.5801,106.49262237548828
subend_noleak,777,val,sUbend_016__f21,nan,nan,nan,nan,nan,nan,0.0227,-0.16943103075027466,0.5447,99.7547378540039
subend_noleak,777,val,sUbend_016__f22,nan,nan,nan,nan,nan,nan,0.021,-0.04437078908085823,0.512,92.5430908203125
subend_noleak,777,val,sUbend_016__f23,nan,nan,nan,nan,nan,nan,0.0468,0.24766463041305542,0.4267,75.66063690185547
subend_noleak,777,val,sUbend_016__f24,nan,nan,nan,nan,nan,nan,0.0707,0.40772581100463867,0.3794,65.93794250488281
subend_noleak,777,val,sUbend_019__f00,nan,nan,nan,nan,nan,nan,0.0058,0.3437550365924835,0.3402,69.89418029785156
subend_noleak,777,val,sUbend_019__f01,nan,nan,nan,nan,nan,nan,0.045,0.4552915692329407,0.2828,62.91630554199219
subend_noleak,777,val,sUbend_019__f02,nan,nan,nan,nan,nan,nan,0.1078,0.6245371103286743,0.2029,51.351776123046875
subend_noleak,777,val,sUbend_019__f03,nan,nan,nan,nan,nan,nan,0.1673,0.7997621297836304,0.1567,36.892608642578125
subend_noleak,777,val,sUbend_019__f04,nan,nan,nan,nan,nan,nan,0.2351,0.9105033874511719,0.1648,24.424983978271484
subend_noleak,777,val,sUbend_019__f05,nan,nan,nan,nan,nan,nan,0.3141,0.9564182162284851,0.1644,16.97774887084961
subend_noleak,777,val,sUbend_019__f06,nan,nan,nan,nan,nan,nan,0.3452,0.9606099128723145,0.1401,16.134923934936523
subend_noleak,777,val,sUbend_019__f07,nan,nan,nan,nan,nan,nan,0.3526,0.9610545635223389,0.1227,16.042999267578125
subend_noleak,777,val,sUbend_019__f08,nan,nan,nan,nan,nan,nan,0.3202,0.9576291441917419,0.1012,16.738508224487305
subend_noleak,777,val,sUbend_019__f09,nan,nan,nan,nan,nan,nan,0.3072,0.9598317742347717,0.0853,16.294593811035156
subend_noleak,777,val,sUbend_019__f10,nan,nan,nan,nan,nan,nan,0.3023,0.9569375514984131,0.0894,16.875553131103516
subend_noleak,777,val,sUbend_019__f11,nan,nan,nan,nan,nan,nan,0.2749,0.9561371207237244,0.0878,17.032821655273438
subend_noleak,777,val,sUbend_019__f12,nan,nan,nan,nan,nan,nan,0.2633,0.9532073140144348,0.0646,17.596843719482422
subend_noleak,777,val,sUbend_019__f13,nan,nan,nan,nan,nan,nan,0.2303,0.9443758130073547,0.0376,19.200096130371094
subend_noleak,777,val,sUbend_019__f14,nan,nan,nan,nan,nan,nan,0.1148,0.8236662745475769,0.1885,34.54649353027344
subend_noleak,777,val,sUbend_019__f15,nan,nan,nan,nan,nan,nan,0.0329,0.40044140815734863,0.4151,66.39421844482422
subend_noleak,777,val,sUbend_019__f16,nan,nan,nan,nan,nan,nan,0.0151,-0.011922267265617847,0.5026,90.68310546875
subend_noleak,777,val,sUbend_019__f17,nan,nan,nan,nan,nan,nan,0.0212,0.05705631524324417,0.4839,86.72913360595703
subend_noleak,777,val,sUbend_019__f18,nan,nan,nan,nan,nan,nan,0.0284,0.24772858619689941,0.4148,75.6568603515625
subend_noleak,777,val,sUbend_019__f19,nan,nan,nan,nan,nan,nan,0.0249,0.37074077129364014,0.3729,68.23867797851562
subend_noleak,777,val,sUbend_019__f20,nan,nan,nan,nan,nan,nan,0.0159,0.3682626783847809,0.3734,68.3914794921875
subend_noleak,777,val,sUbend_019__f21,nan,nan,nan,nan,nan,nan,0.0074,0.32279232144355774,0.3981,71.16812133789062
subend_noleak,777,val,sUbend_019__f22,nan,nan,nan,nan,nan,nan,0.0046,0.29649388790130615,0.4025,72.75285339355469
subend_noleak,777,val,sUbend_019__f23,nan,nan,nan,nan,nan,nan,0.0033,0.28169068694114685,0.3893,73.63886260986328
subend_noleak,777,val,sUbend_019__f24,nan,nan,nan,nan,nan,nan,0.0037,0.312763512134552,0.3683,71.77415466308594
subend_noleak,777,val,sUbend_023__f00,nan,nan,nan,nan,nan,nan,0.0088,0.10742168128490448,0.4557,83.83329010009766
subend_noleak,777,val,sUbend_023__f01,nan,nan,nan,nan,nan,nan,0.0017,0.03136450797319412,0.4812,88.20265197753906
subend_noleak,777,val,sUbend_023__f02,nan,nan,nan,nan,nan,nan,0.0009,0.025858595967292786,0.4827,88.51824188232422
subend_noleak,777,val,sUbend_023__f03,nan,nan,nan,nan,nan,nan,0.0008,0.007202434353530407,0.4954,89.58732604980469
subend_noleak,777,val,sUbend_023__f04,nan,nan,nan,nan,nan,nan,0.0591,0.4897928833961487,0.2729,60.67302703857422
subend_noleak,777,val,sUbend_023__f05,nan,nan,nan,nan,nan,nan,0.1858,0.8591233491897583,0.1852,30.781707763671875
subend_noleak,777,val,sUbend_023__f06,nan,nan,nan,nan,nan,nan,0.2165,0.8889103531837463,0.1864,27.26335906982422
subend_noleak,777,val,sUbend_023__f07,nan,nan,nan,nan,nan,nan,0.2602,0.9135582447052002,0.1292,23.998191833496094
subend_noleak,777,val,sUbend_023__f08,nan,nan,nan,nan,nan,nan,0.2801,0.9114875793457031,0.1151,24.288257598876953
subend_noleak,777,val,sUbend_023__f09,nan,nan,nan,nan,nan,nan,0.2158,0.9078429341316223,0.1269,24.79105567932129
subend_noleak,777,val,sUbend_023__f10,nan,nan,nan,nan,nan,nan,0.2256,0.9052844047546387,0.131,25.138385772705078
subend_noleak,777,val,sUbend_023__f11,nan,nan,nan,nan,nan,nan,0.2287,0.9201481342315674,0.0911,23.05224609375
subend_noleak,777,val,sUbend_023__f12,nan,nan,nan,nan,nan,nan,0.2315,0.9177218079566956,0.0632,23.40473175048828
subend_noleak,777,val,sUbend_023__f13,nan,nan,nan,nan,nan,nan,0.2189,0.9155594110488892,0.0792,23.714706420898438
subend_noleak,777,val,sUbend_023__f14,nan,nan,nan,nan,nan,nan,0.1479,0.8633743524551392,0.1688,30.302406311035156
subend_noleak,777,val,sUbend_023__f15,nan,nan,nan,nan,nan,nan,0.0588,0.6420580744743347,0.3271,50.054542541503906
subend_noleak,777,val,sUbend_023__f16,nan,nan,nan,nan,nan,nan,0.023,0.4920547902584076,0.4006,60.52427291870117
subend_noleak,777,val,sUbend_023__f17,nan,nan,nan,nan,nan,nan,0.0159,0.41695481538772583,0.4232,65.35751342773438
subend_noleak,777,val,sUbend_023__f18,nan,nan,nan,nan,nan,nan,0.0204,0.21894830465316772,0.4617,77.35272979736328
subend_noleak,777,val,sUbend_023__f19,nan,nan,nan,nan,nan,nan,0.0253,0.18096047639846802,0.4677,79.57429504394531
subend_noleak,777,val,sUbend_023__f20,nan,nan,nan,nan,nan,nan,0.0292,0.10404771566390991,0.4777,84.02769470214844
subend_noleak,777,val,sUbend_023__f21,nan,nan,nan,nan,nan,nan,0.0294,0.1078716367483139,0.4754,83.80735778808594
subend_noleak,777,val,sUbend_023__f22,nan,nan,nan,nan,nan,nan,0.0264,0.18668174743652344,0.4492,79.24079895019531
subend_noleak,777,val,sUbend_023__f23,nan,nan,nan,nan,nan,nan,0.0172,0.08056304603815079,0.4703,85.37906646728516
subend_noleak,777,val,sUbend_023__f24,nan,nan,nan,nan,nan,nan,0.02,0.1106036901473999,0.4513,83.64988708496094
