variant,seed,split,case,pp_dir_5deg,pp_dir_10deg,pp_dir_15deg,pp_dir_30deg,pp_peak_0.10,pp_peak_0.20,pp_peak_0.50,cos_signed_median,cos_signed_mean,frac_flipped,angle_median_deg,angle_mean_deg,angle_p90_deg,mag_ratio_median,mag_ratio_mean,peak_mag_true,peak_mag_pred,peak_mag_rel,t_phase,omega,phase_norm,Q_sign,alpha_womersley,R_mm,L_mm,p_amp,wall_frac
withleak,1337,test,0007_H_AO_H_3D_RIGID,0.6169611496425197,0.9610872394672563,0.9987341095084422,1.0,0.2685025050368178,0.6708506427514397,0.9943034927879901,0.9974582195281982,0.9959167838096619,0.0,4.086003303527832,4.444141864776611,8.0890474319458,0.7255764007568359,0.7354931235313416,0.7820733189582825,0.4071550965309143,-0.47939011454582214,nan,nan,nan,nan,nan,nan,nan,nan,0.1507342191032471
withleak,1337,test,0017_H_AO_COA_3D_RIGID,0.8564919864752151,0.9541968986268935,0.9995425967945901,1.0,0.647037193158683,0.9510040448793263,0.9999461878581871,0.999199390411377,0.9975685477256775,0.0,2.2928569316864014,3.0189292430877686,7.259879112243652,1.001755952835083,0.9983172416687012,0.49127718806266785,0.38195329904556274,-0.22252994775772095,nan,nan,nan,nan,nan,nan,nan,nan,0.14574200167894785
withleak,1337,test,0020_H_AO_COA_3D_RIGID,0.6157113843196229,0.8968233050650377,0.9889769150865878,1.0,0.5338366847025627,0.7396784545976032,0.9902017022991891,0.9969667196273804,0.9943210482597351,0.0,4.463789463043213,5.267698287963867,10.124536514282227,0.8844895958900452,0.8820939064025879,1.274560570716858,0.735272228717804,-0.423117071390152,nan,nan,nan,nan,nan,nan,nan,nan,0.19699600625108526
withleak,1337,test,0225_H_AO_COA_3D_FSI_REST,0.7513161540592962,0.9476863397062898,0.9978110279855916,0.9997506234413965,0.8840676087558881,0.9767802715433638,0.999833748960931,0.9972121715545654,0.9956863522529602,0.00011083402604599612,4.279265880584717,4.653867721557617,7.711140155792236,0.6758153438568115,0.6694570779800415,3.9394547939300537,0.7314844727516174,-0.8143183588981628,nan,nan,nan,nan,nan,nan,nan,nan,0.15367222871836364
withleak,1337,test,0226_H_AO_COA_3D_FSI_REST,0.7600238065405338,0.9801612162218603,0.9983920143674561,0.9996032243244372,0.9933592281668964,0.9992795389048992,0.9998851438833897,0.999082088470459,0.9972295761108398,1.044146514638934e-05,2.4550719261169434,3.3204216957092285,6.747120380401611,0.8726532459259033,0.8635256290435791,3.4691216945648193,0.5156697630882263,-0.8513543605804443,nan,nan,nan,nan,nan,nan,nan,nan,0.11705300087708308
withleak,1337,val,0002_H_AO_SVD_3D_RIGID,0.9668878837835172,0.991292217948176,0.9991545842668133,1.0,0.6761916839272379,0.9554747713854955,0.9998590973778022,0.9993871450424194,0.998886227607727,0.0,2.006035566329956,2.2355775833129883,3.446453094482422,0.8933044075965881,0.8889527320861816,0.5705063343048096,0.3770129978656769,-0.3391607105731964,nan,nan,nan,nan,nan,nan,nan,nan,0.060089332262473406
withleak,1337,val,0005_H_AO_SVD_3D_RIGID,0.8290593465528191,0.9931268082704114,0.9990967468774258,1.0,0.05384235410345071,0.18149742431726765,0.805504198715687,0.9991645216941833,0.9979261159896851,0.0,2.342262029647827,2.9568498134613037,6.07514762878418,1.6243927478790283,1.6904029846191406,0.30377253890037537,0.36697468161582947,0.2080574631690979,nan,nan,nan,nan,nan,nan,nan,nan,0.10889029395326781
withleak,1337,val,0234_H_AO_COA_3D_FSI_REST,0.9627091459191485,0.9955892538183939,0.9993985346115992,1.0,0.4807713337950643,0.9245981117632049,1.0,0.9995132684707642,0.998989462852478,0.0,1.787721872329712,2.1155295372009277,3.744731903076172,1.1289622783660889,1.114005446434021,0.5714100003242493,0.4269961416721344,-0.25273245573043823,nan,nan,nan,nan,nan,nan,nan,nan,0.13712002741234067
withleak,1337,val,0241_H_AO_COA_3D_FSI_REST,0.8042053651407288,0.9419797903603476,0.9997485581380731,1.0,0.49582763660364904,0.7916804173934908,0.9999371395345182,0.9986861944198608,0.9968752264976501,0.0,2.9373161792755127,3.625993013381958,8.091501235961914,0.9542261958122253,0.9351476430892944,0.8250396251678467,0.5271622538566589,-0.3610461354255676,nan,nan,nan,nan,nan,nan,nan,nan,0.1273058149439124
withleak,2026,test,0007_H_AO_H_3D_RIGID,0.6622390215201384,0.8794194733182378,0.9840872216378127,1.0,0.3354698949845775,0.7233940128728582,0.9954980655053756,0.9977391958236694,0.9944850206375122,0.0,3.853435516357422,4.738992691040039,10.70934009552002,0.7663397789001465,0.7741772532463074,0.7820733189582825,0.4229869544506073,-0.4591466784477234,nan,nan,nan,nan,nan,nan,nan,nan,0.1507342191032471
withleak,2026,test,0017_H_AO_COA_3D_RIGID,0.8007515762473206,0.9101068171014987,0.988089579278738,1.0,0.4881747818366084,0.9429501609879909,1.0,0.9994817972183228,0.9963365793228149,0.0,1.8446168899536133,3.3928425312042236,9.386906623840332,1.0838854312896729,1.0846428871154785,0.49127718806266785,0.4023216962814331,-0.18106986582279205,nan,nan,nan,nan,nan,nan,nan,nan,0.14574200167894785
withleak,2026,test,0020_H_AO_COA_3D_RIGID,0.753941799351948,0.9145749678299562,0.9846358971178741,1.0,0.5380691772220586,0.7796003162741663,0.994744267530736,0.9990651607513428,0.9958071112632751,0.0,2.477649688720703,3.88246488571167,9.38856029510498,0.9519223570823669,0.932277500629425,1.274560570716858,0.7359495162963867,-0.42258569598197937,nan,nan,nan,nan,nan,nan,nan,nan,0.19699600625108526
withleak,2026,test,0225_H_AO_COA_3D_FSI_REST,0.8894984760321418,0.9651981158215572,0.9977001939595456,0.999778331947908,0.8745912995289554,0.9758935993349959,0.999833748960931,0.9992662072181702,0.9976913332939148,8.312551953449709e-05,2.195082664489746,2.9727795124053955,5.420891284942627,0.6503807902336121,0.6390309929847717,3.9394547939300537,0.643357515335083,-0.8366886973381042,nan,nan,nan,nan,nan,nan,nan,nan,0.15367222871836364
withleak,2026,test,0226_H_AO_COA_3D_FSI_REST,0.6594724971808044,0.9683832435367331,0.9984233387628952,0.9996554316501691,0.9940065990059725,0.9993108633003384,0.9998955853485361,0.9977627992630005,0.9954822659492493,0.0,3.833310127258301,4.810759544372559,8.606560707092285,0.9035254716873169,0.8895214796066284,3.4691216945648193,0.48935437202453613,-0.8589400053024292,nan,nan,nan,nan,nan,nan,nan,nan,0.11705300087708308
withleak,2026,val,0002_H_AO_SVD_3D_RIGID,0.6733736314832819,0.8436967211959815,0.9826126164207916,1.0,0.6446717673415903,0.7631567823477194,0.9995209310845274,0.9998111128807068,0.9944324493408203,0.0,1.1136419773101807,3.9391326904296875,10.961170196533203,0.9370126128196716,0.8794664740562439,0.5705063343048096,0.37324079871177673,-0.34577274322509766,nan,nan,nan,nan,nan,nan,nan,nan,0.060089332262473406
withleak,2026,val,0005_H_AO_SVD_3D_RIGID,0.7214310916660787,0.8559875802695646,0.961075435749065,1.0,0.001637146284665867,0.025855620633688518,0.5219109448874462,0.9990502595901489,0.9941749572753906,0.0,2.497321605682373,4.439990043640137,11.895666122436523,1.8356544971466064,1.9050195217132568,0.30377253890037537,0.38714373111724854,0.27445268630981445,nan,nan,nan,nan,nan,nan,nan,nan,0.10889029395326781
withleak,2026,val,0234_H_AO_COA_3D_FSI_REST,0.7810483723982066,0.9910691502934422,0.9973754237597054,0.9999817737761091,0.3335763496518791,0.8134910509240696,1.0,0.9979928731918335,0.9971954226493835,0.0,3.6307613849639893,3.908811569213867,5.9394378662109375,1.220046043395996,1.1977486610412598,0.5714100003242493,0.44183453917503357,-0.22676442563533783,nan,nan,nan,nan,nan,nan,nan,nan,0.13712002741234067
withleak,2026,val,0241_H_AO_COA_3D_FSI_REST,0.6699039806389766,0.9342950984552041,0.9999214244181478,1.0,0.44318199676268605,0.8201562082567221,1.0,0.9978036284446716,0.9955074191093445,0.0,3.7981317043304443,4.699850559234619,9.273968696594238,0.9975125193595886,0.9759830832481384,0.8250396251678467,0.5118640661239624,-0.3795885145664215,nan,nan,nan,nan,nan,nan,nan,nan,0.1273058149439124
withleak,777,test,0007_H_AO_H_3D_RIGID,0.8165261112200688,0.9952127944086865,0.9996523258509102,1.0,0.48792946672134363,0.8127106103018524,0.9981992262021502,0.998035192489624,0.9975140690803528,0.0,3.5922677516937256,3.6609079837799072,5.72830867767334,0.8235024213790894,0.8146857619285583,0.7820733189582825,0.43209385871887207,-0.44750210642814636,nan,nan,nan,nan,nan,nan,nan,nan,0.1507342191032471
withleak,777,test,0017_H_AO_COA_3D_RIGID,0.7873523529359008,0.9926994860940457,0.9997847514327483,1.0,0.49665019417214507,0.9631207454775379,0.9999820626193957,0.9985237121582031,0.9972462058067322,0.0,3.113698720932007,3.727954149246216,7.1469011306762695,1.0846389532089233,1.0729671716690063,0.49127718806266785,0.3955158293247223,-0.1949232816696167,nan,nan,nan,nan,nan,nan,nan,nan,0.14574200167894785
withleak,777,test,0020_H_AO_COA_3D_RIGID,0.6630439838142045,0.9690237360661075,0.9990077673214369,1.0,0.3499325591851289,0.8146850436427342,0.9974884110323871,0.9973664879798889,0.996253252029419,0.0,4.159111976623535,4.3529510498046875,7.331974506378174,1.0054136514663696,1.0068602561950684,1.274560570716858,0.7998846769332886,-0.3724231719970703,nan,nan,nan,nan,nan,nan,nan,nan,0.19699600625108526
withleak,777,test,0225_H_AO_COA_3D_FSI_REST,0.9309781102798559,0.9970074812967581,0.9990579107786091,0.999722914934885,0.91571072319202,0.984178442781934,0.999833748960931,0.9988197088241577,0.9981667995452881,8.312551953449709e-05,2.784001350402832,2.9255330562591553,4.5782976150512695,0.7674500346183777,0.7541112303733826,3.9394547939300537,0.7607795596122742,-0.8068820238113403,nan,nan,nan,nan,nan,nan,nan,nan,0.15367222871836364
withleak,777,test,0226_H_AO_COA_3D_FSI_REST,0.957492795389049,0.9962932798730317,0.9984128972977488,0.9994779267426805,0.9957189992899804,0.9993630706260702,0.9998851438833897,0.999001681804657,0.9984075427055359,1.044146514638934e-05,2.5604023933410645,2.7064640522003174,4.102357387542725,0.9119904041290283,0.9056186079978943,3.4691216945648193,0.5058794617652893,-0.8541765213012695,nan,nan,nan,nan,nan,nan,nan,nan,0.11705300087708308
withleak,777,val,0002_H_AO_SVD_3D_RIGID,0.8114722914993449,0.9820067351453411,0.999873187640022,1.0,0.7548294373758295,0.9324371926561553,0.9997745558044835,0.9991761445999146,0.9974173903465271,0.0,2.3259100914001465,3.2995612621307373,7.825412273406982,0.9403272271156311,0.9244083762168884,0.5705063343048096,0.3859862685203552,-0.3234321177005768,nan,nan,nan,nan,nan,nan,nan,nan,0.060089332262473406
withleak,777,val,0005_H_AO_SVD_3D_RIGID,0.7946087079246348,0.9952861477665655,0.9990261802272246,1.0,0.0037259191306188697,0.07350222284948134,0.6365676381342178,0.998024582862854,0.9974298477172852,0.0,3.601957321166992,3.6985867023468018,5.822306156158447,1.7553337812423706,1.8219965696334839,0.30377253890037537,0.4032917022705078,0.3276107907295227,nan,nan,nan,nan,nan,nan,nan,nan,0.10889029395326781
withleak,777,val,0234_H_AO_COA_3D_FSI_REST,0.9476178325374549,0.9967921845951956,0.999161593701017,0.9999817737761091,0.4488025370903656,0.9284438450041921,1.0,0.999319851398468,0.9987372756004333,0.0,2.113314390182495,2.415731430053711,4.3434553146362305,1.1431689262390137,1.1252682209014893,0.5714100003242493,0.42422038316726685,-0.2575902044773102,nan,nan,nan,nan,nan,nan,nan,nan,0.13712002741234067
withleak,777,val,0241_H_AO_COA_3D_FSI_REST,0.8708374585513806,0.9972184244024327,0.9997485581380731,1.0,0.4890387063316204,0.8238649757201452,1.0,0.9982527494430542,0.997855544090271,0.0,3.387493371963501,3.4176533222198486,5.162731170654297,0.9982277154922485,0.9840664863586426,0.8250396251678467,0.516251266002655,-0.3742709457874298,nan,nan,nan,nan,nan,nan,nan,nan,0.1273058149439124
leak_dir_only,1337,test,0007_H_AO_H_3D_RIGID,0.8948776008700768,0.9953643446788025,0.9998306202863408,1.0,0.3527733699431241,0.7446021359673365,0.9978158931659743,0.9987807273864746,0.9981268048286438,0.0,2.829646348953247,3.1007883548736572,5.0527544021606445,0.7618447542190552,0.7651039361953735,0.7820733189582825,0.43785226345062256,-0.44013911485671997,nan,nan,nan,nan,nan,nan,nan,nan,0.1507342191032471
leak_dir_only,1337,test,0017_H_AO_COA_3D_RIGID,0.9183311061085749,0.9978475143274828,0.9997309392909354,1.0,0.6782033919586723,0.9400532740203948,0.9999641252387914,0.9986231327056885,0.9982382655143738,0.0,3.007000684738159,3.012354612350464,4.728253364562988,1.000925898551941,0.9964055418968201,0.49127718806266785,0.39230626821517944,-0.20145636796951294,nan,nan,nan,nan,nan,nan,nan,nan,0.14574200167894785
leak_dir_only,1337,test,0020_H_AO_COA_3D_RIGID,0.6873071735321933,0.9586828111192075,0.9985736655245655,1.0,0.5185190927272445,0.7204849537216478,0.9900776732143688,0.9978334307670593,0.9960619807243347,0.0,3.772266387939453,4.353393077850342,8.134797096252441,0.8647096157073975,0.867268443107605,1.274560570716858,0.6979219913482666,-0.45242148637771606,nan,nan,nan,nan,nan,nan,nan,nan,0.19699600625108526
leak_dir_only,1337,test,0225_H_AO_COA_3D_FSI_REST,0.9450540315876974,0.9972014408423386,0.9990856192851205,0.999778331947908,0.9158492657245775,0.984012191742865,0.999833748960931,0.9987161159515381,0.998043954372406,0.00011083402604599612,2.90366792678833,3.0985989570617676,4.393874168395996,0.7529882192611694,0.735650897026062,3.9394547939300537,0.7745001912117004,-0.8033991456031799,nan,nan,nan,nan,nan,nan,nan,nan,0.15367222871836364
leak_dir_only,1337,test,0226_H_AO_COA_3D_FSI_REST,0.9628388255440004,0.9967840287349121,0.9986008436703838,0.9995927828592908,0.9946539698450486,0.9992899803700456,0.9998851438833897,0.9988813400268555,0.9983924031257629,1.044146514638934e-05,2.7103610038757324,2.8147780895233154,4.216767311096191,0.8570007085800171,0.8476354479789734,3.4691216945648193,0.4951203465461731,-0.8572779297828674,nan,nan,nan,nan,nan,nan,nan,nan,0.11705300087708308
leak_dir_only,1337,val,0002_H_AO_SVD_3D_RIGID,0.8644516774457173,0.9952515816319342,0.999873187640022,1.0,0.6683434078708205,0.9439771174141551,0.9998027363289231,0.999089241027832,0.9982893466949463,0.0,2.445526361465454,2.855098009109497,5.444745063781738,0.89687579870224,0.8879287242889404,0.5705063343048096,0.401917040348053,-0.29550817608833313,nan,nan,nan,nan,nan,nan,nan,nan,0.060089332262473406
leak_dir_only,1337,val,0005_H_AO_SVD_3D_RIGID,0.8350857384799943,0.9944675746242326,0.9993931268082704,1.0,0.0051937054548020604,0.06874603062592619,0.7325523957377743,0.9988779425621033,0.9977905750274658,0.0,2.7144744396209717,3.2548012733459473,6.122822284698486,1.7087401151657104,1.7651972770690918,0.30377253890037537,0.3605109453201294,0.18677924573421478,nan,nan,nan,nan,nan,nan,nan,nan,0.10889029395326781
leak_dir_only,1337,val,0234_H_AO_COA_3D_FSI_REST,0.9566398133634674,0.9956257062661757,0.9991433674771261,0.9999453213283273,0.46571647286115264,0.938978602413152,1.0,0.9989352226257324,0.9985097050666809,0.0,2.6442313194274902,2.7754812240600586,4.202512741088867,1.096667766571045,1.074784755706787,0.5714100003242493,0.41665688157081604,-0.2708267569541931,nan,nan,nan,nan,nan,nan,nan,nan,0.13712002741234067
leak_dir_only,1337,val,0241_H_AO_COA_3D_FSI_REST,0.9109424355287351,0.9992456744142191,0.9998114186035547,1.0,0.5661999277104647,0.8102871151760879,1.0,0.998490035533905,0.9981182217597961,0.0,3.149021625518799,3.2214558124542236,4.890228271484375,0.9455240368843079,0.93730628490448,0.8250396251678467,0.5045663714408875,-0.3884337842464447,nan,nan,nan,nan,nan,nan,nan,nan,0.1273058149439124
leak_dir_only,2026,test,0007_H_AO_H_3D_RIGID,0.6623281687378537,0.9429457806621855,0.9999910852782284,1.0,0.2874462888013265,0.6682742881594665,0.9969689945976786,0.9973300695419312,0.9960013031959534,0.0,4.187784194946289,4.4560465812683105,8.384041786193848,0.7256920337677002,0.7423133254051208,0.7820733189582825,0.4521673917770386,-0.4218350350856781,nan,nan,nan,nan,nan,nan,nan,nan,0.1507342191032471
leak_dir_only,2026,test,0017_H_AO_COA_3D_RIGID,0.8016484452775361,0.9992197239437125,0.9999192817872806,1.0,0.626516829747352,0.935963551242612,0.9999641252387914,0.9992595911026001,0.9979957342147827,0.0,2.2049574851989746,3.020815849304199,6.319298267364502,1.0017961263656616,1.0015822649002075,0.49127718806266785,0.39781683683395386,-0.1902395486831665,nan,nan,nan,nan,nan,nan,nan,nan,0.14574200167894785
leak_dir_only,2026,test,0020_H_AO_COA_3D_RIGID,0.7693214058696765,0.9914109858761879,0.9998914745507822,1.0,0.48600796886869974,0.718826064712175,0.9811165718360956,0.9989514946937561,0.9975790977478027,0.0,2.6239821910858154,3.3019068241119385,6.6051812171936035,0.8450897336006165,0.8642673492431641,1.274560570716858,0.7530912756919861,-0.4091365337371826,nan,nan,nan,nan,nan,nan,nan,nan,0.19699600625108526
leak_dir_only,2026,test,0225_H_AO_COA_3D_FSI_REST,0.928207259628706,0.9969797727902466,0.999390412856747,0.999778331947908,0.9116375727348296,0.9817123857024106,0.999833748960931,0.9992988705635071,0.9985299110412598,5.541701302299806e-05,2.1456658840179443,2.4728028774261475,4.1944379806518555,0.7651252746582031,0.7578520178794861,3.9394547939300537,0.8375265002250671,-0.7874003648757935,nan,nan,nan,nan,nan,nan,nan,nan,0.15367222871836364
leak_dir_only,2026,test,0226_H_AO_COA_3D_FSI_REST,0.7311844798062064,0.9753163763939356,0.9984024558326025,0.9996554316501691,0.9921271352796225,0.999300421835192,0.9998955853485361,0.9994048476219177,0.9968218207359314,0.0,1.9768476486206055,3.362255573272705,8.169646263122559,0.9558053612709045,0.93614661693573,3.4691216945648193,0.5348238945007324,-0.8458330631256104,nan,nan,nan,nan,nan,nan,nan,nan,0.11705300087708308
leak_dir_only,2026,val,0002_H_AO_SVD_3D_RIGID,0.6645108565470403,0.9949838666497584,1.0,1.0,0.6547885756153922,0.8872779022417607,0.9998872779022417,0.9995901584625244,0.9964706301689148,0.0,1.6404402256011963,3.607013702392578,8.416362762451172,0.9208812713623047,0.8941082954406738,0.5705063343048096,0.38886335492134094,-0.31838905811309814,nan,nan,nan,nan,nan,nan,nan,nan,0.060089332262473406
leak_dir_only,2026,val,0005_H_AO_SVD_3D_RIGID,0.7422623668054478,0.8884058993719568,0.9924917084186013,0.9999858866699598,0.013097170277326936,0.08744619292922165,0.7969938607014325,0.9990370273590088,0.995563805103302,0.0,2.5146610736846924,3.915191173553467,10.492073059082031,1.6576553583145142,1.7201628684997559,0.30377253890037537,0.3677900433540344,0.2107415795326233,nan,nan,nan,nan,nan,nan,nan,nan,0.10889029395326781
leak_dir_only,2026,val,0234_H_AO_COA_3D_FSI_REST,0.9245252068676412,0.9942222870265738,0.9987423905515256,1.0,0.37799365727408596,0.8287464003207815,1.0,0.9994755983352661,0.9987190365791321,0.0,1.8556180000305176,2.2892017364501953,4.632843971252441,1.2002737522125244,1.18431556224823,0.5714100003242493,0.43905186653137207,-0.231634259223938,nan,nan,nan,nan,nan,nan,nan,nan,0.13712002741234067
leak_dir_only,2026,val,0241_H_AO_COA_3D_FSI_REST,0.8047396790973237,0.9990413779014033,0.9999528546508887,1.0,0.4541825782219917,0.8087941791208964,0.9997328430217026,0.9990376234054565,0.9979708194732666,0.0,2.513882637023926,3.013000726699829,6.17635440826416,1.0299500226974487,0.9933174252510071,0.8250396251678467,0.5411766171455383,-0.34405985474586487,nan,nan,nan,nan,nan,nan,nan,nan,0.1273058149439124
leak_dir_only,777,test,0007_H_AO_H_3D_RIGID,0.7684846755932747,0.9986271328471839,0.9996612405726817,1.0,0.3875764437391909,0.7751350580348387,0.9992779075365058,0.9984827041625977,0.9977799654006958,0.0,3.1566591262817383,3.3784427642822266,5.583799362182617,0.7802492380142212,0.7794445753097534,0.7820733189582825,0.45567628741264343,-0.41734838485717773,nan,nan,nan,nan,nan,nan,nan,nan,0.1507342191032471
leak_dir_only,777,test,0017_H_AO_COA_3D_RIGID,0.8962950340361797,0.9994080664400578,0.9999730939290935,1.0,0.6696382927201141,0.9449681163059759,0.9999461878581871,0.9995445609092712,0.9987665414810181,0.0,1.7292956113815308,2.2337472438812256,5.038519382476807,1.0136343240737915,1.004870891571045,0.49127718806266785,0.40961164236068726,-0.16623109579086304,nan,nan,nan,nan,nan,nan,nan,nan,0.14574200167894785
leak_dir_only,777,test,0020_H_AO_COA_3D_RIGID,0.8148865909055674,0.9870854715430768,0.9994728763895133,1.0,0.4908606068122975,0.73947690733477,0.9928683276228275,0.9989635348320007,0.9976682066917419,0.0,2.608870267868042,3.15755558013916,6.463625907897949,0.8798049688339233,0.8950324058532715,1.274560570716858,0.8338046669960022,-0.34581008553504944,nan,nan,nan,nan,nan,nan,nan,nan,0.19699600625108526
leak_dir_only,777,test,0225_H_AO_COA_3D_FSI_REST,0.9385425325574952,0.9962870601274592,0.9989193682460515,0.999722914934885,0.9052369077306733,0.9835134386256581,0.999833748960931,0.998975396156311,0.9982699751853943,8.312551953449709e-05,2.5939345359802246,2.844677686691284,4.389784336090088,0.7129290103912354,0.6980381608009338,3.9394547939300537,0.7876973748207092,-0.8000491261482239,nan,nan,nan,nan,nan,nan,nan,nan,0.15367222871836364
leak_dir_only,777,test,0226_H_AO_COA_3D_FSI_REST,0.9200497013740968,0.9911665204861546,0.9985381948795055,0.9994779267426805,0.9943929332163889,0.999331746230631,0.9998851438833897,0.9991248846054077,0.9982412457466125,1.044146514638934e-05,2.3971869945526123,2.779853343963623,4.606945991516113,0.8339142203330994,0.82755446434021,3.4691216945648193,0.48683401942253113,-0.8596664667129517,nan,nan,nan,nan,nan,nan,nan,nan,0.11705300087708308
leak_dir_only,777,val,0002_H_AO_SVD_3D_RIGID,0.949232785222133,0.9987318764002198,0.9999859097377802,1.0,0.8244635132659819,0.9593073227092757,0.9996336531822857,0.9994469881057739,0.9989159107208252,0.0,1.9055697917938232,2.29654860496521,4.238221168518066,0.954801619052887,0.9458959102630615,0.5705063343048096,0.3806212544441223,-0.3328360617160797,nan,nan,nan,nan,nan,nan,nan,nan,0.060089332262473406
leak_dir_only,777,val,0005_H_AO_SVD_3D_RIGID,0.9112694940371181,0.9969797473713923,0.99936490014819,1.0,0.01193987721402865,0.0883353327217557,0.762910168654294,0.9992574453353882,0.9985324144363403,0.0,2.208150625228882,2.570374011993408,4.839529514312744,1.7059955596923828,1.7512255907058716,0.30377253890037537,0.39107829332351685,0.28740501403808594,nan,nan,nan,nan,nan,nan,nan,nan,0.10889029395326781
leak_dir_only,777,val,0234_H_AO_COA_3D_FSI_REST,0.9152480589071557,0.994987788429993,0.9993256297160354,0.9999817737761091,0.5007472751795283,0.9292457988553932,1.0,0.9993864297866821,0.9986110925674438,0.0,2.007157325744629,2.461798906326294,4.682470798492432,1.0671112537384033,1.052487850189209,0.5714100003242493,0.39962950348854065,-0.30062565207481384,nan,nan,nan,nan,nan,nan,nan,nan,0.13712002741234067
leak_dir_only,777,val,0241_H_AO_COA_3D_FSI_REST,0.9036977668819638,0.9988527965049582,0.9998271337199252,0.9999842848836296,0.5678342998129902,0.7709207486681439,0.9999528546508887,0.9989545941352844,0.9983394742012024,0.0,2.620100498199463,2.899030923843384,4.945442199707031,0.9008500576019287,0.8957484364509583,0.8250396251678467,0.479960173368454,-0.41825804114341736,nan,nan,nan,nan,nan,nan,nan,nan,0.1273058149439124
leak_mag_only,1337,test,0007_H_AO_H_3D_RIGID,0.008014334872608626,0.04599996434111291,0.09320341612138285,0.2031130208426195,0.0,0.0030844937329505945,0.30371565603437517,-0.47653138637542725,-0.17143377661705017,0.6379998930233387,118.45909881591797,101.7865982055664,169.9061737060547,0.4631820023059845,0.4588046073913574,0.7820733189582825,0.3411685526371002,-0.5637639760971069,nan,nan,nan,nan,nan,nan,nan,nan,0.1507342191032471
leak_mag_only,1337,test,0017_H_AO_COA_3D_RIGID,0.02588364021201984,0.1756787056386156,0.42007551637234414,0.6984457259706365,0.0010583054556543108,0.011856608579449143,0.7015847675763908,0.9572465419769287,0.647775411605835,0.15323007381232118,16.814455032348633,39.32251739501953,121.31658935546875,0.53776615858078,0.5422343611717224,0.49127718806266785,0.32790040969848633,-0.3325551748275757,nan,nan,nan,nan,nan,nan,nan,nan,0.14574200167894785
leak_mag_only,1337,test,0020_H_AO_COA_3D_RIGID,0.009906823150028683,0.05224725198058945,0.15303638703275918,0.4876513542425699,0.00012402908482039038,0.09389001720903552,0.7573681028201114,0.8605947494506836,0.6650858521461487,0.10495961302925536,30.6165714263916,42.06395721435547,94.59149169921875,0.38375428318977356,0.3961060345172882,1.274560570716858,0.7001579999923706,-0.450667142868042,nan,nan,nan,nan,nan,nan,nan,nan,0.19699600625108526
leak_mag_only,1337,test,0225_H_AO_COA_3D_FSI_REST,0.0016902188972014408,0.052701579384871154,0.20108063175394847,0.5625103906899418,0.023358270989193682,0.8305070656691604,0.9964810196730396,0.9125120043754578,0.6567440032958984,0.11568301468550846,24.145164489746094,41.81291198730469,108.83564758300781,0.5055415630340576,0.5017626285552979,3.9394547939300537,0.5705481767654419,-0.855170726776123,nan,nan,nan,nan,nan,nan,nan,nan,0.15367222871836364
leak_mag_only,1337,test,0226_H_AO_COA_3D_FSI_REST,0.0,0.0006160464436369711,0.006254437622687216,0.24369335505158085,0.5536482479221484,0.917909201019087,0.9998747024182433,0.7638238072395325,0.5659169554710388,0.11207868688134319,40.19752883911133,51.81046676635742,95.40005493164062,0.7081735134124756,0.7070261836051941,3.4691216945648193,0.41568437218666077,-0.8801758885383606,nan,nan,nan,nan,nan,nan,nan,nan,0.11705300087708308
leak_mag_only,1337,val,0002_H_AO_SVD_3D_RIGID,0.23285567344408278,0.5347818122895267,0.6223527919854589,0.6531118344112384,0.10230939397782193,0.43483958236462783,0.6546758535176339,0.9877209663391113,0.4484783113002777,0.3174958785983007,8.988041877746582,48.94207763671875,144.67518615722656,0.6988791227340698,0.6927958726882935,0.5705063343048096,0.3314215838909149,-0.4190746545791626,nan,nan,nan,nan,nan,nan,nan,nan,0.060089332262473406
leak_mag_only,1337,val,0005_H_AO_SVD_3D_RIGID,0.013958083409780537,0.048154682097240845,0.09422059134852868,0.35760355655917014,0.0007480064921318185,0.03699103803542446,0.5801707712934867,0.7943278551101685,0.5859111547470093,0.13672994142968034,37.408180236816406,48.89678192138672,110.4716567993164,0.4550139307975769,0.5002724528312683,0.30377253890037537,0.3475099205970764,0.1439806967973709,nan,nan,nan,nan,nan,nan,nan,nan,0.10889029395326781
leak_mag_only,1337,val,0234_H_AO_COA_3D_FSI_REST,0.0031166842853497614,0.0347209565122298,0.1612656289869865,0.6477235446360223,0.0002187146866912113,0.012667225604199321,0.7707870083476105,0.9070549011230469,0.8159797787666321,0.04363357999489666,24.898517608642578,30.573528289794922,44.26532745361328,1.502083420753479,1.4942630529403687,0.5714100003242493,0.5205716490745544,-0.08897000551223755,nan,nan,nan,nan,nan,nan,nan,nan,0.13712002741234067
leak_mag_only,1337,val,0241_H_AO_COA_3D_FSI_REST,0.007040372133955652,0.029560133892791475,0.07076516901607656,0.2986657866201499,0.010277686106265617,0.07122090739081922,0.7057501610799428,0.7770333290100098,0.6943079829216003,0.009381924473150723,39.010250091552734,42.42543029785156,73.20738220214844,1.0024043321609497,0.9821072220802307,0.8250396251678467,0.552237331867218,-0.330653578042984,nan,nan,nan,nan,nan,nan,nan,nan,0.1273058149439124
leak_mag_only,2026,test,0007_H_AO_H_3D_RIGID,0.000454650810348209,0.0016135646406475654,0.0037263537005010074,0.05955034143384385,0.0,0.0,0.29969511651541353,-0.47110265493392944,-0.20710253715515137,0.6361367161730882,118.10588836669922,104.95808410644531,158.41262817382812,0.47768813371658325,0.4689214825630188,0.7820733189582825,0.2697407305240631,-0.6550952792167664,nan,nan,nan,nan,nan,nan,nan,nan,0.1507342191032471
leak_mag_only,2026,test,0017_H_AO_COA_3D_RIGID,0.0017399259186181041,0.007587511995623279,0.02463699226002027,0.29777845541215614,3.58747612086207e-05,0.018439627261231044,0.6170100180270675,0.7981677055358887,0.5792084336280823,0.13576803379402505,37.04451370239258,50.2813835144043,100.9643783569336,0.6528686285018921,0.6487740874290466,0.49127718806266785,0.2661591172218323,-0.45823025703430176,nan,nan,nan,nan,nan,nan,nan,nan,0.14574200167894785
leak_mag_only,2026,test,0020_H_AO_COA_3D_RIGID,0.005829366986558348,0.03159640935799445,0.08646377575541464,0.4312336242848948,0.0,0.08624672485697896,0.6042231903381343,0.8352648019790649,0.48908567428588867,0.22937628873970947,33.35657501220703,54.353885650634766,135.2316436767578,0.4392678737640381,0.4271756708621979,1.274560570716858,0.3018694519996643,-0.7631580233573914,nan,nan,nan,nan,nan,nan,nan,nan,0.19699600625108526
leak_mag_only,2026,test,0225_H_AO_COA_3D_FSI_REST,0.025685785536159602,0.13491271820448877,0.314159046827376,0.6225547243003602,0.0,0.8371293987254087,0.9997506234413965,0.9344983100891113,0.6898744702339172,0.11460238293155998,20.852750778198242,37.82249069213867,109.82036590576172,0.35287660360336304,0.34979772567749023,3.9394547939300537,0.392799973487854,-0.9002907276153564,nan,nan,nan,nan,nan,nan,nan,nan,0.15367222871836364
leak_mag_only,2026,test,0226_H_AO_COA_3D_FSI_REST,0.00024015369836695484,0.010984421334001588,0.07333040972309235,0.3546965710228459,0.516226036837489,0.9252182266215595,0.9998642609530969,0.7390280365943909,0.5745527744293213,0.11014701582926116,42.35131072998047,49.66868209838867,95.15744018554688,0.6161259412765503,0.614402711391449,3.4691216945648193,0.35777872800827026,-0.8968676328659058,nan,nan,nan,nan,nan,nan,nan,nan,0.11705300087708308
leak_mag_only,2026,val,0002_H_AO_SVD_3D_RIGID,0.0,0.0,0.0007045131109889955,0.3898071043102112,0.0,0.0,0.6195770103281623,0.8432081341743469,0.42272183299064636,0.30688591114680647,32.5195426940918,59.38050079345703,134.6425018310547,0.46386608481407166,0.464396208524704,0.5705063343048096,0.25450336933135986,-0.5538991093635559,nan,nan,nan,nan,nan,nan,nan,nan,0.060089332262473406
leak_mag_only,2026,val,0005_H_AO_SVD_3D_RIGID,0.0,0.0005645332016089196,0.004276339002187566,0.06878837061604685,0.00011290664032178392,0.008298638063651118,0.31389457342459953,0.4590695798397064,0.3000522553920746,0.2124620704255169,62.67291259765625,71.1662826538086,139.3001251220703,1.0060137510299683,1.0588159561157227,0.30377253890037537,0.25224536657333374,-0.1696241945028305,nan,nan,nan,nan,nan,nan,nan,nan,0.10889029395326781
leak_mag_only,2026,val,0234_H_AO_COA_3D_FSI_REST,0.09466700688951263,0.2632778041045456,0.43179747020012393,0.7197171290052127,0.10439981044727153,0.4205518900594175,0.9462144132978529,0.9536565542221069,0.8516721129417419,0.04343309153209638,17.511497497558594,24.519901275634766,41.48378372192383,1.1873890161514282,1.1886451244354248,0.5714100003242493,0.45539095997810364,-0.20303991436958313,nan,nan,nan,nan,nan,nan,nan,nan,0.13712002741234067
leak_mag_only,2026,val,0241_H_AO_COA_3D_FSI_REST,0.010136250058931687,0.04041927930476325,0.0957679191614414,0.41203463611648045,0.013326418682130341,0.12433800072289536,0.729291405402857,0.8243482112884521,0.7045046091079712,0.04769537818427545,34.4775276184082,40.46834945678711,77.87451934814453,0.8256043195724487,0.8086206912994385,0.8250396251678467,0.4612214267253876,-0.4409705698490143,nan,nan,nan,nan,nan,nan,nan,nan,0.1273058149439124
leak_mag_only,777,test,0007_H_AO_H_3D_RIGID,0.0034945709344411362,0.016082158075846453,0.04129299124574322,0.16670529712767665,0.0,0.0,0.297546668568474,-0.4185992479324341,-0.1340719759464264,0.6298518373241571,114.74618530273438,97.37723541259766,146.69000244140625,0.341714084148407,0.342131108045578,0.7820733189582825,0.23278102278709412,-0.7023540139198303,nan,nan,nan,nan,nan,nan,nan,nan,0.1507342191032471
leak_mag_only,777,test,0017_H_AO_COA_3D_RIGID,0.0014618965192512937,0.006852079390846554,0.03276262567377286,0.3168907344460488,0.0,0.001730957228315949,0.478093973936986,0.5930396318435669,0.4635535776615143,0.19926636113328372,53.62698745727539,57.35883712768555,112.12902069091797,0.6280649304389954,0.6236297488212585,0.49127718806266785,0.2751881182193756,-0.4398516118526459,nan,nan,nan,nan,nan,nan,nan,nan,0.14574200167894785
leak_mag_only,777,test,0020_H_AO_COA_3D_RIGID,0.005736345172943055,0.02747244228771647,0.06047968248554286,0.2819956279747601,0.0,0.029751476721291144,0.6745631850668982,0.7487314939498901,0.4692475199699402,0.22593448163594362,41.519386291503906,56.995750427246094,122.90199279785156,0.333838552236557,0.34462952613830566,1.274560570716858,0.34642940759658813,-0.7281969785690308,nan,nan,nan,nan,nan,nan,nan,nan,0.19699600625108526
leak_mag_only,777,test,0225_H_AO_COA_3D_FSI_REST,0.010085896370185646,0.06367414796342477,0.17509005264616237,0.571681906345248,0.10382377389858687,0.8654197838736493,0.9968412302576891,0.8884779214859009,0.7055230736732483,0.11047381546134663,27.317399978637695,38.30021286010742,98.90278625488281,0.5130788683891296,0.5049153566360474,3.9394547939300537,0.6020516157150269,-0.8471739292144775,nan,nan,nan,nan,nan,nan,nan,nan,0.15367222871836364
leak_mag_only,777,test,0226_H_AO_COA_3D_FSI_REST,0.03874827715825085,0.14338219939021843,0.2571732865555695,0.47095184396274486,0.6570187528714029,0.93499143799858,0.9998955853485361,0.8485193252563477,0.6970453858375549,0.08596458255022345,31.949010848999023,38.817691802978516,82.0969467163086,0.7681053280830383,0.7575674653053284,3.4691216945648193,0.4543987214565277,-0.8690162301063538,nan,nan,nan,nan,nan,nan,nan,nan,0.11705300087708308
leak_mag_only,777,val,0002_H_AO_SVD_3D_RIGID,0.00023953445773625847,0.02038860943202153,0.14938496005410662,0.6009778641980528,0.0,0.0,0.6420932493553705,0.9096240997314453,0.4109143614768982,0.3194544250468501,24.54654312133789,57.517578125,142.3590545654297,0.4043675363063812,0.4058762788772583,0.5705063343048096,0.23841355741024017,-0.5821018218994141,nan,nan,nan,nan,nan,nan,nan,nan,0.060089332262473406
leak_mag_only,777,val,0005_H_AO_SVD_3D_RIGID,0.0008891397925340484,0.0033871992096535177,0.008157504763248889,0.04232587679062875,0.0,0.0006068731917295885,0.3301954696210571,0.3783544898033142,0.30296269059181213,0.19088278879401596,67.76820373535156,71.0307846069336,107.60267639160156,0.3762666583061218,0.396477073431015,0.30377253890037537,0.24729996919631958,-0.1859041303396225,nan,nan,nan,nan,nan,nan,nan,nan,0.10889029395326781
leak_mag_only,777,val,0234_H_AO_COA_3D_FSI_REST,0.051543761163562136,0.1709073014252907,0.3355812342798819,0.702438668756607,0.0611489811540845,0.2542375970546422,0.8152772208653811,0.937228262424469,0.8362850546836853,0.042339518098640325,20.408828735351562,26.95098304748535,49.155147552490234,1.292526364326477,1.322792410850525,0.5714100003242493,0.5633665323257446,-0.014076526276767254,nan,nan,nan,nan,nan,nan,nan,nan,0.13712002741234067
leak_mag_only,777,val,0241_H_AO_COA_3D_FSI_REST,0.011912058208791036,0.0469881979476058,0.1114358901827668,0.33757641475335126,0.017082331494664718,0.12113211698332627,0.5442144799082237,0.7706232070922852,0.7015693783760071,0.03829773859475429,39.59011459350586,41.32564926147461,67.61811065673828,1.2034434080123901,1.1877671480178833,0.8250396251678467,0.7181223034858704,-0.12959052622318268,nan,nan,nan,nan,nan,nan,nan,nan,0.1273058149439124
noleak,1337,test,0007_H_AO_H_3D_RIGID,0.01965696150623139,0.0727619590992565,0.13897159769643588,0.3621249130814627,0.008549218178900636,0.08304954802360619,0.5369158628559203,0.7543565034866333,0.4227341115474701,0.25858933442687254,41.03082275390625,58.64768600463867,131.7703094482422,0.40589919686317444,0.51784747838974,0.7820733189582825,1.6018708944320679,1.0482362508773804,nan,nan,nan,nan,nan,nan,nan,nan,0.1507342191032471
noleak,1337,test,0017_H_AO_COA_3D_RIGID,0.07279885918259357,0.21068350388792725,0.3056081220459376,0.4445421035166235,0.03887030376954054,0.15227939264029275,0.4721297948860528,0.7902261018753052,0.4278426766395569,0.2770697495044799,37.79335403442383,55.87099075317383,135.80862426757812,0.7267703413963318,0.7833517789840698,0.49127718806266785,1.398728609085083,1.847127079963684,nan,nan,nan,nan,nan,nan,nan,nan,0.14574200167894785
noleak,1337,test,0020_H_AO_COA_3D_RIGID,0.03187547479884033,0.11957954140245888,0.22810499062030046,0.65687353684439,0.05384412644765198,0.21450830219686517,0.7896001612378103,0.9123977422714233,0.8130187392234802,0.03592192369110556,24.16116714477539,30.025285720825195,52.76814270019531,0.39482709765434265,0.4507317543029785,1.274560570716858,0.8679242134094238,-0.319040447473526,nan,nan,nan,nan,nan,nan,nan,nan,0.19699600625108526
noleak,1337,test,0225_H_AO_COA_3D_FSI_REST,0.01632031033527293,0.06766417290108064,0.1541147132169576,0.38686616791354944,0.025242449431975615,0.7064837905236908,0.999778331947908,0.7847526669502258,0.5295611023902893,0.18373510667775006,38.302188873291016,51.71493911743164,125.72956848144531,0.33856576681137085,0.3579099178314209,3.9394547939300537,1.4790772199630737,-0.6245477795600891,nan,nan,nan,nan,nan,nan,nan,nan,0.15367222871836364
noleak,1337,test,0226_H_AO_COA_3D_FSI_REST,0.029100363362987096,0.09652090381322308,0.23516267802698074,0.6203587687424299,0.7197301925406173,0.9700016706344234,0.9998747024182433,0.9095190763473511,0.7814162373542786,0.04587979785323477,24.561023712158203,32.42585372924805,64.45130157470703,0.877302348613739,0.8429198861122131,3.4691216945648193,0.8334632515907288,-0.7597480416297913,nan,nan,nan,nan,nan,nan,nan,nan,0.11705300087708308
noleak,1337,val,0002_H_AO_SVD_3D_RIGID,0.23751955023882995,0.5423060123148892,0.6734159022699412,0.8113032083527074,0.22186526891265446,0.4995984275267363,0.7907596060362684,0.9877284169197083,0.8342880606651306,0.059474996829691,8.985308647155762,22.092124938964844,65.76866912841797,0.7875753045082092,0.7227588295936584,0.5705063343048096,0.641444206237793,0.1243419498205185,nan,nan,nan,nan,nan,nan,nan,nan,0.060089332262473406
noleak,1337,val,0005_H_AO_SVD_3D_RIGID,0.005800578646531649,0.030795286147766564,0.09052289887799027,0.44661632912285654,0.007353044950956178,0.08818008609131324,0.5280784701150236,0.8472737669944763,0.7480987906455994,0.05772351986451203,32.0836181640625,37.13540267944336,66.27139282226562,1.2776097059249878,1.3354612588882446,0.30377253890037537,0.5904006361961365,0.9435615539550781,nan,nan,nan,nan,nan,nan,nan,nan,0.10889029395326781
noleak,1337,val,0234_H_AO_COA_3D_FSI_REST,0.03962381073889112,0.17369591368060366,0.30893449495133596,0.7098202894324354,0.024058615536033244,0.14909051142784238,0.9025079284073926,0.9321264028549194,0.8325833082199097,0.043414865308205444,21.23124885559082,27.382604598999023,45.96390914916992,1.3113138675689697,1.329087257385254,0.5714100003242493,0.6048305034637451,0.05848778039216995,nan,nan,nan,nan,nan,nan,nan,nan,0.13712002741234067
noleak,1337,val,0241_H_AO_COA_3D_FSI_REST,0.010686279131896972,0.03759055835808464,0.0790784655760376,0.3682837521411846,0.014253610547986108,0.09957097732308708,0.651815881696604,0.7951794266700745,0.7023370862007141,0.037480552543491585,37.327789306640625,41.33820343017578,72.27449035644531,1.0919628143310547,1.0665411949157715,0.8250396251678467,0.713563859462738,-0.13511565327644348,nan,nan,nan,nan,nan,nan,nan,nan,0.1273058149439124
noleak,2026,test,0007_H_AO_H_3D_RIGID,0.03234261058712357,0.08875496995738763,0.15563321268743202,0.4271399789612566,0.024729438194233958,0.07331467184909159,0.5890491557758483,0.8301497101783752,0.5578300952911377,0.15649794069927078,33.88587951660156,49.292091369628906,110.4600830078125,0.3221202790737152,0.40421155095100403,0.7820733189582825,1.367214322090149,0.7481920123100281,nan,nan,nan,nan,nan,nan,nan,nan,0.1507342191032471
noleak,2026,test,0017_H_AO_COA_3D_RIGID,0.12757065085785524,0.25847765450811216,0.3209983946044359,0.4009094251966385,0.07952537690920995,0.1763154826500686,0.44015641395886956,0.620959997177124,0.36121371388435364,0.3092942537601234,51.61372756958008,60.1063346862793,136.84658813476562,0.5544034838676453,0.6233399510383606,0.49127718806266785,0.9650542140007019,0.9643782377243042,nan,nan,nan,nan,nan,nan,nan,nan,0.14574200167894785
noleak,2026,test,0020_H_AO_COA_3D_RIGID,0.02682128959240942,0.10837041286181609,0.23368629943721803,0.6601603075921304,0.03513123827537558,0.2081053006930125,0.751538735833553,0.9109245538711548,0.8226778507232666,0.02541045875257748,24.366567611694336,29.501541137695312,53.54172134399414,0.3323621451854706,0.3924960792064667,1.274560570716858,0.8695403337478638,-0.31777244806289673,nan,nan,nan,nan,nan,nan,nan,nan,0.19699600625108526
noleak,2026,test,0225_H_AO_COA_3D_FSI_REST,0.0313937378775284,0.12704350235522305,0.20518149071765032,0.384178442781934,0.05317262399556664,0.6848711554447215,0.9991964533111666,0.7490817308425903,0.48889100551605225,0.19914103629814353,41.489097595214844,54.778926849365234,143.2377166748047,0.35213473439216614,0.38545745611190796,3.9394547939300537,1.558499813079834,-0.6043869256973267,nan,nan,nan,nan,nan,nan,nan,nan,0.15367222871836364
noleak,2026,test,0226_H_AO_COA_3D_FSI_REST,0.031136449066533015,0.1619158000250595,0.3468550306979075,0.7678966712609113,0.8165852232385248,0.9818318506452826,0.9998747024182433,0.947284460067749,0.8599666357040405,0.023096520903813225,18.686737060546875,24.87967872619629,49.41963195800781,0.969690203666687,0.9344903826713562,3.4691216945648193,1.2336307764053345,-0.6443967819213867,nan,nan,nan,nan,nan,nan,nan,nan,0.11705300087708308
noleak,2026,val,0002_H_AO_SVD_3D_RIGID,0.3394485071367178,0.6126023305293712,0.6756985247495456,0.7818404700511477,0.27901537247608177,0.4991757196601429,0.8693691789604204,0.9928684830665588,0.8826237320899963,0.024460695213537925,6.846790313720703,18.40199851989746,49.896568298339844,0.7561497092247009,0.7592915296554565,0.5705063343048096,0.7796058058738708,0.3665156066417694,nan,nan,nan,nan,nan,nan,nan,nan,0.060089332262473406
noleak,2026,val,0005_H_AO_SVD_3D_RIGID,0.0064921318185025756,0.035932538282407736,0.11764871921529885,0.5535812574977066,0.00547597205560652,0.09409357137816668,0.7262296238797544,0.8820255994796753,0.7982508540153503,0.02289182132524169,28.112316131591797,32.78379821777344,62.622947692871094,0.8834041357040405,1.0035816431045532,0.30377253890037537,0.6137956976890564,1.0205765962600708,nan,nan,nan,nan,nan,nan,nan,nan,0.10889029395326781
noleak,2026,val,0234_H_AO_COA_3D_FSI_REST,0.02646447708963657,0.14610141070972915,0.31210585790835854,0.7083257390733788,0.021907921116903,0.12648999380308387,0.887963401742427,0.9342538118362427,0.8340030908584595,0.042248386979185655,20.892078399658203,27.43184471130371,48.27539825439453,1.3003511428833008,1.3293880224227905,0.5714100003242493,0.6116896271705627,0.07049163430929184,nan,nan,nan,nan,nan,nan,nan,nan,0.13712002741234067
noleak,2026,val,0241_H_AO_COA_3D_FSI_REST,0.008171860512627097,0.03314318042525105,0.07928276208885326,0.32314993792529034,0.008721889585592382,0.0952178900884761,0.6072006663209341,0.765743613243103,0.69496750831604,0.029371552496346237,40.02680587768555,42.219154357910156,69.94499969482422,1.1226184368133545,1.0988175868988037,0.8250396251678467,0.716905951499939,-0.13106481730937958,nan,nan,nan,nan,nan,nan,nan,nan,0.1273058149439124
noleak,777,test,0007_H_AO_H_3D_RIGID,0.03243175780483891,0.08840729580829783,0.15023089129388273,0.3332501292634657,0.012587587141405317,0.10284023035641057,0.4466364754756004,0.2571983337402344,0.23924602568149567,0.41799347442366325,75.09611511230469,70.14691162109375,133.455810546875,0.47328388690948486,0.5545532703399658,0.7820733189582825,1.7587581872940063,1.248840570449829,nan,nan,nan,nan,nan,nan,nan,nan,0.1507342191032471
noleak,777,test,0017_H_AO_COA_3D_RIGID,0.17867424819953542,0.33863083973847297,0.42115175920860276,0.5323904250262335,0.09381250056054315,0.24757172710069147,0.5984179230306998,0.9039966464042664,0.6022116541862488,0.16549027345536732,25.311513900756836,42.330013275146484,107.14972686767578,0.6809213757514954,0.7390280961990356,0.49127718806266785,1.277104377746582,1.5995596647262573,nan,nan,nan,nan,nan,nan,nan,nan,0.14574200167894785
noleak,777,test,0020_H_AO_COA_3D_RIGID,0.014511402923985674,0.10530069301251144,0.24760856420830685,0.679756902993752,0.05945644253577464,0.25675570921381063,0.7844684578533666,0.9220690131187439,0.7966125011444092,0.04316212151749585,22.769540786743164,31.03081512451172,59.333438873291016,0.4257545471191406,0.4640468955039978,1.274560570716858,0.8334875702857971,-0.3460588753223419,nan,nan,nan,nan,nan,nan,nan,nan,0.19699600625108526
noleak,777,test,0225_H_AO_COA_3D_FSI_REST,0.009448600720421169,0.05558326406206705,0.13599334995843723,0.36381269049598225,0.01825990579107786,0.6192019950124689,0.999722914934885,0.7441020011901855,0.4505123496055603,0.21806594624549736,41.91796875,57.887691497802734,145.33355712890625,0.3099796772003174,0.34528571367263794,3.9394547939300537,1.4463621377944946,-0.6328521966934204,nan,nan,nan,nan,nan,nan,nan,nan,0.15367222871836364
noleak,777,test,0226_H_AO_COA_3D_FSI_REST,0.04040847011652675,0.13682495927828592,0.30404502359771124,0.7036816606106169,0.7494257194169486,0.9798792966629077,0.9998747024182433,0.9368107318878174,0.8213401436805725,0.030541285553188822,20.477319717407227,28.409191131591797,59.29682540893555,0.8362287878990173,0.8124685883522034,3.4691216945648193,1.0832948684692383,-0.6877322196960449,nan,nan,nan,nan,nan,nan,nan,nan,0.11705300087708308
noleak,777,val,0002_H_AO_SVD_3D_RIGID,0.3213988812331797,0.6380634343605135,0.7201814825773908,0.7953389412576968,0.31183159318594916,0.577334404193262,0.7442053796621155,0.9923844337463379,0.8134447932243347,0.07870820475969058,7.075623035430908,22.428438186645508,78.55394744873047,0.833153247833252,0.7202532291412354,0.5705063343048096,0.6865088939666748,0.20333264768123627,nan,nan,nan,nan,nan,nan,nan,nan,0.060089332262473406
noleak,777,val,0005_H_AO_SVD_3D_RIGID,0.028565380001411334,0.09980947004445699,0.2097664243878343,0.6103732975795639,0.02368216780749418,0.12514289746665727,0.5346129419236468,0.8988322615623474,0.7463797330856323,0.09580128431303365,25.99500274658203,34.60301971435547,85.75116729736328,1.3532284498214722,1.3736623525619507,0.30377253890037537,0.6419450640678406,1.1132426261901855,nan,nan,nan,nan,nan,nan,nan,nan,0.10889029395326781
noleak,777,val,0234_H_AO_COA_3D_FSI_REST,0.06027412240731965,0.2053184121313746,0.35854627638245906,0.7018554295920971,0.04204789851638537,0.2733751321401232,0.9384135894725331,0.9411197900772095,0.8313710689544678,0.04148288557576641,19.759532928466797,27.03440284729004,50.567909240722656,1.1697148084640503,1.1893582344055176,0.5714100003242493,0.5656154751777649,-0.01014074869453907,nan,nan,nan,nan,nan,nan,nan,nan,0.13712002741234067
noleak,777,val,0241_H_AO_COA_3D_FSI_REST,0.008706174469221945,0.03744912231075071,0.08571024468436189,0.3629248974588657,0.017773796614963935,0.1303883205255135,0.6615435387299043,0.7923402786254883,0.7019069194793701,0.03964923860261185,37.595245361328125,41.3012809753418,71.66419219970703,1.033366084098816,1.008271336555481,0.8250396251678467,0.6871193647384644,-0.1671680510044098,nan,nan,nan,nan,nan,nan,nan,nan,0.1273058149439124
noleak_centerline,1337,test,0007_H_AO_H_3D_RIGID,0.02105657282436215,0.06250111434022144,0.12680300247829265,0.3294167989017063,0.0009182163424679516,0.04132865013282935,0.5910638828962148,0.7068394422531128,0.46345189213752747,0.20669673899477597,45.02165603637695,56.941219329833984,134.48728942871094,0.4478934705257416,0.4933037757873535,0.7820733189582825,2.5073792934417725,2.206066846847534,nan,nan,nan,nan,nan,nan,nan,nan,0.1507342191032471
noleak_centerline,1337,test,0017_H_AO_COA_3D_RIGID,0.04373133391330864,0.1400819738293617,0.2337599440353725,0.4235015560677674,0.04100485206145347,0.16517636929479187,0.5200046637189571,0.7889305353164673,0.5496125221252441,0.1600283410613548,37.9143180847168,49.10936737060547,114.15080261230469,0.7504289150238037,0.765026330947876,0.49127718806266785,1.1454930305480957,1.3316633701324463,nan,nan,nan,nan,nan,nan,nan,nan,0.14574200167894785
noleak_centerline,1337,test,0020_H_AO_COA_3D_RIGID,0.02075936807181284,0.09252569727601122,0.22384149082959953,0.5037906389048232,0.026805785956806872,0.25554642563681185,0.6618812111440133,0.8688972592353821,0.656486451625824,0.11159516906714624,29.669254302978516,41.608646392822266,93.8102798461914,0.5276839733123779,0.6246283054351807,1.274560570716858,2.192652463912964,0.7203203439712524,nan,nan,nan,nan,nan,nan,nan,nan,0.19699600625108526
noleak_centerline,1337,test,0225_H_AO_COA_3D_FSI_REST,0.012108617345525076,0.08082571349404268,0.20928234968135218,0.5460792463286229,0.16248268218343032,0.6768633970628983,0.9951233028539762,0.8962180614471436,0.5548665523529053,0.1918814075921308,26.33468246459961,48.36404800415039,133.9868621826172,0.41516178846359253,0.5665605664253235,3.9394547939300537,2.8150274753570557,-0.28542715311050415,nan,nan,nan,nan,nan,nan,nan,nan,0.15367222871836364
noleak_centerline,1337,test,0226_H_AO_COA_3D_FSI_REST,0.029131687758426263,0.14561667293154576,0.3659733533809464,0.8454871987637306,0.681827674059224,0.9354195380695819,0.9916363864177421,0.9516394138336182,0.890678346157074,0.01775049074886188,17.89160919189453,22.182764053344727,36.586578369140625,0.6540464162826538,0.9085497856140137,3.4691216945648193,2.672011137008667,-0.22977301478385925,nan,nan,nan,nan,nan,nan,nan,nan,0.11705300087708308
noleak_centerline,1337,val,0002_H_AO_SVD_3D_RIGID,0.21520057488269856,0.4974567076693297,0.6685829423285568,0.7786138000028181,0.12044356145467867,0.31397331304335574,0.8690732834538051,0.9846355319023132,0.8706924319267273,0.032759859660988294,10.056665420532227,20.197654724121094,47.51291275024414,1.0505739450454712,1.0147167444229126,0.5705063343048096,2.5185389518737793,3.4145679473876953,nan,nan,nan,nan,nan,nan,nan,nan,0.060089332262473406
noleak_centerline,1337,val,0005_H_AO_SVD_3D_RIGID,0.053023780961117775,0.18681814974243172,0.3330322489591419,0.6379225178180792,0.03476113188906923,0.18180791757815257,0.720626631853786,0.926866352558136,0.8097619414329529,0.03519864512031614,22.04850959777832,29.304744720458984,61.92121505737305,1.1384605169296265,1.3220990896224976,0.30377253890037537,1.3463727235794067,3.432173728942871,nan,nan,nan,nan,nan,nan,nan,nan,0.10889029395326781
noleak_centerline,1337,val,0234_H_AO_COA_3D_FSI_REST,0.013432727007618562,0.07283199066817336,0.1551598439835235,0.443972587759268,0.01795283053257026,0.1010826376991215,0.3770458936317574,0.8331804275512695,0.4139682352542877,0.2738490139612875,33.57315444946289,59.13701629638672,147.9190673828125,0.9760738611221313,1.5583666563034058,0.5714100003242493,2.4582419395446777,3.302063226699829,nan,nan,nan,nan,nan,nan,nan,nan,0.13712002741234067
noleak_centerline,1337,val,0241_H_AO_COA_3D_FSI_REST,0.006836075621139974,0.036490500212154074,0.09022048308267723,0.29140540285700817,0.007904703534329672,0.05949743057847343,0.4556597991608128,0.6678009629249573,0.3783957064151764,0.3003158738390458,48.1024284362793,62.48091506958008,124.14177703857422,0.5515367388725281,0.6605753302574158,0.8250396251678467,1.8463643789291382,1.2379099130630493,nan,nan,nan,nan,nan,nan,nan,nan,0.1273058149439124
noleak_centerline,2026,test,0007_H_AO_H_3D_RIGID,0.0117585180166527,0.05526236026173623,0.11321696649847558,0.3044912368284986,0.007550769340488883,0.05056430188813807,0.4845418724481609,0.4698137044906616,0.3798782229423523,0.2708916504715888,61.97779846191406,61.85484313964844,117.9619140625,0.33907070755958557,0.3965991735458374,0.7820733189582825,1.2766073942184448,0.632337212562561,nan,nan,nan,nan,nan,nan,nan,nan,0.1507342191032471
noleak_centerline,2026,test,0017_H_AO_COA_3D_RIGID,0.007461950331393107,0.06847595045695477,0.16130189508426085,0.2938322316792079,0.001228710571395259,0.05265518076395304,0.39496318352630966,0.5931394100189209,0.4533213675022125,0.224019946367232,53.61988830566406,57.02625274658203,106.38832092285156,0.3688710629940033,0.4748397469520569,0.49127718806266785,0.6766138672828674,0.37725481390953064,nan,nan,nan,nan,nan,nan,nan,nan,0.14574200167894785
noleak_centerline,2026,test,0020_H_AO_COA_3D_RIGID,0.016852451899970543,0.09215361002155005,0.20591928807305312,0.45186896327188725,0.01792220275654641,0.1592688485449838,0.6917412133145222,0.8177364468574524,0.6079095602035522,0.11925396505480536,35.14115905761719,45.3510627746582,95.15863800048828,0.40517306327819824,0.441026896238327,1.274560570716858,1.0409997701644897,-0.1832481026649475,nan,nan,nan,nan,nan,nan,nan,nan,0.19699600625108526
noleak_centerline,2026,test,0225_H_AO_COA_3D_FSI_REST,0.0006095871432529787,0.0172069825436409,0.08403990024937656,0.3712662787475755,0.14092546411748408,0.6823219728456636,0.998614574674425,0.8163819313049316,0.6860963702201843,0.07567193128290385,35.27576446533203,42.11473846435547,73.2342300415039,0.21779416501522064,0.4548926055431366,3.9394547939300537,1.3139573335647583,-0.6664621233940125,nan,nan,nan,nan,nan,nan,nan,nan,0.15367222871836364
noleak_centerline,2026,test,0226_H_AO_COA_3D_FSI_REST,0.002944493171281794,0.021331913294073423,0.06988472622478387,0.4728521906193877,0.42425761182809174,0.9350540867894583,0.9998851438833897,0.8532798290252686,0.7622631192207336,0.01946289103286973,31.429780960083008,36.638397216796875,60.41737747192383,0.7802382707595825,0.9376930594444275,3.4691216945648193,1.272727608680725,-0.6331267952919006,nan,nan,nan,nan,nan,nan,nan,nan,0.11705300087708308
noleak_centerline,2026,val,0002_H_AO_SVD_3D_RIGID,0.17786138000028182,0.4141832579504305,0.5539868396950868,0.7778247453185104,0.20609826548872073,0.46293556523086893,0.8718208845866622,0.974817156791687,0.8746213316917419,0.02996998774147187,12.885629653930664,21.111650466918945,49.48418045043945,0.9500480890274048,0.9214403033256531,0.5705063343048096,1.3441290855407715,1.3560283184051514,nan,nan,nan,nan,nan,nan,nan,nan,0.060089332262473406
noleak_centerline,2026,val,0005_H_AO_SVD_3D_RIGID,0.013689930139016301,0.06977630371886247,0.16612800790346482,0.32284242467010094,0.015623456354526851,0.07478653588314163,0.41654082280714133,0.6467406153678894,0.4478822648525238,0.25711664667278245,49.70368957519531,56.861244201660156,111.57898712158203,0.7671967148780823,0.9485165476799011,0.30377253890037537,1.028181552886963,2.3847086429595947,nan,nan,nan,nan,nan,nan,nan,nan,0.10889029395326781
noleak_centerline,2026,val,0234_H_AO_COA_3D_FSI_REST,0.036215506871286406,0.11207305070535487,0.23495425217803376,0.6875113913899318,0.0069259650785550245,0.18014799693799438,0.5614588269602304,0.9227960109710693,0.86899334192276,0.0115918783946342,22.661670684814453,25.870574951171875,44.82484436035156,1.036604404449463,1.6794325113296509,0.5714100003242493,1.448072910308838,1.534209966659546,nan,nan,nan,nan,nan,nan,nan,nan,0.13712002741234067
noleak_centerline,2026,val,0241_H_AO_COA_3D_FSI_REST,0.008549023305517578,0.03609762230289315,0.07643832602580422,0.20509798375056967,0.00037716279289048136,0.03433752926940424,0.4706834504109503,0.4554840326309204,0.3347892463207245,0.31276224600443164,62.90391540527344,65.91629791259766,116.47724151611328,0.37608397006988525,0.4804215133190155,0.8250396251678467,1.2058213949203491,0.46153149008750916,nan,nan,nan,nan,nan,nan,nan,nan,0.1273058149439124
noleak_centerline,777,test,0007_H_AO_H_3D_RIGID,0.01666161499099613,0.050029418581846063,0.1043646477793428,0.369247775776918,0.005108135575088701,0.05613600299534652,0.5796441243068804,0.7380273938179016,0.4901111125946045,0.18327776490095743,42.43634796142578,54.885597229003906,121.99418640136719,0.3719055652618408,0.4474358856678009,0.7820733189582825,2.745985269546509,2.5111610889434814,nan,nan,nan,nan,nan,nan,nan,nan,0.1507342191032471
noleak_centerline,777,test,0017_H_AO_COA_3D_RIGID,0.029587709306809925,0.11761540462246298,0.19989416945443456,0.4319859370936062,0.02216163373662544,0.14083534381474272,0.5624355375384532,0.8163999319076538,0.6189844608306885,0.11040457761953022,35.27397918701172,44.850379943847656,93.9886245727539,0.6737233996391296,0.7156243920326233,0.49127718806266785,1.4240586757659912,1.8986866474151611,nan,nan,nan,nan,nan,nan,nan,nan,0.14574200167894785
noleak_centerline,777,test,0020_H_AO_COA_3D_RIGID,0.0244957442520271,0.10661850203872808,0.22168648548084527,0.4492178415838514,0.023627540658284367,0.2679338304832483,0.6174322878715058,0.8069088459014893,0.546112596988678,0.17049348072122913,36.204994201660156,49.316184997558594,107.98018646240234,0.5014848113059998,0.5959197878837585,1.274560570716858,2.3093044757843018,0.8118436336517334,nan,nan,nan,nan,nan,nan,nan,nan,0.19699600625108526
noleak_centerline,777,test,0225_H_AO_COA_3D_FSI_REST,0.024826821834303132,0.09891936824605153,0.23901357716819063,0.6403990024937656,0.1026600166251039,0.7788584095317262,0.9958437240232751,0.9179826974868774,0.6661205291748047,0.14181213632585205,23.367076873779297,40.04172897338867,112.55424499511719,0.3365703821182251,0.40064162015914917,3.9394547939300537,2.962339401245117,-0.24803315103054047,nan,nan,nan,nan,nan,nan,nan,nan,0.15367222871836364
noleak_centerline,777,test,0226_H_AO_COA_3D_FSI_REST,0.028630497431399574,0.15581798437956815,0.33850185858079607,0.7439021843545086,0.7036712191454705,0.9767050912584054,0.9998642609530969,0.9403194785118103,0.8519808053970337,0.04042935304681953,19.894718170166016,25.70016860961914,45.44746017456055,0.6694547533988953,0.7552432417869568,3.4691216945648193,1.4900681972503662,-0.5704768300056458,nan,nan,nan,nan,nan,nan,nan,nan,0.11705300087708308
noleak_centerline,777,val,0002_H_AO_SVD_3D_RIGID,0.21293204266531401,0.5032900762283186,0.61587127136436,0.6904510292936552,0.11587831649546998,0.40423553282326585,0.894872553578222,0.985062837600708,0.8672741055488586,0.02653196375984557,9.91547966003418,21.479887008666992,46.15779113769531,1.0818367004394531,1.064494013786316,0.5705063343048096,2.426514148712158,3.2532641887664795,nan,nan,nan,nan,nan,nan,nan,nan,0.060089332262473406
noleak_centerline,777,val,0005_H_AO_SVD_3D_RIGID,0.05628396020040929,0.21778279585068097,0.3757109590007762,0.6727683296873898,0.04578364265048338,0.22304706795568413,0.6483099287276833,0.9418551325798035,0.8303256034851074,0.02299061463552325,19.63452911376953,27.30742645263672,58.457557678222656,1.2538186311721802,1.4926308393478394,0.30377253890037537,1.300907850265503,3.282506227493286,nan,nan,nan,nan,nan,nan,nan,nan,0.10889029395326781
noleak_centerline,777,val,0234_H_AO_COA_3D_FSI_REST,0.01968432180220902,0.07106404695075275,0.14737724638209457,0.48129989428790143,0.013049976305908942,0.10729778004593009,0.6285131046549776,0.8596420288085938,0.7807424664497375,0.02340247147595961,30.723590850830078,34.40420150756836,58.711585998535156,0.9283175468444824,1.475767970085144,0.5714100003242493,2.98998761177063,4.2326483726501465,nan,nan,nan,nan,nan,nan,nan,nan,0.13712002741234067
noleak_centerline,777,val,0241_H_AO_COA_3D_FSI_REST,0.00853330818914714,0.03652193044489494,0.08968616912608238,0.305360426193956,0.007087517483066962,0.056480128235349585,0.49648767149120737,0.7037254571914673,0.4478885233402252,0.26153096663680797,45.27333450317383,57.70441436767578,111.9245834350586,0.513180673122406,0.5300920605659485,0.8250396251678467,1.4819005727767944,0.7961568236351013,nan,nan,nan,nan,nan,nan,nan,nan,0.1273058149439124
sage_withleak,1337,test,0007_H_AO_H_3D_RIGID,0.6306809064489097,0.9766790878456684,1.0,1.0,0.2838269117620839,0.7011072084440244,0.9947403141547952,0.9977484941482544,0.9961753487586975,0.0,3.8454999923706055,4.327781677246094,8.181461334228516,0.7370806336402893,0.7424460053443909,0.7820733189582825,0.4262339770793915,-0.4549948573112488,nan,nan,nan,nan,nan,nan,nan,nan,0.1507342191032471
sage_withleak,1337,test,0017_H_AO_COA_3D_RIGID,0.761872303787478,0.9970134261293824,0.9999910313096978,1.0,0.6711270953102718,0.9307886169382685,0.9999372191678849,0.9984706044197083,0.9973122477531433,0.0,3.1692237854003906,3.6010115146636963,6.583746433258057,0.9643544554710388,0.9611439108848572,0.49127718806266785,0.35793671011924744,-0.27141597867012024,nan,nan,nan,nan,nan,nan,nan,nan,0.14574200167894785
sage_withleak,1337,test,0020_H_AO_COA_3D_RIGID,0.6481604936357576,0.9970233019643107,1.0,1.0,0.3721647726391839,0.8151191454396056,0.9939380784794034,0.9975846409797668,0.9962798357009888,0.0,3.9830515384674072,4.4833526611328125,7.7932915687561035,0.9791812300682068,0.9939031004905701,1.274560570716858,0.8216819763183594,-0.35532134771347046,nan,nan,nan,nan,nan,nan,nan,nan,0.19699600625108526
sage_withleak,1337,test,0225_H_AO_COA_3D_FSI_REST,0.3346633416458853,0.9927680798004987,0.99944582986977,0.9999722914934885,0.8687725131615406,0.9737877528401219,0.999833748960931,0.9946306943893433,0.9947282671928406,0.0,5.9400482177734375,5.52091646194458,7.723977088928223,0.7078883647918701,0.6778274774551392,3.9394547939300537,0.7008122801780701,-0.8221042156219482,nan,nan,nan,nan,nan,nan,nan,nan,0.15367222871836364
sage_withleak,1337,test,0226_H_AO_COA_3D_FSI_REST,0.9238190702919433,0.9940379234014117,0.9992586559746064,0.9998642609530969,0.9945599966587312,0.9993108633003384,0.9999164682788289,0.9995331764221191,0.9987170100212097,0.0,1.7507213354110718,2.2250585556030273,4.38173246383667,0.8140643835067749,0.8043380379676819,3.4691216945648193,0.47803211212158203,-0.8622037172317505,nan,nan,nan,nan,nan,nan,nan,nan,0.11705300087708308
sage_withleak,1337,val,0002_H_AO_SVD_3D_RIGID,0.9186710064674304,0.975863380817517,0.9895872962195826,1.0,0.5954122106212396,0.8424708683828606,0.9997041044933846,0.9993123412132263,0.9980971813201904,0.0,2.1249516010284424,2.6043643951416016,4.6521897315979,0.8829925656318665,0.8522860407829285,0.5705063343048096,0.342130571603775,-0.4003036320209503,nan,nan,nan,nan,nan,nan,nan,nan,0.060089332262473406
sage_withleak,1337,val,0005_H_AO_SVD_3D_RIGID,0.8311904593888928,0.9746524592477596,0.9983628537153342,1.0,0.09025474560722603,0.2377531578575965,0.9151929997883,0.9992026686668396,0.9976622462272644,0.0,2.2881572246551514,3.083867311477661,6.3147478103637695,1.530918836593628,1.591032862663269,0.30377253890037537,0.35312172770500183,0.16245441138744354,nan,nan,nan,nan,nan,nan,nan,nan,0.10889029395326781
sage_withleak,1337,val,0234_H_AO_COA_3D_FSI_REST,0.8924288265957059,0.9945139066088288,0.9993438559399264,1.0,0.6047461087011993,0.9520832573907337,1.0,0.9993759393692017,0.9984749555587769,0.0,2.024293899536133,2.509329080581665,5.152994632720947,1.0413227081298828,1.0307090282440186,0.5714100003242493,0.3824765086174011,-0.3306443691253662,nan,nan,nan,nan,nan,nan,nan,nan,0.13712002741234067
sage_withleak,1337,val,0241_H_AO_COA_3D_FSI_REST,0.553580689265004,0.9498059183128251,0.9970455581223578,1.0,0.5733031603099021,0.7646347021199692,0.9999685697672591,0.9966967105865479,0.9952913522720337,0.0,4.658332824707031,4.820816993713379,8.232633590698242,0.8890394568443298,0.8686972856521606,0.8250396251678467,0.4863678216934204,-0.41049155592918396,nan,nan,nan,nan,nan,nan,nan,nan,0.1273058149439124
sage_withleak,2026,test,0007_H_AO_H_3D_RIGID,0.6062991424037656,0.9431419045411593,0.9998930233387416,1.0,0.2323265640879348,0.5365860181503735,0.9854244299035427,0.9973556995391846,0.9951812624931335,0.0,4.1676025390625,4.833169937133789,9.17933464050293,0.6562383770942688,0.6939623951911926,0.7820733189582825,0.44133448600769043,-0.43568655848503113,nan,nan,nan,nan,nan,nan,nan,nan,0.1507342191032471
sage_withleak,2026,test,0017_H_AO_COA_3D_RIGID,0.8436667593431332,0.9811029695333591,0.999479815962475,1.0,0.5771172835630812,0.9255598704921121,0.9999730939290935,0.9986302852630615,0.9976541996002197,0.0,2.999178171157837,3.5283730030059814,5.858478546142578,0.9841662049293518,0.9865797758102417,0.49127718806266785,0.39039283990859985,-0.20535117387771606,nan,nan,nan,nan,nan,nan,nan,nan,0.14574200167894785
sage_withleak,2026,test,0020_H_AO_COA_3D_RIGID,0.6887335080076278,0.9369777212756392,0.999519387296321,1.0,0.336940512550193,0.7682206477418955,0.987457558797538,0.9984045028686523,0.9959877133369446,0.0,3.2370052337646484,4.131612300872803,8.956005096435547,0.9037933945655823,0.9514420032501221,1.274560570716858,0.7388437390327454,-0.4203149378299713,nan,nan,nan,nan,nan,nan,nan,nan,0.19699600625108526
sage_withleak,2026,test,0225_H_AO_COA_3D_FSI_REST,0.8964256026600166,0.9891105569409809,0.9994735383762815,0.9998614574674425,0.8625935162094763,0.9681075090052647,0.999833748960931,0.9984633326530457,0.9977484941482544,0.0,3.176750898361206,3.421762466430664,5.061251163482666,0.7166506052017212,0.6788274049758911,3.9394547939300537,0.688682496547699,-0.8251832723617554,nan,nan,nan,nan,nan,nan,nan,nan,0.15367222871836364
sage_withleak,2026,test,0226_H_AO_COA_3D_FSI_REST,0.9683623606064403,0.9961888652215679,0.998684375391555,0.9997494048364867,0.9915215303011319,0.9992168901140208,0.9998955853485361,0.9991903305053711,0.998751163482666,0.0,2.305795431137085,2.4465458393096924,3.5940444469451904,0.829526424407959,0.8148198127746582,3.4691216945648193,0.47077420353889465,-0.8642958402633667,nan,nan,nan,nan,nan,nan,nan,nan,0.11705300087708308
sage_withleak,2026,val,0002_H_AO_SVD_3D_RIGID,0.7595637654816756,0.9990559524312748,0.9999577292133407,1.0,0.6310887545617224,0.7467698073861154,0.9995350213467472,0.999651312828064,0.9981871843338013,0.0,1.5131020545959473,2.6637632846832275,5.927776336669922,0.917216420173645,0.856643795967102,0.5705063343048096,0.3725862205028534,-0.34692010283470154,nan,nan,nan,nan,nan,nan,nan,nan,0.060089332262473406
sage_withleak,2026,val,0005_H_AO_SVD_3D_RIGID,0.828353680050808,0.9632065485851387,0.9991532001975866,1.0,0.009695857737633195,0.09964011008397432,0.8199703620069155,0.9980462193489075,0.9968882203102112,0.0,3.582170248031616,3.873387575149536,6.5784783363342285,1.6515555381774902,1.7045142650604248,0.30377253890037537,0.36235421895980835,0.19284719228744507,nan,nan,nan,nan,nan,nan,nan,nan,0.10889029395326781
sage_withleak,2026,val,0234_H_AO_COA_3D_FSI_REST,0.9599387598877265,0.9971567090730142,0.9995625706266176,0.9999817737761091,0.5017497174935297,0.9424598111763205,1.0,0.9990124702453613,0.9986183643341064,0.0,2.546489715576172,2.6299338340759277,4.251509189605713,1.086707592010498,1.0665353536605835,0.5714100003242493,0.3847525119781494,-0.32666122913360596,nan,nan,nan,nan,nan,nan,nan,nan,0.13712002741234067
sage_withleak,2026,val,0241_H_AO_COA_3D_FSI_REST,0.9002718715132085,0.9991513837159964,1.0,1.0,0.6167868873069005,0.7840743010701994,1.0,0.9991170763969421,0.9984686374664307,0.0,2.4078595638275146,2.7733359336853027,4.996676921844482,0.9140779376029968,0.8912939429283142,0.8250396251678467,0.4843730926513672,-0.41290929913520813,nan,nan,nan,nan,nan,nan,nan,nan,0.1273058149439124
sage_withleak,777,test,0007_H_AO_H_3D_RIGID,0.7819459054682903,0.9951147324691997,0.9995810080767379,1.0,0.40227681994044967,0.7800114108438676,0.998395350081124,0.9985427856445312,0.9973411560058594,0.0,3.093545436859131,3.66599702835083,6.922056674957275,0.7889679670333862,0.797436535358429,0.7820733189582825,0.5948577523231506,-0.23938365280628204,nan,nan,nan,nan,nan,nan,nan,nan,0.1507342191032471
sage_withleak,777,test,0017_H_AO_COA_3D_RIGID,0.8940438927703388,0.9892375716374138,0.9995515654848922,1.0,0.5638436219158917,0.9275957631907013,1.0,0.9989986419677734,0.9979080557823181,0.0,2.564298391342163,3.196401596069336,5.1655988693237305,1.0270286798477173,1.01517653465271,0.49127718806266785,0.4905378818511963,-0.0015048657078295946,nan,nan,nan,nan,nan,nan,nan,nan,0.14574200167894785
sage_withleak,777,test,0020_H_AO_COA_3D_RIGID,0.8833041348196152,0.992372211283546,0.999550394567526,1.0,0.29402644920233795,0.6868575680997194,0.9938295530301856,0.9989499449729919,0.9980100393295288,0.0,2.6259210109710693,3.0991690158843994,5.365310192108154,1.0548866987228394,1.098176121711731,1.274560570716858,1.5021233558654785,0.1785421520471573,nan,nan,nan,nan,nan,nan,nan,nan,0.19699600625108526
sage_withleak,777,test,0225_H_AO_COA_3D_FSI_REST,0.9037129398725409,0.997339983374896,0.999722914934885,0.999944582986977,0.9197561651426988,0.9822388473261291,0.999833748960931,0.9996390342712402,0.9987611174583435,0.0,1.5395140647888184,2.0974326133728027,4.794819355010986,0.8878467679023743,0.8667720556259155,3.9394547939300537,0.9666839838027954,-0.7546147704124451,nan,nan,nan,nan,nan,nan,nan,nan,0.15367222871836364
sage_withleak,777,test,0226_H_AO_COA_3D_FSI_REST,0.9642901891993485,0.9958651798020298,0.9994048364866558,0.9999164682788289,0.9958651798020298,0.9994674852775342,0.9999269097439752,0.9993323683738708,0.9988679885864258,0.0,2.093775987625122,2.3261613845825195,3.5148491859436035,0.9360389709472656,0.9283027648925781,3.4691216945648193,0.5568289160728455,-0.8394899368286133,nan,nan,nan,nan,nan,nan,nan,nan,0.11705300087708308
sage_withleak,777,val,0002_H_AO_SVD_3D_RIGID,0.878485578616618,0.9845007115582421,1.0,1.0,0.7682856377957193,0.9413140578546166,0.999929548688901,0.9986833930015564,0.9978532195091248,0.0,2.9404468536376953,3.385779619216919,5.177216053009033,0.9488783478736877,0.9326232075691223,0.5705063343048096,0.37232527136802673,-0.3473775088787079,nan,nan,nan,nan,nan,nan,nan,nan,0.060089332262473406
sage_withleak,777,val,0005_H_AO_SVD_3D_RIGID,0.9716322066191518,0.9993790134782302,1.0,1.0,0.024952367511114248,0.11764871921529885,0.8470820690141839,0.9994766116142273,0.9990691542625427,0.0,1.853824496269226,2.1076436042785645,3.748187303543091,1.633095145225525,1.694960594177246,0.30377253890037537,0.4112887680530548,0.35393664240837097,nan,nan,nan,nan,nan,nan,nan,nan,0.10889029395326781
sage_withleak,777,val,0234_H_AO_COA_3D_FSI_REST,0.889075201399774,0.9981409251631247,0.9997812853133088,1.0,0.4567127182590311,0.9195129952976342,1.0,0.9989969730377197,0.9982290863990784,0.0,2.566434621810913,2.925069808959961,5.197725772857666,1.1344901323318481,1.1170344352722168,0.5714100003242493,0.46684959530830383,-0.18298666179180145,nan,nan,nan,nan,nan,nan,nan,nan,0.13712002741234067
sage_withleak,777,val,0241_H_AO_COA_3D_FSI_REST,0.944368488048654,0.9993871104615529,0.9999371395345182,1.0,0.5032137412977543,0.8264736850376377,1.0,0.9992409348487854,0.99879390001297,0.0,2.232567548751831,2.4344685077667236,4.143817901611328,1.0132094621658325,0.9941478371620178,0.8250396251678467,0.5516987442970276,-0.3313063681125641,nan,nan,nan,nan,nan,nan,nan,nan,0.1273058149439124
sage_noleak,1337,test,0007_H_AO_H_3D_RIGID,0.02625385561716619,0.07932319432310518,0.14563089485977143,0.263643981671332,0.013167044056554994,0.08069606147592133,0.407295808297823,0.32040727138519287,0.26529577374458313,0.37531870130333234,71.31243896484375,69.08016204833984,123.62109375,0.4991341531276703,0.5707532167434692,0.7820733189582825,1.1131101846694946,0.42328110337257385,nan,nan,nan,nan,nan,nan,nan,nan,0.1507342191032471
sage_noleak,1337,test,0017_H_AO_COA_3D_RIGID,0.09687979264388022,0.17695225966152162,0.3188997210737316,0.4763092045668571,0.013417160692024144,0.18100610767809577,0.4985067130646912,0.8200902938842773,0.5673423409461975,0.147382487735316,34.906166076660156,46.560516357421875,99.08796691894531,0.8428988456726074,0.9482605457305908,0.49127718806266785,1.350727915763855,1.7494211196899414,nan,nan,nan,nan,nan,nan,nan,nan,0.14574200167894785
sage_noleak,1337,test,0020_H_AO_COA_3D_RIGID,0.024573262430039846,0.07939411792065239,0.20610533170028372,0.4107378180183253,0.049332568487310276,0.20064805196818655,0.699136447496938,0.7273821830749512,0.6310511231422424,0.07452597634145207,43.33261489868164,44.57389831542969,84.37753295898438,0.33839884400367737,0.40731364488601685,1.274560570716858,0.7359660863876343,-0.42257267236709595,nan,nan,nan,nan,nan,nan,nan,nan,0.19699600625108526
sage_noleak,1337,test,0225_H_AO_COA_3D_FSI_REST,0.018343031310612358,0.09872540870047104,0.22291493488500969,0.5770850651149902,0.000886672208367969,0.7759490163480188,0.999778331947908,0.8948788642883301,0.6880499124526978,0.12723746190080354,26.507125854492188,38.82709503173828,107.99468994140625,0.27342283725738525,0.2705293595790863,3.9394547939300537,1.8669137954711914,-0.5260984301567078,nan,nan,nan,nan,nan,nan,nan,nan,0.15367222871836364
sage_noleak,1337,test,0226_H_AO_COA_3D_FSI_REST,0.050474042517646076,0.13485152236561834,0.2295242868479305,0.6361984713695026,0.7087144468111766,0.9527106043520027,0.9998851438833897,0.9015887975692749,0.810921847820282,0.04232969970346239,25.632293701171875,30.280933380126953,53.272098541259766,0.6059520244598389,0.6331123113632202,3.4691216945648193,0.7979995608329773,-0.769970715045929,nan,nan,nan,nan,nan,nan,nan,nan,0.11705300087708308
sage_noleak,1337,val,0002_H_AO_SVD_3D_RIGID,0.2643192289808513,0.5950458638035254,0.6441645179016782,0.6540277014555241,0.25238477688069777,0.531498781192318,0.6570993786194361,0.9900844097137451,0.5986675024032593,0.2442828761043243,8.075257301330566,38.21715545654297,107.86973571777344,0.7475370764732361,0.6491326689720154,0.5705063343048096,0.5943230986595154,0.04174671322107315,nan,nan,nan,nan,nan,nan,nan,nan,0.060089332262473406
sage_noleak,1337,val,0005_H_AO_SVD_3D_RIGID,0.09225883847293768,0.27186507656481546,0.44791475548655707,0.7219673982076071,0.06312892526991744,0.2782584150730365,0.7845882435960765,0.9593674540519714,0.7199902534484863,0.11396514007480064,16.389142990112305,33.253047943115234,97.5721206665039,1.155142903327942,1.1573870182037354,0.30377253890037537,0.5168797969818115,0.7015356421470642,nan,nan,nan,nan,nan,nan,nan,nan,0.10889029395326781
sage_noleak,1337,val,0234_H_AO_COA_3D_FSI_REST,0.013797251485437248,0.0780082382531987,0.2227426821711078,0.6529180184449386,0.0002369409105821456,0.023748769729887362,0.36789632923850835,0.9194102883338928,0.8300699591636658,0.031567819779098165,23.159976959228516,29.06754493713379,51.42462158203125,1.807018756866455,1.9390937089920044,0.5714100003242493,0.9547528028488159,0.6708717346191406,nan,nan,nan,nan,nan,nan,nan,nan,0.13712002741234067
sage_noleak,1337,val,0241_H_AO_COA_3D_FSI_REST,0.009711941916929895,0.033928936243772884,0.07250954693319504,0.3568745776562475,0.008910470982037622,0.07868558766677668,0.7033614633916364,0.7937190532684326,0.6950504183769226,0.03672622695771062,37.4655647277832,41.884883880615234,75.03463745117188,0.9330872893333435,0.9316622018814087,0.8250396251678467,0.5829416513442993,-0.29343798756599426,nan,nan,nan,nan,nan,nan,nan,nan,0.1273058149439124
sage_noleak,2026,test,0007_H_AO_H_3D_RIGID,0.0024337190436286484,0.015306577281723037,0.049405388057838714,0.17897195428530677,0.004662399486512026,0.05243639346016011,0.28024319360992744,-0.4218822121620178,-0.18567582964897156,0.6770285449391125,114.95347595214844,101.91617584228516,160.4115753173828,0.37706395983695984,0.4011535942554474,0.7820733189582825,0.4058787524700165,-0.4810221195220947,nan,nan,nan,nan,nan,nan,nan,nan,0.1507342191032471
sage_noleak,2026,test,0017_H_AO_COA_3D_RIGID,0.0738123211867371,0.31070233813756176,0.3942367196118351,0.5438075677808769,0.08910393815191167,0.32453205858348505,0.651485663548552,0.8848544359207153,0.5481550097465515,0.2160378119983139,27.766386032104492,46.59553146362305,135.45286560058594,0.6750514507293701,0.6872022151947021,0.49127718806266785,0.41907843947410583,-0.14696133136749268,nan,nan,nan,nan,nan,nan,nan,nan,0.14574200167894785
sage_noleak,2026,test,0020_H_AO_COA_3D_RIGID,0.021581060758747925,0.06826250755802235,0.13730019689617215,0.4704423187237407,0.010278910404489854,0.1874234507992124,0.6890280770840762,0.848663866519928,0.5219208002090454,0.22212058727771664,31.933359146118164,51.29863739013672,121.61090850830078,0.3238976001739502,0.3771460950374603,1.274560570716858,0.4114793837070465,-0.67715984582901,nan,nan,nan,nan,nan,nan,nan,nan,0.19699600625108526
sage_noleak,2026,test,0225_H_AO_COA_3D_FSI_REST,0.050955943474646714,0.20509836519811583,0.41507342754225546,0.6785259074535882,0.0,0.844195067885841,0.999778331947908,0.9507769346237183,0.7240990400314331,0.11208090883901357,18.05177116394043,34.08799743652344,101.66192626953125,0.3505670428276062,0.33810627460479736,3.9394547939300537,0.42060551047325134,-0.8932325839996338,nan,nan,nan,nan,nan,nan,nan,nan,0.15367222871836364
sage_noleak,2026,test,0226_H_AO_COA_3D_FSI_REST,0.0018585807960573028,0.010932214008269641,0.04719542246167982,0.39378941653092764,0.5017019588188615,0.9646451990143257,0.9998642609530969,0.7999101281166077,0.5951955914497375,0.10976068161884475,36.87847900390625,48.3507080078125,94.68756103515625,0.4816223084926605,0.46807053685188293,3.4691216945648193,0.40179523825645447,-0.8841795921325684,nan,nan,nan,nan,nan,nan,nan,nan,0.11705300087708308
sage_noleak,2026,val,0002_H_AO_SVD_3D_RIGID,0.22395062772118188,0.4815769821476378,0.5736427554916796,0.6478420763410407,0.2918938721449606,0.5331332516098125,0.6637218018627327,0.9831048250198364,0.6110248565673828,0.20831043665722618,10.54708194732666,38.56651306152344,108.2006607055664,0.7735917568206787,0.683395504951477,0.5705063343048096,0.4007471203804016,-0.29755887389183044,nan,nan,nan,nan,nan,nan,nan,nan,0.060089332262473406
sage_noleak,2026,val,0005_H_AO_SVD_3D_RIGID,0.026321360525015877,0.0852021734528262,0.1711523533977842,0.5407240138310634,0.05000352833251005,0.19180015524663044,0.6372309646461083,0.8799498081207275,0.6774448156356812,0.10373297579563898,28.36368751525879,40.55074691772461,93.0165786743164,1.0804345607757568,1.1238634586334229,0.30377253890037537,0.3659341037273407,0.20463193953037262,nan,nan,nan,nan,nan,nan,nan,nan,0.10889029395326781
sage_noleak,2026,val,0234_H_AO_COA_3D_FSI_REST,0.024660080924434075,0.12689097072868444,0.24638209455764953,0.6127656472132104,0.03688987715525097,0.2386906280756753,0.9157948456238837,0.9075149297714233,0.8152955770492554,0.044307950278861225,24.835838317871094,29.761337280273438,44.36866760253906,1.1883163452148438,1.1603797674179077,0.5714100003242493,0.4347160756587982,-0.23922213912010193,nan,nan,nan,nan,nan,nan,nan,nan,0.13712002741234067
sage_noleak,2026,val,0241_H_AO_COA_3D_FSI_REST,0.006930366319362595,0.03341033740354847,0.08120000628604655,0.3759684440463282,0.007778982603366178,0.075746860905505,0.7256140681721748,0.8017091155052185,0.694891631603241,0.0480568258607955,36.70637893676758,41.65083312988281,76.75654602050781,0.7804080843925476,0.7612944841384888,0.8250396251678467,0.4501117765903473,-0.45443618297576904,nan,nan,nan,nan,nan,nan,nan,nan,0.1273058149439124
sage_noleak,777,test,0007_H_AO_H_3D_RIGID,0.018622853780733504,0.07312746269188938,0.12713284718383938,0.25696685506445344,0.01930037263537005,0.09881969083744896,0.38094389074116997,0.33333760499954224,0.2512054741382599,0.3932194626205716,70.52851867675781,70.65901947021484,133.4716339111328,0.575042188167572,0.7034109830856323,0.7820733189582825,1.6703988313674927,1.1358596086502075,nan,nan,nan,nan,nan,nan,nan,nan,0.1507342191032471
sage_noleak,777,test,0017_H_AO_COA_3D_RIGID,0.11389339814706859,0.2798859182593566,0.38314244970806915,0.47978008771379116,0.04187481502076252,0.1797594597260962,0.5136637996753334,0.8297746181488037,0.6165704131126404,0.09706813514022547,33.92440414428711,42.623680114746094,89.57957458496094,0.7780259847640991,0.8989588618278503,0.49127718806266785,1.69349205493927,2.4471211433410645,nan,nan,nan,nan,nan,nan,nan,nan,0.14574200167894785
sage_noleak,777,test,0020_H_AO_COA_3D_RIGID,0.006744081487108727,0.05961147889180013,0.20681849893800097,0.4115750143408629,0.05523945365188137,0.21881831289437373,0.7349498457388257,0.8028321266174316,0.7006842494010925,0.04668144679927443,36.59859085083008,40.08246612548828,75.1346206665039,0.430526465177536,0.496340811252594,1.274560570716858,1.1947963237762451,-0.06258176267147064,nan,nan,nan,nan,nan,nan,nan,nan,0.19699600625108526
sage_noleak,777,test,0225_H_AO_COA_3D_FSI_REST,0.0171515655306179,0.09080077583818232,0.23679689664727072,0.6661402050429481,2.770850651149903e-05,0.7903851482405099,0.997949570518149,0.9170029163360596,0.6694698929786682,0.13482959268495429,23.50821304321289,39.93412399291992,120.95812225341797,0.32744455337524414,0.33354783058166504,3.9394547939300537,2.1578359603881836,-0.45225009322166443,nan,nan,nan,nan,nan,nan,nan,nan,0.15367222871836364
sage_noleak,777,test,0226_H_AO_COA_3D_FSI_REST,0.051768784195798355,0.14562711439669215,0.2579250720461095,0.5694357432234891,0.7650879171365326,0.9534519483773963,0.9998747024182433,0.8941730260848999,0.8275386691093445,0.039708891951718665,26.59759521484375,28.943557739257812,45.719600677490234,0.6778727769851685,0.719194233417511,3.4691216945648193,1.496001958847046,-0.5687663555145264,nan,nan,nan,nan,nan,nan,nan,nan,0.11705300087708308
sage_noleak,777,val,0002_H_AO_SVD_3D_RIGID,0.33151568950698174,0.6037536458553494,0.6603542291922053,0.7720618280706204,0.2404925955672035,0.45901847233377013,0.7198996773329952,0.9912034869194031,0.8403488397598267,0.01855687534345014,7.605219841003418,21.59440803527832,75.3880615234375,0.8578440546989441,0.7515215277671814,0.5705063343048096,0.7388559579849243,0.2950880825519562,nan,nan,nan,nan,nan,nan,nan,nan,0.060089332262473406
sage_noleak,777,val,0005_H_AO_SVD_3D_RIGID,0.07122997671300543,0.222214381483311,0.377531578575965,0.6526144943899513,0.046545762472655426,0.226518947145579,0.7889492625785054,0.9332112073898315,0.726178765296936,0.10390233575612166,21.058948516845703,34.16643524169922,91.35384368896484,1.0893455743789673,1.0891517400741577,0.30377253890037537,0.656252384185791,1.1603413820266724,nan,nan,nan,nan,nan,nan,nan,nan,0.10889029395326781
sage_noleak,777,val,0234_H_AO_COA_3D_FSI_REST,0.016968614442459812,0.07172019101082637,0.21406699959902306,0.6759195129952976,0.0,0.001330514344038202,0.316407246746619,0.9151147603988647,0.8257313966751099,0.038329748842634785,23.777973175048828,29.226327896118164,49.12411117553711,1.9283238649368286,2.0428669452667236,0.5714100003242493,0.9326899647712708,0.6322605013847351,nan,nan,nan,nan,nan,nan,nan,nan,0.13712002741234067
sage_noleak,777,val,0241_H_AO_COA_3D_FSI_REST,0.007417534926846134,0.025694215265664042,0.056558703817201766,0.2902739144783367,0.010010529127968192,0.057391604984834914,0.6027532883881005,0.7797399759292603,0.6998810768127441,0.017428064054814327,38.763221740722656,42.325599670410156,70.41178131103516,1.176401972770691,1.1843198537826538,0.8250396251678467,0.9570502638816833,0.16000521183013916,nan,nan,nan,nan,nan,nan,nan,nan,0.1273058149439124
womersley_withleak,1337,test,wm_028_R16p9_L170p9_a11p3,0.0,0.26024305555555555,0.5164930555555556,0.9550347222222222,0.0,0.0,0.0,0.9670008420944214,0.9509360194206238,0.0,14.760137557983398,16.59925651550293,27.000471115112305,2.4829585552215576,2.662753105163574,0.021849041804671288,0.12203804403543472,4.58551025390625,2.356353350615163,1.489114804961375,3.5088806601213807,-1.0,11.338325089891944,16.878808428210068,170.9466910940729,0.05449226346446536,0.08304498269896193
womersley_withleak,1337,test,wm_029_R15p7_L140p1_a07p1,0.0005208333333333333,0.025173611111111112,0.6640625,0.9673611111111111,0.0,0.0,0.0,0.969285249710083,0.9620106816291809,0.0,14.237345695495605,15.086374282836914,19.067630767822266,2.965446949005127,2.961552858352661,0.012829676270484924,0.07916802167892456,5.1706953048706055,8.071870019276021,0.6816181504768951,5.501933113428821,1.0,7.149392859956807,15.730972031964066,140.10607133664715,0.01154620816316866,0.08304498269896193
womersley_withleak,1337,test,wm_030_R16p8_L186p3_a07p9,0.04079861111111111,0.196875,0.49496527777777777,0.9739583333333334,0.0,0.0,0.0,0.9656661748886108,0.9606316685676575,0.0,15.057373046875,14.963628768920898,19.896181106567383,3.794515609741211,3.7641971111297607,0.010996272787451744,0.1075107678771019,8.777018547058105,0.9357481164268846,0.7281950996909115,0.6814071929270579,1.0,7.914192820348003,16.847665103447127,186.26469076177037,0.00977671845722567,0.08304498269896193
womersley_withleak,1337,test,wm_031_R09p4_L239p5_a10p9,0.0,0.0,0.0005208333333333333,0.4265625,0.0,0.0,0.0421875,0.8602205514907837,0.8555496335029602,0.0,30.65863800048828,30.8769474029541,34.314056396484375,1.3069970607757568,1.2479256391525269,0.03942704200744629,0.08476870507001877,1.1500142812728882,1.0528578622297922,4.427565334988802,4.6615969734790434,-1.0,10.880321199869641,9.393256833150932,239.49278666172782,0.1615219190558797,0.08304498269896193
womersley_withleak,1337,test,wm_032_R12p2_L282p2_a06p3,0.025868055555555554,0.4907986111111111,0.7734375,0.9520833333333333,0.0006944444444444445,0.014756944444444444,0.6291666666666667,0.9846656322479248,0.965911328792572,0.0,10.046774864196777,12.74378490447998,18.295804977416992,1.3180937767028809,1.393156886100769,0.03266732767224312,0.10813063383102417,2.3100545406341553,3.5635549664683546,0.8763398420088776,3.122885196304829,-1.0,6.307070037448027,12.239067927399056,282.1644184331933,0.08340355636315183,0.08304498269896193
womersley_withleak,1337,test,wm_033_R16p9_L167p1_a02p1,0.5046232876712329,0.9029109589041096,0.9842465753424657,0.9988013698630137,0.0,0.0,0.0,0.9963303208351135,0.9928869605064392,0.0,4.9100341796875,5.793026447296143,9.894513130187988,0.12648172676563263,0.1256297528743744,0.5140915513038635,0.06869322061538696,-0.8663793802261353,23.579713268213716,0.050513105248963935,1.191084538057671,1.0,2.0921065799657117,16.909810540078887,167.13941672229032,0.03385412159184365,0.08304498269896193
womersley_withleak,1337,val,wm_024_R10p1_L185p5_a06p9,0.0005208333333333333,0.0024305555555555556,0.0038194444444444443,0.016319444444444445,0.0,0.0,0.0015625,0.7740665674209595,0.7718070149421692,0.0,39.279518127441406,39.12805938720703,43.54117965698242,1.7401845455169678,1.6503514051437378,0.03445331007242203,0.10717958211898804,2.1108646392822266,2.1666682256330922,1.5440612768616369,3.3454685070065695,-1.0,6.929361621899541,10.13019792117939,185.51290850826797,0.1077085903681465,0.08304498269896193
womersley_withleak,1337,val,wm_025_R14p6_L277p4_a02p2,0.27297794117647056,0.6661764705882353,0.9158088235294117,0.9558823529411765,0.0,0.0,0.0,0.9933376312255859,0.9781380891799927,0.0,6.6175055503845215,9.229575157165527,14.10122299194336,2.036978244781494,2.0722756385803223,0.019197292625904083,0.09132258594036102,3.7570555210113525,76.1069292794284,0.07139294034387775,5.433497461801954,1.0,2.1527243518364907,14.635843572634595,277.4024293436889,0.024839818199674932,0.08304498269896193
womersley_withleak,1337,val,wm_026_R16p1_L173p1_a06p4,0.39863013698630134,0.8801369863013698,0.9571917808219178,0.9991438356164384,0.3618150684931507,0.8616438356164383,0.9948630136986302,0.9949383735656738,0.9905003309249878,0.0,5.7671966552734375,6.765509128570557,10.305742263793945,0.969074010848999,0.966045081615448,0.03859727829694748,0.08317562937736511,1.1549609899520874,11.638586333715198,0.5108045582498528,5.945042950846166,1.0,6.35234707406615,16.145957558642593,173.14701111600007,0.049462200976830496,0.08304498269896193
womersley_withleak,1337,val,wm_027_R13p9_L115p3_a03p2,0.010243055555555556,0.027604166666666666,0.4076388888888889,0.9965277777777778,0.0,0.007291666666666667,0.9916666666666667,0.9633378982543945,0.9615878462791443,0.0,15.562593460083008,15.620007514953613,18.09416961669922,0.7959979176521301,0.7901597619056702,0.07502167671918869,0.12101011723279953,0.6130020618438721,36.3390203037458,0.17152021176440738,6.232876457809579,1.0,3.177130799823445,13.93588046669706,115.27099829706562,0.029555184430162532,0.08304498269896193
womersley_withleak,2026,test,wm_028_R16p9_L170p9_a11p3,0.004861111111111111,0.18975694444444444,0.4670138888888889,0.9395833333333333,0.0,0.0,0.003298611111111111,0.9631955623626709,0.9497066736221313,0.0,15.592967987060547,16.814960479736328,26.70298957824707,2.248762369155884,2.5511107444763184,0.021849041804671288,0.08979444205760956,3.1097655296325684,2.356353350615163,1.489114804961375,3.5088806601213807,-1.0,11.338325089891944,16.878808428210068,170.9466910940729,0.05449226346446536,0.08304498269896193
womersley_withleak,2026,test,wm_029_R15p7_L140p1_a07p1,0.00017361111111111112,0.019618055555555555,0.3013888888888889,0.9975694444444444,0.0,0.0,0.0,0.9526791572570801,0.9519037008285522,0.0,17.696674346923828,17.39141082763672,22.755517959594727,3.730250358581543,3.727036237716675,0.012829676270484924,0.08201009780168533,5.392218589782715,8.071870019276021,0.6816181504768951,5.501933113428821,1.0,7.149392859956807,15.730972031964066,140.10607133664715,0.01154620816316866,0.08304498269896193
womersley_withleak,2026,test,wm_030_R16p8_L186p3_a07p9,0.16892361111111112,0.4248263888888889,0.8098958333333334,0.9862847222222222,0.0,0.0,0.0,0.9832433462142944,0.9764410257339478,0.0,10.503643989562988,10.960511207580566,17.310504913330078,3.6362221240997314,3.6515607833862305,0.010996272787451744,0.10034169256687164,8.1250638961792,0.9357481164268846,0.7281950996909115,0.6814071929270579,1.0,7.914192820348003,16.847665103447127,186.26469076177037,0.00977671845722567,0.08304498269896193
womersley_withleak,2026,test,wm_031_R09p4_L239p5_a10p9,0.0012152777777777778,0.002951388888888889,0.021875,1.0,0.0,0.0,0.6680555555555555,0.9289584159851074,0.9256106615066528,0.0,21.726974487304688,21.90806007385254,27.712146759033203,1.2298219203948975,1.2311409711837769,0.03942704200744629,0.08582040667533875,1.1766889095306396,1.0528578622297922,4.427565334988802,4.6615969734790434,-1.0,10.880321199869641,9.393256833150932,239.49278666172782,0.1615219190558797,0.08304498269896193
womersley_withleak,2026,test,wm_032_R12p2_L282p2_a06p3,0.0,0.016666666666666666,0.11302083333333333,0.6425347222222222,0.0,0.0,0.0010416666666666667,0.9050062298774719,0.8777127861976624,0.0,25.17587661743164,26.9171142578125,42.06303405761719,1.4242994785308838,1.5023105144500732,0.03266732767224312,0.07993992418050766,1.447090983390808,3.5635549664683546,0.8763398420088776,3.122885196304829,-1.0,6.307070037448027,12.239067927399056,282.1644184331933,0.08340355636315183,0.08304498269896193
womersley_withleak,2026,test,wm_033_R16p9_L167p1_a02p1,0.2285958904109589,0.7566780821917808,0.9672945205479452,0.9988013698630137,0.0,0.0,0.0,0.9921081066131592,0.9883304238319397,0.0,7.20302677154541,7.773099899291992,12.307068824768066,0.11895263195037842,0.11840732395648956,0.5140915513038635,0.06874579191207886,-0.8662771582603455,23.579713268213716,0.050513105248963935,1.191084538057671,1.0,2.0921065799657117,16.909810540078887,167.13941672229032,0.03385412159184365,0.08304498269896193
womersley_withleak,2026,val,wm_024_R10p1_L185p5_a06p9,0.0,0.0,0.001388888888888889,0.5078125,0.0,0.0,0.007465277777777778,0.8667356967926025,0.8703860640525818,0.0,29.918506622314453,29.243772506713867,33.820655822753906,1.7058439254760742,1.6487818956375122,0.03445331007242203,0.10542365908622742,2.05989933013916,2.1666682256330922,1.5440612768616369,3.3454685070065695,-1.0,6.929361621899541,10.13019792117939,185.51290850826797,0.1077085903681465,0.08304498269896193
womersley_withleak,2026,val,wm_025_R14p6_L277p4_a02p2,0.0005514705882352941,0.011213235294117647,0.25441176470588234,0.7428308823529411,0.0,0.0,0.0,0.9435850381851196,0.9119187593460083,0.0,19.337392807006836,22.517982482910156,37.08531951904297,2.2110252380371094,2.2324862480163574,0.019197292625904083,0.08827503025531769,3.598306179046631,76.1069292794284,0.07139294034387775,5.433497461801954,1.0,2.1527243518364907,14.635843572634595,277.4024293436889,0.024839818199674932,0.08304498269896193
womersley_withleak,2026,val,wm_026_R16p1_L173p1_a06p4,0.6674657534246575,0.9422945205479452,0.9618150684931507,0.9950342465753425,0.5991438356164384,0.916095890410959,0.9743150684931506,0.9968652725219727,0.9930223226547241,0.0,4.537858963012695,5.1445441246032715,6.8730316162109375,0.9772868156433105,0.955407977104187,0.03859727829694748,0.08241036534309387,1.1351341009140015,11.638586333715198,0.5108045582498528,5.945042950846166,1.0,6.35234707406615,16.145957558642593,173.14701111600007,0.049462200976830496,0.08304498269896193
womersley_withleak,2026,val,wm_027_R13p9_L115p3_a03p2,0.004861111111111111,0.15538194444444445,0.653125,0.9904513888888888,0.0,0.0,0.9852430555555556,0.9736179113388062,0.9670701026916504,0.0,13.190216064453125,14.133872032165527,19.651853561401367,0.8208963871002197,0.8229668736457825,0.07502167671918869,0.07822916656732559,0.042754173278808594,36.3390203037458,0.17152021176440738,6.232876457809579,1.0,3.177130799823445,13.93588046669706,115.27099829706562,0.029555184430162532,0.08304498269896193
womersley_withleak,777,test,wm_028_R16p9_L170p9_a11p3,0.013888888888888888,0.43975694444444446,0.6557291666666667,1.0,0.0,0.0,0.0,0.983335018157959,0.9681914448738098,0.0,10.474773406982422,12.951432228088379,22.768268585205078,3.1824069023132324,3.2989234924316406,0.021849041804671288,0.11183272302150726,4.11842679977417,2.356353350615163,1.489114804961375,3.5088806601213807,-1.0,11.338325089891944,16.878808428210068,170.9466910940729,0.05449226346446536,0.08304498269896193
womersley_withleak,777,test,wm_029_R15p7_L140p1_a07p1,0.0022569444444444442,0.10885416666666667,0.5567708333333333,0.9668402777777778,0.0,0.0,0.0,0.9697502255439758,0.9510745406150818,0.0,14.12861442565918,16.037229537963867,21.711257934570312,2.946483612060547,2.9631268978118896,0.012829676270484924,0.097061388194561,6.565381050109863,8.071870019276021,0.6816181504768951,5.501933113428821,1.0,7.149392859956807,15.730972031964066,140.10607133664715,0.01154620816316866,0.08304498269896193
womersley_withleak,777,test,wm_030_R16p8_L186p3_a07p9,0.0,0.0,0.0,0.9239583333333333,0.0,0.0,0.0,0.899306058883667,0.890795886516571,0.0,25.93299102783203,26.44826316833496,29.338594436645508,4.064632415771484,4.078369140625,0.010996272787451744,0.09758639335632324,7.874496936798096,0.9357481164268846,0.7281950996909115,0.6814071929270579,1.0,7.914192820348003,16.847665103447127,186.26469076177037,0.00977671845722567,0.08304498269896193
womersley_withleak,777,test,wm_031_R09p4_L239p5_a10p9,0.0,0.0,0.2982638888888889,0.9859375,0.0,0.07916666666666666,0.9444444444444444,0.9564304351806641,0.9542417526245117,0.0,16.975357055664062,16.967517852783203,20.749412536621094,1.1140918731689453,1.097594976425171,0.03942704200744629,0.0808350220322609,1.0502431392669678,1.0528578622297922,4.427565334988802,4.6615969734790434,-1.0,10.880321199869641,9.393256833150932,239.49278666172782,0.1615219190558797,0.08304498269896193
womersley_withleak,777,test,wm_032_R12p2_L282p2_a06p3,0.003298611111111111,0.31475694444444446,0.5401041666666667,0.9243055555555556,0.0,0.0005208333333333333,0.9118055555555555,0.9686189889907837,0.948661744594574,0.0,14.391735076904297,16.0761775970459,28.22264289855957,0.9646642208099365,1.1136584281921387,0.03266732767224312,0.11178795248270035,2.422010898590088,3.5635549664683546,0.8763398420088776,3.122885196304829,-1.0,6.307070037448027,12.239067927399056,282.1644184331933,0.08340355636315183,0.08304498269896193
womersley_withleak,777,test,wm_033_R16p9_L167p1_a02p1,0.0,0.0,0.0,0.9672945205479452,0.0,0.0,0.0,0.8954636454582214,0.8948727250099182,0.0,26.43195343017578,26.33982276916504,29.180051803588867,0.11363542079925537,0.11326650530099869,0.5140915513038635,0.08493806421756744,-0.8347802758216858,23.579713268213716,0.050513105248963935,1.191084538057671,1.0,2.0921065799657117,16.909810540078887,167.13941672229032,0.03385412159184365,0.08304498269896193
womersley_withleak,777,val,wm_024_R10p1_L185p5_a06p9,0.0,0.0,0.0,0.9611111111111111,0.0,0.0,0.04114583333333333,0.9259443283081055,0.9182167053222656,0.0,22.188812255859375,22.82573699951172,27.184011459350586,1.5369606018066406,1.528559923171997,0.03445331007242203,0.13310880959033966,2.863454818725586,2.1666682256330922,1.5440612768616369,3.3454685070065695,-1.0,6.929361621899541,10.13019792117939,185.51290850826797,0.1077085903681465,0.08304498269896193
womersley_withleak,777,val,wm_025_R14p6_L277p4_a02p2,0.09522058823529411,0.18933823529411764,0.27941176470588236,0.9632352941176471,0.0,0.0,0.04044117647058824,0.9208627939224243,0.9239095449447632,0.0,22.947452545166016,20.395252227783203,27.899629592895508,1.796334981918335,1.8269469738006592,0.019197292625904083,0.1006227433681488,4.241507053375244,76.1069292794284,0.07139294034387775,5.433497461801954,1.0,2.1527243518364907,14.635843572634595,277.4024293436889,0.024839818199674932,0.08304498269896193
womersley_withleak,777,val,wm_026_R16p1_L173p1_a06p4,0.7147260273972603,0.9433219178082192,0.9460616438356164,0.9861301369863014,0.3715753424657534,0.8590753424657535,0.9611301369863013,0.998207688331604,0.9909166097640991,0.0006849315068493151,3.4309093952178955,5.044636249542236,7.149209022521973,1.0116424560546875,1.0147713422775269,0.03859727829694748,0.06408960372209549,0.6604695320129395,11.638586333715198,0.5108045582498528,5.945042950846166,1.0,6.35234707406615,16.145957558642593,173.14701111600007,0.049462200976830496,0.08304498269896193
womersley_withleak,777,val,wm_027_R13p9_L115p3_a03p2,0.29409722222222223,0.8682291666666667,0.9543402777777777,0.9869791666666666,0.11006944444444444,0.6342013888888889,0.9763888888888889,0.9923779964447021,0.9881355166435242,0.0,7.0786027908325195,7.413136005401611,10.431710243225098,0.8652800917625427,0.862889289855957,0.07502167671918869,0.0835035890340805,0.11305949091911316,36.3390203037458,0.17152021176440738,6.232876457809579,1.0,3.177130799823445,13.93588046669706,115.27099829706562,0.029555184430162532,0.08304498269896193
womersley_leak_dir_only,1337,test,wm_028_R16p9_L170p9_a11p3,0.0,0.3090277777777778,0.5347222222222222,0.9640625,0.0,0.0,0.0,0.9683482646942139,0.9541196823120117,0.0,14.454017639160156,15.935256958007812,26.078201293945312,2.4857492446899414,2.705820322036743,0.021849041804671288,0.11579293757677078,4.299680233001709,2.356353350615163,1.489114804961375,3.5088806601213807,-1.0,11.338325089891944,16.878808428210068,170.9466910940729,0.05449226346446536,0.08304498269896193
womersley_leak_dir_only,1337,test,wm_029_R15p7_L140p1_a07p1,0.13402777777777777,0.4730902777777778,0.9392361111111112,0.9873263888888889,0.0,0.0,0.0,0.9839658141136169,0.977664589881897,0.0,10.27408218383789,10.597039222717285,14.823535919189453,3.004383087158203,2.9887990951538086,0.012829676270484924,0.07793337851762772,5.074461936950684,8.071870019276021,0.6816181504768951,5.501933113428821,1.0,7.149392859956807,15.730972031964066,140.10607133664715,0.01154620816316866,0.08304498269896193
womersley_leak_dir_only,1337,test,wm_030_R16p8_L186p3_a07p9,0.004166666666666667,0.24010416666666667,0.9017361111111111,0.9722222222222222,0.0,0.0,0.0,0.9779402613639832,0.9722123742103577,0.0,12.057004928588867,12.60641860961914,14.967464447021484,3.760746479034424,3.7847137451171875,0.010996272787451744,0.09670573472976685,7.794410228729248,0.9357481164268846,0.7281950996909115,0.6814071929270579,1.0,7.914192820348003,16.847665103447127,186.26469076177037,0.00977671845722567,0.08304498269896193
womersley_leak_dir_only,1337,test,wm_031_R09p4_L239p5_a10p9,0.0,0.00017361111111111112,0.00034722222222222224,0.7597222222222222,0.0,0.0,0.007291666666666667,0.878504753112793,0.8699737787246704,0.0,28.537479400634766,29.28017234802246,32.41298294067383,1.2714669704437256,1.2256888151168823,0.03942704200744629,0.0792914479970932,1.011093020439148,1.0528578622297922,4.427565334988802,4.6615969734790434,-1.0,10.880321199869641,9.393256833150932,239.49278666172782,0.1615219190558797,0.08304498269896193
womersley_leak_dir_only,1337,test,wm_032_R12p2_L282p2_a06p3,0.04861111111111111,0.44513888888888886,0.7769097222222222,0.9673611111111111,0.058159722222222224,0.30659722222222224,0.6335069444444444,0.980762243270874,0.9721243977546692,0.0,11.256771087646484,11.613677024841309,15.926819801330566,1.2869184017181396,1.3533705472946167,0.03266732767224312,0.07827463001012802,1.396113634109497,3.5635549664683546,0.8763398420088776,3.122885196304829,-1.0,6.307070037448027,12.239067927399056,282.1644184331933,0.08340355636315183,0.08304498269896193
womersley_leak_dir_only,1337,test,wm_033_R16p9_L167p1_a02p1,0.6101027397260274,0.9695205479452055,0.9970890410958904,0.9988013698630137,0.0,0.0,0.0,0.9986796379089355,0.9958721995353699,0.0,2.944638252258301,4.018345832824707,7.133127689361572,0.12099935114383698,0.12043681740760803,0.5140915513038635,0.06572112441062927,-0.8721606731414795,23.579713268213716,0.050513105248963935,1.191084538057671,1.0,2.0921065799657117,16.909810540078887,167.13941672229032,0.03385412159184365,0.08304498269896193
womersley_leak_dir_only,1337,val,wm_024_R10p1_L185p5_a06p9,0.0,0.0005208333333333333,0.002777777777777778,0.013888888888888888,0.0,0.0,0.0,0.7769309282302856,0.7755677700042725,0.0,39.01957321166992,38.89289474487305,42.099464416503906,1.7302727699279785,1.6663850545883179,0.03445331007242203,0.0940624326467514,1.7301421165466309,2.1666682256330922,1.5440612768616369,3.3454685070065695,-1.0,6.929361621899541,10.13019792117939,185.51290850826797,0.1077085903681465,0.08304498269896193
womersley_leak_dir_only,1337,val,wm_025_R14p6_L277p4_a02p2,0.43511029411764707,0.8534926470588236,0.9549632352941176,0.9643382352941177,0.0,0.0,0.0,0.9955618381500244,0.9848851561546326,0.0,5.400058746337891,7.23291015625,10.488611221313477,2.1431703567504883,2.1589746475219727,0.019197292625904083,0.07550407201051712,2.933058261871338,76.1069292794284,0.07139294034387775,5.433497461801954,1.0,2.1527243518364907,14.635843572634595,277.4024293436889,0.024839818199674932,0.08304498269896193
womersley_leak_dir_only,1337,val,wm_026_R16p1_L173p1_a06p4,0.15325342465753425,0.5948630136986301,0.8705479452054794,0.9991438356164384,0.2054794520547945,0.665068493150685,0.989554794520548,0.9882794618606567,0.9829140305519104,0.0,8.780848503112793,9.573397636413574,15.724654197692871,0.9924626350402832,0.9822385311126709,0.03859727829694748,0.07052526623010635,0.8272082805633545,11.638586333715198,0.5108045582498528,5.945042950846166,1.0,6.35234707406615,16.145957558642593,173.14701111600007,0.049462200976830496,0.08304498269896193
womersley_leak_dir_only,1337,val,wm_027_R13p9_L115p3_a03p2,0.0010416666666666667,0.025520833333333333,0.33211805555555557,0.9965277777777778,0.0,0.006423611111111111,0.9963541666666667,0.9610559940338135,0.9597983360290527,0.0,16.042709350585938,16.031814575195312,18.564579010009766,0.8294099569320679,0.8306445479393005,0.07502167671918869,0.12125100195407867,0.6162129044532776,36.3390203037458,0.17152021176440738,6.232876457809579,1.0,3.177130799823445,13.93588046669706,115.27099829706562,0.029555184430162532,0.08304498269896193
womersley_leak_dir_only,2026,test,wm_028_R16p9_L170p9_a11p3,0.18177083333333333,0.4267361111111111,0.6625,0.9875,0.0,0.0,0.0,0.9797166585922241,0.9694807529449463,0.0,11.559627532958984,12.385764122009277,22.06390953063965,3.1504082679748535,3.041102409362793,0.021849041804671288,0.07824860513210297,2.581328868865967,2.356353350615163,1.489114804961375,3.5088806601213807,-1.0,11.338325089891944,16.878808428210068,170.9466910940729,0.05449226346446536,0.08304498269896193
womersley_leak_dir_only,2026,test,wm_029_R15p7_L140p1_a07p1,0.0,0.14340277777777777,0.9119791666666667,0.9769097222222223,0.0,0.0,0.0,0.9801663160324097,0.969710111618042,0.0,11.430355072021484,12.64134693145752,14.815592765808105,3.950568199157715,3.922452449798584,0.012829676270484924,0.09546367079019547,6.440847873687744,8.071870019276021,0.6816181504768951,5.501933113428821,1.0,7.149392859956807,15.730972031964066,140.10607133664715,0.01154620816316866,0.08304498269896193
womersley_leak_dir_only,2026,test,wm_030_R16p8_L186p3_a07p9,0.13125,0.8085069444444445,0.9567708333333333,0.9743055555555555,0.0,0.0,0.0,0.9903552532196045,0.9749549031257629,0.0,7.96402645111084,9.33303451538086,11.20154094696045,3.7665047645568848,3.6988728046417236,0.010996272787451744,0.09312278032302856,7.468576431274414,0.9357481164268846,0.7281950996909115,0.6814071929270579,1.0,7.914192820348003,16.847665103447127,186.26469076177037,0.00977671845722567,0.08304498269896193
womersley_leak_dir_only,2026,test,wm_031_R09p4_L239p5_a10p9,0.0,0.008333333333333333,0.07951388888888888,0.9786458333333333,0.0,0.0,0.2170138888888889,0.9325780868530273,0.9280148148536682,0.0,21.159677505493164,21.308414459228516,26.59513282775879,1.4178608655929565,1.4048467874526978,0.03942704200744629,0.09925147145986557,1.5173450708389282,1.0528578622297922,4.427565334988802,4.6615969734790434,-1.0,10.880321199869641,9.393256833150932,239.49278666172782,0.1615219190558797,0.08304498269896193
womersley_leak_dir_only,2026,test,wm_032_R12p2_L282p2_a06p3,0.0,0.0,0.1375,0.6463541666666667,0.0,0.0,0.06458333333333334,0.9391542673110962,0.8944359421730042,0.0,20.089996337890625,24.430805206298828,37.76106262207031,1.368821144104004,1.4941679239273071,0.03266732767224312,0.08415143191814423,1.576012134552002,3.5635549664683546,0.8763398420088776,3.122885196304829,-1.0,6.307070037448027,12.239067927399056,282.1644184331933,0.08340355636315183,0.08304498269896193
womersley_leak_dir_only,2026,test,wm_033_R16p9_L167p1_a02p1,0.0,0.17397260273972603,0.5739726027397261,0.9662671232876713,0.0,0.0,0.0,0.970400333404541,0.960585355758667,0.0,13.975202560424805,15.024388313293457,20.861696243286133,0.13117125630378723,0.13155032694339752,0.5140915513038635,0.07942332327365875,-0.8455074429512024,23.579713268213716,0.050513105248963935,1.191084538057671,1.0,2.0921065799657117,16.909810540078887,167.13941672229032,0.03385412159184365,0.08304498269896193
womersley_leak_dir_only,2026,val,wm_024_R10p1_L185p5_a06p9,0.0,0.0,0.006076388888888889,0.7723958333333333,0.0,0.0,0.0,0.8864568471908569,0.8843919634819031,0.0,27.56865692138672,27.479774475097656,31.17498016357422,1.8235753774642944,1.8132003545761108,0.03445331007242203,0.09493327140808105,1.755418062210083,2.1666682256330922,1.5440612768616369,3.3454685070065695,-1.0,6.929361621899541,10.13019792117939,185.51290850826797,0.1077085903681465,0.08304498269896193
womersley_leak_dir_only,2026,val,wm_025_R14p6_L277p4_a02p2,0.002573529411764706,0.45900735294117645,0.6683823529411764,0.6928308823529412,0.0,0.0,0.0,0.9819952249526978,0.9178966879844666,0.003676470588235294,10.888931274414062,18.796512603759766,37.11705780029297,2.2065553665161133,2.202138662338257,0.019197292625904083,0.08105899393558502,3.2224180698394775,76.1069292794284,0.07139294034387775,5.433497461801954,1.0,2.1527243518364907,14.635843572634595,277.4024293436889,0.024839818199674932,0.08304498269896193
womersley_leak_dir_only,2026,val,wm_026_R16p1_L173p1_a06p4,0.5434931506849315,0.9136986301369863,0.9446917808219178,0.9595890410958904,0.2928082191780822,0.6407534246575343,0.9595890410958904,0.996639609336853,0.9840776920318604,0.0,4.698424339294434,6.728694915771484,9.435476303100586,1.1125261783599854,1.100276231765747,0.03859727829694748,0.06892535090446472,0.7857567667961121,11.638586333715198,0.5108045582498528,5.945042950846166,1.0,6.35234707406615,16.145957558642593,173.14701111600007,0.049462200976830496,0.08304498269896193
womersley_leak_dir_only,2026,val,wm_027_R13p9_L115p3_a03p2,0.12534722222222222,0.7482638888888888,0.9697916666666667,0.9960069444444445,0.0,0.021354166666666667,0.9784722222222222,0.9881560802459717,0.9869740009307861,0.0,8.827024459838867,8.558202743530273,11.503036499023438,0.7951785922050476,0.7911140322685242,0.07502167671918869,0.08972882479429245,0.1960386484861374,36.3390203037458,0.17152021176440738,6.232876457809579,1.0,3.177130799823445,13.93588046669706,115.27099829706562,0.029555184430162532,0.08304498269896193
womersley_leak_dir_only,777,test,wm_028_R16p9_L170p9_a11p3,0.016145833333333335,0.3376736111111111,0.6689236111111111,0.9991319444444444,0.0,0.0,0.0,0.9750180840492249,0.9614232182502747,0.0,12.833902359008789,14.146034240722656,25.452465057373047,3.153367757797241,3.3001418113708496,0.021849041804671288,0.10115616768598557,3.6297757625579834,2.356353350615163,1.489114804961375,3.5088806601213807,-1.0,11.338325089891944,16.878808428210068,170.9466910940729,0.05449226346446536,0.08304498269896193
womersley_leak_dir_only,777,test,wm_029_R15p7_L140p1_a07p1,0.003993055555555555,0.40121527777777777,0.8463541666666666,0.9708333333333333,0.0,0.0,0.0,0.9838775992393494,0.9708034992218018,0.0,10.302383422851562,12.047134399414062,16.19483757019043,3.2784385681152344,3.2875239849090576,0.012829676270484924,0.07332141697406769,4.7149858474731445,8.071870019276021,0.6816181504768951,5.501933113428821,1.0,7.149392859956807,15.730972031964066,140.10607133664715,0.01154620816316866,0.08304498269896193
womersley_leak_dir_only,777,test,wm_030_R16p8_L186p3_a07p9,0.0022569444444444442,0.07586805555555555,0.2078125,0.9579861111111111,0.0,0.0,0.0,0.9380055665969849,0.9354140162467957,0.0,20.280733108520508,19.56038475036621,22.433305740356445,4.037611961364746,4.057351112365723,0.010996272787451744,0.09739455580711365,7.857051372528076,0.9357481164268846,0.7281950996909115,0.6814071929270579,1.0,7.914192820348003,16.847665103447127,186.26469076177037,0.00977671845722567,0.08304498269896193
womersley_leak_dir_only,777,test,wm_031_R09p4_L239p5_a10p9,0.0,0.22916666666666666,0.4934027777777778,0.9944444444444445,0.0,0.0375,0.8923611111111112,0.9657259583473206,0.9683359861373901,0.0,15.044180870056152,13.897805213928223,17.162261962890625,1.2564246654510498,1.2405141592025757,0.03942704200744629,0.07820791006088257,0.9836108684539795,1.0528578622297922,4.427565334988802,4.6615969734790434,-1.0,10.880321199869641,9.393256833150932,239.49278666172782,0.1615219190558797,0.08304498269896193
womersley_leak_dir_only,777,test,wm_032_R12p2_L282p2_a06p3,0.1345486111111111,0.5173611111111112,0.7868055555555555,0.9720486111111111,0.0,0.21770833333333334,0.9699652777777777,0.9852984547615051,0.9748578667640686,0.0,9.836772918701172,11.125304222106934,18.245637893676758,1.1833975315093994,1.2595133781433105,0.03266732767224312,0.08516409248113632,1.607011318206787,3.5635549664683546,0.8763398420088776,3.122885196304829,-1.0,6.307070037448027,12.239067927399056,282.1644184331933,0.08340355636315183,0.08304498269896193
womersley_leak_dir_only,777,test,wm_033_R16p9_L167p1_a02p1,0.0,0.0,0.0,0.9816780821917809,0.0,0.0,0.0,0.9115070104598999,0.9115043878555298,0.0,24.285552978515625,24.158540725708008,26.758712768554688,0.12263622134923935,0.12192519009113312,0.5140915513038635,0.07873326539993286,-0.8468497395515442,23.579713268213716,0.050513105248963935,1.191084538057671,1.0,2.0921065799657117,16.909810540078887,167.13941672229032,0.03385412159184365,0.08304498269896193
womersley_leak_dir_only,777,val,wm_024_R10p1_L185p5_a06p9,0.0,0.02048611111111111,0.32100694444444444,0.9819444444444444,0.0,0.0006944444444444445,0.016840277777777777,0.9389394521713257,0.9452322125434875,0.0,20.125797271728516,18.363239288330078,22.412010192871094,1.684765338897705,1.668103575706482,0.03445331007242203,0.09073495119810104,1.633562684059143,2.1666682256330922,1.5440612768616369,3.3454685070065695,-1.0,6.929361621899541,10.13019792117939,185.51290850826797,0.1077085903681465,0.08304498269896193
womersley_leak_dir_only,777,val,wm_025_R14p6_L277p4_a02p2,0.0001838235294117647,0.24136029411764706,0.5845588235294118,0.9724264705882353,0.0,0.0,0.007352941176470588,0.9690645337104797,0.9618925452232361,0.0,14.288673400878906,14.661581039428711,19.702457427978516,2.0109100341796875,2.0352256298065186,0.019197292625904083,0.07923311740159988,3.1273069381713867,76.1069292794284,0.07139294034387775,5.433497461801954,1.0,2.1527243518364907,14.635843572634595,277.4024293436889,0.024839818199674932,0.08304498269896193
womersley_leak_dir_only,777,val,wm_026_R16p1_L173p1_a06p4,0.5989726027397261,0.9433219178082192,0.9465753424657535,0.9991438356164384,0.42585616438356166,0.8792808219178082,0.9739726027397261,0.9972318410873413,0.9923500418663025,0.0,4.264182090759277,5.052492141723633,7.387925148010254,1.0412667989730835,1.0453599691390991,0.03859727829694748,0.061657510697841644,0.5974574685096741,11.638586333715198,0.5108045582498528,5.945042950846166,1.0,6.35234707406615,16.145957558642593,173.14701111600007,0.049462200976830496,0.08304498269896193
womersley_leak_dir_only,777,val,wm_027_R13p9_L115p3_a03p2,0.2607638888888889,0.9296875,0.9506944444444444,0.9989583333333333,0.13854166666666667,0.6647569444444444,0.9852430555555556,0.9922459125518799,0.9892788529396057,0.0,7.139752388000488,7.424144268035889,9.720723152160645,0.8770442605018616,0.8722476363182068,0.07502167671918869,0.0831199437379837,0.10794569551944733,36.3390203037458,0.17152021176440738,6.232876457809579,1.0,3.177130799823445,13.93588046669706,115.27099829706562,0.029555184430162532,0.08304498269896193
womersley_leak_mag_only,1337,test,wm_028_R16p9_L170p9_a11p3,0.013715277777777778,0.12725694444444444,0.3425347222222222,0.9463541666666667,0.0,0.0,0.002777777777777778,0.9578089714050293,0.931718111038208,0.005729166666666666,16.702701568603516,18.218364715576172,22.01725196838379,1.8391306400299072,1.8156505823135376,0.021849041804671288,0.0913924053311348,3.1829020977020264,2.356353350615163,1.489114804961375,3.5088806601213807,-1.0,11.338325089891944,16.878808428210068,170.9466910940729,0.05449226346446536,0.08304498269896193
womersley_leak_mag_only,1337,test,wm_029_R15p7_L140p1_a07p1,0.00034722222222222224,0.0005208333333333333,0.0024305555555555556,0.01857638888888889,0.0,0.0,0.0,0.28011658787727356,0.3039548695087433,0.003298611111111111,73.73283386230469,71.94828796386719,77.5300521850586,1.5382670164108276,1.6078178882598877,0.012829676270484924,0.07783455401659012,5.06675910949707,8.071870019276021,0.6816181504768951,5.501933113428821,1.0,7.149392859956807,15.730972031964066,140.10607133664715,0.01154620816316866,0.08304498269896193
womersley_leak_mag_only,1337,test,wm_030_R16p8_L186p3_a07p9,0.0,0.0012152777777777778,0.1296875,0.7809027777777777,0.0,0.0005208333333333333,0.2220486111111111,0.9236437082290649,0.8968395590782166,0.0,22.535274505615234,24.37190818786621,35.09906768798828,1.4750092029571533,1.5198428630828857,0.010996272787451744,0.07719185948371887,6.019820213317871,0.9357481164268846,0.7281950996909115,0.6814071929270579,1.0,7.914192820348003,16.847665103447127,186.26469076177037,0.00977671845722567,0.08304498269896193
womersley_leak_mag_only,1337,test,wm_031_R09p4_L239p5_a10p9,0.0,0.0,0.0,0.00017361111111111112,0.0,0.0,0.00017361111111111112,-0.6123062372207642,-0.5669469833374023,0.9996527777777777,127.75643920898438,124.94294738769531,134.16415405273438,0.6652657985687256,0.6734052300453186,0.03942704200744629,0.08373378962278366,1.123765468597412,1.0528578622297922,4.427565334988802,4.6615969734790434,-1.0,10.880321199869641,9.393256833150932,239.49278666172782,0.1615219190558797,0.08304498269896193
womersley_leak_mag_only,1337,test,wm_032_R12p2_L282p2_a06p3,0.0,0.0,0.00017361111111111112,0.011979166666666667,0.0,0.0,0.013541666666666667,0.3827463388442993,0.40844598412513733,0.024652777777777777,67.49609375,65.51073455810547,72.84728240966797,0.8088520169258118,0.8334038853645325,0.03266732767224312,0.09728151559829712,1.9779454469680786,3.5635549664683546,0.8763398420088776,3.122885196304829,-1.0,6.307070037448027,12.239067927399056,282.1644184331933,0.08340355636315183,0.08304498269896193
womersley_leak_mag_only,1337,test,wm_033_R16p9_L167p1_a02p1,0.0,0.0,0.0,0.0,0.0,0.0,0.0,-0.5616952180862427,-0.5642620325088501,1.0,124.17311096191406,124.45860290527344,129.67935180664062,0.09766840934753418,0.09702032059431076,0.5140915513038635,0.1007310152053833,-0.804060161113739,23.579713268213716,0.050513105248963935,1.191084538057671,1.0,2.0921065799657117,16.909810540078887,167.13941672229032,0.03385412159184365,0.08304498269896193
womersley_leak_mag_only,1337,val,wm_024_R10p1_L185p5_a06p9,0.0005208333333333333,0.0005208333333333333,0.0008680555555555555,0.002777777777777778,0.00034722222222222224,0.00034722222222222224,0.001736111111111111,0.024596216157078743,-0.029436323791742325,0.3472222222222222,88.59059143066406,91.65921020507812,101.30914306640625,0.975492000579834,0.9832643866539001,0.03445331007242203,0.12122582644224167,2.5185537338256836,2.1666682256330922,1.5440612768616369,3.3454685070065695,-1.0,6.929361621899541,10.13019792117939,185.51290850826797,0.1077085903681465,0.08304498269896193
womersley_leak_mag_only,1337,val,wm_025_R14p6_L277p4_a02p2,0.0,0.0,0.00625,0.03235294117647059,0.0,0.0,0.024448529411764706,0.7833929061889648,0.7534734606742859,0.007536764705882353,38.42771911621094,40.36161804199219,47.54740524291992,1.0857532024383545,1.133867859840393,0.019197292625904083,0.07284243404865265,2.7944118976593018,76.1069292794284,0.07139294034387775,5.433497461801954,1.0,2.1527243518364907,14.635843572634595,277.4024293436889,0.024839818199674932,0.08304498269896193
womersley_leak_mag_only,1337,val,wm_026_R16p1_L173p1_a06p4,0.0,0.0,0.0,0.0,0.0,0.0,0.0,-0.998801589012146,-0.9939916133880615,1.0,177.1947021484375,175.90396118164062,179.22100830078125,1.1457645893096924,1.1659196615219116,0.03859727829694748,0.06203893572092056,0.60733962059021,11.638586333715198,0.5108045582498528,5.945042950846166,1.0,6.35234707406615,16.145957558642593,173.14701111600007,0.049462200976830496,0.08304498269896193
womersley_leak_mag_only,1337,val,wm_027_R13p9_L115p3_a03p2,0.0,0.0,0.0,0.0020833333333333333,0.0,0.0,0.0,0.07300793379545212,0.06865469366312027,0.03680555555555556,85.81322479248047,86.24404907226562,88.27153015136719,0.36320048570632935,0.35086703300476074,0.07502167671918869,0.061941977590322495,-0.17434559762477875,36.3390203037458,0.17152021176440738,6.232876457809579,1.0,3.177130799823445,13.93588046669706,115.27099829706562,0.029555184430162532,0.08304498269896193
womersley_leak_mag_only,2026,test,wm_028_R16p9_L170p9_a11p3,0.0,0.0,0.0,0.0,0.0,0.0,0.0,-0.28486335277557373,-0.26383450627326965,1.0,106.55067443847656,105.39012908935547,113.50123596191406,15.412765502929688,15.58266830444336,0.021849041804671288,0.35707440972328186,15.342795372009277,2.356353350615163,1.489114804961375,3.5088806601213807,-1.0,11.338325089891944,16.878808428210068,170.9466910940729,0.05449226346446536,0.08304498269896193
womersley_leak_mag_only,2026,test,wm_029_R15p7_L140p1_a07p1,0.0,0.0,0.0,0.0,0.0,0.0,0.0,0.6235423684120178,0.6227797865867615,0.0,51.424713134765625,51.417057037353516,55.40541076660156,28.14496612548828,28.061098098754883,0.012829676270484924,0.45305708050727844,34.313209533691406,8.071870019276021,0.6816181504768951,5.501933113428821,1.0,7.149392859956807,15.730972031964066,140.10607133664715,0.01154620816316866,0.08304498269896193
womersley_leak_mag_only,2026,test,wm_030_R16p8_L186p3_a07p9,0.0,0.0,0.0,0.0,0.0,0.0,0.0,0.18820853531360626,0.1843988597393036,0.015625,79.15174102783203,79.33580017089844,86.42289733886719,25.79517936706543,25.804670333862305,0.010996272787451744,0.44630134105682373,39.58660125732422,0.9357481164268846,0.7281950996909115,0.6814071929270579,1.0,7.914192820348003,16.847665103447127,186.26469076177037,0.00977671845722567,0.08304498269896193
womersley_leak_mag_only,2026,test,wm_031_R09p4_L239p5_a10p9,0.0,0.0,0.0,0.0,0.0,0.0,0.0,0.13318699598312378,0.12764853239059448,0.022743055555555555,82.34619903564453,82.65443420410156,86.99103546142578,7.418818473815918,7.319661617279053,0.03942704200744629,0.43978992104530334,10.154524803161621,1.0528578622297922,4.427565334988802,4.6615969734790434,-1.0,10.880321199869641,9.393256833150932,239.49278666172782,0.1615219190558797,0.08304498269896193
womersley_leak_mag_only,2026,test,wm_032_R12p2_L282p2_a06p3,0.0,0.0,0.0,0.0,0.0,0.0,0.0,0.5183273553848267,0.4931110441684723,0.0,58.779876708984375,60.17368698120117,71.4268569946289,7.809457778930664,8.091650009155273,0.03266732767224312,0.4306812882423401,12.183854103088379,3.5635549664683546,0.8763398420088776,3.122885196304829,-1.0,6.307070037448027,12.239067927399056,282.1644184331933,0.08340355636315183,0.08304498269896193
womersley_leak_mag_only,2026,test,wm_033_R16p9_L167p1_a02p1,0.0,0.0,0.0,0.0,0.0,0.0,0.0,0.2224154770374298,0.22942973673343658,0.0,77.1490478515625,76.69904327392578,80.99419403076172,0.8397868871688843,0.8221136331558228,0.5140915513038635,0.463215708732605,-0.09896261245012283,23.579713268213716,0.050513105248963935,1.191084538057671,1.0,2.0921065799657117,16.909810540078887,167.13941672229032,0.03385412159184365,0.08304498269896193
womersley_leak_mag_only,2026,val,wm_024_R10p1_L185p5_a06p9,0.0,0.0,0.0,0.0,0.0,0.0,0.0,-0.24969512224197388,-0.2592281699180603,0.9994791666666667,104.45946502685547,105.10115814208984,111.11140441894531,9.103038787841797,9.254240989685059,0.03445331007242203,0.4793723225593567,12.913680076599121,2.1666682256330922,1.5440612768616369,3.3454685070065695,-1.0,6.929361621899541,10.13019792117939,185.51290850826797,0.1077085903681465,0.08304498269896193
womersley_leak_mag_only,2026,val,wm_025_R14p6_L277p4_a02p2,0.0,0.0,0.0,0.0,0.0,0.0,0.0,0.45251888036727905,0.441549152135849,0.0,63.09458923339844,63.61161422729492,74.23898315429688,12.699078559875488,12.672853469848633,0.019197292625904083,0.42358800768852234,21.064987182617188,76.1069292794284,0.07139294034387775,5.433497461801954,1.0,2.1527243518364907,14.635843572634595,277.4024293436889,0.024839818199674932,0.08304498269896193
womersley_leak_mag_only,2026,val,wm_026_R16p1_L173p1_a06p4,0.0,0.0,0.0,0.0,0.0,0.0,0.0,-0.3976430892944336,-0.41187584400177,1.0,113.43091583251953,114.60466766357422,122.88497161865234,7.281879425048828,7.212085247039795,0.03859727829694748,0.3538214862346649,8.16700553894043,11.638586333715198,0.5108045582498528,5.945042950846166,1.0,6.35234707406615,16.145957558642593,173.14701111600007,0.049462200976830496,0.08304498269896193
womersley_leak_mag_only,2026,val,wm_027_R13p9_L115p3_a03p2,0.0,0.0,0.0,0.0,0.0,0.0,0.0,-0.8866330981254578,-0.8671516180038452,1.0,152.4531707763672,150.9427947998047,158.36386108398438,3.3280630111694336,3.3198256492614746,0.07502167671918869,0.3511902987957001,3.6811842918395996,36.3390203037458,0.17152021176440738,6.232876457809579,1.0,3.177130799823445,13.93588046669706,115.27099829706562,0.029555184430162532,0.08304498269896193
womersley_leak_mag_only,777,test,wm_028_R16p9_L170p9_a11p3,0.0,0.004166666666666667,0.1015625,0.6536458333333334,0.0,0.0,0.2795138888888889,0.9325292110443115,0.8964409828186035,0.0,21.16742706298828,24.83507537841797,36.614227294921875,1.6210637092590332,1.8248664140701294,0.021849041804671288,0.08340418338775635,2.8172924518585205,2.356353350615163,1.489114804961375,3.5088806601213807,-1.0,11.338325089891944,16.878808428210068,170.9466910940729,0.05449226346446536,0.08304498269896193
womersley_leak_mag_only,777,test,wm_029_R15p7_L140p1_a07p1,0.0,0.0,0.0,0.0,0.0,0.0,0.0,0.30050644278526306,0.2810560464859009,0.003125,72.51197814941406,73.54749298095703,81.91117095947266,2.6388914585113525,2.647355079650879,0.012829676270484924,0.08496697247028351,5.622690200805664,8.071870019276021,0.6816181504768951,5.501933113428821,1.0,7.149392859956807,15.730972031964066,140.10607133664715,0.01154620816316866,0.08304498269896193
womersley_leak_mag_only,777,test,wm_030_R16p8_L186p3_a07p9,0.0,0.0,0.0,0.9114583333333334,0.0,0.0,0.0,0.9024802446365356,0.8940809369087219,0.0,25.51397132873535,26.192684173583984,29.764816284179688,3.0327768325805664,3.0341031551361084,0.010996272787451744,0.08644723147153854,6.861502647399902,0.9357481164268846,0.7281950996909115,0.6814071929270579,1.0,7.914192820348003,16.847665103447127,186.26469076177037,0.00977671845722567,0.08304498269896193
womersley_leak_mag_only,777,test,wm_031_R09p4_L239p5_a10p9,0.0,0.0,0.0,0.0,0.0,0.0,0.0,0.19055861234664917,0.1487838625907898,0.27934027777777776,79.01461029052734,81.19091033935547,102.254150390625,0.5822193622589111,0.5830686688423157,0.03942704200744629,0.07300376892089844,0.8516166806221008,1.0528578622297922,4.427565334988802,4.6615969734790434,-1.0,10.880321199869641,9.393256833150932,239.49278666172782,0.1615219190558797,0.08304498269896193
womersley_leak_mag_only,777,test,wm_032_R12p2_L282p2_a06p3,0.00017361111111111112,0.002777777777777778,0.013020833333333334,0.02013888888888889,0.0015625,0.0046875,0.02013888888888889,0.551746129989624,0.5668852925300598,0.0,56.51310729980469,54.87894821166992,63.6879997253418,1.0660898685455322,1.107120156288147,0.03266732767224312,0.08152893930673599,1.495733380317688,3.5635549664683546,0.8763398420088776,3.122885196304829,-1.0,6.307070037448027,12.239067927399056,282.1644184331933,0.08340355636315183,0.08304498269896193
womersley_leak_mag_only,777,test,wm_033_R16p9_L167p1_a02p1,0.0,0.0,0.0,0.0,0.0,0.0,0.0,-0.8390179872512817,-0.8303571939468384,1.0,147.03656005859375,146.4488067626953,149.8802032470703,0.07566322386264801,0.07541438937187195,0.5140915513038635,0.07872386276721954,-0.8468680381774902,23.579713268213716,0.050513105248963935,1.191084538057671,1.0,2.0921065799657117,16.909810540078887,167.13941672229032,0.03385412159184365,0.08304498269896193
womersley_leak_mag_only,777,val,wm_024_R10p1_L185p5_a06p9,0.0,0.0,0.0,0.0,0.0,0.0,0.0,0.6650943756103516,0.6428759098052979,0.0038194444444444443,48.3104362487793,49.60021209716797,59.30086898803711,1.057938814163208,1.0611966848373413,0.03445331007242203,0.07057060301303864,1.0482966899871826,2.1666682256330922,1.5440612768616369,3.3454685070065695,-1.0,6.929361621899541,10.13019792117939,185.51290850826797,0.1077085903681465,0.08304498269896193
womersley_leak_mag_only,777,val,wm_025_R14p6_L277p4_a02p2,0.007352941176470588,0.008823529411764706,0.016911764705882352,0.021323529411764706,0.0029411764705882353,0.008823529411764706,0.020036764705882355,0.7621960639953613,0.7578883171081543,0.0,40.34181213378906,40.36779022216797,42.84076690673828,1.847256064414978,1.8514982461929321,0.019197292625904083,0.07842475175857544,3.0851986408233643,76.1069292794284,0.07139294034387775,5.433497461801954,1.0,2.1527243518364907,14.635843572634595,277.4024293436889,0.024839818199674932,0.08304498269896193
womersley_leak_mag_only,777,val,wm_026_R16p1_L173p1_a06p4,0.0,0.0,0.0,0.0,0.0,0.0,0.0,-0.9857414960861206,-0.9718957543373108,1.0,170.31292724609375,168.95809936523438,177.24441528320312,1.3329238891601562,1.3413372039794922,0.03859727829694748,0.08914362639188766,1.3095831871032715,11.638586333715198,0.5108045582498528,5.945042950846166,1.0,6.35234707406615,16.145957558642593,173.14701111600007,0.049462200976830496,0.08304498269896193
womersley_leak_mag_only,777,val,wm_027_R13p9_L115p3_a03p2,0.0005208333333333333,0.0020833333333333333,0.002951388888888889,0.017361111111111112,0.0,0.0,0.0,0.7860589623451233,0.7657092809677124,0.001388888888888889,38.1812744140625,39.293212890625,49.5782356262207,0.23083744943141937,0.2311195433139801,0.07502167671918869,0.06498528271913528,-0.13377992808818817,36.3390203037458,0.17152021176440738,6.232876457809579,1.0,3.177130799823445,13.93588046669706,115.27099829706562,0.029555184430162532,0.08304498269896193
womersley_noleak,1337,test,wm_028_R16p9_L170p9_a11p3,0.01579861111111111,0.4083333333333333,0.8414930555555555,0.9522569444444444,0.0,0.0,0.0,0.9824453592300415,0.9578481316566467,0.005381944444444444,10.751537322998047,12.888514518737793,15.770601272583008,2.156949996948242,2.0509109497070312,0.021849041804671288,0.08253394812345505,2.777462959289551,2.356353350615163,1.489114804961375,3.5088806601213807,-1.0,11.338325089891944,16.878808428210068,170.9466910940729,0.05449226346446536,0.08304498269896193
womersley_noleak,1337,test,wm_029_R15p7_L140p1_a07p1,0.0,0.00034722222222222224,0.002777777777777778,0.01875,0.0,0.0,0.0026041666666666665,0.18530520796775818,0.21662487089633942,0.007465277777777778,79.32107543945312,77.10913848876953,82.3170394897461,1.6352012157440186,1.7023279666900635,0.012829676270484924,0.07642149925231934,4.9566192626953125,8.071870019276021,0.6816181504768951,5.501933113428821,1.0,7.149392859956807,15.730972031964066,140.10607133664715,0.01154620816316866,0.08304498269896193
womersley_noleak,1337,test,wm_030_R16p8_L186p3_a07p9,0.0,0.05590277777777778,0.15850694444444444,0.5102430555555556,0.0,0.04756944444444444,0.31059027777777776,0.8687520027160645,0.8548699021339417,0.0,29.686063766479492,28.81361198425293,39.71332931518555,1.4221457242965698,1.5411733388900757,0.010996272787451744,0.07198308408260345,5.5461344718933105,0.9357481164268846,0.7281950996909115,0.6814071929270579,1.0,7.914192820348003,16.847665103447127,186.26469076177037,0.00977671845722567,0.08304498269896193
womersley_noleak,1337,test,wm_031_R09p4_L239p5_a10p9,0.0,0.0,0.0,0.00017361111111111112,0.0,0.0,0.00017361111111111112,-0.602746844291687,-0.5992497205734253,0.9996527777777777,127.06687927246094,127.0306625366211,133.1436767578125,0.7941100001335144,0.8055229783058167,0.03942704200744629,0.08298477530479431,1.104767918586731,1.0528578622297922,4.427565334988802,4.6615969734790434,-1.0,10.880321199869641,9.393256833150932,239.49278666172782,0.1615219190558797,0.08304498269896193
womersley_noleak,1337,test,wm_032_R12p2_L282p2_a06p3,0.005555555555555556,0.012673611111111111,0.019791666666666666,0.022395833333333334,0.005729166666666666,0.00798611111111111,0.06111111111111111,0.569718062877655,0.572130560874939,0.014930555555555556,55.269432067871094,54.273040771484375,63.92949676513672,0.8249003887176514,0.8578706383705139,0.03266732767224312,0.07732446491718292,1.3670275211334229,3.5635549664683546,0.8763398420088776,3.122885196304829,-1.0,6.307070037448027,12.239067927399056,282.1644184331933,0.08340355636315183,0.08304498269896193
womersley_noleak,1337,test,wm_033_R16p9_L167p1_a02p1,0.0,0.0,0.0,0.0,0.0,0.0,0.0,-0.5347030162811279,-0.538840115070343,1.0,122.32376861572266,122.65560913085938,125.65204620361328,0.11096115410327911,0.11036475002765656,0.5140915513038635,0.10212065279483795,-0.801357090473175,23.579713268213716,0.050513105248963935,1.191084538057671,1.0,2.0921065799657117,16.909810540078887,167.13941672229032,0.03385412159184365,0.08304498269896193
womersley_noleak,1337,val,wm_024_R10p1_L185p5_a06p9,0.0,0.0,0.0,0.0006944444444444445,0.0,0.0,0.0006944444444444445,-0.01111341267824173,-0.03263231739401817,0.6555555555555556,90.63676452636719,91.86978912353516,97.88226318359375,1.0844955444335938,1.0976673364639282,0.03445331007242203,0.09450098872184753,1.7428711652755737,2.1666682256330922,1.5440612768616369,3.3454685070065695,-1.0,6.929361621899541,10.13019792117939,185.51290850826797,0.1077085903681465,0.08304498269896193
womersley_noleak,1337,val,wm_025_R14p6_L277p4_a02p2,0.0014705882352941176,0.005147058823529412,0.011397058823529411,0.06856617647058824,0.0003676470588235294,0.006066176470588235,0.07702205882352942,0.7781761288642883,0.7672142386436462,0.003676470588235294,38.90611267089844,39.13323211669922,44.68125915527344,1.2332855463027954,1.2930511236190796,0.019197292625904083,0.07051143050193787,2.672988176345825,76.1069292794284,0.07139294034387775,5.433497461801954,1.0,2.1527243518364907,14.635843572634595,277.4024293436889,0.024839818199674932,0.08304498269896193
womersley_noleak,1337,val,wm_026_R16p1_L173p1_a06p4,0.0,0.0,0.0,0.0,0.0,0.0,0.0,-0.9953676462173462,-0.9895582795143127,1.0,174.4829559326172,173.60548400878906,178.10462951660156,1.2304878234863281,1.2334672212600708,0.03859727829694748,0.07058237493038177,0.8286879062652588,11.638586333715198,0.5108045582498528,5.945042950846166,1.0,6.35234707406615,16.145957558642593,173.14701111600007,0.049462200976830496,0.08304498269896193
womersley_noleak,1337,val,wm_027_R13p9_L115p3_a03p2,0.0,0.0,0.0,0.016319444444444445,0.0,0.0,0.0,0.08000638335943222,0.06954158842563629,0.30086805555555557,85.41107177734375,86.00460815429688,96.03125762939453,0.3274800777435303,0.32926782965660095,0.07502167671918869,0.0589921772480011,-0.21366490423679352,36.3390203037458,0.17152021176440738,6.232876457809579,1.0,3.177130799823445,13.93588046669706,115.27099829706562,0.029555184430162532,0.08304498269896193
womersley_noleak,2026,test,wm_028_R16p9_L170p9_a11p3,0.0,0.0,0.0,0.0,0.0,0.0,0.0,0.38262611627578735,0.33655187487602234,0.050694444444444445,67.50355529785156,70.04630279541016,84.54720306396484,1.383324146270752,1.7104039192199707,0.021849041804671288,0.11810742318630219,4.405611038208008,2.356353350615163,1.489114804961375,3.5088806601213807,-1.0,11.338325089891944,16.878808428210068,170.9466910940729,0.05449226346446536,0.08304498269896193
womersley_noleak,2026,test,wm_029_R15p7_L140p1_a07p1,0.0,0.0,0.0,0.0067708333333333336,0.0,0.0,0.0,0.5095744132995605,0.27302369475364685,0.303125,59.36450958251953,72.16108703613281,131.3329315185547,1.5725630521774292,1.8754992485046387,0.012829676270484924,0.07261102646589279,4.6596150398254395,8.071870019276021,0.6816181504768951,5.501933113428821,1.0,7.149392859956807,15.730972031964066,140.10607133664715,0.01154620816316866,0.08304498269896193
womersley_noleak,2026,test,wm_030_R16p8_L186p3_a07p9,0.0,0.0,0.0,0.008506944444444444,0.0,0.0,0.0,0.7919769287109375,0.7459837198257446,0.0,37.629356384277344,40.938716888427734,54.36235427856445,3.2923903465270996,3.26275634765625,0.010996272787451744,0.07494132965803146,5.815157413482666,0.9357481164268846,0.7281950996909115,0.6814071929270579,1.0,7.914192820348003,16.847665103447127,186.26469076177037,0.00977671845722567,0.08304498269896193
womersley_noleak,2026,test,wm_031_R09p4_L239p5_a10p9,0.00017361111111111112,0.00034722222222222224,0.0006944444444444445,0.09704861111111111,0.0,0.0,0.003993055555555555,-0.1505698561668396,-0.07162132114171982,0.5402777777777777,98.65994262695312,94.64258575439453,147.4488067626953,0.4821387529373169,0.5141510963439941,0.03942704200744629,0.08843456208705902,1.2429925203323364,1.0528578622297922,4.427565334988802,4.6615969734790434,-1.0,10.880321199869641,9.393256833150932,239.49278666172782,0.1615219190558797,0.08304498269896193
womersley_noleak,2026,test,wm_032_R12p2_L282p2_a06p3,0.0875,0.24166666666666667,0.3949652777777778,0.6512152777777778,0.0,0.029166666666666667,0.34930555555555554,0.945416271686554,0.7910326719284058,0.043402777777777776,19.017993927001953,29.66783905029297,74.45037078857422,1.1110330820083618,1.178182601928711,0.03266732767224312,0.08885078132152557,1.7198668718338013,3.5635549664683546,0.8763398420088776,3.122885196304829,-1.0,6.307070037448027,12.239067927399056,282.1644184331933,0.08340355636315183,0.08304498269896193
womersley_noleak,2026,test,wm_033_R16p9_L167p1_a02p1,0.0,0.0,0.0,0.0,0.0,0.0,0.0,-0.2396155595779419,-0.2524317800998688,0.9736301369863014,103.86384582519531,104.83853912353516,113.95193481445312,0.07450705021619797,0.07739951461553574,0.5140915513038635,0.11413310468196869,-0.7779906988143921,23.579713268213716,0.050513105248963935,1.191084538057671,1.0,2.0921065799657117,16.909810540078887,167.13941672229032,0.03385412159184365,0.08304498269896193
womersley_noleak,2026,val,wm_024_R10p1_L185p5_a06p9,0.021354166666666667,0.06267361111111111,0.07777777777777778,0.12690972222222222,0.009895833333333333,0.06736111111111111,0.12881944444444443,0.4924759864807129,0.4440227150917053,0.1762152777777778,60.496543884277344,59.73480224609375,95.95451354980469,0.8799357414245605,0.8960074782371521,0.03445331007242203,0.09830235689878464,1.8532049655914307,2.1666682256330922,1.5440612768616369,3.3454685070065695,-1.0,6.929361621899541,10.13019792117939,185.51290850826797,0.1077085903681465,0.08304498269896193
womersley_noleak,2026,val,wm_025_R14p6_L277p4_a02p2,0.0022058823529411764,0.003676470588235294,0.1801470588235294,0.5957720588235295,0.0,0.0,0.02886029411764706,0.8946381211280823,0.8396692872047424,0.0,26.538013458251953,29.611356735229492,54.006614685058594,2.1168415546417236,2.200319766998291,0.019197292625904083,0.07764248549938202,3.044449806213379,76.1069292794284,0.07139294034387775,5.433497461801954,1.0,2.1527243518364907,14.635843572634595,277.4024293436889,0.024839818199674932,0.08304498269896193
womersley_noleak,2026,val,wm_026_R16p1_L173p1_a06p4,0.0,0.0,0.0,0.0,0.0,0.0,0.0,-0.8110148310661316,-0.7632662653923035,1.0,144.1951904296875,141.09681701660156,153.9664306640625,0.8503632545471191,0.881644070148468,0.03859727829694748,0.08394230157136917,1.1748243570327759,11.638586333715198,0.5108045582498528,5.945042950846166,1.0,6.35234707406615,16.145957558642593,173.14701111600007,0.049462200976830496,0.08304498269896193
womersley_noleak,2026,val,wm_027_R13p9_L115p3_a03p2,0.0,0.0,0.0,0.0,0.0,0.0,0.0,-0.16599053144454956,-0.21066856384277344,0.653125,99.55477905273438,103.25750732421875,134.82373046875,0.27699601650238037,0.30363738536834717,0.07502167671918869,0.11019603908061981,0.46885597705841064,36.3390203037458,0.17152021176440738,6.232876457809579,1.0,3.177130799823445,13.93588046669706,115.27099829706562,0.029555184430162532,0.08304498269896193
womersley_noleak,777,test,wm_028_R16p9_L170p9_a11p3,0.004166666666666667,0.010243055555555556,0.5657986111111111,0.9899305555555555,0.0,0.0,0.0,0.9685533046722412,0.96120285987854,0.0,14.406883239746094,15.486026763916016,20.863441467285156,2.7613518238067627,2.6813254356384277,0.021849041804671288,0.08494025468826294,2.8875961303710938,2.356353350615163,1.489114804961375,3.5088806601213807,-1.0,11.338325089891944,16.878808428210068,170.9466910940729,0.05449226346446536,0.08304498269896193
womersley_noleak,777,test,wm_029_R15p7_L140p1_a07p1,0.0,0.0,0.0,0.0,0.0,0.0,0.0,0.23864144086837769,0.22322829067707062,0.01545138888888889,76.1936264038086,77.0220718383789,84.99771881103516,1.8050346374511719,1.8445212841033936,0.012829676270484924,0.06711111962795258,4.230928421020508,8.071870019276021,0.6816181504768951,5.501933113428821,1.0,7.149392859956807,15.730972031964066,140.10607133664715,0.01154620816316866,0.08304498269896193
womersley_noleak,777,test,wm_030_R16p8_L186p3_a07p9,0.0019097222222222222,0.010069444444444445,0.044097222222222225,0.9748263888888888,0.0,0.0,0.0008680555555555555,0.9415780305862427,0.9363583326339722,0.0,19.681716918945312,20.03934669494629,22.249521255493164,1.8848553895950317,1.9331082105636597,0.010996272787451744,0.07325206696987152,5.661535739898682,0.9357481164268846,0.7281950996909115,0.6814071929270579,1.0,7.914192820348003,16.847665103447127,186.26469076177037,0.00977671845722567,0.08304498269896193
womersley_noleak,777,test,wm_031_R09p4_L239p5_a10p9,0.0,0.0,0.0,0.0,0.0,0.0,0.0,-0.3411235213279724,-0.35074079036712646,1.0,109.94534301757812,110.78366088867188,121.20699310302734,0.9123984575271606,0.9077770709991455,0.03942704200744629,0.05566263943910599,0.41178837418556213,1.0528578622297922,4.427565334988802,4.6615969734790434,-1.0,10.880321199869641,9.393256833150932,239.49278666172782,0.1615219190558797,0.08304498269896193
womersley_noleak,777,test,wm_032_R12p2_L282p2_a06p3,0.0,0.0,0.0,0.024826388888888887,0.0,0.0,0.058333333333333334,0.7429759502410889,0.7351993322372437,0.0,42.01445770263672,42.30098342895508,50.70461654663086,0.7942013740539551,0.8389445543289185,0.03266732767224312,0.07241812348365784,1.2168364524841309,3.5635549664683546,0.8763398420088776,3.122885196304829,-1.0,6.307070037448027,12.239067927399056,282.1644184331933,0.08340355636315183,0.08304498269896193
womersley_noleak,777,test,wm_033_R16p9_L167p1_a02p1,0.0,0.0,0.0,0.0,0.0,0.0,0.0,-0.7582820653915405,-0.7565163969993591,1.0,139.31298828125,139.25265502929688,140.6248016357422,0.10219626128673553,0.10265153646469116,0.5140915513038635,0.06642105430364609,-0.87079918384552,23.579713268213716,0.050513105248963935,1.191084538057671,1.0,2.0921065799657117,16.909810540078887,167.13941672229032,0.03385412159184365,0.08304498269896193
womersley_noleak,777,val,wm_024_R10p1_L185p5_a06p9,0.0,0.0,0.0,0.0,0.0,0.0,0.0,0.29015612602233887,0.27705928683280945,0.006597222222222222,73.13269805908203,73.84535217285156,80.83202362060547,1.3138811588287354,1.3223707675933838,0.03445331007242203,0.06065773218870163,0.7605777978897095,2.1666682256330922,1.5440612768616369,3.3454685070065695,-1.0,6.929361621899541,10.13019792117939,185.51290850826797,0.1077085903681465,0.08304498269896193
womersley_noleak,777,val,wm_025_R14p6_L277p4_a02p2,0.059375,0.1420955882352941,0.21268382352941176,0.9643382352941177,0.03529411764705882,0.12095588235294118,0.5803308823529412,0.9431135654449463,0.9407516717910767,0.0,19.418807983398438,18.48251724243164,25.805021286010742,1.2895917892456055,1.3019235134124756,0.019197292625904083,0.0678492859005928,2.534315347671509,76.1069292794284,0.07139294034387775,5.433497461801954,1.0,2.1527243518364907,14.635843572634595,277.4024293436889,0.024839818199674932,0.08304498269896193
womersley_noleak,777,val,wm_026_R16p1_L173p1_a06p4,0.0,0.0,0.0,0.0,0.0,0.0,0.0,-0.9948141574859619,-0.99128657579422,1.0,174.16238403320312,173.19534301757812,174.98263549804688,1.0465021133422852,1.045855164527893,0.03859727829694748,0.07203564047813416,0.866339921951294,11.638586333715198,0.5108045582498528,5.945042950846166,1.0,6.35234707406615,16.145957558642593,173.14701111600007,0.049462200976830496,0.08304498269896193
womersley_noleak,777,val,wm_027_R13p9_L115p3_a03p2,0.0,0.0,0.0,0.0,0.0,0.0,0.0,0.3069254159927368,0.29964107275009155,0.0008680555555555555,72.12596130371094,72.5488510131836,73.63290405273438,0.25577425956726074,0.2577417194843292,0.07502167671918869,0.055310528725385666,-0.262739360332489,36.3390203037458,0.17152021176440738,6.232876457809579,1.0,3.177130799823445,13.93588046669706,115.27099829706562,0.029555184430162532,0.08304498269896193
