variant,seed,split,case,R_mm,L_mm,alpha_womersley,kappa,eps,De,pp_dir_10deg,cos_signed_median,frac_flipped,angle_median_deg
cosserat_sweep_withleak,1337,test,cs_008_R10p3_L219p9_a10p1_k0p005,10.332632062001387,219.86319845391617,10.142430618716505,0.0053904580648451985,0.046995732503942136,0.05569761982969345,1.0,0.99881911277771,0.0,2.7847042083740234
cosserat_sweep_withleak,1337,test,cs_011_R14p0_L181p9_a03p0_k0p014,14.044006058026058,181.87220676453305,3.0168575708216334,0.014121937351325617,0.077219088654973,0.1983285737130814,1.0,0.9997321367263794,0.0,1.3261842727661133
cosserat_sweep_withleak,1337,test,cs_036_R17p3_L276p1_a08p0_k0p003,17.31499466778154,276.12701618004564,8.021361701813102,0.0029834969688785585,0.06270663011290241,0.05165923410747463,1.0,0.9991751313209534,0.0,2.327340602874756
cosserat_sweep_withleak,1337,test,cs_041_R16p4_L126p5_a08p0_k0p021,16.380952953924872,126.50298452981617,7.9710182832138035,0.02124330119733147,0.1294906441520671,0.34798551749954276,1.0,0.9992018938064575,0.0,2.289268732070923
cosserat_sweep_withleak,1337,test,cs_042_R09p1_L132p8_a10p7_k0p011,9.07428353129959,132.76355859514942,10.712075744884107,0.010660025037295294,0.06834920385774537,0.09673208963916997,1.0,0.9996234774589539,0.0,1.572340965270996
cosserat_sweep_withleak,1337,test,cs_043_R12p3_L259p6_a06p1_k0p020,12.297612930140655,259.5885815717731,6.138198863286343,0.01974936588961313,0.04737347403988381,0.24287005732618525,1.0,0.99954754114151,0.0,1.723628044128418
cosserat_sweep_withleak,1337,test,cs_069_R13p1_L102p9_a09p7_k0p009,13.148822734681907,102.86134202123537,9.659537039244858,0.008785096495739686,0.12783055787826858,0.11551367652955634,1.0,0.9995160698890686,0.0,1.782569408416748
cosserat_sweep_withleak,1337,test,cs_073_R17p1_L219p1_a08p8_k0p003,17.052436405248233,219.11549442691114,8.814141439119714,0.0029927805368692127,0.07782396425158468,0.05103419977982692,1.0,0.9996287822723389,0.0,1.561161994934082
cosserat_sweep_withleak,1337,test,cs_077_R09p2_L151p4_a10p0_k0p005,9.20785348784141,151.41657260303316,9.988312383907285,0.005444190983975563,0.06081139818150236,0.050129312940274146,1.0,0.9999500513076782,0.0,0.5726661086082458
cosserat_sweep_withleak,1337,test,cs_101_R17p1_L296p7_a11p6_k0p014,17.06116325157632,296.7454777876344,11.553969292706446,0.014261996667051307,0.05749426538451287,0.2433262534299997,1.0,0.9993202090263367,0.0,2.1127586364746094
cosserat_sweep_withleak,1337,test,cs_103_R15p3_L286p2_a07p5_k0p006,15.26161829168939,286.18579683017697,7.52249632089859,0.006024006987283315,0.05332765797858813,0.09193609522638774,1.0,0.9998588562011719,0.0,0.9626615643501282
cosserat_sweep_withleak,1337,test,cs_108_R15p3_L157p3_a02p2_k0p017,15.293754870832325,157.25614939483324,2.219900141123518,0.01652590291086547,0.09725377945274051,0.25274310813795087,1.0,0.9996538162231445,0.0,1.5077252388000488
cosserat_sweep_withleak,1337,test,cs_127_R09p9_L248p0_a10p7_k0p027,9.92130915509264,248.0385827557328,10.675877396634963,0.026674469300049557,0.03999905597292941,0.26464565647381927,1.0,0.9994677305221558,0.0,1.8694878816604614
cosserat_sweep_withleak,1337,test,cs_141_R11p5_L262p4_a02p2_k0p000,11.458340278600033,262.4340458867466,2.23603363554198,0.00012757021987368057,0.04366179029814172,0.0014617429887284563,1.0,0.9998395442962646,0.0,1.0265055894851685
cosserat_sweep_withleak,1337,test,cs_145_R10p7_L132p0_a11p4_k0p027,10.68541526716421,132.04906413974186,11.393989353830287,0.02683932389225749,0.08092003784181533,0.28678932127869333,0.6165662064942641,0.9930561780929565,0.0,6.755982398986816
cosserat_sweep_withleak,1337,test,cs_150_R11p5_L181p7_a04p6_k0p020,11.518299636477002,181.71355082438,4.598057815988547,0.019514730234116283,0.0633871254192212,0.22477651016156833,1.0,0.999536395072937,0.0,1.7446739673614502
cosserat_sweep_withleak,1337,test,cs_167_R08p2_L205p2_a11p9_k0p029,8.167573366253167,205.18563210404523,11.938348744333847,0.028818352151288754,0.03980577627439121,0.23537600549017068,1.0,0.9991863965988159,0.0,2.3113908767700195
cosserat_sweep_withleak,1337,test,cs_203_R08p2_L122p5_a11p7_k0p007,8.217382794358745,122.54736312710918,11.737120847034058,0.006959456601839249,0.0670547499731632,0.057188518938040216,1.0,0.9997574090957642,0.0,1.2620705366134644
cosserat_sweep_withleak,1337,test,cs_204_R12p4_L232p8_a05p2_k0p008,12.432576699850076,232.80822831481788,5.207207074882933,0.008287663442116892,0.05340265157225443,0.10303701140666176,1.0,0.9997437596321106,0.0,1.2970916032791138
cosserat_sweep_withleak,1337,test,cs_206_R09p6_L215p3_a11p8_k0p017,9.638041884761433,215.2839528442758,11.817075619528502,0.017454471858595003,0.04476897491627277,0.16822693084952836,1.0,0.999457597732544,0.0,1.887148380279541
cosserat_sweep_withleak,1337,test,cs_207_R14p8_L249p3_a02p6_k0p016,14.829240881322207,249.25664949252578,2.6215250192799315,0.01590100405059888,0.059493862697399674,0.23579981932121089,1.0,0.9998539686203003,0.0,0.9790878891944885
cosserat_sweep_withleak,1337,test,cs_209_R10p1_L101p7_a07p4_k0p010,10.120819917927488,101.7083360980719,7.440285153684869,0.00990678838805335,0.0995082635917721,0.1002648212405031,1.0,0.9999350905418396,0.0,0.6528207659721375
cosserat_sweep_withleak,1337,test,cs_212_R12p3_L211p8_a06p3_k0p019,12.338677853831664,211.80580528278526,6.342760122167442,0.018696010110296455,0.05825467265808934,0.23068404590292776,1.0,0.9998077154159546,0.0,1.1236131191253662
cosserat_sweep_withleak,1337,test,cs_221_R10p5_L204p7_a03p8_k0p014,10.490382252632225,204.67218480322697,3.8459641754550846,0.0138257058482252,0.05125455744129443,0.14503693926033523,1.0,0.9992485642433167,0.0,2.221318006515503
cosserat_sweep_withleak,1337,test,cs_227_R14p4_L277p1_a05p3_k0p014,14.418427658248241,277.1340038172114,5.301363838105172,0.01396688597456547,0.052026916436274516,0.20138053503527423,1.0,0.9995627403259277,0.0,1.6944280862808228
cosserat_sweep_withleak,1337,test,cs_231_R13p0_L240p3_a05p5_k0p019,12.97148968239227,240.34910386029168,5.529877524013183,0.019003727820144537,0.053969369862648796,0.2465066593459958,1.0,0.9996991157531738,0.0,1.405556321144104
cosserat_sweep_withleak,1337,test,cs_232_R15p7_L186p4_a07p6_k0p012,15.654714235548212,186.38536863997828,7.595966650351917,0.01240612882235181,0.08399111126467677,0.19421440148331587,1.0,0.9990909695625305,0.0,2.443203926086426
cosserat_sweep_withleak,1337,test,cs_234_R09p0_L188p8_a06p9_k0p030,9.039784318877945,188.7543935856657,6.857262450562726,0.029651210053235406,0.0478917822634696,0.2680405436749935,1.0,0.999599277973175,0.0,1.622085452079773
cosserat_sweep_withleak,1337,test,cs_237_R11p3_L274p9_a11p9_k0p019,11.34108282364878,274.8799492157583,11.889809393813541,0.01891886211767744,0.04125831242331523,0.21456038220577117,1.0,0.9994878768920898,0.0,1.833763837814331
cosserat_sweep_withleak,1337,test,cs_243_R10p7_L196p9_a03p5_k0p020,10.685120152308635,196.91921575267133,3.4852042530363283,0.020074742814701573,0.054261439704945014,0.21450103900178072,1.0,0.9997584819793701,0.0,1.2593543529510498
cosserat_sweep_withleak,1337,test,cs_244_R11p7_L295p1_a04p8_k0p019,11.695820140082057,295.08370829461035,4.7886023453704265,0.01872456140796538,0.039635601055972226,0.21899910242948478,1.0,0.9996853470802307,0.0,1.437357783317566
cosserat_sweep_withleak,1337,test,cs_249_R13p4_L183p9_a06p3_k0p012,13.379656937996563,183.94270592169076,6.253312234722841,0.011863671098384052,0.07273817611279805,0.15873184932160347,1.0,0.9994876980781555,0.0,1.8340836763381958
cosserat_sweep_withleak,1337,test,cs_255_R10p5_L206p1_a06p2_k0p025,10.526340555463111,206.14315889437802,6.240269051325278,0.02524660378219265,0.05106325435158639,0.26575434928020286,1.0,0.9996111392974854,0.0,1.5978965759277344
cosserat_sweep_withleak,1337,test,cs_267_R15p8_L136p0_a09p0_k0p011,15.841647847201518,136.00586823878572,9.002830388550995,0.010930430195646728,0.11647767888506334,0.17315602597785346,1.0,0.999914288520813,0.0,0.750170886516571
cosserat_sweep_withleak,1337,test,cs_291_R12p7_L154p6_a11p6_k0p026,12.732700950050912,154.56718024184406,11.635933302839938,0.026381135330233136,0.08237648464653784,0.33590310688268116,1.0,0.9994181990623474,0.0,1.9545458555221558
cosserat_sweep_withleak,1337,test,cs_292_R14p4_L187p7_a06p1_k0p018,14.387564331140076,187.69446004590728,6.091070410185052,0.01817182441893697,0.07665417683410097,0.2614482928416378,1.0,0.9998525381088257,0.0,0.9839721322059631
cosserat_sweep_withleak,1337,val,cs_000_R09p8_L228p0_a06p7_k0p015,9.789348136754361,227.9826331430309,6.672684011434852,0.014820021084321922,0.04293900812441602,0.14507834578846715,1.0,0.9998349547386169,0.0,1.0409865379333496
cosserat_sweep_withleak,1337,val,cs_010_R11p6_L163p7_a05p1_k0p005,11.550610145885386,163.73579328774903,5.1366674156380805,0.004713985780975811,0.07054419753893616,0.05444941198929865,1.0,0.9998260736465454,0.0,1.0686280727386475
cosserat_sweep_withleak,1337,val,cs_044_R15p5_L133p3_a07p4_k0p004,15.535177069130189,133.3034756178414,7.401208121935621,0.004461336701963621,0.11653992513793807,0.06930765563001415,1.0,0.9998805522918701,0.0,0.8855862021446228
cosserat_sweep_withleak,1337,val,cs_056_R13p8_L203p6_a05p8_k0p003,13.778802937632774,203.5513047123528,5.821946206602572,0.0031107731319378563,0.06769203939569043,0.04286272996865444,1.0,0.9996378421783447,0.0,1.5420541763305664
cosserat_sweep_withleak,1337,val,cs_064_R10p8_L101p0_a03p4_k0p031,10.796119193782612,101.01214607231668,3.4248162866480163,0.03110729395226966,0.1068794161253979,0.3358380533047362,1.0,0.9997802972793579,0.0,1.2010560035705566
cosserat_sweep_withleak,1337,val,cs_074_R17p1_L141p4_a09p2_k0p020,17.100988944392856,141.41770281837591,9.179064872954681,0.019773118911264792,0.12092537641030571,0.3381398878977045,1.0,0.9983430504798889,0.0,3.298771619796753
cosserat_sweep_withleak,1337,val,cs_086_R10p0_L275p8_a10p8_k0p020,10.04139294969339,275.84623706717616,10.791822930263493,0.019800424415586795,0.03640213858435936,0.19882384212761012,1.0,0.9994286298751831,0.0,1.936943769454956
cosserat_sweep_withleak,1337,val,cs_090_R13p9_L105p0_a06p5_k0p012,13.88716063125649,104.97689554401948,6.534815367450279,0.012241659663291484,0.1322877816046032,0.17000189413730207,1.0,0.9981234073638916,0.0,3.510674238204956
cosserat_sweep_withleak,1337,val,cs_105_R12p5_L237p2_a07p2_k0p018,12.487717707176497,237.1990006516807,7.196482412958837,0.0181509031980451,0.05264658650697403,0.2266633552674743,1.0,0.9993957877159119,0.0,1.991839051246643
cosserat_sweep_withleak,1337,val,cs_117_R12p5_L100p7_a10p5_k0p010,12.515629257465857,100.65926548640257,10.488117451574483,0.01024315845605953,0.12433658438682445,0.12819957366151744,1.0,0.9986395835876465,0.0,2.988978624343872
cosserat_sweep_withleak,1337,val,cs_120_R10p1_L144p9_a04p9_k0p014,10.084726977879201,144.87440743102388,4.9044366749501185,0.014046124818042287,0.06961013443786224,0.14165133388716963,1.0,0.9983615279197693,0.0,3.2803218364715576
cosserat_sweep_withleak,1337,val,cs_154_R09p8_L277p9_a04p5_k0p001,9.786235109693399,277.90254292644227,4.470856904033879,0.0010586313566167327,0.03521462958431333,0.010360015350345022,1.0,0.9997490048408508,0.0,1.2837468385696411
cosserat_sweep_withleak,1337,val,cs_163_R16p2_L152p7_a09p6_k0p006,16.198749765649147,152.71987348386645,9.616329901244171,0.006459260849737745,0.1060683812533436,0.10463195017595601,1.0,0.9994497299194336,0.0,1.9008909463882446
cosserat_sweep_withleak,1337,val,cs_181_R08p3_L115p6_a11p2_k0p013,8.251120705485146,115.56542371606969,11.165520861428346,0.013081764804294354,0.07139783198266253,0.10793922044099999,1.0,0.9988757371902466,0.0,2.717176914215088
cosserat_sweep_withleak,1337,val,cs_182_R08p6_L137p8_a02p8_k0p001,8.598629938826313,137.79496076059377,2.7830575511755864,0.0014826998156791183,0.06240162841488559,0.012749187025390723,1.0,0.9993833303451538,0.0,2.012269973754883
cosserat_sweep_withleak,1337,val,cs_191_R11p6_L122p1_a04p5_k0p001,11.556692137858366,122.07713103471991,4.539556893118883,0.000992905899107872,0.09466713412990949,0.011474707797853135,1.0,0.9996135830879211,0.0,1.5928676128387451
cosserat_sweep_withleak,1337,val,cs_192_R09p6_L112p9_a08p3_k0p013,9.62626406234593,112.86084808263581,8.328318774743273,0.012966750816968898,0.08529321040807399,0.12482136739478242,1.0,0.9996494054794312,0.0,1.5172994136810303
cosserat_sweep_withleak,1337,val,cs_198_R10p6_L134p7_a03p0_k0p024,10.600010918578532,134.70627910668327,3.0387794839948383,0.023869624648933822,0.07868980561911035,0.25301828190106973,1.0,0.9997767210006714,0.0,1.2107114791870117
cosserat_sweep_withleak,1337,val,cs_208_R15p1_L211p3_a09p7_k0p011,15.118689716695576,211.32200135358565,9.722945689626343,0.010666787766914671,0.07154337749905589,0.16126785452182701,1.0,0.9991887807846069,0.0,2.3080015182495117
cosserat_sweep_withleak,1337,val,cs_242_R11p1_L144p0_a05p5_k0p028,11.059500088639602,144.02331857351896,5.4797552543880785,0.027517248613048124,0.07678964905251859,0.3043270134751237,1.0,0.9993886351585388,0.0,2.0035951137542725
cosserat_sweep_withleak,1337,val,cs_261_R12p9_L253p3_a07p9_k0p018,12.906835133732944,253.2871487259385,7.877427617712564,0.0175134431064908,0.050957323333045944,0.22604312279948843,1.0,0.9993160367012024,0.0,2.1192333698272705
cosserat_sweep_withleak,1337,val,cs_282_R10p0_L204p3_a04p6_k0p006,10.018613235043922,204.29971991412128,4.610087289346258,0.005659941338303978,0.04903880063690401,0.05670476320150444,1.0,0.9991569519042969,0.0,2.3528504371643066
cosserat_sweep_withleak,1337,val,cs_289_R10p0_L261p4_a06p9_k0p031,10.013484458500468,261.37708247023414,6.937621506430334,0.031176595146921768,0.038310491355495226,0.31218635097266223,1.0,0.9997796416282654,0.0,1.202846884727478
cosserat_sweep_withleak,1337,val,cs_295_R15p8_L158p7_a04p0_k0p015,15.815991131355483,158.68764716391132,3.9849693050340145,0.014939235824352927,0.09966743734639195,0.23627882130719402,1.0,0.9996286034584045,0.0,1.561600685119629
cosserat_sweep_withleak,2026,test,cs_008_R10p3_L219p9_a10p1_k0p005,10.332632062001387,219.86319845391617,10.142430618716505,0.0053904580648451985,0.046995732503942136,0.05569761982969345,1.0,0.9995657205581665,0.0,1.688643455505371
cosserat_sweep_withleak,2026,test,cs_011_R14p0_L181p9_a03p0_k0p014,14.044006058026058,181.87220676453305,3.0168575708216334,0.014121937351325617,0.077219088654973,0.1983285737130814,1.0,0.9998655319213867,0.0,0.939723789691925
cosserat_sweep_withleak,2026,test,cs_036_R17p3_L276p1_a08p0_k0p003,17.31499466778154,276.12701618004564,8.021361701813102,0.0029834969688785585,0.06270663011290241,0.05165923410747463,1.0,0.9993386268615723,0.0,2.0839381217956543
cosserat_sweep_withleak,2026,test,cs_041_R16p4_L126p5_a08p0_k0p021,16.380952953924872,126.50298452981617,7.9710182832138035,0.02124330119733147,0.1294906441520671,0.34798551749954276,1.0,0.9990189075469971,0.0,2.538213014602661
cosserat_sweep_withleak,2026,test,cs_042_R09p1_L132p8_a10p7_k0p011,9.07428353129959,132.76355859514942,10.712075744884107,0.010660025037295294,0.06834920385774537,0.09673208963916997,1.0,0.9993701577186584,0.0,2.0336503982543945
cosserat_sweep_withleak,2026,test,cs_043_R12p3_L259p6_a06p1_k0p020,12.297612930140655,259.5885815717731,6.138198863286343,0.01974936588961313,0.04737347403988381,0.24287005732618525,1.0,0.9994235634803772,0.0,1.945513367652893
cosserat_sweep_withleak,2026,test,cs_069_R13p1_L102p9_a09p7_k0p009,13.148822734681907,102.86134202123537,9.659537039244858,0.008785096495739686,0.12783055787826858,0.11551367652955634,1.0,0.9997434616088867,0.0,1.297845721244812
cosserat_sweep_withleak,2026,test,cs_073_R17p1_L219p1_a08p8_k0p003,17.052436405248233,219.11549442691114,8.814141439119714,0.0029927805368692127,0.07782396425158468,0.05103419977982692,1.0,0.9996659755706787,0.0,1.4810106754302979
cosserat_sweep_withleak,2026,test,cs_077_R09p2_L151p4_a10p0_k0p005,9.20785348784141,151.41657260303316,9.988312383907285,0.005444190983975563,0.06081139818150236,0.050129312940274146,1.0,0.9996570944786072,0.0,1.5005043745040894
cosserat_sweep_withleak,2026,test,cs_101_R17p1_L296p7_a11p6_k0p014,17.06116325157632,296.7454777876344,11.553969292706446,0.014261996667051307,0.05749426538451287,0.2433262534299997,1.0,0.9992797374725342,0.0,2.1747939586639404
cosserat_sweep_withleak,2026,test,cs_103_R15p3_L286p2_a07p5_k0p006,15.26161829168939,286.18579683017697,7.52249632089859,0.006024006987283315,0.05332765797858813,0.09193609522638774,1.0,0.9996321797370911,0.0,1.5540634393692017
cosserat_sweep_withleak,2026,test,cs_108_R15p3_L157p3_a02p2_k0p017,15.293754870832325,157.25614939483324,2.219900141123518,0.01652590291086547,0.09725377945274051,0.25274310813795087,1.0,0.9998721480369568,0.0,0.9162118434906006
cosserat_sweep_withleak,2026,test,cs_127_R09p9_L248p0_a10p7_k0p027,9.92130915509264,248.0385827557328,10.675877396634963,0.026674469300049557,0.03999905597292941,0.26464565647381927,1.0,0.9996405839920044,0.0,1.536269187927246
cosserat_sweep_withleak,2026,test,cs_141_R11p5_L262p4_a02p2_k0p000,11.458340278600033,262.4340458867466,2.23603363554198,0.00012757021987368057,0.04366179029814172,0.0014617429887284563,1.0,0.9998286962509155,0.0,1.060448169708252
cosserat_sweep_withleak,2026,test,cs_145_R10p7_L132p0_a11p4_k0p027,10.68541526716421,132.04906413974186,11.393989353830287,0.02683932389225749,0.08092003784181533,0.28678932127869333,0.7518957806727591,0.9943106770515442,0.0,6.114684104919434
cosserat_sweep_withleak,2026,test,cs_150_R11p5_L181p7_a04p6_k0p020,11.518299636477002,181.71355082438,4.598057815988547,0.019514730234116283,0.0633871254192212,0.22477651016156833,1.0,0.9992103576660156,0.0,2.2770533561706543
cosserat_sweep_withleak,2026,test,cs_167_R08p2_L205p2_a11p9_k0p029,8.167573366253167,205.18563210404523,11.938348744333847,0.028818352151288754,0.03980577627439121,0.23537600549017068,1.0,0.9994447827339172,0.0,1.9093660116195679
cosserat_sweep_withleak,2026,test,cs_203_R08p2_L122p5_a11p7_k0p007,8.217382794358745,122.54736312710918,11.737120847034058,0.006959456601839249,0.0670547499731632,0.057188518938040216,1.0,0.9996100068092346,0.0,1.6002219915390015
cosserat_sweep_withleak,2026,test,cs_204_R12p4_L232p8_a05p2_k0p008,12.432576699850076,232.80822831481788,5.207207074882933,0.008287663442116892,0.05340265157225443,0.10303701140666176,1.0,0.9990832805633545,0.0,2.453556537628174
cosserat_sweep_withleak,2026,test,cs_206_R09p6_L215p3_a11p8_k0p017,9.638041884761433,215.2839528442758,11.817075619528502,0.017454471858595003,0.04476897491627277,0.16822693084952836,1.0,0.9992262721061707,0.0,2.254030227661133
cosserat_sweep_withleak,2026,test,cs_207_R14p8_L249p3_a02p6_k0p016,14.829240881322207,249.25664949252578,2.6215250192799315,0.01590100405059888,0.059493862697399674,0.23579981932121089,1.0,0.9997726678848267,0.0,1.2218129634857178
cosserat_sweep_withleak,2026,test,cs_209_R10p1_L101p7_a07p4_k0p010,10.120819917927488,101.7083360980719,7.440285153684869,0.00990678838805335,0.0995082635917721,0.1002648212405031,1.0,0.9999402165412903,0.0,0.6265132427215576
cosserat_sweep_withleak,2026,test,cs_212_R12p3_L211p8_a06p3_k0p019,12.338677853831664,211.80580528278526,6.342760122167442,0.018696010110296455,0.05825467265808934,0.23068404590292776,1.0,0.999802827835083,0.0,1.1378042697906494
cosserat_sweep_withleak,2026,test,cs_221_R10p5_L204p7_a03p8_k0p014,10.490382252632225,204.67218480322697,3.8459641754550846,0.0138257058482252,0.05125455744129443,0.14503693926033523,1.0,0.9993250370025635,0.0,2.1051955223083496
cosserat_sweep_withleak,2026,test,cs_227_R14p4_L277p1_a05p3_k0p014,14.418427658248241,277.1340038172114,5.301363838105172,0.01396688597456547,0.052026916436274516,0.20138053503527423,1.0,0.9990553259849548,0.0,2.4906506538391113
cosserat_sweep_withleak,2026,test,cs_231_R13p0_L240p3_a05p5_k0p019,12.97148968239227,240.34910386029168,5.529877524013183,0.019003727820144537,0.053969369862648796,0.2465066593459958,1.0,0.9995784759521484,0.0,1.6636580228805542
cosserat_sweep_withleak,2026,test,cs_232_R15p7_L186p4_a07p6_k0p012,15.654714235548212,186.38536863997828,7.595966650351917,0.01240612882235181,0.08399111126467677,0.19421440148331587,1.0,0.9991883039474487,0.0,2.3086371421813965
cosserat_sweep_withleak,2026,test,cs_234_R09p0_L188p8_a06p9_k0p030,9.039784318877945,188.7543935856657,6.857262450562726,0.029651210053235406,0.0478917822634696,0.2680405436749935,1.0,0.9996528029441833,0.0,1.509865164756775
cosserat_sweep_withleak,2026,test,cs_237_R11p3_L274p9_a11p9_k0p019,11.34108282364878,274.8799492157583,11.889809393813541,0.01891886211767744,0.04125831242331523,0.21456038220577117,1.0,0.9993833303451538,0.0,2.012269973754883
cosserat_sweep_withleak,2026,test,cs_243_R10p7_L196p9_a03p5_k0p020,10.685120152308635,196.91921575267133,3.4852042530363283,0.020074742814701573,0.054261439704945014,0.21450103900178072,1.0,0.9995788335800171,0.0,1.662893295288086
cosserat_sweep_withleak,2026,test,cs_244_R11p7_L295p1_a04p8_k0p019,11.695820140082057,295.08370829461035,4.7886023453704265,0.01872456140796538,0.039635601055972226,0.21899910242948478,1.0,0.9998589158058167,0.0,0.9624582529067993
cosserat_sweep_withleak,2026,test,cs_249_R13p4_L183p9_a06p3_k0p012,13.379656937996563,183.94270592169076,6.253312234722841,0.011863671098384052,0.07273817611279805,0.15873184932160347,1.0,0.9994967579841614,0.0,1.8177924156188965
cosserat_sweep_withleak,2026,test,cs_255_R10p5_L206p1_a06p2_k0p025,10.526340555463111,206.14315889437802,6.240269051325278,0.02524660378219265,0.05106325435158639,0.26575434928020286,1.0,0.9994072914123535,0.0,1.9727847576141357
cosserat_sweep_withleak,2026,test,cs_267_R15p8_L136p0_a09p0_k0p011,15.841647847201518,136.00586823878572,9.002830388550995,0.010930430195646728,0.11647767888506334,0.17315602597785346,1.0,0.9997682571411133,0.0,1.2335284948349
cosserat_sweep_withleak,2026,test,cs_291_R12p7_L154p6_a11p6_k0p026,12.732700950050912,154.56718024184406,11.635933302839938,0.026381135330233136,0.08237648464653784,0.33590310688268116,1.0,0.9993692636489868,0.0,2.035093307495117
cosserat_sweep_withleak,2026,test,cs_292_R14p4_L187p7_a06p1_k0p018,14.387564331140076,187.69446004590728,6.091070410185052,0.01817182441893697,0.07665417683410097,0.2614482928416378,1.0,0.9998276829719543,0.0,1.063672423362732
cosserat_sweep_withleak,2026,val,cs_000_R09p8_L228p0_a06p7_k0p015,9.789348136754361,227.9826331430309,6.672684011434852,0.014820021084321922,0.04293900812441602,0.14507834578846715,1.0,0.9997191429138184,0.0,1.357970952987671
cosserat_sweep_withleak,2026,val,cs_010_R11p6_L163p7_a05p1_k0p005,11.550610145885386,163.73579328774903,5.1366674156380805,0.004713985780975811,0.07054419753893616,0.05444941198929865,1.0,0.9998567700386047,0.0,0.9697497487068176
cosserat_sweep_withleak,2026,val,cs_044_R15p5_L133p3_a07p4_k0p004,15.535177069130189,133.3034756178414,7.401208121935621,0.004461336701963621,0.11653992513793807,0.06930765563001415,1.0,0.9998341202735901,0.0,1.0436148643493652
cosserat_sweep_withleak,2026,val,cs_056_R13p8_L203p6_a05p8_k0p003,13.778802937632774,203.5513047123528,5.821946206602572,0.0031107731319378563,0.06769203939569043,0.04286272996865444,1.0,0.999444305896759,0.0,1.910185694694519
cosserat_sweep_withleak,2026,val,cs_064_R10p8_L101p0_a03p4_k0p031,10.796119193782612,101.01214607231668,3.4248162866480163,0.03110729395226966,0.1068794161253979,0.3358380533047362,1.0,0.9996318817138672,0.0,1.5546929836273193
cosserat_sweep_withleak,2026,val,cs_074_R17p1_L141p4_a09p2_k0p020,17.100988944392856,141.41770281837591,9.179064872954681,0.019773118911264792,0.12092537641030571,0.3381398878977045,1.0,0.9993305206298828,0.0,2.0966718196868896
cosserat_sweep_withleak,2026,val,cs_086_R10p0_L275p8_a10p8_k0p020,10.04139294969339,275.84623706717616,10.791822930263493,0.019800424415586795,0.03640213858435936,0.19882384212761012,1.0,0.9994387626647949,0.0,1.9196394681930542
cosserat_sweep_withleak,2026,val,cs_090_R13p9_L105p0_a06p5_k0p012,13.88716063125649,104.97689554401948,6.534815367450279,0.012241659663291484,0.1322877816046032,0.17000189413730207,1.0,0.9991957545280457,0.0,2.298058271408081
cosserat_sweep_withleak,2026,val,cs_105_R12p5_L237p2_a07p2_k0p018,12.487717707176497,237.1990006516807,7.196482412958837,0.0181509031980451,0.05264658650697403,0.2266633552674743,1.0,0.9995751976966858,0.0,1.6701152324676514
cosserat_sweep_withleak,2026,val,cs_117_R12p5_L100p7_a10p5_k0p010,12.515629257465857,100.65926548640257,10.488117451574483,0.01024315845605953,0.12433658438682445,0.12819957366151744,1.0,0.9997615814208984,0.0,1.2511699199676514
cosserat_sweep_withleak,2026,val,cs_120_R10p1_L144p9_a04p9_k0p014,10.084726977879201,144.87440743102388,4.9044366749501185,0.014046124818042287,0.06961013443786224,0.14165133388716963,1.0,0.9992833733558655,0.0,2.1692521572113037
cosserat_sweep_withleak,2026,val,cs_154_R09p8_L277p9_a04p5_k0p001,9.786235109693399,277.90254292644227,4.470856904033879,0.0010586313566167327,0.03521462958431333,0.010360015350345022,1.0,0.9993569850921631,0.0,2.054856300354004
cosserat_sweep_withleak,2026,val,cs_163_R16p2_L152p7_a09p6_k0p006,16.198749765649147,152.71987348386645,9.616329901244171,0.006459260849737745,0.1060683812533436,0.10463195017595601,1.0,0.9998821020126343,0.0,0.8797113299369812
cosserat_sweep_withleak,2026,val,cs_181_R08p3_L115p6_a11p2_k0p013,8.251120705485146,115.56542371606969,11.165520861428346,0.013081764804294354,0.07139783198266253,0.10793922044099999,1.0,0.9994590282440186,0.0,1.8847615718841553
cosserat_sweep_withleak,2026,val,cs_182_R08p6_L137p8_a02p8_k0p001,8.598629938826313,137.79496076059377,2.7830575511755864,0.0014826998156791183,0.06240162841488559,0.012749187025390723,1.0,0.9997331500053406,0.0,1.3236733675003052
cosserat_sweep_withleak,2026,val,cs_191_R11p6_L122p1_a04p5_k0p001,11.556692137858366,122.07713103471991,4.539556893118883,0.000992905899107872,0.09466713412990949,0.011474707797853135,1.0,0.9994211196899414,0.0,1.9496334791183472
cosserat_sweep_withleak,2026,val,cs_192_R09p6_L112p9_a08p3_k0p013,9.62626406234593,112.86084808263581,8.328318774743273,0.012966750816968898,0.08529321040807399,0.12482136739478242,1.0,0.997876763343811,0.0,3.7343382835388184
cosserat_sweep_withleak,2026,val,cs_198_R10p6_L134p7_a03p0_k0p024,10.600010918578532,134.70627910668327,3.0387794839948383,0.023869624648933822,0.07868980561911035,0.25301828190106973,1.0,0.9998208284378052,0.0,1.0847127437591553
cosserat_sweep_withleak,2026,val,cs_208_R15p1_L211p3_a09p7_k0p011,15.118689716695576,211.32200135358565,9.722945689626343,0.010666787766914671,0.07154337749905589,0.16126785452182701,1.0,0.9995008707046509,0.0,1.810348629951477
cosserat_sweep_withleak,2026,val,cs_242_R11p1_L144p0_a05p5_k0p028,11.059500088639602,144.02331857351896,5.4797552543880785,0.027517248613048124,0.07678964905251859,0.3043270134751237,1.0,0.9992810487747192,0.0,2.1727678775787354
cosserat_sweep_withleak,2026,val,cs_261_R12p9_L253p3_a07p9_k0p018,12.906835133732944,253.2871487259385,7.877427617712564,0.0175134431064908,0.050957323333045944,0.22604312279948843,1.0,0.9994730949401855,0.0,1.859989881515503
cosserat_sweep_withleak,2026,val,cs_282_R10p0_L204p3_a04p6_k0p006,10.018613235043922,204.29971991412128,4.610087289346258,0.005659941338303978,0.04903880063690401,0.05670476320150444,0.9963256623477084,0.9992824792861938,0.0,2.170604944229126
cosserat_sweep_withleak,2026,val,cs_289_R10p0_L261p4_a06p9_k0p031,10.013484458500468,261.37708247023414,6.937621506430334,0.031176595146921768,0.038310491355495226,0.31218635097266223,1.0,0.9996774196624756,0.0,1.4553526639938354
cosserat_sweep_withleak,2026,val,cs_295_R15p8_L158p7_a04p0_k0p015,15.815991131355483,158.68764716391132,3.9849693050340145,0.014939235824352927,0.09966743734639195,0.23627882130719402,1.0,0.999645471572876,0.0,1.525723934173584
cosserat_sweep_withleak,777,test,cs_008_R10p3_L219p9_a10p1_k0p005,10.332632062001387,219.86319845391617,10.142430618716505,0.0053904580648451985,0.046995732503942136,0.05569761982969345,1.0,0.9992121458053589,0.0,2.274473190307617
cosserat_sweep_withleak,777,test,cs_011_R14p0_L181p9_a03p0_k0p014,14.044006058026058,181.87220676453305,3.0168575708216334,0.014121937351325617,0.077219088654973,0.1983285737130814,1.0,0.9996821880340576,0.0,1.4444878101348877
cosserat_sweep_withleak,777,test,cs_036_R17p3_L276p1_a08p0_k0p003,17.31499466778154,276.12701618004564,8.021361701813102,0.0029834969688785585,0.06270663011290241,0.05165923410747463,1.0,0.999348521232605,0.0,2.068289279937744
cosserat_sweep_withleak,777,test,cs_041_R16p4_L126p5_a08p0_k0p021,16.380952953924872,126.50298452981617,7.9710182832138035,0.02124330119733147,0.1294906441520671,0.34798551749954276,1.0,0.9994820356369019,0.0,1.844192624092102
cosserat_sweep_withleak,777,test,cs_042_R09p1_L132p8_a10p7_k0p011,9.07428353129959,132.76355859514942,10.712075744884107,0.010660025037295294,0.06834920385774537,0.09673208963916997,1.0,0.9996374845504761,0.0,1.5428155660629272
cosserat_sweep_withleak,777,test,cs_043_R12p3_L259p6_a06p1_k0p020,12.297612930140655,259.5885815717731,6.138198863286343,0.01974936588961313,0.04737347403988381,0.24287005732618525,1.0,0.999311625957489,0.0,2.126056432723999
cosserat_sweep_withleak,777,test,cs_069_R13p1_L102p9_a09p7_k0p009,13.148822734681907,102.86134202123537,9.659537039244858,0.008785096495739686,0.12783055787826858,0.11551367652955634,1.0,0.9995307922363281,0.0,1.7552427053451538
cosserat_sweep_withleak,777,test,cs_073_R17p1_L219p1_a08p8_k0p003,17.052436405248233,219.11549442691114,8.814141439119714,0.0029927805368692127,0.07782396425158468,0.05103419977982692,1.0,0.9996534585952759,0.0,1.5085036754608154
cosserat_sweep_withleak,777,test,cs_077_R09p2_L151p4_a10p0_k0p005,9.20785348784141,151.41657260303316,9.988312383907285,0.005444190983975563,0.06081139818150236,0.050129312940274146,1.0,0.9995913505554199,0.0,1.6380528211593628
cosserat_sweep_withleak,777,test,cs_101_R17p1_L296p7_a11p6_k0p014,17.06116325157632,296.7454777876344,11.553969292706446,0.014261996667051307,0.05749426538451287,0.2433262534299997,1.0,0.9995490312576294,0.0,1.7208439111709595
cosserat_sweep_withleak,777,test,cs_103_R15p3_L286p2_a07p5_k0p006,15.26161829168939,286.18579683017697,7.52249632089859,0.006024006987283315,0.05332765797858813,0.09193609522638774,1.0,0.9998924136161804,0.0,0.8404660224914551
cosserat_sweep_withleak,777,test,cs_108_R15p3_L157p3_a02p2_k0p017,15.293754870832325,157.25614939483324,2.219900141123518,0.01652590291086547,0.09725377945274051,0.25274310813795087,1.0,0.9999094009399414,0.0,0.7712633609771729
cosserat_sweep_withleak,777,test,cs_127_R09p9_L248p0_a10p7_k0p027,9.92130915509264,248.0385827557328,10.675877396634963,0.026674469300049557,0.03999905597292941,0.26464565647381927,1.0,0.9995141625404358,0.0,1.7860791683197021
cosserat_sweep_withleak,777,test,cs_141_R11p5_L262p4_a02p2_k0p000,11.458340278600033,262.4340458867466,2.23603363554198,0.00012757021987368057,0.04366179029814172,0.0014617429887284563,1.0,0.9997652769088745,0.0,1.2414350509643555
cosserat_sweep_withleak,777,test,cs_145_R10p7_L132p0_a11p4_k0p027,10.68541526716421,132.04906413974186,11.393989353830287,0.02683932389225749,0.08092003784181533,0.28678932127869333,0.7728951973556291,0.9935278296470642,0.0,6.522244453430176
cosserat_sweep_withleak,777,test,cs_150_R11p5_L181p7_a04p6_k0p020,11.518299636477002,181.71355082438,4.598057815988547,0.019514730234116283,0.0633871254192212,0.22477651016156833,1.0,0.9994608163833618,0.0,1.881592035293579
cosserat_sweep_withleak,777,test,cs_167_R08p2_L205p2_a11p9_k0p029,8.167573366253167,205.18563210404523,11.938348744333847,0.028818352151288754,0.03980577627439121,0.23537600549017068,1.0,0.999667227268219,0.0,1.4781670570373535
cosserat_sweep_withleak,777,test,cs_203_R08p2_L122p5_a11p7_k0p007,8.217382794358745,122.54736312710918,11.737120847034058,0.006959456601839249,0.0670547499731632,0.057188518938040216,1.0,0.9996997117996216,0.0,1.4041632413864136
cosserat_sweep_withleak,777,test,cs_204_R12p4_L232p8_a05p2_k0p008,12.432576699850076,232.80822831481788,5.207207074882933,0.008287663442116892,0.05340265157225443,0.10303701140666176,1.0,0.9996438026428223,0.0,1.5292471647262573
cosserat_sweep_withleak,777,test,cs_206_R09p6_L215p3_a11p8_k0p017,9.638041884761433,215.2839528442758,11.817075619528502,0.017454471858595003,0.04476897491627277,0.16822693084952836,1.0,0.9997454285621643,0.0,1.2928602695465088
cosserat_sweep_withleak,777,test,cs_207_R14p8_L249p3_a02p6_k0p016,14.829240881322207,249.25664949252578,2.6215250192799315,0.01590100405059888,0.059493862697399674,0.23579981932121089,1.0,0.9998856782913208,0.0,0.8663753867149353
cosserat_sweep_withleak,777,test,cs_209_R10p1_L101p7_a07p4_k0p010,10.120819917927488,101.7083360980719,7.440285153684869,0.00990678838805335,0.0995082635917721,0.1002648212405031,1.0,0.9999148845672607,0.0,0.7474261522293091
cosserat_sweep_withleak,777,test,cs_212_R12p3_L211p8_a06p3_k0p019,12.338677853831664,211.80580528278526,6.342760122167442,0.018696010110296455,0.05825467265808934,0.23068404590292776,1.0,0.9998242259025574,0.0,1.0742896795272827
cosserat_sweep_withleak,777,test,cs_221_R10p5_L204p7_a03p8_k0p014,10.490382252632225,204.67218480322697,3.8459641754550846,0.0138257058482252,0.05125455744129443,0.14503693926033523,1.0,0.9996617436408997,0.0,1.4902966022491455
cosserat_sweep_withleak,777,test,cs_227_R14p4_L277p1_a05p3_k0p014,14.418427658248241,277.1340038172114,5.301363838105172,0.01396688597456547,0.052026916436274516,0.20138053503527423,1.0,0.9993179440498352,0.0,2.116276264190674
cosserat_sweep_withleak,777,test,cs_231_R13p0_L240p3_a05p5_k0p019,12.97148968239227,240.34910386029168,5.529877524013183,0.019003727820144537,0.053969369862648796,0.2465066593459958,1.0,0.9996578097343445,0.0,1.4989385604858398
cosserat_sweep_withleak,777,test,cs_232_R15p7_L186p4_a07p6_k0p012,15.654714235548212,186.38536863997828,7.595966650351917,0.01240612882235181,0.08399111126467677,0.19421440148331587,1.0,0.9996645450592041,0.0,1.4841784238815308
cosserat_sweep_withleak,777,test,cs_234_R09p0_L188p8_a06p9_k0p030,9.039784318877945,188.7543935856657,6.857262450562726,0.029651210053235406,0.0478917822634696,0.2680405436749935,1.0,0.9995740652084351,0.0,1.6723400354385376
cosserat_sweep_withleak,777,test,cs_237_R11p3_L274p9_a11p9_k0p019,11.34108282364878,274.8799492157583,11.889809393813541,0.01891886211767744,0.04125831242331523,0.21456038220577117,1.0,0.9996324777603149,0.0,1.5534965991973877
cosserat_sweep_withleak,777,test,cs_243_R10p7_L196p9_a03p5_k0p020,10.685120152308635,196.91921575267133,3.4852042530363283,0.020074742814701573,0.054261439704945014,0.21450103900178072,1.0,0.9994685053825378,0.0,1.8681265115737915
cosserat_sweep_withleak,777,test,cs_244_R11p7_L295p1_a04p8_k0p019,11.695820140082057,295.08370829461035,4.7886023453704265,0.01872456140796538,0.039635601055972226,0.21899910242948478,1.0,0.9998934268951416,0.0,0.8364986777305603
cosserat_sweep_withleak,777,test,cs_249_R13p4_L183p9_a06p3_k0p012,13.379656937996563,183.94270592169076,6.253312234722841,0.011863671098384052,0.07273817611279805,0.15873184932160347,1.0,0.9993393421173096,0.0,2.082810878753662
cosserat_sweep_withleak,777,test,cs_255_R10p5_L206p1_a06p2_k0p025,10.526340555463111,206.14315889437802,6.240269051325278,0.02524660378219265,0.05106325435158639,0.26575434928020286,1.0,0.9992247223854065,0.0,2.25628662109375
cosserat_sweep_withleak,777,test,cs_267_R15p8_L136p0_a09p0_k0p011,15.841647847201518,136.00586823878572,9.002830388550995,0.010930430195646728,0.11647767888506334,0.17315602597785346,1.0,0.9997986555099487,0.0,1.1497801542282104
cosserat_sweep_withleak,777,test,cs_291_R12p7_L154p6_a11p6_k0p026,12.732700950050912,154.56718024184406,11.635933302839938,0.026381135330233136,0.08237648464653784,0.33590310688268116,0.9996178100515957,0.9996396899223328,0.0,1.53811514377594
cosserat_sweep_withleak,777,test,cs_292_R14p4_L187p7_a06p1_k0p018,14.387564331140076,187.69446004590728,6.091070410185052,0.01817182441893697,0.07665417683410097,0.2614482928416378,1.0,0.999735414981842,0.0,1.31804358959198
cosserat_sweep_withleak,777,val,cs_000_R09p8_L228p0_a06p7_k0p015,9.789348136754361,227.9826331430309,6.672684011434852,0.014820021084321922,0.04293900812441602,0.14507834578846715,1.0,0.9998478889465332,0.0,0.9993635416030884
cosserat_sweep_withleak,777,val,cs_010_R11p6_L163p7_a05p1_k0p005,11.550610145885386,163.73579328774903,5.1366674156380805,0.004713985780975811,0.07054419753893616,0.05444941198929865,1.0,0.9997643828392029,0.0,1.2437973022460938
cosserat_sweep_withleak,777,val,cs_044_R15p5_L133p3_a07p4_k0p004,15.535177069130189,133.3034756178414,7.401208121935621,0.004461336701963621,0.11653992513793807,0.06930765563001415,1.0,0.9997805953025818,0.0,1.2002410888671875
cosserat_sweep_withleak,777,val,cs_056_R13p8_L203p6_a05p8_k0p003,13.778802937632774,203.5513047123528,5.821946206602572,0.0031107731319378563,0.06769203939569043,0.04286272996865444,1.0,0.9991347193717957,0.0,2.3836770057678223
cosserat_sweep_withleak,777,val,cs_064_R10p8_L101p0_a03p4_k0p031,10.796119193782612,101.01214607231668,3.4248162866480163,0.03110729395226966,0.1068794161253979,0.3358380533047362,1.0,0.9998172521591187,0.0,1.0954831838607788
cosserat_sweep_withleak,777,val,cs_074_R17p1_L141p4_a09p2_k0p020,17.100988944392856,141.41770281837591,9.179064872954681,0.019773118911264792,0.12092537641030571,0.3381398878977045,1.0,0.9995170831680298,0.0,1.7807021141052246
cosserat_sweep_withleak,777,val,cs_086_R10p0_L275p8_a10p8_k0p020,10.04139294969339,275.84623706717616,10.791822930263493,0.019800424415586795,0.03640213858435936,0.19882384212761012,1.0,0.9994738101959229,0.0,1.8588321208953857
cosserat_sweep_withleak,777,val,cs_090_R13p9_L105p0_a06p5_k0p012,13.88716063125649,104.97689554401948,6.534815367450279,0.012241659663291484,0.1322877816046032,0.17000189413730207,1.0,0.9993523955345154,0.0,2.062129497528076
cosserat_sweep_withleak,777,val,cs_105_R12p5_L237p2_a07p2_k0p018,12.487717707176497,237.1990006516807,7.196482412958837,0.0181509031980451,0.05264658650697403,0.2266633552674743,1.0,0.9995425343513489,0.0,1.7331390380859375
cosserat_sweep_withleak,777,val,cs_117_R12p5_L100p7_a10p5_k0p010,12.515629257465857,100.65926548640257,10.488117451574483,0.01024315845605953,0.12433658438682445,0.12819957366151744,1.0,0.9996477365493774,0.0,1.52084219455719
cosserat_sweep_withleak,777,val,cs_120_R10p1_L144p9_a04p9_k0p014,10.084726977879201,144.87440743102388,4.9044366749501185,0.014046124818042287,0.06961013443786224,0.14165133388716963,1.0,0.9990953207015991,0.0,2.4373488426208496
cosserat_sweep_withleak,777,val,cs_154_R09p8_L277p9_a04p5_k0p001,9.786235109693399,277.90254292644227,4.470856904033879,0.0010586313566167327,0.03521462958431333,0.010360015350345022,1.0,0.9995678067207336,0.0,1.684582233428955
cosserat_sweep_withleak,777,val,cs_163_R16p2_L152p7_a09p6_k0p006,16.198749765649147,152.71987348386645,9.616329901244171,0.006459260849737745,0.1060683812533436,0.10463195017595601,1.0,0.9998841285705566,0.0,0.8721157312393188
cosserat_sweep_withleak,777,val,cs_181_R08p3_L115p6_a11p2_k0p013,8.251120705485146,115.56542371606969,11.165520861428346,0.013081764804294354,0.07139783198266253,0.10793922044099999,1.0,0.9991757273674011,0.0,2.326498508453369
cosserat_sweep_withleak,777,val,cs_182_R08p6_L137p8_a02p8_k0p001,8.598629938826313,137.79496076059377,2.7830575511755864,0.0014826998156791183,0.06240162841488559,0.012749187025390723,1.0,0.9995143413543701,0.0,1.785750389099121
cosserat_sweep_withleak,777,val,cs_191_R11p6_L122p1_a04p5_k0p001,11.556692137858366,122.07713103471991,4.539556893118883,0.000992905899107872,0.09466713412990949,0.011474707797853135,1.0,0.9998639822006226,0.0,0.9450186491012573
cosserat_sweep_withleak,777,val,cs_192_R09p6_L112p9_a08p3_k0p013,9.62626406234593,112.86084808263581,8.328318774743273,0.012966750816968898,0.08529321040807399,0.12482136739478242,1.0,0.9998583793640137,0.0,0.9641846418380737
cosserat_sweep_withleak,777,val,cs_198_R10p6_L134p7_a03p0_k0p024,10.600010918578532,134.70627910668327,3.0387794839948383,0.023869624648933822,0.07868980561911035,0.25301828190106973,1.0,0.9998302459716797,0.0,1.055732250213623
cosserat_sweep_withleak,777,val,cs_208_R15p1_L211p3_a09p7_k0p011,15.118689716695576,211.32200135358565,9.722945689626343,0.010666787766914671,0.07154337749905589,0.16126785452182701,1.0,0.9997918009757996,0.0,1.169188380241394
cosserat_sweep_withleak,777,val,cs_242_R11p1_L144p0_a05p5_k0p028,11.059500088639602,144.02331857351896,5.4797552543880785,0.027517248613048124,0.07678964905251859,0.3043270134751237,1.0,0.9993515014648438,0.0,2.0635528564453125
cosserat_sweep_withleak,777,val,cs_261_R12p9_L253p3_a07p9_k0p018,12.906835133732944,253.2871487259385,7.877427617712564,0.0175134431064908,0.050957323333045944,0.22604312279948843,1.0,0.9996045231819153,0.0,1.611433744430542
cosserat_sweep_withleak,777,val,cs_282_R10p0_L204p3_a04p6_k0p006,10.018613235043922,204.29971991412128,4.610087289346258,0.005659941338303978,0.04903880063690401,0.05670476320150444,1.0,0.9995676279067993,0.0,1.6849309206008911
cosserat_sweep_withleak,777,val,cs_289_R10p0_L261p4_a06p9_k0p031,10.013484458500468,261.37708247023414,6.937621506430334,0.031176595146921768,0.038310491355495226,0.31218635097266223,1.0,0.9997937083244324,0.0,1.1638202667236328
cosserat_sweep_withleak,777,val,cs_295_R15p8_L158p7_a04p0_k0p015,15.815991131355483,158.68764716391132,3.9849693050340145,0.014939235824352927,0.09966743734639195,0.23627882130719402,1.0,0.9996948838233948,0.0,1.4154067039489746
cosserat_sweep_leak_dir_only,1337,test,cs_008_R10p3_L219p9_a10p1_k0p005,10.332632062001387,219.86319845391617,10.142430618716505,0.0053904580648451985,0.046995732503942136,0.05569761982969345,1.0,0.9996034502983093,0.0,1.61361825466156
cosserat_sweep_leak_dir_only,1337,test,cs_011_R14p0_L181p9_a03p0_k0p014,14.044006058026058,181.87220676453305,3.0168575708216334,0.014121937351325617,0.077219088654973,0.1983285737130814,1.0,0.9999781847000122,0.0,0.37871748208999634
cosserat_sweep_leak_dir_only,1337,test,cs_036_R17p3_L276p1_a08p0_k0p003,17.31499466778154,276.12701618004564,8.021361701813102,0.0029834969688785585,0.06270663011290241,0.05165923410747463,1.0,0.9996590614318848,0.0,1.4961942434310913
cosserat_sweep_leak_dir_only,1337,test,cs_041_R16p4_L126p5_a08p0_k0p021,16.380952953924872,126.50298452981617,7.9710182832138035,0.02124330119733147,0.1294906441520671,0.34798551749954276,1.0,0.9992054104804993,0.0,2.284219264984131
cosserat_sweep_leak_dir_only,1337,test,cs_042_R09p1_L132p8_a10p7_k0p011,9.07428353129959,132.76355859514942,10.712075744884107,0.010660025037295294,0.06834920385774537,0.09673208963916997,1.0,0.9992581009864807,0.0,2.2071752548217773
cosserat_sweep_leak_dir_only,1337,test,cs_043_R12p3_L259p6_a06p1_k0p020,12.297612930140655,259.5885815717731,6.138198863286343,0.01974936588961313,0.04737347403988381,0.24287005732618525,1.0,0.9995651841163635,0.0,1.6896861791610718
cosserat_sweep_leak_dir_only,1337,test,cs_069_R13p1_L102p9_a09p7_k0p009,13.148822734681907,102.86134202123537,9.659537039244858,0.008785096495739686,0.12783055787826858,0.11551367652955634,1.0,0.9998590350151062,0.0,0.9620516300201416
cosserat_sweep_leak_dir_only,1337,test,cs_073_R17p1_L219p1_a08p8_k0p003,17.052436405248233,219.11549442691114,8.814141439119714,0.0029927805368692127,0.07782396425158468,0.05103419977982692,1.0,0.9997046589851379,0.0,1.3925480842590332
cosserat_sweep_leak_dir_only,1337,test,cs_077_R09p2_L151p4_a10p0_k0p005,9.20785348784141,151.41657260303316,9.988312383907285,0.005444190983975563,0.06081139818150236,0.050129312940274146,1.0,0.9998455047607422,0.0,1.0071653127670288
cosserat_sweep_leak_dir_only,1337,test,cs_101_R17p1_L296p7_a11p6_k0p014,17.06116325157632,296.7454777876344,11.553969292706446,0.014261996667051307,0.05749426538451287,0.2433262534299997,1.0,0.9996165037155151,0.0,1.586897850036621
cosserat_sweep_leak_dir_only,1337,test,cs_103_R15p3_L286p2_a07p5_k0p006,15.26161829168939,286.18579683017697,7.52249632089859,0.006024006987283315,0.05332765797858813,0.09193609522638774,1.0,0.9998714923858643,0.0,0.9184516668319702
cosserat_sweep_leak_dir_only,1337,test,cs_108_R15p3_L157p3_a02p2_k0p017,15.293754870832325,157.25614939483324,2.219900141123518,0.01652590291086547,0.09725377945274051,0.25274310813795087,1.0,0.9998294115066528,0.0,1.058416485786438
cosserat_sweep_leak_dir_only,1337,test,cs_127_R09p9_L248p0_a10p7_k0p027,9.92130915509264,248.0385827557328,10.675877396634963,0.026674469300049557,0.03999905597292941,0.26464565647381927,1.0,0.9995481967926025,0.0,1.7223784923553467
cosserat_sweep_leak_dir_only,1337,test,cs_141_R11p5_L262p4_a02p2_k0p000,11.458340278600033,262.4340458867466,2.23603363554198,0.00012757021987368057,0.04366179029814172,0.0014617429887284563,1.0,0.999873161315918,0.0,0.9126811027526855
cosserat_sweep_leak_dir_only,1337,test,cs_145_R10p7_L132p0_a11p4_k0p027,10.68541526716421,132.04906413974186,11.393989353830287,0.02683932389225749,0.08092003784181533,0.28678932127869333,0.46509819171689676,0.9800971746444702,0.0,11.45032787322998
cosserat_sweep_leak_dir_only,1337,test,cs_150_R11p5_L181p7_a04p6_k0p020,11.518299636477002,181.71355082438,4.598057815988547,0.019514730234116283,0.0633871254192212,0.22477651016156833,1.0,0.9994577169418335,0.0,1.8869409561157227
cosserat_sweep_leak_dir_only,1337,test,cs_167_R08p2_L205p2_a11p9_k0p029,8.167573366253167,205.18563210404523,11.938348744333847,0.028818352151288754,0.03980577627439121,0.23537600549017068,1.0,0.9992165565490723,0.0,2.268139600753784
cosserat_sweep_leak_dir_only,1337,test,cs_203_R08p2_L122p5_a11p7_k0p007,8.217382794358745,122.54736312710918,11.737120847034058,0.006959456601839249,0.0670547499731632,0.057188518938040216,1.0,0.9996601939201355,0.0,1.4937070608139038
cosserat_sweep_leak_dir_only,1337,test,cs_204_R12p4_L232p8_a05p2_k0p008,12.432576699850076,232.80822831481788,5.207207074882933,0.008287663442116892,0.05340265157225443,0.10303701140666176,1.0,0.9996896982192993,0.0,1.427384376525879
cosserat_sweep_leak_dir_only,1337,test,cs_206_R09p6_L215p3_a11p8_k0p017,9.638041884761433,215.2839528442758,11.817075619528502,0.017454471858595003,0.04476897491627277,0.16822693084952836,1.0,0.9994974136352539,0.0,1.8165538311004639
cosserat_sweep_leak_dir_only,1337,test,cs_207_R14p8_L249p3_a02p6_k0p016,14.829240881322207,249.25664949252578,2.6215250192799315,0.01590100405059888,0.059493862697399674,0.23579981932121089,1.0,0.9995628595352173,0.0,1.6941392421722412
cosserat_sweep_leak_dir_only,1337,test,cs_209_R10p1_L101p7_a07p4_k0p010,10.120819917927488,101.7083360980719,7.440285153684869,0.00990678838805335,0.0995082635917721,0.1002648212405031,1.0,0.999948263168335,0.0,0.5828266739845276
cosserat_sweep_leak_dir_only,1337,test,cs_212_R12p3_L211p8_a06p3_k0p019,12.338677853831664,211.80580528278526,6.342760122167442,0.018696010110296455,0.05825467265808934,0.23068404590292776,1.0,0.9998433589935303,0.0,1.0141355991363525
cosserat_sweep_leak_dir_only,1337,test,cs_221_R10p5_L204p7_a03p8_k0p014,10.490382252632225,204.67218480322697,3.8459641754550846,0.0138257058482252,0.05125455744129443,0.14503693926033523,1.0,0.9996018409729004,0.0,1.6169497966766357
cosserat_sweep_leak_dir_only,1337,test,cs_227_R14p4_L277p1_a05p3_k0p014,14.418427658248241,277.1340038172114,5.301363838105172,0.01396688597456547,0.052026916436274516,0.20138053503527423,1.0,0.9997544288635254,0.0,1.2697994709014893
cosserat_sweep_leak_dir_only,1337,test,cs_231_R13p0_L240p3_a05p5_k0p019,12.97148968239227,240.34910386029168,5.529877524013183,0.019003727820144537,0.053969369862648796,0.2465066593459958,1.0,0.9997360110282898,0.0,1.3165581226348877
cosserat_sweep_leak_dir_only,1337,test,cs_232_R15p7_L186p4_a07p6_k0p012,15.654714235548212,186.38536863997828,7.595966650351917,0.01240612882235181,0.08399111126467677,0.19421440148331587,1.0,0.9992685914039612,0.0,2.1915132999420166
cosserat_sweep_leak_dir_only,1337,test,cs_234_R09p0_L188p8_a06p9_k0p030,9.039784318877945,188.7543935856657,6.857262450562726,0.029651210053235406,0.0478917822634696,0.2680405436749935,1.0,0.9994868636131287,0.0,1.8355770111083984
cosserat_sweep_leak_dir_only,1337,test,cs_237_R11p3_L274p9_a11p9_k0p019,11.34108282364878,274.8799492157583,11.889809393813541,0.01891886211767744,0.04125831242331523,0.21456038220577117,1.0,0.999447762966156,0.0,1.9042341709136963
cosserat_sweep_leak_dir_only,1337,test,cs_243_R10p7_L196p9_a03p5_k0p020,10.685120152308635,196.91921575267133,3.4852042530363283,0.020074742814701573,0.054261439704945014,0.21450103900178072,1.0,0.9997354745864868,0.0,1.3178952932357788
cosserat_sweep_leak_dir_only,1337,test,cs_244_R11p7_L295p1_a04p8_k0p019,11.695820140082057,295.08370829461035,4.7886023453704265,0.01872456140796538,0.039635601055972226,0.21899910242948478,1.0,0.9997563362121582,0.0,1.2648584842681885
cosserat_sweep_leak_dir_only,1337,test,cs_249_R13p4_L183p9_a06p3_k0p012,13.379656937996563,183.94270592169076,6.253312234722841,0.011863671098384052,0.07273817611279805,0.15873184932160347,1.0,0.9994460940361023,0.0,1.9071094989776611
cosserat_sweep_leak_dir_only,1337,test,cs_255_R10p5_L206p1_a06p2_k0p025,10.526340555463111,206.14315889437802,6.240269051325278,0.02524660378219265,0.05106325435158639,0.26575434928020286,1.0,0.9998680949211121,0.0,0.9306216835975647
cosserat_sweep_leak_dir_only,1337,test,cs_267_R15p8_L136p0_a09p0_k0p011,15.841647847201518,136.00586823878572,9.002830388550995,0.010930430195646728,0.11647767888506334,0.17315602597785346,1.0,0.9995282888412476,0.0,1.7599749565124512
cosserat_sweep_leak_dir_only,1337,test,cs_291_R12p7_L154p6_a11p6_k0p026,12.732700950050912,154.56718024184406,11.635933302839938,0.026381135330233136,0.08237648464653784,0.33590310688268116,1.0,0.9995861649513245,0.0,1.6484136581420898
cosserat_sweep_leak_dir_only,1337,test,cs_292_R14p4_L187p7_a06p1_k0p018,14.387564331140076,187.69446004590728,6.091070410185052,0.01817182441893697,0.07665417683410097,0.2614482928416378,1.0,0.9999052882194519,0.0,0.7885750532150269
cosserat_sweep_leak_dir_only,1337,val,cs_000_R09p8_L228p0_a06p7_k0p015,9.789348136754361,227.9826331430309,6.672684011434852,0.014820021084321922,0.04293900812441602,0.14507834578846715,1.0,0.9999411702156067,0.0,0.6214960813522339
cosserat_sweep_leak_dir_only,1337,val,cs_010_R11p6_L163p7_a05p1_k0p005,11.550610145885386,163.73579328774903,5.1366674156380805,0.004713985780975811,0.07054419753893616,0.05444941198929865,1.0,0.999930202960968,0.0,0.6769531965255737
cosserat_sweep_leak_dir_only,1337,val,cs_044_R15p5_L133p3_a07p4_k0p004,15.535177069130189,133.3034756178414,7.401208121935621,0.004461336701963621,0.11653992513793807,0.06930765563001415,1.0,0.9997571706771851,0.0,1.262690544128418
cosserat_sweep_leak_dir_only,1337,val,cs_056_R13p8_L203p6_a05p8_k0p003,13.778802937632774,203.5513047123528,5.821946206602572,0.0031107731319378563,0.06769203939569043,0.04286272996865444,1.0,0.9999352097511292,0.0,0.6522210240364075
cosserat_sweep_leak_dir_only,1337,val,cs_064_R10p8_L101p0_a03p4_k0p031,10.796119193782612,101.01214607231668,3.4248162866480163,0.03110729395226966,0.1068794161253979,0.3358380533047362,1.0,0.9997532963752747,0.0,1.2727241516113281
cosserat_sweep_leak_dir_only,1337,val,cs_074_R17p1_L141p4_a09p2_k0p020,17.100988944392856,141.41770281837591,9.179064872954681,0.019773118911264792,0.12092537641030571,0.3381398878977045,1.0,0.9993622899055481,0.0,2.046314239501953
cosserat_sweep_leak_dir_only,1337,val,cs_086_R10p0_L275p8_a10p8_k0p020,10.04139294969339,275.84623706717616,10.791822930263493,0.019800424415586795,0.03640213858435936,0.19882384212761012,1.0,0.99953293800354,0.0,1.7512242794036865
cosserat_sweep_leak_dir_only,1337,val,cs_090_R13p9_L105p0_a06p5_k0p012,13.88716063125649,104.97689554401948,6.534815367450279,0.012241659663291484,0.1322877816046032,0.17000189413730207,1.0,0.999296247959137,0.0,2.1496756076812744
cosserat_sweep_leak_dir_only,1337,val,cs_105_R12p5_L237p2_a07p2_k0p018,12.487717707176497,237.1990006516807,7.196482412958837,0.0181509031980451,0.05264658650697403,0.2266633552674743,1.0,0.9995982646942139,0.0,1.624135136604309
cosserat_sweep_leak_dir_only,1337,val,cs_117_R12p5_L100p7_a10p5_k0p010,12.515629257465857,100.65926548640257,10.488117451574483,0.01024315845605953,0.12433658438682445,0.12819957366151744,1.0,0.9995886087417603,0.0,1.6435390710830688
cosserat_sweep_leak_dir_only,1337,val,cs_120_R10p1_L144p9_a04p9_k0p014,10.084726977879201,144.87440743102388,4.9044366749501185,0.014046124818042287,0.06961013443786224,0.14165133388716963,1.0,0.9991449117660522,0.0,2.3695943355560303
cosserat_sweep_leak_dir_only,1337,val,cs_154_R09p8_L277p9_a04p5_k0p001,9.786235109693399,277.90254292644227,4.470856904033879,0.0010586313566167327,0.03521462958431333,0.010360015350345022,1.0,0.9997067451477051,0.0,1.3875503540039062
cosserat_sweep_leak_dir_only,1337,val,cs_163_R16p2_L152p7_a09p6_k0p006,16.198749765649147,152.71987348386645,9.616329901244171,0.006459260849737745,0.1060683812533436,0.10463195017595601,1.0,0.9998394250869751,0.0,1.0268868207931519
cosserat_sweep_leak_dir_only,1337,val,cs_181_R08p3_L115p6_a11p2_k0p013,8.251120705485146,115.56542371606969,11.165520861428346,0.013081764804294354,0.07139783198266253,0.10793922044099999,1.0,0.9995843172073364,0.0,1.6521492004394531
cosserat_sweep_leak_dir_only,1337,val,cs_182_R08p6_L137p8_a02p8_k0p001,8.598629938826313,137.79496076059377,2.7830575511755864,0.0014826998156791183,0.06240162841488559,0.012749187025390723,1.0,0.9995882511138916,0.0,1.6442533731460571
cosserat_sweep_leak_dir_only,1337,val,cs_191_R11p6_L122p1_a04p5_k0p001,11.556692137858366,122.07713103471991,4.539556893118883,0.000992905899107872,0.09466713412990949,0.011474707797853135,1.0,0.9994741678237915,0.0,1.8581477403640747
cosserat_sweep_leak_dir_only,1337,val,cs_192_R09p6_L112p9_a08p3_k0p013,9.62626406234593,112.86084808263581,8.328318774743273,0.012966750816968898,0.08529321040807399,0.12482136739478242,1.0,0.9995753169059753,0.0,1.669880747795105
cosserat_sweep_leak_dir_only,1337,val,cs_198_R10p6_L134p7_a03p0_k0p024,10.600010918578532,134.70627910668327,3.0387794839948383,0.023869624648933822,0.07868980561911035,0.25301828190106973,1.0,0.9997833967208862,0.0,1.1925538778305054
cosserat_sweep_leak_dir_only,1337,val,cs_208_R15p1_L211p3_a09p7_k0p011,15.118689716695576,211.32200135358565,9.722945689626343,0.010666787766914671,0.07154337749905589,0.16126785452182701,1.0,0.9994563460350037,0.0,1.8893768787384033
cosserat_sweep_leak_dir_only,1337,val,cs_242_R11p1_L144p0_a05p5_k0p028,11.059500088639602,144.02331857351896,5.4797552543880785,0.027517248613048124,0.07678964905251859,0.3043270134751237,1.0,0.9995272159576416,0.0,1.7619198560714722
cosserat_sweep_leak_dir_only,1337,val,cs_261_R12p9_L253p3_a07p9_k0p018,12.906835133732944,253.2871487259385,7.877427617712564,0.0175134431064908,0.050957323333045944,0.22604312279948843,1.0,0.9995226263999939,0.0,1.7704517841339111
cosserat_sweep_leak_dir_only,1337,val,cs_282_R10p0_L204p3_a04p6_k0p006,10.018613235043922,204.29971991412128,4.610087289346258,0.005659941338303978,0.04903880063690401,0.05670476320150444,1.0,0.9997609257698059,0.0,1.2528891563415527
cosserat_sweep_leak_dir_only,1337,val,cs_289_R10p0_L261p4_a06p9_k0p031,10.013484458500468,261.37708247023414,6.937621506430334,0.031176595146921768,0.038310491355495226,0.31218635097266223,1.0,0.9997966289520264,0.0,1.1555521488189697
cosserat_sweep_leak_dir_only,1337,val,cs_295_R15p8_L158p7_a04p0_k0p015,15.815991131355483,158.68764716391132,3.9849693050340145,0.014939235824352927,0.09966743734639195,0.23627882130719402,1.0,0.9998602271080017,0.0,0.9579749703407288
cosserat_sweep_leak_dir_only,2026,test,cs_008_R10p3_L219p9_a10p1_k0p005,10.332632062001387,219.86319845391617,10.142430618716505,0.0053904580648451985,0.046995732503942136,0.05569761982969345,1.0,0.9996750354766846,0.0,1.4607881307601929
cosserat_sweep_leak_dir_only,2026,test,cs_011_R14p0_L181p9_a03p0_k0p014,14.044006058026058,181.87220676453305,3.0168575708216334,0.014121937351325617,0.077219088654973,0.1983285737130814,1.0,0.9997509121894836,0.0,1.2788596153259277
cosserat_sweep_leak_dir_only,2026,test,cs_036_R17p3_L276p1_a08p0_k0p003,17.31499466778154,276.12701618004564,8.021361701813102,0.0029834969688785585,0.06270663011290241,0.05165923410747463,1.0,0.9995140433311462,0.0,1.7862982749938965
cosserat_sweep_leak_dir_only,2026,test,cs_041_R16p4_L126p5_a08p0_k0p021,16.380952953924872,126.50298452981617,7.9710182832138035,0.02124330119733147,0.1294906441520671,0.34798551749954276,1.0,0.9996593594551086,0.0,1.4955402612686157
cosserat_sweep_leak_dir_only,2026,test,cs_042_R09p1_L132p8_a10p7_k0p011,9.07428353129959,132.76355859514942,10.712075744884107,0.010660025037295294,0.06834920385774537,0.09673208963916997,1.0,0.9997449517250061,0.0,1.294070839881897
cosserat_sweep_leak_dir_only,2026,test,cs_043_R12p3_L259p6_a06p1_k0p020,12.297612930140655,259.5885815717731,6.138198863286343,0.01974936588961313,0.04737347403988381,0.24287005732618525,1.0,0.9997259378433228,0.0,1.3414424657821655
cosserat_sweep_leak_dir_only,2026,test,cs_069_R13p1_L102p9_a09p7_k0p009,13.148822734681907,102.86134202123537,9.659537039244858,0.008785096495739686,0.12783055787826858,0.11551367652955634,1.0,0.9998639822006226,0.0,0.9450186491012573
cosserat_sweep_leak_dir_only,2026,test,cs_073_R17p1_L219p1_a08p8_k0p003,17.052436405248233,219.11549442691114,8.814141439119714,0.0029927805368692127,0.07782396425158468,0.05103419977982692,1.0,0.9991754293441772,0.0,2.3269195556640625
cosserat_sweep_leak_dir_only,2026,test,cs_077_R09p2_L151p4_a10p0_k0p005,9.20785348784141,151.41657260303316,9.988312383907285,0.005444190983975563,0.06081139818150236,0.050129312940274146,1.0,0.9990362524986267,0.0,2.5156726837158203
cosserat_sweep_leak_dir_only,2026,test,cs_101_R17p1_L296p7_a11p6_k0p014,17.06116325157632,296.7454777876344,11.553969292706446,0.014261996667051307,0.05749426538451287,0.2433262534299997,1.0,0.99964439868927,0.0,1.5280308723449707
cosserat_sweep_leak_dir_only,2026,test,cs_103_R15p3_L286p2_a07p5_k0p006,15.26161829168939,286.18579683017697,7.52249632089859,0.006024006987283315,0.05332765797858813,0.09193609522638774,1.0,0.9997881054878235,0.0,1.179519534111023
cosserat_sweep_leak_dir_only,2026,test,cs_108_R15p3_L157p3_a02p2_k0p017,15.293754870832325,157.25614939483324,2.219900141123518,0.01652590291086547,0.09725377945274051,0.25274310813795087,1.0,0.999884843826294,0.0,0.8694190979003906
cosserat_sweep_leak_dir_only,2026,test,cs_127_R09p9_L248p0_a10p7_k0p027,9.92130915509264,248.0385827557328,10.675877396634963,0.026674469300049557,0.03999905597292941,0.26464565647381927,1.0,0.9997121095657349,0.0,1.3747987747192383
cosserat_sweep_leak_dir_only,2026,test,cs_141_R11p5_L262p4_a02p2_k0p000,11.458340278600033,262.4340458867466,2.23603363554198,0.00012757021987368057,0.04366179029814172,0.0014617429887284563,1.0,0.9998118281364441,0.0,1.111531376838684
cosserat_sweep_leak_dir_only,2026,test,cs_145_R10p7_L132p0_a11p4_k0p027,10.68541526716421,132.04906413974186,11.393989353830287,0.02683932389225749,0.08092003784181533,0.28678932127869333,0.4670425821504958,0.9827958345413208,0.0,10.643365859985352
cosserat_sweep_leak_dir_only,2026,test,cs_150_R11p5_L181p7_a04p6_k0p020,11.518299636477002,181.71355082438,4.598057815988547,0.019514730234116283,0.0633871254192212,0.22477651016156833,1.0,0.9994606971740723,0.0,1.8818520307540894
cosserat_sweep_leak_dir_only,2026,test,cs_167_R08p2_L205p2_a11p9_k0p029,8.167573366253167,205.18563210404523,11.938348744333847,0.028818352151288754,0.03980577627439121,0.23537600549017068,1.0,0.999565064907074,0.0,1.6899176836013794
cosserat_sweep_leak_dir_only,2026,test,cs_203_R08p2_L122p5_a11p7_k0p007,8.217382794358745,122.54736312710918,11.737120847034058,0.006959456601839249,0.0670547499731632,0.057188518938040216,1.0,0.9997686147689819,0.0,1.2325762510299683
cosserat_sweep_leak_dir_only,2026,test,cs_204_R12p4_L232p8_a05p2_k0p008,12.432576699850076,232.80822831481788,5.207207074882933,0.008287663442116892,0.05340265157225443,0.10303701140666176,1.0,0.9994140863418579,0.0,1.9614428281784058
cosserat_sweep_leak_dir_only,2026,test,cs_206_R09p6_L215p3_a11p8_k0p017,9.638041884761433,215.2839528442758,11.817075619528502,0.017454471858595003,0.04476897491627277,0.16822693084952836,1.0,0.9991195201873779,0.0,2.4044835567474365
cosserat_sweep_leak_dir_only,2026,test,cs_207_R14p8_L249p3_a02p6_k0p016,14.829240881322207,249.25664949252578,2.6215250192799315,0.01590100405059888,0.059493862697399674,0.23579981932121089,1.0,0.99988853931427,0.0,0.8554655313491821
cosserat_sweep_leak_dir_only,2026,test,cs_209_R10p1_L101p7_a07p4_k0p010,10.120819917927488,101.7083360980719,7.440285153684869,0.00990678838805335,0.0995082635917721,0.1002648212405031,1.0,0.999896764755249,0.0,0.8231759071350098
cosserat_sweep_leak_dir_only,2026,test,cs_212_R12p3_L211p8_a06p3_k0p019,12.338677853831664,211.80580528278526,6.342760122167442,0.018696010110296455,0.05825467265808934,0.23068404590292776,1.0,0.9998078346252441,0.0,1.1232647895812988
cosserat_sweep_leak_dir_only,2026,test,cs_221_R10p5_L204p7_a03p8_k0p014,10.490382252632225,204.67218480322697,3.8459641754550846,0.0138257058482252,0.05125455744129443,0.14503693926033523,1.0,0.9995942711830139,0.0,1.632188081741333
cosserat_sweep_leak_dir_only,2026,test,cs_227_R14p4_L277p1_a05p3_k0p014,14.418427658248241,277.1340038172114,5.301363838105172,0.01396688597456547,0.052026916436274516,0.20138053503527423,1.0,0.9997426271438599,0.0,1.2999547719955444
cosserat_sweep_leak_dir_only,2026,test,cs_231_R13p0_L240p3_a05p5_k0p019,12.97148968239227,240.34910386029168,5.529877524013183,0.019003727820144537,0.053969369862648796,0.2465066593459958,1.0,0.999509334564209,0.0,1.7949323654174805
cosserat_sweep_leak_dir_only,2026,test,cs_232_R15p7_L186p4_a07p6_k0p012,15.654714235548212,186.38536863997828,7.595966650351917,0.01240612882235181,0.08399111126467677,0.19421440148331587,1.0,0.9996083974838257,0.0,1.6035205125808716
cosserat_sweep_leak_dir_only,2026,test,cs_234_R09p0_L188p8_a06p9_k0p030,9.039784318877945,188.7543935856657,6.857262450562726,0.029651210053235406,0.0478917822634696,0.2680405436749935,1.0,0.9996960163116455,0.0,1.4127775430679321
cosserat_sweep_leak_dir_only,2026,test,cs_237_R11p3_L274p9_a11p9_k0p019,11.34108282364878,274.8799492157583,11.889809393813541,0.01891886211767744,0.04125831242331523,0.21456038220577117,1.0,0.9995806813240051,0.0,1.6592998504638672
cosserat_sweep_leak_dir_only,2026,test,cs_243_R10p7_L196p9_a03p5_k0p020,10.685120152308635,196.91921575267133,3.4852042530363283,0.020074742814701573,0.054261439704945014,0.21450103900178072,1.0,0.9994202256202698,0.0,1.9511384963989258
cosserat_sweep_leak_dir_only,2026,test,cs_244_R11p7_L295p1_a04p8_k0p019,11.695820140082057,295.08370829461035,4.7886023453704265,0.01872456140796538,0.039635601055972226,0.21899910242948478,1.0,0.9998612999916077,0.0,0.9542911648750305
cosserat_sweep_leak_dir_only,2026,test,cs_249_R13p4_L183p9_a06p3_k0p012,13.379656937996563,183.94270592169076,6.253312234722841,0.011863671098384052,0.07273817611279805,0.15873184932160347,1.0,0.999462902545929,0.0,1.87794828414917
cosserat_sweep_leak_dir_only,2026,test,cs_255_R10p5_L206p1_a06p2_k0p025,10.526340555463111,206.14315889437802,6.240269051325278,0.02524660378219265,0.05106325435158639,0.26575434928020286,1.0,0.999395489692688,0.0,1.9923301935195923
cosserat_sweep_leak_dir_only,2026,test,cs_267_R15p8_L136p0_a09p0_k0p011,15.841647847201518,136.00586823878572,9.002830388550995,0.010930430195646728,0.11647767888506334,0.17315602597785346,1.0,0.9991011619567871,0.0,2.4294259548187256
cosserat_sweep_leak_dir_only,2026,test,cs_291_R12p7_L154p6_a11p6_k0p026,12.732700950050912,154.56718024184406,11.635933302839938,0.026381135330233136,0.08237648464653784,0.33590310688268116,1.0,0.9995467066764832,0.0,1.7252166271209717
cosserat_sweep_leak_dir_only,2026,test,cs_292_R14p4_L187p7_a06p1_k0p018,14.387564331140076,187.69446004590728,6.091070410185052,0.01817182441893697,0.07665417683410097,0.2614482928416378,1.0,0.9995352625846863,0.0,1.7468606233596802
cosserat_sweep_leak_dir_only,2026,val,cs_000_R09p8_L228p0_a06p7_k0p015,9.789348136754361,227.9826331430309,6.672684011434852,0.014820021084321922,0.04293900812441602,0.14507834578846715,1.0,0.9996610879898071,0.0,1.4917408227920532
cosserat_sweep_leak_dir_only,2026,val,cs_010_R11p6_L163p7_a05p1_k0p005,11.550610145885386,163.73579328774903,5.1366674156380805,0.004713985780975811,0.07054419753893616,0.05444941198929865,1.0,0.9998456835746765,0.0,1.006582260131836
cosserat_sweep_leak_dir_only,2026,val,cs_044_R15p5_L133p3_a07p4_k0p004,15.535177069130189,133.3034756178414,7.401208121935621,0.004461336701963621,0.11653992513793807,0.06930765563001415,1.0,0.9998069405555725,0.0,1.1258748769760132
cosserat_sweep_leak_dir_only,2026,val,cs_056_R13p8_L203p6_a05p8_k0p003,13.778802937632774,203.5513047123528,5.821946206602572,0.0031107731319378563,0.06769203939569043,0.04286272996865444,1.0,0.9998325705528259,0.0,1.048478603363037
cosserat_sweep_leak_dir_only,2026,val,cs_064_R10p8_L101p0_a03p4_k0p031,10.796119193782612,101.01214607231668,3.4248162866480163,0.03110729395226966,0.1068794161253979,0.3358380533047362,1.0,0.999726414680481,0.0,1.3402745723724365
cosserat_sweep_leak_dir_only,2026,val,cs_074_R17p1_L141p4_a09p2_k0p020,17.100988944392856,141.41770281837591,9.179064872954681,0.019773118911264792,0.12092537641030571,0.3381398878977045,1.0,0.9995693564414978,0.0,1.6815592050552368
cosserat_sweep_leak_dir_only,2026,val,cs_086_R10p0_L275p8_a10p8_k0p020,10.04139294969339,275.84623706717616,10.791822930263493,0.019800424415586795,0.03640213858435936,0.19882384212761012,1.0,0.999679684638977,0.0,1.4501665830612183
cosserat_sweep_leak_dir_only,2026,val,cs_090_R13p9_L105p0_a06p5_k0p012,13.88716063125649,104.97689554401948,6.534815367450279,0.012241659663291484,0.1322877816046032,0.17000189413730207,1.0,0.9990769028663635,0.0,2.4620378017425537
cosserat_sweep_leak_dir_only,2026,val,cs_105_R12p5_L237p2_a07p2_k0p018,12.487717707176497,237.1990006516807,7.196482412958837,0.0181509031980451,0.05264658650697403,0.2266633552674743,1.0,0.9991525411605835,0.0,2.3589982986450195
cosserat_sweep_leak_dir_only,2026,val,cs_117_R12p5_L100p7_a10p5_k0p010,12.515629257465857,100.65926548640257,10.488117451574483,0.01024315845605953,0.12433658438682445,0.12819957366151744,1.0,0.9995272755622864,0.0,1.7618086338043213
cosserat_sweep_leak_dir_only,2026,val,cs_120_R10p1_L144p9_a04p9_k0p014,10.084726977879201,144.87440743102388,4.9044366749501185,0.014046124818042287,0.06961013443786224,0.14165133388716963,1.0,0.9994346499443054,0.0,1.926711916923523
cosserat_sweep_leak_dir_only,2026,val,cs_154_R09p8_L277p9_a04p5_k0p001,9.786235109693399,277.90254292644227,4.470856904033879,0.0010586313566167327,0.03521462958431333,0.010360015350345022,1.0,0.9997199773788452,0.0,1.355879783630371
cosserat_sweep_leak_dir_only,2026,val,cs_163_R16p2_L152p7_a09p6_k0p006,16.198749765649147,152.71987348386645,9.616329901244171,0.006459260849737745,0.1060683812533436,0.10463195017595601,1.0,0.9997756481170654,0.0,1.213697910308838
cosserat_sweep_leak_dir_only,2026,val,cs_181_R08p3_L115p6_a11p2_k0p013,8.251120705485146,115.56542371606969,11.165520861428346,0.013081764804294354,0.07139783198266253,0.10793922044099999,1.0,0.9998399019241333,0.0,1.0252658128738403
cosserat_sweep_leak_dir_only,2026,val,cs_182_R08p6_L137p8_a02p8_k0p001,8.598629938826313,137.79496076059377,2.7830575511755864,0.0014826998156791183,0.06240162841488559,0.012749187025390723,1.0,0.9992330074310303,0.0,2.244196891784668
cosserat_sweep_leak_dir_only,2026,val,cs_191_R11p6_L122p1_a04p5_k0p001,11.556692137858366,122.07713103471991,4.539556893118883,0.000992905899107872,0.09466713412990949,0.011474707797853135,1.0,0.9993629455566406,0.0,2.045262098312378
cosserat_sweep_leak_dir_only,2026,val,cs_192_R09p6_L112p9_a08p3_k0p013,9.62626406234593,112.86084808263581,8.328318774743273,0.012966750816968898,0.08529321040807399,0.12482136739478242,1.0,0.9994803071022034,0.0,1.8472676277160645
cosserat_sweep_leak_dir_only,2026,val,cs_198_R10p6_L134p7_a03p0_k0p024,10.600010918578532,134.70627910668327,3.0387794839948383,0.023869624648933822,0.07868980561911035,0.25301828190106973,1.0,0.9996761083602905,0.0,1.4583748579025269
cosserat_sweep_leak_dir_only,2026,val,cs_208_R15p1_L211p3_a09p7_k0p011,15.118689716695576,211.32200135358565,9.722945689626343,0.010666787766914671,0.07154337749905589,0.16126785452182701,1.0,0.999845027923584,0.0,1.008718490600586
cosserat_sweep_leak_dir_only,2026,val,cs_242_R11p1_L144p0_a05p5_k0p028,11.059500088639602,144.02331857351896,5.4797552543880785,0.027517248613048124,0.07678964905251859,0.3043270134751237,1.0,0.9996546506881714,0.0,1.505841851234436
cosserat_sweep_leak_dir_only,2026,val,cs_261_R12p9_L253p3_a07p9_k0p018,12.906835133732944,253.2871487259385,7.877427617712564,0.0175134431064908,0.050957323333045944,0.22604312279948843,1.0,0.9994815587997437,0.0,1.8449883460998535
cosserat_sweep_leak_dir_only,2026,val,cs_282_R10p0_L204p3_a04p6_k0p006,10.018613235043922,204.29971991412128,4.610087289346258,0.005659941338303978,0.04903880063690401,0.05670476320150444,1.0,0.9997988343238831,0.0,1.149269461631775
cosserat_sweep_leak_dir_only,2026,val,cs_289_R10p0_L261p4_a06p9_k0p031,10.013484458500468,261.37708247023414,6.937621506430334,0.031176595146921768,0.038310491355495226,0.31218635097266223,1.0,0.9995412826538086,0.0,1.735508680343628
cosserat_sweep_leak_dir_only,2026,val,cs_295_R15p8_L158p7_a04p0_k0p015,15.815991131355483,158.68764716391132,3.9849693050340145,0.014939235824352927,0.09966743734639195,0.23627882130719402,1.0,0.9993823766708374,0.0,2.0138254165649414
cosserat_sweep_leak_dir_only,777,test,cs_008_R10p3_L219p9_a10p1_k0p005,10.332632062001387,219.86319845391617,10.142430618716505,0.0053904580648451985,0.046995732503942136,0.05569761982969345,1.0,0.999695897102356,0.0,1.4129852056503296
cosserat_sweep_leak_dir_only,777,test,cs_011_R14p0_L181p9_a03p0_k0p014,14.044006058026058,181.87220676453305,3.0168575708216334,0.014121937351325617,0.077219088654973,0.1983285737130814,1.0,0.9998427629470825,0.0,1.0159668922424316
cosserat_sweep_leak_dir_only,777,test,cs_036_R17p3_L276p1_a08p0_k0p003,17.31499466778154,276.12701618004564,8.021361701813102,0.0029834969688785585,0.06270663011290241,0.05165923410747463,1.0,0.9996156096458435,0.0,1.5886847972869873
cosserat_sweep_leak_dir_only,777,test,cs_041_R16p4_L126p5_a08p0_k0p021,16.380952953924872,126.50298452981617,7.9710182832138035,0.02124330119733147,0.1294906441520671,0.34798551749954276,1.0,0.9996070265769958,0.0,1.6063250303268433
cosserat_sweep_leak_dir_only,777,test,cs_042_R09p1_L132p8_a10p7_k0p011,9.07428353129959,132.76355859514942,10.712075744884107,0.010660025037295294,0.06834920385774537,0.09673208963916997,1.0,0.999679446220398,0.0,1.4507735967636108
cosserat_sweep_leak_dir_only,777,test,cs_043_R12p3_L259p6_a06p1_k0p020,12.297612930140655,259.5885815717731,6.138198863286343,0.01974936588961313,0.04737347403988381,0.24287005732618525,1.0,0.999671220779419,0.0,1.4692702293395996
cosserat_sweep_leak_dir_only,777,test,cs_069_R13p1_L102p9_a09p7_k0p009,13.148822734681907,102.86134202123537,9.659537039244858,0.008785096495739686,0.12783055787826858,0.11551367652955634,1.0,0.9997758269309998,0.0,1.2132140398025513
cosserat_sweep_leak_dir_only,777,test,cs_073_R17p1_L219p1_a08p8_k0p003,17.052436405248233,219.11549442691114,8.814141439119714,0.0029927805368692127,0.07782396425158468,0.05103419977982692,1.0,0.9995303153991699,0.0,1.7561345100402832
cosserat_sweep_leak_dir_only,777,test,cs_077_R09p2_L151p4_a10p0_k0p005,9.20785348784141,151.41657260303316,9.988312383907285,0.005444190983975563,0.06081139818150236,0.050129312940274146,1.0,0.9996050000190735,0.0,1.6104618310928345
cosserat_sweep_leak_dir_only,777,test,cs_101_R17p1_L296p7_a11p6_k0p014,17.06116325157632,296.7454777876344,11.553969292706446,0.014261996667051307,0.05749426538451287,0.2433262534299997,1.0,0.999772310256958,0.0,1.2226934432983398
cosserat_sweep_leak_dir_only,777,test,cs_103_R15p3_L286p2_a07p5_k0p006,15.26161829168939,286.18579683017697,7.52249632089859,0.006024006987283315,0.05332765797858813,0.09193609522638774,1.0,0.9998462796211243,0.0,1.0046364068984985
cosserat_sweep_leak_dir_only,777,test,cs_108_R15p3_L157p3_a02p2_k0p017,15.293754870832325,157.25614939483324,2.219900141123518,0.01652590291086547,0.09725377945274051,0.25274310813795087,1.0,0.9998351335525513,0.0,1.0404224395751953
cosserat_sweep_leak_dir_only,777,test,cs_127_R09p9_L248p0_a10p7_k0p027,9.92130915509264,248.0385827557328,10.675877396634963,0.026674469300049557,0.03999905597292941,0.26464565647381927,1.0,0.9996025562286377,0.0,1.6153756380081177
cosserat_sweep_leak_dir_only,777,test,cs_141_R11p5_L262p4_a02p2_k0p000,11.458340278600033,262.4340458867466,2.23603363554198,0.00012757021987368057,0.04366179029814172,0.0014617429887284563,1.0,0.9997989535331726,0.0,1.1489287614822388
cosserat_sweep_leak_dir_only,777,test,cs_145_R10p7_L132p0_a11p4_k0p027,10.68541526716421,132.04906413974186,11.393989353830287,0.02683932389225749,0.08092003784181533,0.28678932127869333,0.4995139023916002,0.9847493767738342,0.0,10.019242286682129
cosserat_sweep_leak_dir_only,777,test,cs_150_R11p5_L181p7_a04p6_k0p020,11.518299636477002,181.71355082438,4.598057815988547,0.019514730234116283,0.0633871254192212,0.22477651016156833,1.0,0.9996022582054138,0.0,1.616041898727417
cosserat_sweep_leak_dir_only,777,test,cs_167_R08p2_L205p2_a11p9_k0p029,8.167573366253167,205.18563210404523,11.938348744333847,0.028818352151288754,0.03980577627439121,0.23537600549017068,1.0,0.9997848272323608,0.0,1.1886091232299805
cosserat_sweep_leak_dir_only,777,test,cs_203_R08p2_L122p5_a11p7_k0p007,8.217382794358745,122.54736312710918,11.737120847034058,0.006959456601839249,0.0670547499731632,0.057188518938040216,1.0,0.9997530579566956,0.0,1.273339033126831
cosserat_sweep_leak_dir_only,777,test,cs_204_R12p4_L232p8_a05p2_k0p008,12.432576699850076,232.80822831481788,5.207207074882933,0.008287663442116892,0.05340265157225443,0.10303701140666176,1.0,0.9998065233230591,0.0,1.1270908117294312
cosserat_sweep_leak_dir_only,777,test,cs_206_R09p6_L215p3_a11p8_k0p017,9.638041884761433,215.2839528442758,11.817075619528502,0.017454471858595003,0.04476897491627277,0.16822693084952836,1.0,0.999774694442749,0.0,1.2162747383117676
cosserat_sweep_leak_dir_only,777,test,cs_207_R14p8_L249p3_a02p6_k0p016,14.829240881322207,249.25664949252578,2.6215250192799315,0.01590100405059888,0.059493862697399674,0.23579981932121089,1.0,0.999746561050415,0.0,1.2899813652038574
cosserat_sweep_leak_dir_only,777,test,cs_209_R10p1_L101p7_a07p4_k0p010,10.120819917927488,101.7083360980719,7.440285153684869,0.00990678838805335,0.0995082635917721,0.1002648212405031,1.0,0.9998829960823059,0.0,0.8764800429344177
cosserat_sweep_leak_dir_only,777,test,cs_212_R12p3_L211p8_a06p3_k0p019,12.338677853831664,211.80580528278526,6.342760122167442,0.018696010110296455,0.05825467265808934,0.23068404590292776,1.0,0.9997879266738892,0.0,1.180017113685608
cosserat_sweep_leak_dir_only,777,test,cs_221_R10p5_L204p7_a03p8_k0p014,10.490382252632225,204.67218480322697,3.8459641754550846,0.0138257058482252,0.05125455744129443,0.14503693926033523,1.0,0.9995184540748596,0.0,1.778172492980957
cosserat_sweep_leak_dir_only,777,test,cs_227_R14p4_L277p1_a05p3_k0p014,14.418427658248241,277.1340038172114,5.301363838105172,0.01396688597456547,0.052026916436274516,0.20138053503527423,1.0,0.9996750950813293,0.0,1.4605873823165894
cosserat_sweep_leak_dir_only,777,test,cs_231_R13p0_L240p3_a05p5_k0p019,12.97148968239227,240.34910386029168,5.529877524013183,0.019003727820144537,0.053969369862648796,0.2465066593459958,1.0,0.9996600151062012,0.0,1.4941002130508423
cosserat_sweep_leak_dir_only,777,test,cs_232_R15p7_L186p4_a07p6_k0p012,15.654714235548212,186.38536863997828,7.595966650351917,0.01240612882235181,0.08399111126467677,0.19421440148331587,1.0,0.9998271465301514,0.0,1.0654187202453613
cosserat_sweep_leak_dir_only,777,test,cs_234_R09p0_L188p8_a06p9_k0p030,9.039784318877945,188.7543935856657,6.857262450562726,0.029651210053235406,0.0478917822634696,0.2680405436749935,1.0,0.999599039554596,0.0,1.622567892074585
cosserat_sweep_leak_dir_only,777,test,cs_237_R11p3_L274p9_a11p9_k0p019,11.34108282364878,274.8799492157583,11.889809393813541,0.01891886211767744,0.04125831242331523,0.21456038220577117,1.0,0.9996218681335449,0.0,1.5756356716156006
cosserat_sweep_leak_dir_only,777,test,cs_243_R10p7_L196p9_a03p5_k0p020,10.685120152308635,196.91921575267133,3.4852042530363283,0.020074742814701573,0.054261439704945014,0.21450103900178072,1.0,0.999701738357544,0.0,1.3993470668792725
cosserat_sweep_leak_dir_only,777,test,cs_244_R11p7_L295p1_a04p8_k0p019,11.695820140082057,295.08370829461035,4.7886023453704265,0.01872456140796538,0.039635601055972226,0.21899910242948478,1.0,0.9999224543571472,0.0,0.7135412693023682
cosserat_sweep_leak_dir_only,777,test,cs_249_R13p4_L183p9_a06p3_k0p012,13.379656937996563,183.94270592169076,6.253312234722841,0.011863671098384052,0.07273817611279805,0.15873184932160347,1.0,0.9997454881668091,0.0,1.2927091121673584
cosserat_sweep_leak_dir_only,777,test,cs_255_R10p5_L206p1_a06p2_k0p025,10.526340555463111,206.14315889437802,6.240269051325278,0.02524660378219265,0.05106325435158639,0.26575434928020286,1.0,0.9994233250617981,0.0,1.9459154605865479
cosserat_sweep_leak_dir_only,777,test,cs_267_R15p8_L136p0_a09p0_k0p011,15.841647847201518,136.00586823878572,9.002830388550995,0.010930430195646728,0.11647767888506334,0.17315602597785346,1.0,0.999489963054657,0.0,1.8300244808197021
cosserat_sweep_leak_dir_only,777,test,cs_291_R12p7_L154p6_a11p6_k0p026,12.732700950050912,154.56718024184406,11.635933302839938,0.026381135330233136,0.08237648464653784,0.33590310688268116,1.0,0.9997795224189758,0.0,1.203172206878662
cosserat_sweep_leak_dir_only,777,test,cs_292_R14p4_L187p7_a06p1_k0p018,14.387564331140076,187.69446004590728,6.091070410185052,0.01817182441893697,0.07665417683410097,0.2614482928416378,1.0,0.9997618794441223,0.0,1.2503876686096191
cosserat_sweep_leak_dir_only,777,val,cs_000_R09p8_L228p0_a06p7_k0p015,9.789348136754361,227.9826331430309,6.672684011434852,0.014820021084321922,0.04293900812441602,0.14507834578846715,1.0,0.9998009204864502,0.0,1.1432944536209106
cosserat_sweep_leak_dir_only,777,val,cs_010_R11p6_L163p7_a05p1_k0p005,11.550610145885386,163.73579328774903,5.1366674156380805,0.004713985780975811,0.07054419753893616,0.05444941198929865,1.0,0.9998709559440613,0.0,0.9204735159873962
cosserat_sweep_leak_dir_only,777,val,cs_044_R15p5_L133p3_a07p4_k0p004,15.535177069130189,133.3034756178414,7.401208121935621,0.004461336701963621,0.11653992513793807,0.06930765563001415,1.0,0.9996597766876221,0.0,1.4946240186691284
cosserat_sweep_leak_dir_only,777,val,cs_056_R13p8_L203p6_a05p8_k0p003,13.778802937632774,203.5513047123528,5.821946206602572,0.0031107731319378563,0.06769203939569043,0.04286272996865444,1.0,0.9999250769615173,0.0,0.7013713121414185
cosserat_sweep_leak_dir_only,777,val,cs_064_R10p8_L101p0_a03p4_k0p031,10.796119193782612,101.01214607231668,3.4248162866480163,0.03110729395226966,0.1068794161253979,0.3358380533047362,1.0,0.9997199177742004,0.0,1.3560962677001953
cosserat_sweep_leak_dir_only,777,val,cs_074_R17p1_L141p4_a09p2_k0p020,17.100988944392856,141.41770281837591,9.179064872954681,0.019773118911264792,0.12092537641030571,0.3381398878977045,1.0,0.9995514750480652,0.0,1.7161179780960083
cosserat_sweep_leak_dir_only,777,val,cs_086_R10p0_L275p8_a10p8_k0p020,10.04139294969339,275.84623706717616,10.791822930263493,0.019800424415586795,0.03640213858435936,0.19882384212761012,1.0,0.9997740983963013,0.0,1.2179629802703857
cosserat_sweep_leak_dir_only,777,val,cs_090_R13p9_L105p0_a06p5_k0p012,13.88716063125649,104.97689554401948,6.534815367450279,0.012241659663291484,0.1322877816046032,0.17000189413730207,1.0,0.9994879364967346,0.0,1.8336570262908936
cosserat_sweep_leak_dir_only,777,val,cs_105_R12p5_L237p2_a07p2_k0p018,12.487717707176497,237.1990006516807,7.196482412958837,0.0181509031980451,0.05264658650697403,0.2266633552674743,1.0,0.9995825886726379,0.0,1.6555215120315552
cosserat_sweep_leak_dir_only,777,val,cs_117_R12p5_L100p7_a10p5_k0p010,12.515629257465857,100.65926548640257,10.488117451574483,0.01024315845605953,0.12433658438682445,0.12819957366151744,1.0,0.9997860193252563,0.0,1.1853117942810059
cosserat_sweep_leak_dir_only,777,val,cs_120_R10p1_L144p9_a04p9_k0p014,10.084726977879201,144.87440743102388,4.9044366749501185,0.014046124818042287,0.06961013443786224,0.14165133388716963,1.0,0.9994867444038391,0.0,1.8357899188995361
cosserat_sweep_leak_dir_only,777,val,cs_154_R09p8_L277p9_a04p5_k0p001,9.786235109693399,277.90254292644227,4.470856904033879,0.0010586313566167327,0.03521462958431333,0.010360015350345022,1.0,0.999824583530426,0.0,1.0731961727142334
cosserat_sweep_leak_dir_only,777,val,cs_163_R16p2_L152p7_a09p6_k0p006,16.198749765649147,152.71987348386645,9.616329901244171,0.006459260849737745,0.1060683812533436,0.10463195017595601,1.0,0.9997234344482422,0.0,1.3474829196929932
cosserat_sweep_leak_dir_only,777,val,cs_181_R08p3_L115p6_a11p2_k0p013,8.251120705485146,115.56542371606969,11.165520861428346,0.013081764804294354,0.07139783198266253,0.10793922044099999,1.0,0.9996474981307983,0.0,1.5213568210601807
cosserat_sweep_leak_dir_only,777,val,cs_182_R08p6_L137p8_a02p8_k0p001,8.598629938826313,137.79496076059377,2.7830575511755864,0.0014826998156791183,0.06240162841488559,0.012749187025390723,1.0,0.9997793436050415,0.0,1.203660011291504
cosserat_sweep_leak_dir_only,777,val,cs_191_R11p6_L122p1_a04p5_k0p001,11.556692137858366,122.07713103471991,4.539556893118883,0.000992905899107872,0.09466713412990949,0.011474707797853135,1.0,0.9996245503425598,0.0,1.5700989961624146
cosserat_sweep_leak_dir_only,777,val,cs_192_R09p6_L112p9_a08p3_k0p013,9.62626406234593,112.86084808263581,8.328318774743273,0.012966750816968898,0.08529321040807399,0.12482136739478242,1.0,0.999739408493042,0.0,1.3081332445144653
cosserat_sweep_leak_dir_only,777,val,cs_198_R10p6_L134p7_a03p0_k0p024,10.600010918578532,134.70627910668327,3.0387794839948383,0.023869624648933822,0.07868980561911035,0.25301828190106973,1.0,0.9997059106826782,0.0,1.3896641731262207
cosserat_sweep_leak_dir_only,777,val,cs_208_R15p1_L211p3_a09p7_k0p011,15.118689716695576,211.32200135358565,9.722945689626343,0.010666787766914671,0.07154337749905589,0.16126785452182701,1.0,0.9998835325241089,0.0,0.8744684457778931
cosserat_sweep_leak_dir_only,777,val,cs_242_R11p1_L144p0_a05p5_k0p028,11.059500088639602,144.02331857351896,5.4797552543880785,0.027517248613048124,0.07678964905251859,0.3043270134751237,1.0,0.9997199773788452,0.0,1.3559519052505493
cosserat_sweep_leak_dir_only,777,val,cs_261_R12p9_L253p3_a07p9_k0p018,12.906835133732944,253.2871487259385,7.877427617712564,0.0175134431064908,0.050957323333045944,0.22604312279948843,1.0,0.9996508955955505,0.0,1.5140070915222168
cosserat_sweep_leak_dir_only,777,val,cs_282_R10p0_L204p3_a04p6_k0p006,10.018613235043922,204.29971991412128,4.610087289346258,0.005659941338303978,0.04903880063690401,0.05670476320150444,1.0,0.9997080564498901,0.0,1.3845148086547852
cosserat_sweep_leak_dir_only,777,val,cs_289_R10p0_L261p4_a06p9_k0p031,10.013484458500468,261.37708247023414,6.937621506430334,0.031176595146921768,0.038310491355495226,0.31218635097266223,1.0,0.9998118877410889,0.0,1.111443281173706
cosserat_sweep_leak_dir_only,777,val,cs_295_R15p8_L158p7_a04p0_k0p015,15.815991131355483,158.68764716391132,3.9849693050340145,0.014939235824352927,0.09966743734639195,0.23627882130719402,1.0,0.9996418952941895,0.0,1.5334004163742065
cosserat_sweep_leak_mag_only,1337,test,cs_008_R10p3_L219p9_a10p1_k0p005,10.332632062001387,219.86319845391617,10.142430618716505,0.0053904580648451985,0.046995732503942136,0.05569761982969345,0.03731053245239021,0.6825824975967407,0.020015546055188495,46.95421600341797
cosserat_sweep_leak_mag_only,1337,test,cs_011_R14p0_L181p9_a03p0_k0p014,14.044006058026058,181.87220676453305,3.0168575708216334,0.014121937351325617,0.077219088654973,0.1983285737130814,0.06798756798756798,0.8432974815368652,0.0,32.51001739501953
cosserat_sweep_leak_mag_only,1337,test,cs_036_R17p3_L276p1_a08p0_k0p003,17.31499466778154,276.12701618004564,8.021361701813102,0.0029834969688785585,0.06270663011290241,0.05165923410747463,0.00038662284941040013,0.855635404586792,0.0,31.169994354248047
cosserat_sweep_leak_mag_only,1337,test,cs_041_R16p4_L126p5_a08p0_k0p021,16.380952953924872,126.50298452981617,7.9710182832138035,0.02124330119733147,0.1294906441520671,0.34798551749954276,0.0,-0.8709109425544739,1.0,150.56466674804688
cosserat_sweep_leak_mag_only,1337,test,cs_042_R09p1_L132p8_a10p7_k0p011,9.07428353129959,132.76355859514942,10.712075744884107,0.010660025037295294,0.06834920385774537,0.09673208963916997,0.0,-0.9517659544944763,0.9955400426604615,162.1320037841797
cosserat_sweep_leak_mag_only,1337,test,cs_043_R12p3_L259p6_a06p1_k0p020,12.297612930140655,259.5885815717731,6.138198863286343,0.01974936588961313,0.04737347403988381,0.24287005732618525,0.05571565802113353,0.7050909399986267,0.15561959654178675,45.16310501098633
cosserat_sweep_leak_mag_only,1337,test,cs_069_R13p1_L102p9_a09p7_k0p009,13.148822734681907,102.86134202123537,9.659537039244858,0.008785096495739686,0.12783055787826858,0.11551367652955634,0.23778945320101186,0.9579648375511169,0.0,16.671594619750977
cosserat_sweep_leak_mag_only,1337,test,cs_073_R17p1_L219p1_a08p8_k0p003,17.052436405248233,219.11549442691114,8.814141439119714,0.0029927805368692127,0.07782396425158468,0.05103419977982692,0.013878180416345412,0.9169319868087769,0.0,23.518402099609375
cosserat_sweep_leak_mag_only,1337,test,cs_077_R09p2_L151p4_a10p0_k0p005,9.20785348784141,151.41657260303316,9.988312383907285,0.005444190983975563,0.06081139818150236,0.050129312940274146,0.0,0.7098933458328247,0.027078204885438363,44.77376174926758
cosserat_sweep_leak_mag_only,1337,test,cs_101_R17p1_L296p7_a11p6_k0p014,17.06116325157632,296.7454777876344,11.553969292706446,0.014261996667051307,0.05749426538451287,0.2433262534299997,0.0,-0.2172446995973587,0.5885214007782101,102.54724884033203
cosserat_sweep_leak_mag_only,1337,test,cs_103_R15p3_L286p2_a07p5_k0p006,15.26161829168939,286.18579683017697,7.52249632089859,0.006024006987283315,0.05332765797858813,0.09193609522638774,0.0,0.548843264579773,0.00993625796775403,56.71230697631836
cosserat_sweep_leak_mag_only,1337,test,cs_108_R15p3_L157p3_a02p2_k0p017,15.293754870832325,157.25614939483324,2.219900141123518,0.01652590291086547,0.09725377945274051,0.25274310813795087,0.22121329211746524,0.9217825531959534,0.0,22.811912536621094
cosserat_sweep_leak_mag_only,1337,test,cs_127_R09p9_L248p0_a10p7_k0p027,9.92130915509264,248.0385827557328,10.675877396634963,0.026674469300049557,0.03999905597292941,0.26464565647381927,0.01111963190184049,-0.6790081262588501,0.7268021472392638,132.76617431640625
cosserat_sweep_leak_mag_only,1337,test,cs_141_R11p5_L262p4_a02p2_k0p000,11.458340278600033,262.4340458867466,2.23603363554198,0.00012757021987368057,0.04366179029814172,0.0014617429887284563,0.0,-0.5017619132995605,0.7861816782140107,120.11663818359375
cosserat_sweep_leak_mag_only,1337,test,cs_145_R10p7_L132p0_a11p4_k0p027,10.68541526716421,132.04906413974186,11.393989353830287,0.02683932389225749,0.08092003784181533,0.28678932127869333,0.0021388294769589733,0.44628357887268066,0.24985417071748006,63.4945068359375
cosserat_sweep_leak_mag_only,1337,test,cs_150_R11p5_L181p7_a04p6_k0p020,11.518299636477002,181.71355082438,4.598057815988547,0.019514730234116283,0.0633871254192212,0.22477651016156833,0.024328532502919425,0.3414381742477417,0.13234721681588166,70.03547668457031
cosserat_sweep_leak_mag_only,1337,test,cs_167_R08p2_L205p2_a11p9_k0p029,8.167573366253167,205.18563210404523,11.938348744333847,0.028818352151288754,0.03980577627439121,0.23537600549017068,0.042193272409099744,-0.1321839839220047,0.5508458098386156,97.59580993652344
cosserat_sweep_leak_mag_only,1337,test,cs_203_R08p2_L122p5_a11p7_k0p007,8.217382794358745,122.54736312710918,11.737120847034058,0.006959456601839249,0.0670547499731632,0.057188518938040216,0.003147565265691539,0.46470820903778076,0.2834660248102203,62.308658599853516
cosserat_sweep_leak_mag_only,1337,test,cs_204_R12p4_L232p8_a05p2_k0p008,12.432576699850076,232.80822831481788,5.207207074882933,0.008287663442116892,0.05340265157225443,0.10303701140666176,0.0,0.5228856801986694,0.20644935155976166,58.473976135253906
cosserat_sweep_leak_mag_only,1337,test,cs_206_R09p6_L215p3_a11p8_k0p017,9.638041884761433,215.2839528442758,11.817075619528502,0.017454471858595003,0.04476897491627277,0.16822693084952836,0.0,-0.7954853773117065,0.9690529455630127,142.70111083984375
cosserat_sweep_leak_mag_only,1337,test,cs_207_R14p8_L249p3_a02p6_k0p016,14.829240881322207,249.25664949252578,2.6215250192799315,0.01590100405059888,0.059493862697399674,0.23579981932121089,0.08352623456790123,0.6854768395423889,0.07503858024691358,46.72687911987305
cosserat_sweep_leak_mag_only,1337,test,cs_209_R10p1_L101p7_a07p4_k0p010,10.120819917927488,101.7083360980719,7.440285153684869,0.00990678838805335,0.0995082635917721,0.1002648212405031,0.3709926612591734,0.9770202040672302,0.0,12.306821823120117
cosserat_sweep_leak_mag_only,1337,test,cs_212_R12p3_L211p8_a06p3_k0p019,12.338677853831664,211.80580528278526,6.342760122167442,0.018696010110296455,0.05825467265808934,0.23068404590292776,0.0,0.8258976936340332,0.03836465801201318,34.32038879394531
cosserat_sweep_leak_mag_only,1337,test,cs_221_R10p5_L204p7_a03p8_k0p014,10.490382252632225,204.67218480322697,3.8459641754550846,0.0138257058482252,0.05125455744129443,0.14503693926033523,0.007779074290159471,0.8638439178466797,0.0,30.249046325683594
cosserat_sweep_leak_mag_only,1337,test,cs_227_R14p4_L277p1_a05p3_k0p014,14.418427658248241,277.1340038172114,5.301363838105172,0.01396688597456547,0.052026916436274516,0.20138053503527423,0.0,-0.6372177004814148,0.9812921890067502,129.5846710205078
cosserat_sweep_leak_mag_only,1337,test,cs_231_R13p0_L240p3_a05p5_k0p019,12.97148968239227,240.34910386029168,5.529877524013183,0.019003727820144537,0.053969369862648796,0.2465066593459958,0.14837593695944648,0.8744516372680664,0.07111281952719585,29.01985740661621
cosserat_sweep_leak_mag_only,1337,test,cs_232_R15p7_L186p4_a07p6_k0p012,15.654714235548212,186.38536863997828,7.595966650351917,0.01240612882235181,0.08399111126467677,0.19421440148331587,0.0,-0.9700183868408203,1.0,165.93446350097656
cosserat_sweep_leak_mag_only,1337,test,cs_234_R09p0_L188p8_a06p9_k0p030,9.039784318877945,188.7543935856657,6.857262450562726,0.029651210053235406,0.0478917822634696,0.2680405436749935,0.015544041450777202,-0.26173508167266846,0.671272308578008,105.17303466796875
cosserat_sweep_leak_mag_only,1337,test,cs_237_R11p3_L274p9_a11p9_k0p019,11.34108282364878,274.8799492157583,11.889809393813541,0.01891886211767744,0.04125831242331523,0.21456038220577117,0.0,-0.07860872894525528,0.5270533281432463,94.50859832763672
cosserat_sweep_leak_mag_only,1337,test,cs_243_R10p7_L196p9_a03p5_k0p020,10.685120152308635,196.91921575267133,3.4852042530363283,0.020074742814701573,0.054261439704945014,0.21450103900178072,0.0,-0.010381711646914482,0.503993914035755,90.59483337402344
cosserat_sweep_leak_mag_only,1337,test,cs_244_R11p7_L295p1_a04p8_k0p019,11.695820140082057,295.08370829461035,4.7886023453704265,0.01872456140796538,0.039635601055972226,0.21899910242948478,0.0,-0.31130799651145935,0.6054725402678052,108.13806915283203
cosserat_sweep_leak_mag_only,1337,test,cs_249_R13p4_L183p9_a06p3_k0p012,13.379656937996563,183.94270592169076,6.253312234722841,0.011863671098384052,0.07273817611279805,0.15873184932160347,0.0,-0.8433769345283508,1.0,147.49844360351562
cosserat_sweep_leak_mag_only,1337,test,cs_255_R10p5_L206p1_a06p2_k0p025,10.526340555463111,206.14315889437802,6.240269051325278,0.02524660378219265,0.05106325435158639,0.26575434928020286,0.0,0.23969878256320953,0.37487978457395654,76.13124084472656
cosserat_sweep_leak_mag_only,1337,test,cs_267_R15p8_L136p0_a09p0_k0p011,15.841647847201518,136.00586823878572,9.002830388550995,0.010930430195646728,0.11647767888506334,0.17315602597785346,0.0,0.9036471843719482,0.0,25.358304977416992
cosserat_sweep_leak_mag_only,1337,test,cs_291_R12p7_L154p6_a11p6_k0p026,12.732700950050912,154.56718024184406,11.635933302839938,0.026381135330233136,0.08237648464653784,0.33590310688268116,0.0,-0.7543718218803406,0.8834320657366711,138.9705047607422
cosserat_sweep_leak_mag_only,1337,test,cs_292_R14p4_L187p7_a06p1_k0p018,14.387564331140076,187.69446004590728,6.091070410185052,0.01817182441893697,0.07665417683410097,0.2614482928416378,0.10340843443096476,0.8037316203117371,0.12921240130945505,36.512062072753906
cosserat_sweep_leak_mag_only,1337,val,cs_000_R09p8_L228p0_a06p7_k0p015,9.789348136754361,227.9826331430309,6.672684011434852,0.014820021084321922,0.04293900812441602,0.14507834578846715,0.05467708134882835,0.6361523866653442,0.04877119451324062,50.49448776245117
cosserat_sweep_leak_mag_only,1337,val,cs_010_R11p6_L163p7_a05p1_k0p005,11.550610145885386,163.73579328774903,5.1366674156380805,0.004713985780975811,0.07054419753893616,0.05444941198929865,0.24777797932160348,0.9605398178100586,0.0,16.149375915527344
cosserat_sweep_leak_mag_only,1337,val,cs_044_R15p5_L133p3_a07p4_k0p004,15.535177069130189,133.3034756178414,7.401208121935621,0.004461336701963621,0.11653992513793807,0.06930765563001415,0.0,-0.9851640462875366,1.0,170.1182403564453
cosserat_sweep_leak_mag_only,1337,val,cs_056_R13p8_L203p6_a05p8_k0p003,13.778802937632774,203.5513047123528,5.821946206602572,0.0031107731319378563,0.06769203939569043,0.04286272996865444,0.285436515652343,0.9582750797271729,0.004860976083997667,16.609519958496094
cosserat_sweep_leak_mag_only,1337,val,cs_064_R10p8_L101p0_a03p4_k0p031,10.796119193782612,101.01214607231668,3.4248162866480163,0.03110729395226966,0.1068794161253979,0.3358380533047362,0.0,-0.8417981863021851,1.0,147.3304901123047
cosserat_sweep_leak_mag_only,1337,val,cs_074_R17p1_L141p4_a09p2_k0p020,17.100988944392856,141.41770281837591,9.179064872954681,0.019773118911264792,0.12092537641030571,0.3381398878977045,0.0,-0.9125853180885315,0.9816779170684667,155.86509704589844
cosserat_sweep_leak_mag_only,1337,val,cs_086_R10p0_L275p8_a10p8_k0p020,10.04139294969339,275.84623706717616,10.791822930263493,0.019800424415586795,0.03640213858435936,0.19882384212761012,0.0,-0.47629284858703613,0.6755133669120496,118.44355773925781
cosserat_sweep_leak_mag_only,1337,val,cs_090_R13p9_L105p0_a06p5_k0p012,13.88716063125649,104.97689554401948,6.534815367450279,0.012241659663291484,0.1322877816046032,0.17000189413730207,0.016548008466422938,-0.11684372276067734,0.5208774292861266,96.70997619628906
cosserat_sweep_leak_mag_only,1337,val,cs_105_R12p5_L237p2_a07p2_k0p018,12.487717707176497,237.1990006516807,7.196482412958837,0.0181509031980451,0.05264658650697403,0.2266633552674743,0.0,-0.11627228558063507,0.6954660439774275,96.67700958251953
cosserat_sweep_leak_mag_only,1337,val,cs_117_R12p5_L100p7_a10p5_k0p010,12.515629257465857,100.65926548640257,10.488117451574483,0.01024315845605953,0.12433658438682445,0.12819957366151744,0.0,-0.916971743106842,1.0,156.4873046875
cosserat_sweep_leak_mag_only,1337,val,cs_120_R10p1_L144p9_a04p9_k0p014,10.084726977879201,144.87440743102388,4.9044366749501185,0.014046124818042287,0.06961013443786224,0.14165133388716963,0.0,-0.843680202960968,1.0,147.5308074951172
cosserat_sweep_leak_mag_only,1337,val,cs_154_R09p8_L277p9_a04p5_k0p001,9.786235109693399,277.90254292644227,4.470856904033879,0.0010586313566167327,0.03521462958431333,0.010360015350345022,0.5236629472874182,0.9850952625274658,0.0,9.904685974121094
cosserat_sweep_leak_mag_only,1337,val,cs_163_R16p2_L152p7_a09p6_k0p006,16.198749765649147,152.71987348386645,9.616329901244171,0.006459260849737745,0.1060683812533436,0.10463195017595601,0.3682366679641884,0.9781582355499268,0.0,11.997075080871582
cosserat_sweep_leak_mag_only,1337,val,cs_181_R08p3_L115p6_a11p2_k0p013,8.251120705485146,115.56542371606969,11.165520861428346,0.013081764804294354,0.07139783198266253,0.10793922044099999,0.3602941176470588,0.971916913986206,0.0021284829721362228,13.610726356506348
cosserat_sweep_leak_mag_only,1337,val,cs_182_R08p6_L137p8_a02p8_k0p001,8.598629938826313,137.79496076059377,2.7830575511755864,0.0014826998156791183,0.06240162841488559,0.012749187025390723,0.0,-0.868492603302002,1.0,150.283935546875
cosserat_sweep_leak_mag_only,1337,val,cs_191_R11p6_L122p1_a04p5_k0p001,11.556692137858366,122.07713103471991,4.539556893118883,0.000992905899107872,0.09466713412990949,0.011474707797853135,0.0,0.8947814106941223,0.0,26.51963233947754
cosserat_sweep_leak_mag_only,1337,val,cs_192_R09p6_L112p9_a08p3_k0p013,9.62626406234593,112.86084808263581,8.328318774743273,0.012966750816968898,0.08529321040807399,0.12482136739478242,0.004077669902912621,-0.29844236373901367,0.7170873786407767,107.36406707763672
cosserat_sweep_leak_mag_only,1337,val,cs_198_R10p6_L134p7_a03p0_k0p024,10.600010918578532,134.70627910668327,3.0387794839948383,0.023869624648933822,0.07868980561911035,0.25301828190106973,0.0,-0.9488953351974487,1.0,161.60350036621094
cosserat_sweep_leak_mag_only,1337,val,cs_208_R15p1_L211p3_a09p7_k0p011,15.118689716695576,211.32200135358565,9.722945689626343,0.010666787766914671,0.07154337749905589,0.16126785452182701,0.0,-0.9464071393013,1.0,161.15699768066406
cosserat_sweep_leak_mag_only,1337,val,cs_242_R11p1_L144p0_a05p5_k0p028,11.059500088639602,144.02331857351896,5.4797552543880785,0.027517248613048124,0.07678964905251859,0.3043270134751237,0.09101494275179507,0.7925640344619751,0.0448282553852125,37.574222564697266
cosserat_sweep_leak_mag_only,1337,val,cs_261_R12p9_L253p3_a07p9_k0p018,12.906835133732944,253.2871487259385,7.877427617712564,0.0175134431064908,0.050957323333045944,0.22604312279948843,0.0,0.15181395411491394,0.35059612518628913,81.26792907714844
cosserat_sweep_leak_mag_only,1337,val,cs_282_R10p0_L204p3_a04p6_k0p006,10.018613235043922,204.29971991412128,4.610087289346258,0.005659941338303978,0.04903880063690401,0.05670476320150444,0.0,-0.5411677956581116,0.9802746083929608,122.7631607055664
cosserat_sweep_leak_mag_only,1337,val,cs_289_R10p0_L261p4_a06p9_k0p031,10.013484458500468,261.37708247023414,6.937621506430334,0.031176595146921768,0.038310491355495226,0.31218635097266223,0.0,0.16810086369514465,0.4361334867663982,80.32257843017578
cosserat_sweep_leak_mag_only,1337,val,cs_295_R15p8_L158p7_a04p0_k0p015,15.815991131355483,158.68764716391132,3.9849693050340145,0.014939235824352927,0.09966743734639195,0.23627882130719402,0.12940260751118896,0.9431191682815552,0.0,19.417842864990234
cosserat_sweep_leak_mag_only,2026,test,cs_008_R10p3_L219p9_a10p1_k0p005,10.332632062001387,219.86319845391617,10.142430618716505,0.0053904580648451985,0.046995732503942136,0.05569761982969345,0.0,0.8166285753250122,0.018266614846482704,35.25129318237305
cosserat_sweep_leak_mag_only,2026,test,cs_011_R14p0_L181p9_a03p0_k0p014,14.044006058026058,181.87220676453305,3.0168575708216334,0.014121937351325617,0.077219088654973,0.1983285737130814,0.034576534576534576,0.7553828954696655,0.002136752136752137,40.94115447998047
cosserat_sweep_leak_mag_only,2026,test,cs_036_R17p3_L276p1_a08p0_k0p003,17.31499466778154,276.12701618004564,8.021361701813102,0.0029834969688785585,0.06270663011290241,0.05165923410747463,0.0,0.8815438151359558,0.0,28.17084312438965
cosserat_sweep_leak_mag_only,2026,test,cs_041_R16p4_L126p5_a08p0_k0p021,16.380952953924872,126.50298452981617,7.9710182832138035,0.02124330119733147,0.1294906441520671,0.34798551749954276,0.0,-0.8759349584579468,1.0,151.15582275390625
cosserat_sweep_leak_mag_only,2026,test,cs_042_R09p1_L132p8_a10p7_k0p011,9.07428353129959,132.76355859514942,10.712075744884107,0.010660025037295294,0.06834920385774537,0.09673208963916997,0.0,-0.5281580686569214,0.9773123909249564,121.88108825683594
cosserat_sweep_leak_mag_only,2026,test,cs_043_R12p3_L259p6_a06p1_k0p020,12.297612930140655,259.5885815717731,6.138198863286343,0.01974936588961313,0.04737347403988381,0.24287005732618525,0.0,0.3924518823623657,0.3723342939481268,66.8928451538086
cosserat_sweep_leak_mag_only,2026,test,cs_069_R13p1_L102p9_a09p7_k0p009,13.148822734681907,102.86134202123537,9.659537039244858,0.008785096495739686,0.12783055787826858,0.11551367652955634,0.3243821755205293,0.9768447875976562,0.0,12.353886604309082
cosserat_sweep_leak_mag_only,2026,test,cs_073_R17p1_L219p1_a08p8_k0p003,17.052436405248233,219.11549442691114,8.814141439119714,0.0029927805368692127,0.07782396425158468,0.05103419977982692,0.006939090208172706,0.9006350636482239,0.0,25.758331298828125
cosserat_sweep_leak_mag_only,2026,test,cs_077_R09p2_L151p4_a10p0_k0p005,9.20785348784141,151.41657260303316,9.988312383907285,0.005444190983975563,0.06081139818150236,0.050129312940274146,0.0037871615224389322,0.7945955395698547,0.0,37.3829231262207
cosserat_sweep_leak_mag_only,2026,test,cs_101_R17p1_L296p7_a11p6_k0p014,17.06116325157632,296.7454777876344,11.553969292706446,0.014261996667051307,0.05749426538451287,0.2433262534299997,0.0,0.2775624394416809,0.4200389105058366,73.88522338867188
cosserat_sweep_leak_mag_only,2026,test,cs_103_R15p3_L286p2_a07p5_k0p006,15.26161829168939,286.18579683017697,7.52249632089859,0.006024006987283315,0.05332765797858813,0.09193609522638774,0.050056242969628795,0.7255061268806458,0.0,43.48902893066406
cosserat_sweep_leak_mag_only,2026,test,cs_108_R15p3_L157p3_a02p2_k0p017,15.293754870832325,157.25614939483324,2.219900141123518,0.01652590291086547,0.09725377945274051,0.25274310813795087,0.004443585780525503,0.6888874769210815,0.15282071097372488,46.457889556884766
cosserat_sweep_leak_mag_only,2026,test,cs_127_R09p9_L248p0_a10p7_k0p027,9.92130915509264,248.0385827557328,10.675877396634963,0.026674469300049557,0.03999905597292941,0.26464565647381927,0.004217791411042945,-0.15237009525299072,0.5757285276073619,98.76429748535156
cosserat_sweep_leak_mag_only,2026,test,cs_141_R11p5_L262p4_a02p2_k0p000,11.458340278600033,262.4340458867466,2.23603363554198,0.00012757021987368057,0.04366179029814172,0.0014617429887284563,0.0,0.32250159978866577,0.0,71.18571472167969
cosserat_sweep_leak_mag_only,2026,test,cs_145_R10p7_L132p0_a11p4_k0p027,10.68541526716421,132.04906413974186,11.393989353830287,0.02683932389225749,0.08092003784181533,0.28678932127869333,0.05852615205133191,0.5971116423606873,0.12871864670425823,53.33668518066406
cosserat_sweep_leak_mag_only,2026,test,cs_150_R11p5_L181p7_a04p6_k0p020,11.518299636477002,181.71355082438,4.598057815988547,0.019514730234116283,0.0633871254192212,0.22477651016156833,0.0011677695601401323,-0.15537381172180176,0.5690930323082911,98.9384765625
cosserat_sweep_leak_mag_only,2026,test,cs_167_R08p2_L205p2_a11p9_k0p029,8.167573366253167,205.18563210404523,11.938348744333847,0.028818352151288754,0.03980577627439121,0.23537600549017068,0.0,0.16956110298633575,0.44254326268714755,80.2376937866211
cosserat_sweep_leak_mag_only,2026,test,cs_203_R08p2_L122p5_a11p7_k0p007,8.217382794358745,122.54736312710918,11.737120847034058,0.006959456601839249,0.0670547499731632,0.057188518938040216,0.0,-0.06533516198396683,0.5802629142751342,93.74609375
cosserat_sweep_leak_mag_only,2026,test,cs_204_R12p4_L232p8_a05p2_k0p008,12.432576699850076,232.80822831481788,5.207207074882933,0.008287663442116892,0.05340265157225443,0.10303701140666176,0.0,0.5603649020195007,0.18016123378899404,55.91896057128906
cosserat_sweep_leak_mag_only,2026,test,cs_206_R09p6_L215p3_a11p8_k0p017,9.638041884761433,215.2839528442758,11.817075619528502,0.017454471858595003,0.04476897491627277,0.16822693084952836,0.0,-0.5418370962142944,0.8273676360924683,122.80878448486328
cosserat_sweep_leak_mag_only,2026,test,cs_207_R14p8_L249p3_a02p6_k0p016,14.829240881322207,249.25664949252578,2.6215250192799315,0.01590100405059888,0.059493862697399674,0.23579981932121089,0.0,0.19203723967075348,0.44830246913580246,78.92829895019531
cosserat_sweep_leak_mag_only,2026,test,cs_209_R10p1_L101p7_a07p4_k0p010,10.120819917927488,101.7083360980719,7.440285153684869,0.00990678838805335,0.0995082635917721,0.1002648212405031,0.0,0.8454968333244324,0.0,32.27478790283203
cosserat_sweep_leak_mag_only,2026,test,cs_212_R12p3_L211p8_a06p3_k0p019,12.338677853831664,211.80580528278526,6.342760122167442,0.018696010110296455,0.05825467265808934,0.23068404590292776,0.016857198217399727,0.6032664179801941,0.13330749854679325,52.89579772949219
cosserat_sweep_leak_mag_only,2026,test,cs_221_R10p5_L204p7_a03p8_k0p014,10.490382252632225,204.67218480322697,3.8459641754550846,0.0138257058482252,0.05125455744129443,0.14503693926033523,0.00019447685725398678,0.77168869972229,0.030921820303383897,39.49422073364258
cosserat_sweep_leak_mag_only,2026,test,cs_227_R14p4_L277p1_a05p3_k0p014,14.418427658248241,277.1340038172114,5.301363838105172,0.01396688597456547,0.052026916436274516,0.20138053503527423,0.0,-0.40401458740234375,0.791321118611379,113.82938385009766
cosserat_sweep_leak_mag_only,2026,test,cs_231_R13p0_L240p3_a05p5_k0p019,12.97148968239227,240.34910386029168,5.529877524013183,0.019003727820144537,0.053969369862648796,0.2465066593459958,0.0,0.43023309111595154,0.3238516240630406,64.51764678955078
cosserat_sweep_leak_mag_only,2026,test,cs_232_R15p7_L186p4_a07p6_k0p012,15.654714235548212,186.38536863997828,7.595966650351917,0.01240612882235181,0.08399111126467677,0.19421440148331587,0.0,-0.9107431173324585,1.0,155.60824584960938
cosserat_sweep_leak_mag_only,2026,test,cs_234_R09p0_L188p8_a06p9_k0p030,9.039784318877945,188.7543935856657,6.857262450562726,0.029651210053235406,0.0478917822634696,0.2680405436749935,0.0,-0.2907368242740631,0.6328919593168297,106.90206909179688
cosserat_sweep_leak_mag_only,2026,test,cs_237_R11p3_L274p9_a11p9_k0p019,11.34108282364878,274.8799492157583,11.889809393813541,0.01891886211767744,0.04125831242331523,0.21456038220577117,0.0,-0.25224876403808594,0.5996496691319579,104.61062622070312
cosserat_sweep_leak_mag_only,2026,test,cs_243_R10p7_L196p9_a03p5_k0p020,10.685120152308635,196.91921575267133,3.4852042530363283,0.020074742814701573,0.054261439704945014,0.21450103900178072,0.02396348421453024,-0.3441919684410095,0.6124001521491061,110.13248443603516
cosserat_sweep_leak_mag_only,2026,test,cs_244_R11p7_L295p1_a04p8_k0p019,11.695820140082057,295.08370829461035,4.7886023453704265,0.01872456140796538,0.039635601055972226,0.21899910242948478,0.0,-0.11339939385652542,0.5635552105569571,96.51131439208984
cosserat_sweep_leak_mag_only,2026,test,cs_249_R13p4_L183p9_a06p3_k0p012,13.379656937996563,183.94270592169076,6.253312234722841,0.011863671098384052,0.07273817611279805,0.15873184932160347,0.0,-0.7536513805389404,0.9745680450397981,138.9076690673828
cosserat_sweep_leak_mag_only,2026,test,cs_255_R10p5_L206p1_a06p2_k0p025,10.526340555463111,206.14315889437802,6.240269051325278,0.02524660378219265,0.05106325435158639,0.26575434928020286,0.0,0.1643419712781906,0.3773802654356607,80.54098510742188
cosserat_sweep_leak_mag_only,2026,test,cs_267_R15p8_L136p0_a09p0_k0p011,15.841647847201518,136.00586823878572,9.002830388550995,0.010930430195646728,0.11647767888506334,0.17315602597785346,0.11208236208236208,0.9475339651107788,0.0,18.64206314086914
cosserat_sweep_leak_mag_only,2026,test,cs_291_R12p7_L154p6_a11p6_k0p026,12.732700950050912,154.56718024184406,11.635933302839938,0.026381135330233136,0.08237648464653784,0.33590310688268116,0.0,-0.4863920509815216,0.750621058666157,119.10371398925781
cosserat_sweep_leak_mag_only,2026,test,cs_292_R14p4_L187p7_a06p1_k0p018,14.387564331140076,187.69446004590728,6.091070410185052,0.01817182441893697,0.07665417683410097,0.2614482928416378,0.003658771423069517,-0.2730242609977722,0.5734642788368958,105.84430694580078
cosserat_sweep_leak_mag_only,2026,val,cs_000_R09p8_L228p0_a06p7_k0p015,9.789348136754361,227.9826331430309,6.672684011434852,0.014820021084321922,0.04293900812441602,0.14507834578846715,0.0,0.6276229023933411,0.2781482187083254,51.125038146972656
cosserat_sweep_leak_mag_only,2026,val,cs_010_R11p6_L163p7_a05p1_k0p005,11.550610145885386,163.73579328774903,5.1366674156380805,0.004713985780975811,0.07054419753893616,0.05444941198929865,0.647923090876111,0.9903656840324402,0.0,7.95971155166626
cosserat_sweep_leak_mag_only,2026,val,cs_044_R15p5_L133p3_a07p4_k0p004,15.535177069130189,133.3034756178414,7.401208121935621,0.004461336701963621,0.11653992513793807,0.06930765563001415,0.0,-0.8513091802597046,1.0,148.35435485839844
cosserat_sweep_leak_mag_only,2026,val,cs_056_R13p8_L203p6_a05p8_k0p003,13.778802937632774,203.5513047123528,5.821946206602572,0.0031107731319378563,0.06769203939569043,0.04286272996865444,0.7997277853392961,0.9952652454376221,0.0,5.577734470367432
cosserat_sweep_leak_mag_only,2026,val,cs_064_R10p8_L101p0_a03p4_k0p031,10.796119193782612,101.01214607231668,3.4248162866480163,0.03110729395226966,0.1068794161253979,0.3358380533047362,0.0,-0.7974268198013306,0.9965277777777778,142.88507080078125
cosserat_sweep_leak_mag_only,2026,val,cs_074_R17p1_L141p4_a09p2_k0p020,17.100988944392856,141.41770281837591,9.179064872954681,0.019773118911264792,0.12092537641030571,0.3381398878977045,0.009836065573770493,-0.09477602690458298,0.5442622950819672,95.43842315673828
cosserat_sweep_leak_mag_only,2026,val,cs_086_R10p0_L275p8_a10p8_k0p020,10.04139294969339,275.84623706717616,10.791822930263493,0.019800424415586795,0.03640213858435936,0.19882384212761012,0.0,-0.5751627683639526,0.6797752808988764,125.11103057861328
cosserat_sweep_leak_mag_only,2026,val,cs_090_R13p9_L105p0_a06p5_k0p012,13.88716063125649,104.97689554401948,6.534815367450279,0.012241659663291484,0.1322877816046032,0.17000189413730207,0.0,0.25396037101745605,0.26245911102559166,75.28800964355469
cosserat_sweep_leak_mag_only,2026,val,cs_105_R12p5_L237p2_a07p2_k0p018,12.487717707176497,237.1990006516807,7.196482412958837,0.0181509031980451,0.05264658650697403,0.2266633552674743,0.0,0.2368493527173996,0.35104105857170653,76.2993392944336
cosserat_sweep_leak_mag_only,2026,val,cs_117_R12p5_L100p7_a10p5_k0p010,12.515629257465857,100.65926548640257,10.488117451574483,0.01024315845605953,0.12433658438682445,0.12819957366151744,0.0,-0.7358539700508118,1.0,137.37942504882812
cosserat_sweep_leak_mag_only,2026,val,cs_120_R10p1_L144p9_a04p9_k0p014,10.084726977879201,144.87440743102388,4.9044366749501185,0.014046124818042287,0.06961013443786224,0.14165133388716963,0.0,-0.8555153012275696,0.9846213743430018,148.8166961669922
cosserat_sweep_leak_mag_only,2026,val,cs_154_R09p8_L277p9_a04p5_k0p001,9.786235109693399,277.90254292644227,4.470856904033879,0.0010586313566167327,0.03521462958431333,0.010360015350345022,0.7674105425163524,0.9887649416923523,0.0,8.596717834472656
cosserat_sweep_leak_mag_only,2026,val,cs_163_R16p2_L152p7_a09p6_k0p006,16.198749765649147,152.71987348386645,9.616329901244171,0.006459260849737745,0.1060683812533436,0.10463195017595601,0.0,0.4244964122772217,0.02024133904242896,64.88121032714844
cosserat_sweep_leak_mag_only,2026,val,cs_181_R08p3_L115p6_a11p2_k0p013,8.251120705485146,115.56542371606969,11.165520861428346,0.013081764804294354,0.07139783198266253,0.10793922044099999,0.10777863777089783,0.901421308517456,0.0007739938080495357,25.654468536376953
cosserat_sweep_leak_mag_only,2026,val,cs_182_R08p6_L137p8_a02p8_k0p001,8.598629938826313,137.79496076059377,2.7830575511755864,0.0014826998156791183,0.06240162841488559,0.012749187025390723,0.0,-0.30736133456230164,1.0,107.90028381347656
cosserat_sweep_leak_mag_only,2026,val,cs_191_R11p6_L122p1_a04p5_k0p001,11.556692137858366,122.07713103471991,4.539556893118883,0.000992905899107872,0.09466713412990949,0.011474707797853135,0.0,0.7316315770149231,0.0,42.97664260864258
cosserat_sweep_leak_mag_only,2026,val,cs_192_R09p6_L112p9_a08p3_k0p013,9.62626406234593,112.86084808263581,8.328318774743273,0.012966750816968898,0.08529321040807399,0.12482136739478242,0.0,-0.7304664850234985,0.9996116504854369,136.92552185058594
cosserat_sweep_leak_mag_only,2026,val,cs_198_R10p6_L134p7_a03p0_k0p024,10.600010918578532,134.70627910668327,3.0387794839948383,0.023869624648933822,0.07868980561911035,0.25301828190106973,0.0,-0.8572654724121094,1.0,149.01092529296875
cosserat_sweep_leak_mag_only,2026,val,cs_208_R15p1_L211p3_a09p7_k0p011,15.118689716695576,211.32200135358565,9.722945689626343,0.010666787766914671,0.07154337749905589,0.16126785452182701,0.0,-0.8892967700958252,1.0,152.78501892089844
cosserat_sweep_leak_mag_only,2026,val,cs_242_R11p1_L144p0_a05p5_k0p028,11.059500088639602,144.02331857351896,5.4797552543880785,0.027517248613048124,0.07678964905251859,0.3043270134751237,0.006598098195226082,0.4165838956832886,0.38210751018823985,65.38089752197266
cosserat_sweep_leak_mag_only,2026,val,cs_261_R12p9_L253p3_a07p9_k0p018,12.906835133732944,253.2871487259385,7.877427617712564,0.0175134431064908,0.050957323333045944,0.22604312279948843,0.0,-0.029839906841516495,0.5340909090909091,91.70994567871094
cosserat_sweep_leak_mag_only,2026,val,cs_282_R10p0_L204p3_a04p6_k0p006,10.018613235043922,204.29971991412128,4.610087289346258,0.005659941338303978,0.04903880063690401,0.05670476320150444,0.0,-0.7451050281524658,0.9802746083929608,138.16812133789062
cosserat_sweep_leak_mag_only,2026,val,cs_289_R10p0_L261p4_a06p9_k0p031,10.013484458500468,261.37708247023414,6.937621506430334,0.031176595146921768,0.038310491355495226,0.31218635097266223,0.0,0.21480095386505127,0.35960874568469503,77.59614562988281
cosserat_sweep_leak_mag_only,2026,val,cs_295_R15p8_L158p7_a04p0_k0p015,15.815991131355483,158.68764716391132,3.9849693050340145,0.014939235824352927,0.09966743734639195,0.23627882130719402,0.08172796263864565,0.8319127559661865,0.030745281183109555,33.70426940917969
cosserat_sweep_leak_mag_only,777,test,cs_008_R10p3_L219p9_a10p1_k0p005,10.332632062001387,219.86319845391617,10.142430618716505,0.0053904580648451985,0.046995732503942136,0.05569761982969345,0.023902059852312477,0.5884151458740234,0.04003109211037699,53.95537185668945
cosserat_sweep_leak_mag_only,777,test,cs_011_R14p0_L181p9_a03p0_k0p014,14.044006058026058,181.87220676453305,3.0168575708216334,0.014121937351325617,0.077219088654973,0.1983285737130814,0.053418803418803416,0.7897517085075378,0.0,37.837684631347656
cosserat_sweep_leak_mag_only,777,test,cs_036_R17p3_L276p1_a08p0_k0p003,17.31499466778154,276.12701618004564,8.021361701813102,0.0029834969688785585,0.06270663011290241,0.05165923410747463,0.003286294219988401,0.8992804288864136,0.0,25.93635368347168
cosserat_sweep_leak_mag_only,777,test,cs_041_R16p4_L126p5_a08p0_k0p021,16.380952953924872,126.50298452981617,7.9710182832138035,0.02124330119733147,0.1294906441520671,0.34798551749954276,0.0,-0.8445925116539001,1.0,147.6282958984375
cosserat_sweep_leak_mag_only,777,test,cs_042_R09p1_L132p8_a10p7_k0p011,9.07428353129959,132.76355859514942,10.712075744884107,0.010660025037295294,0.06834920385774537,0.09673208963916997,0.0,-0.7978386282920837,0.9926313748303277,142.9241943359375
cosserat_sweep_leak_mag_only,777,test,cs_043_R12p3_L259p6_a06p1_k0p020,12.297612930140655,259.5885815717731,6.138198863286343,0.01974936588961313,0.04737347403988381,0.24287005732618525,0.07665706051873199,0.6677252054214478,0.12949087415946206,48.10826110839844
cosserat_sweep_leak_mag_only,777,test,cs_069_R13p1_L102p9_a09p7_k0p009,13.148822734681907,102.86134202123537,9.659537039244858,0.008785096495739686,0.12783055787826858,0.11551367652955634,0.29149640007783617,0.9667045474052429,0.0,14.826630592346191
cosserat_sweep_leak_mag_only,777,test,cs_073_R17p1_L219p1_a08p8_k0p003,17.052436405248233,219.11549442691114,8.814141439119714,0.0029927805368692127,0.07782396425158468,0.05103419977982692,0.001156515034695451,0.8768690824508667,0.0,28.73303985595703
cosserat_sweep_leak_mag_only,777,test,cs_077_R09p2_L151p4_a10p0_k0p005,9.20785348784141,151.41657260303316,9.988312383907285,0.005444190983975563,0.06081139818150236,0.050129312940274146,0.05737549706494982,0.6528550386428833,0.0073849649687559174,49.242794036865234
cosserat_sweep_leak_mag_only,777,test,cs_101_R17p1_L296p7_a11p6_k0p014,17.06116325157632,296.7454777876344,11.553969292706446,0.014261996667051307,0.05749426538451287,0.2433262534299997,0.0,-0.13735607266426086,0.5885214007782101,97.89488220214844
cosserat_sweep_leak_mag_only,777,test,cs_103_R15p3_L286p2_a07p5_k0p006,15.26161829168939,286.18579683017697,7.52249632089859,0.006024006987283315,0.05332765797858813,0.09193609522638774,0.0,0.9368637800216675,0.00018747656542932134,20.468626022338867
cosserat_sweep_leak_mag_only,777,test,cs_108_R15p3_L157p3_a02p2_k0p017,15.293754870832325,157.25614939483324,2.219900141123518,0.01652590291086547,0.09725377945274051,0.25274310813795087,0.0,0.7235420942306519,0.0032843894899536323,43.65229034423828
cosserat_sweep_leak_mag_only,777,test,cs_127_R09p9_L248p0_a10p7_k0p027,9.92130915509264,248.0385827557328,10.675877396634963,0.026674469300049557,0.03999905597292941,0.26464565647381927,0.009394171779141104,-0.5393726825714111,0.6940184049079755,122.64094543457031
cosserat_sweep_leak_mag_only,777,test,cs_141_R11p5_L262p4_a02p2_k0p000,11.458340278600033,262.4340458867466,2.23603363554198,0.00012757021987368057,0.04366179029814172,0.0014617429887284563,0.0,-0.6062512397766113,0.7426866820631255,127.31893157958984
cosserat_sweep_leak_mag_only,777,test,cs_145_R10p7_L132p0_a11p4_k0p027,10.68541526716421,132.04906413974186,11.393989353830287,0.02683932389225749,0.08092003784181533,0.28678932127869333,0.026638148940307214,0.3268733024597168,0.3264631538012833,70.92089080810547
cosserat_sweep_leak_mag_only,777,test,cs_150_R11p5_L181p7_a04p6_k0p020,11.518299636477002,181.71355082438,4.598057815988547,0.019514730234116283,0.0633871254192212,0.22477651016156833,0.0017516543402101986,0.21059200167655945,0.34565978980147916,77.84295654296875
cosserat_sweep_leak_mag_only,777,test,cs_167_R08p2_L205p2_a11p9_k0p029,8.167573366253167,205.18563210404523,11.938348744333847,0.028818352151288754,0.03980577627439121,0.23537600549017068,0.0,0.12516218423843384,0.45245965389850284,82.80987548828125
cosserat_sweep_leak_mag_only,777,test,cs_203_R08p2_L122p5_a11p7_k0p007,8.217382794358745,122.54736312710918,11.737120847034058,0.006959456601839249,0.0670547499731632,0.057188518938040216,0.0,0.24941349029541016,0.023884465839659322,75.55718994140625
cosserat_sweep_leak_mag_only,777,test,cs_204_R12p4_L232p8_a05p2_k0p008,12.432576699850076,232.80822831481788,5.207207074882933,0.008287663442116892,0.05340265157225443,0.10303701140666176,0.38731160182264285,0.961933970451355,0.0,15.859647750854492
cosserat_sweep_leak_mag_only,777,test,cs_206_R09p6_L215p3_a11p8_k0p017,9.638041884761433,215.2839528442758,11.817075619528502,0.017454471858595003,0.04476897491627277,0.16822693084952836,0.0,-0.7184934616088867,0.9377330350484713,135.93023681640625
cosserat_sweep_leak_mag_only,777,test,cs_207_R14p8_L249p3_a02p6_k0p016,14.829240881322207,249.25664949252578,2.6215250192799315,0.01590100405059888,0.059493862697399674,0.23579981932121089,0.0,0.40781182050704956,0.3724922839506173,65.93254089355469
cosserat_sweep_leak_mag_only,777,test,cs_209_R10p1_L101p7_a07p4_k0p010,10.120819917927488,101.7083360980719,7.440285153684869,0.00990678838805335,0.0995082635917721,0.1002648212405031,0.25318655851680183,0.9448642730712891,0.0,19.114809036254883
cosserat_sweep_leak_mag_only,777,test,cs_212_R12p3_L211p8_a06p3_k0p019,12.338677853831664,211.80580528278526,6.342760122167442,0.018696010110296455,0.05825467265808934,0.23068404590292776,0.0,0.7857934832572937,0.006975392365820577,38.20587158203125
cosserat_sweep_leak_mag_only,777,test,cs_221_R10p5_L204p7_a03p8_k0p014,10.490382252632225,204.67218480322697,3.8459641754550846,0.0138257058482252,0.05125455744129443,0.14503693926033523,0.0,0.8905149102210999,0.0,27.06197738647461
cosserat_sweep_leak_mag_only,777,test,cs_227_R14p4_L277p1_a05p3_k0p014,14.418427658248241,277.1340038172114,5.301363838105172,0.01396688597456547,0.052026916436274516,0.20138053503527423,0.0,-0.6883131861686707,1.0,133.49671936035156
cosserat_sweep_leak_mag_only,777,test,cs_231_R13p0_L240p3_a05p5_k0p019,12.97148968239227,240.34910386029168,5.529877524013183,0.019003727820144537,0.053969369862648796,0.2465066593459958,0.0678454737651355,0.5959374308586121,0.18950605419950028,53.420509338378906
cosserat_sweep_leak_mag_only,777,test,cs_232_R15p7_L186p4_a07p6_k0p012,15.654714235548212,186.38536863997828,7.595966650351917,0.01240612882235181,0.08399111126467677,0.19421440148331587,0.0,-0.9882745742797852,1.0,171.21730041503906
cosserat_sweep_leak_mag_only,777,test,cs_234_R09p0_L188p8_a06p9_k0p030,9.039784318877945,188.7543935856657,6.857262450562726,0.029651210053235406,0.0478917822634696,0.2680405436749935,0.0,-0.6257275342941284,0.7328727691421992,128.735595703125
cosserat_sweep_leak_mag_only,777,test,cs_237_R11p3_L274p9_a11p9_k0p019,11.34108282364878,274.8799492157583,11.889809393813541,0.01891886211767744,0.04125831242331523,0.21456038220577117,0.0011677695601401323,0.11132292449474335,0.4610743479953289,83.60841369628906
cosserat_sweep_leak_mag_only,777,test,cs_243_R10p7_L196p9_a03p5_k0p020,10.685120152308635,196.91921575267133,3.4852042530363283,0.020074742814701573,0.054261439704945014,0.21450103900178072,0.0,0.024594711139798164,0.48668695321414984,88.59068298339844
cosserat_sweep_leak_mag_only,777,test,cs_244_R11p7_L295p1_a04p8_k0p019,11.695820140082057,295.08370829461035,4.7886023453704265,0.01872456140796538,0.039635601055972226,0.21899910242948478,0.0,-0.4701690077781677,0.7422860469629342,118.0452651977539
cosserat_sweep_leak_mag_only,777,test,cs_249_R13p4_L183p9_a06p3_k0p012,13.379656937996563,183.94270592169076,6.253312234722841,0.011863671098384052,0.07273817611279805,0.15873184932160347,0.0,-0.841571033000946,1.0,147.30638122558594
cosserat_sweep_leak_mag_only,777,test,cs_255_R10p5_L206p1_a06p2_k0p025,10.526340555463111,206.14315889437802,6.240269051325278,0.02524660378219265,0.05106325435158639,0.26575434928020286,0.01154068090017311,0.41094470024108887,0.15541450278899788,65.73580932617188
cosserat_sweep_leak_mag_only,777,test,cs_267_R15p8_L136p0_a09p0_k0p011,15.841647847201518,136.00586823878572,9.002830388550995,0.010930430195646728,0.11647767888506334,0.17315602597785346,0.018648018648018648,0.8638637065887451,0.0,30.24678611755371
cosserat_sweep_leak_mag_only,777,test,cs_291_R12p7_L154p6_a11p6_k0p026,12.732700950050912,154.56718024184406,11.635933302839938,0.026381135330233136,0.08237648464653784,0.33590310688268116,0.0,-0.6935834288597107,0.8230460538887827,133.91444396972656
cosserat_sweep_leak_mag_only,777,test,cs_292_R14p4_L187p7_a06p1_k0p018,14.387564331140076,187.69446004590728,6.091070410185052,0.01817182441893697,0.07665417683410097,0.2614482928416378,0.0,0.11687108129262924,0.44925861736953593,83.28844451904297
cosserat_sweep_leak_mag_only,777,val,cs_000_R09p8_L228p0_a06p7_k0p015,9.789348136754361,227.9826331430309,6.672684011434852,0.014820021084321922,0.04293900812441602,0.14507834578846715,0.06039245570584873,0.6017630696296692,0.0,53.00372314453125
cosserat_sweep_leak_mag_only,777,val,cs_010_R11p6_L163p7_a05p1_k0p005,11.550610145885386,163.73579328774903,5.1366674156380805,0.004713985780975811,0.07054419753893616,0.05444941198929865,0.008888082713586069,0.9540245532989502,0.0,17.441295623779297
cosserat_sweep_leak_mag_only,777,val,cs_044_R15p5_L133p3_a07p4_k0p004,15.535177069130189,133.3034756178414,7.401208121935621,0.004461336701963621,0.11653992513793807,0.06930765563001415,0.0,-0.9366757869720459,1.0,159.50059509277344
cosserat_sweep_leak_mag_only,777,val,cs_056_R13p8_L203p6_a05p8_k0p003,13.778802937632774,203.5513047123528,5.821946206602572,0.0031107731319378563,0.06769203939569043,0.04286272996865444,0.23974334046276494,0.947279155254364,0.0,18.687686920166016
cosserat_sweep_leak_mag_only,777,val,cs_064_R10p8_L101p0_a03p4_k0p031,10.796119193782612,101.01214607231668,3.4248162866480163,0.03110729395226966,0.1068794161253979,0.3358380533047362,0.0,-0.8772231340408325,1.0,151.30917358398438
cosserat_sweep_leak_mag_only,777,val,cs_074_R17p1_L141p4_a09p2_k0p020,17.100988944392856,141.41770281837591,9.179064872954681,0.019773118911264792,0.12092537641030571,0.3381398878977045,0.0,-0.6920132040977478,0.8761812921890068,133.78968811035156
cosserat_sweep_leak_mag_only,777,val,cs_086_R10p0_L275p8_a10p8_k0p020,10.04139294969339,275.84623706717616,10.791822930263493,0.019800424415586795,0.03640213858435936,0.19882384212761012,0.0,-0.6019105315208435,0.7041844246416118,127.00685119628906
cosserat_sweep_leak_mag_only,777,val,cs_090_R13p9_L105p0_a06p5_k0p012,13.88716063125649,104.97689554401948,6.534815367450279,0.012241659663291484,0.1322877816046032,0.17000189413730207,0.143736771214162,0.6145489811897278,0.199345776409467,52.08083724975586
cosserat_sweep_leak_mag_only,777,val,cs_105_R12p5_L237p2_a07p2_k0p018,12.487717707176497,237.1990006516807,7.196482412958837,0.0181509031980451,0.05264658650697403,0.2266633552674743,0.0015567230978789648,0.06840836256742477,0.4076668612570539,86.07743072509766
cosserat_sweep_leak_mag_only,777,val,cs_117_R12p5_L100p7_a10p5_k0p010,12.515629257465857,100.65926548640257,10.488117451574483,0.01024315845605953,0.12433658438682445,0.12819957366151744,0.0,-0.8797224760055542,1.0,151.60890197753906
cosserat_sweep_leak_mag_only,777,val,cs_120_R10p1_L144p9_a04p9_k0p014,10.084726977879201,144.87440743102388,4.9044366749501185,0.014046124818042287,0.06961013443786224,0.14165133388716963,0.0,-0.8113152980804443,1.0,144.22463989257812
cosserat_sweep_leak_mag_only,777,val,cs_154_R09p8_L277p9_a04p5_k0p001,9.786235109693399,277.90254292644227,4.470856904033879,0.0010586313566167327,0.03521462958431333,0.010360015350345022,0.13678337822239323,0.9586365222930908,0.0,16.53691864013672
cosserat_sweep_leak_mag_only,777,val,cs_163_R16p2_L152p7_a09p6_k0p006,16.198749765649147,152.71987348386645,9.616329901244171,0.006459260849737745,0.1060683812533436,0.10463195017595601,0.0,0.5609019994735718,0.10023355391202803,55.881797790527344
cosserat_sweep_leak_mag_only,777,val,cs_181_R08p3_L115p6_a11p2_k0p013,8.251120705485146,115.56542371606969,11.165520861428346,0.013081764804294354,0.07139783198266253,0.10793922044099999,0.43072755417956654,0.9644049406051636,0.0,15.332953453063965
cosserat_sweep_leak_mag_only,777,val,cs_182_R08p6_L137p8_a02p8_k0p001,8.598629938826313,137.79496076059377,2.7830575511755864,0.0014826998156791183,0.06240162841488559,0.012749187025390723,0.0,-0.8000784516334534,1.0,143.13758850097656
cosserat_sweep_leak_mag_only,777,val,cs_191_R11p6_L122p1_a04p5_k0p001,11.556692137858366,122.07713103471991,4.539556893118883,0.000992905899107872,0.09466713412990949,0.011474707797853135,0.24977060011011196,0.9728280305862427,0.0,13.387099266052246
cosserat_sweep_leak_mag_only,777,val,cs_192_R09p6_L112p9_a08p3_k0p013,9.62626406234593,112.86084808263581,8.328318774743273,0.012966750816968898,0.08529321040807399,0.12482136739478242,0.002912621359223301,0.5228271484375,0.03864077669902913,58.47791290283203
cosserat_sweep_leak_mag_only,777,val,cs_198_R10p6_L134p7_a03p0_k0p024,10.600010918578532,134.70627910668327,3.0387794839948383,0.023869624648933822,0.07868980561911035,0.25301828190106973,0.0,-0.9642819166183472,1.0,164.64028930664062
cosserat_sweep_leak_mag_only,777,val,cs_208_R15p1_L211p3_a09p7_k0p011,15.118689716695576,211.32200135358565,9.722945689626343,0.010666787766914671,0.07154337749905589,0.16126785452182701,0.0,-0.9509883522987366,1.0,161.98736572265625
cosserat_sweep_leak_mag_only,777,val,cs_242_R11p1_L144p0_a05p5_k0p028,11.059500088639602,144.02331857351896,5.4797552543880785,0.027517248613048124,0.07678964905251859,0.3043270134751237,0.04405200853871531,0.6490169763565063,0.1960023287405395,49.532470703125
cosserat_sweep_leak_mag_only,777,val,cs_261_R12p9_L253p3_a07p9_k0p018,12.906835133732944,253.2871487259385,7.877427617712564,0.0175134431064908,0.050957323333045944,0.22604312279948843,0.0,0.021855156868696213,0.4722429210134128,88.74768829345703
cosserat_sweep_leak_mag_only,777,val,cs_282_R10p0_L204p3_a04p6_k0p006,10.018613235043922,204.29971991412128,4.610087289346258,0.005659941338303978,0.04903880063690401,0.05670476320150444,0.0,-0.8046848773956299,0.9831754012763488,143.579833984375
cosserat_sweep_leak_mag_only,777,val,cs_289_R10p0_L261p4_a06p9_k0p031,10.013484458500468,261.37708247023414,6.937621506430334,0.031176595146921768,0.038310491355495226,0.31218635097266223,0.0011507479861910242,0.3895884156227112,0.28250863060989645,67.07110595703125
cosserat_sweep_leak_mag_only,777,val,cs_295_R15p8_L158p7_a04p0_k0p015,15.815991131355483,158.68764716391132,3.9849693050340145,0.014939235824352927,0.09966743734639195,0.23627882130719402,0.17162872154115585,0.9344099164009094,0.0,20.86697769165039
cosserat_sweep_noleak,1337,test,cs_008_R10p3_L219p9_a10p1_k0p005,10.332632062001387,219.86319845391617,10.142430618716505,0.0053904580648451985,0.046995732503942136,0.05569761982969345,0.003692188107267781,0.6712496876716614,0.020015546055188495,47.83640670776367
cosserat_sweep_noleak,1337,test,cs_011_R14p0_L181p9_a03p0_k0p014,14.044006058026058,181.87220676453305,3.0168575708216334,0.014121937351325617,0.077219088654973,0.1983285737130814,0.029526029526029528,0.778168797492981,0.0,38.906776428222656
cosserat_sweep_noleak,1337,test,cs_036_R17p3_L276p1_a08p0_k0p003,17.31499466778154,276.12701618004564,8.021361701813102,0.0029834969688785585,0.06270663011290241,0.05165923410747463,0.0,0.8969817161560059,0.0,26.235877990722656
cosserat_sweep_noleak,1337,test,cs_041_R16p4_L126p5_a08p0_k0p021,16.380952953924872,126.50298452981617,7.9710182832138035,0.02124330119733147,0.1294906441520671,0.34798551749954276,0.0,-0.8284271359443665,1.0,145.9375
cosserat_sweep_noleak,1337,test,cs_042_R09p1_L132p8_a10p7_k0p011,9.07428353129959,132.76355859514942,10.712075744884107,0.010660025037295294,0.06834920385774537,0.09673208963916997,0.00019391118867558658,-0.9484685063362122,0.8433197595501261,161.5261688232422
cosserat_sweep_noleak,1337,test,cs_043_R12p3_L259p6_a06p1_k0p020,12.297612930140655,259.5885815717731,6.138198863286343,0.01974936588961313,0.04737347403988381,0.24287005732618525,0.0,0.5522564649581909,0.28799231508165224,56.47804260253906
cosserat_sweep_noleak,1337,test,cs_069_R13p1_L102p9_a09p7_k0p009,13.148822734681907,102.86134202123537,9.659537039244858,0.008785096495739686,0.12783055787826858,0.11551367652955634,0.0,0.8848038911819458,0.0,27.772600173950195
cosserat_sweep_noleak,1337,test,cs_073_R17p1_L219p1_a08p8_k0p003,17.052436405248233,219.11549442691114,8.814141439119714,0.0029927805368692127,0.07782396425158468,0.05103419977982692,0.0,0.7718336582183838,0.0,39.48115539550781
cosserat_sweep_noleak,1337,test,cs_077_R09p2_L151p4_a10p0_k0p005,9.20785348784141,151.41657260303316,9.988312383907285,0.005444190983975563,0.06081139818150236,0.050129312940274146,0.05699678091270593,0.6254898309707642,0.021018746449536073,51.2818489074707
cosserat_sweep_noleak,1337,test,cs_101_R17p1_L296p7_a11p6_k0p014,17.06116325157632,296.7454777876344,11.553969292706446,0.014261996667051307,0.05749426538451287,0.2433262534299997,0.0,-0.18352118134498596,0.5922178988326848,100.5749282836914
cosserat_sweep_noleak,1337,test,cs_103_R15p3_L286p2_a07p5_k0p006,15.26161829168939,286.18579683017697,7.52249632089859,0.006024006987283315,0.05332765797858813,0.09193609522638774,0.0,0.7661740779876709,0.0,39.98843765258789
cosserat_sweep_noleak,1337,test,cs_108_R15p3_L157p3_a02p2_k0p017,15.293754870832325,157.25614939483324,2.219900141123518,0.01652590291086547,0.09725377945274051,0.25274310813795087,0.3904559505409583,0.9671931266784668,0.0,14.716835021972656
cosserat_sweep_noleak,1337,test,cs_127_R09p9_L248p0_a10p7_k0p027,9.92130915509264,248.0385827557328,10.675877396634963,0.026674469300049557,0.03999905597292941,0.26464565647381927,0.0,-0.686672568321228,0.7164493865030674,133.36737060546875
cosserat_sweep_noleak,1337,test,cs_141_R11p5_L262p4_a02p2_k0p000,11.458340278600033,262.4340458867466,2.23603363554198,0.00012757021987368057,0.04366179029814172,0.0014617429887284563,0.0,0.27897197008132935,0.30331023864511164,73.80113983154297
cosserat_sweep_noleak,1337,test,cs_145_R10p7_L132p0_a11p4_k0p027,10.68541526716421,132.04906413974186,11.393989353830287,0.02683932389225749,0.08092003784181533,0.28678932127869333,0.07310908030332491,0.499206006526947,0.22282714369045303,60.05251693725586
cosserat_sweep_noleak,1337,test,cs_150_R11p5_L181p7_a04p6_k0p020,11.518299636477002,181.71355082438,4.598057815988547,0.019514730234116283,0.0633871254192212,0.22477651016156833,0.001557026080186843,0.29619133472442627,0.34624367458154925,72.77101135253906
cosserat_sweep_noleak,1337,test,cs_167_R08p2_L205p2_a11p9_k0p029,8.167573366253167,205.18563210404523,11.938348744333847,0.028818352151288754,0.03980577627439121,0.23537600549017068,0.03947112580206105,-0.05267065763473511,0.5179856115107914,93.01920318603516
cosserat_sweep_noleak,1337,test,cs_203_R08p2_L122p5_a11p7_k0p007,8.217382794358745,122.54736312710918,11.737120847034058,0.006959456601839249,0.0670547499731632,0.057188518938040216,0.08591001666358082,0.6933792233467102,0.0,46.1017951965332
cosserat_sweep_noleak,1337,test,cs_204_R12p4_L232p8_a05p2_k0p008,12.432576699850076,232.80822831481788,5.207207074882933,0.008287663442116892,0.05340265157225443,0.10303701140666176,0.033123028391167195,0.571607232093811,0.06677181913774974,55.13761901855469
cosserat_sweep_noleak,1337,test,cs_206_R09p6_L215p3_a11p8_k0p017,9.638041884761433,215.2839528442758,11.817075619528502,0.017454471858595003,0.04476897491627277,0.16822693084952836,0.0,-0.7632855176925659,0.9299030574198359,139.75469970703125
cosserat_sweep_noleak,1337,test,cs_207_R14p8_L249p3_a02p6_k0p016,14.829240881322207,249.25664949252578,2.6215250192799315,0.01590100405059888,0.059493862697399674,0.23579981932121089,0.0,0.4543209671974182,0.11554783950617284,62.9787483215332
cosserat_sweep_noleak,1337,test,cs_209_R10p1_L101p7_a07p4_k0p010,10.120819917927488,101.7083360980719,7.440285153684869,0.00990678838805335,0.0995082635917721,0.1002648212405031,0.06546929316338354,0.9456273317337036,0.0,18.98085594177246
cosserat_sweep_noleak,1337,test,cs_212_R12p3_L211p8_a06p3_k0p019,12.338677853831664,211.80580528278526,6.342760122167442,0.018696010110296455,0.05825467265808934,0.23068404590292776,0.11180003875217981,0.8303371071815491,0.0025188916876574307,33.866615295410156
cosserat_sweep_noleak,1337,test,cs_221_R10p5_L204p7_a03p8_k0p014,10.490382252632225,204.67218480322697,3.8459641754550846,0.0138257058482252,0.05125455744129443,0.14503693926033523,0.0019447685725398677,0.9189772605895996,0.0,23.222976684570312
cosserat_sweep_noleak,1337,test,cs_227_R14p4_L277p1_a05p3_k0p014,14.418427658248241,277.1340038172114,5.301363838105172,0.01396688597456547,0.052026916436274516,0.20138053503527423,0.0,-0.6396561861038208,0.800771456123433,129.7661895751953
cosserat_sweep_noleak,1337,test,cs_231_R13p0_L240p3_a05p5_k0p019,12.97148968239227,240.34910386029168,5.529877524013183,0.019003727820144537,0.053969369862648796,0.2465066593459958,0.0,0.6664435267448425,0.14395541034018836,48.20683288574219
cosserat_sweep_noleak,1337,test,cs_232_R15p7_L186p4_a07p6_k0p012,15.654714235548212,186.38536863997828,7.595966650351917,0.01240612882235181,0.08399111126467677,0.19421440148331587,0.0,-0.9326367378234863,1.0,158.84963989257812
cosserat_sweep_noleak,1337,test,cs_234_R09p0_L188p8_a06p9_k0p030,9.039784318877945,188.7543935856657,6.857262450562726,0.029651210053235406,0.0478917822634696,0.2680405436749935,0.0,-0.247250497341156,0.6092880445212051,104.31486511230469
cosserat_sweep_noleak,1337,test,cs_237_R11p3_L274p9_a11p9_k0p019,11.34108282364878,274.8799492157583,11.889809393813541,0.01891886211767744,0.04125831242331523,0.21456038220577117,0.0,-0.09740273654460907,0.5369793694044376,95.5896224975586
cosserat_sweep_noleak,1337,test,cs_243_R10p7_L196p9_a03p5_k0p020,10.685120152308635,196.91921575267133,3.4852042530363283,0.020074742814701573,0.054261439704945014,0.21450103900178072,0.0,-0.15157867968082428,0.5891974134651959,98.71842193603516
cosserat_sweep_noleak,1337,test,cs_244_R11p7_L295p1_a04p8_k0p019,11.695820140082057,295.08370829461035,4.7886023453704265,0.01872456140796538,0.039635601055972226,0.21899910242948478,0.0,-0.3111581802368164,0.6159518726955172,108.12904357910156
cosserat_sweep_noleak,1337,test,cs_249_R13p4_L183p9_a06p3_k0p012,13.379656937996563,183.94270592169076,6.253312234722841,0.011863671098384052,0.07273817611279805,0.15873184932160347,0.0,-0.9167250990867615,1.0,156.451904296875
cosserat_sweep_noleak,1337,test,cs_255_R10p5_L206p1_a06p2_k0p025,10.526340555463111,206.14315889437802,6.240269051325278,0.02524660378219265,0.05106325435158639,0.26575434928020286,0.0,0.2737698554992676,0.3752644739372956,74.11127471923828
cosserat_sweep_noleak,1337,test,cs_267_R15p8_L136p0_a09p0_k0p011,15.841647847201518,136.00586823878572,9.002830388550995,0.010930430195646728,0.11647767888506334,0.17315602597785346,0.04331779331779332,0.9194979667663574,0.0,23.147197723388672
cosserat_sweep_noleak,1337,test,cs_291_R12p7_L154p6_a11p6_k0p026,12.732700950050912,154.56718024184406,11.635933302839938,0.026381135330233136,0.08237648464653784,0.33590310688268116,0.0,-0.7518869042396545,0.843684311102618,138.75408935546875
cosserat_sweep_noleak,1337,test,cs_292_R14p4_L187p7_a06p1_k0p018,14.387564331140076,187.69446004590728,6.091070410185052,0.01817182441893697,0.07665417683410097,0.2614482928416378,0.0,0.5115904808044434,0.2362796071634893,59.230167388916016
cosserat_sweep_noleak,1337,val,cs_000_R09p8_L228p0_a06p7_k0p015,9.789348136754361,227.9826331430309,6.672684011434852,0.014820021084321922,0.04293900812441602,0.14507834578846715,0.0,0.459086537361145,0.0916365021908935,62.671817779541016
cosserat_sweep_noleak,1337,val,cs_010_R11p6_L163p7_a05p1_k0p005,11.550610145885386,163.73579328774903,5.1366674156380805,0.004713985780975811,0.07054419753893616,0.05444941198929865,0.1928169780518774,0.9599936008453369,0.0,16.261512756347656
cosserat_sweep_noleak,1337,val,cs_044_R15p5_L133p3_a07p4_k0p004,15.535177069130189,133.3034756178414,7.401208121935621,0.004461336701963621,0.11653992513793807,0.06930765563001415,0.0,-0.9464862942695618,1.0,161.17105102539062
cosserat_sweep_noleak,1337,val,cs_056_R13p8_L203p6_a05p8_k0p003,13.778802937632774,203.5513047123528,5.821946206602572,0.0031107731319378563,0.06769203939569043,0.04286272996865444,0.383433793505736,0.9711699485778809,0.00019443904335990667,13.791430473327637
cosserat_sweep_noleak,1337,val,cs_064_R10p8_L101p0_a03p4_k0p031,10.796119193782612,101.01214607231668,3.4248162866480163,0.03110729395226966,0.1068794161253979,0.3358380533047362,0.0,-0.9389439821243286,1.0,159.87496948242188
cosserat_sweep_noleak,1337,val,cs_074_R17p1_L141p4_a09p2_k0p020,17.100988944392856,141.41770281837591,9.179064872954681,0.019773118911264792,0.12092537641030571,0.3381398878977045,0.0,-0.6151357889175415,0.9768563162970106,127.96178436279297
cosserat_sweep_noleak,1337,val,cs_086_R10p0_L275p8_a10p8_k0p020,10.04139294969339,275.84623706717616,10.791822930263493,0.019800424415586795,0.03640213858435936,0.19882384212761012,0.0,-0.4053466022014618,0.6733824099186362,113.912841796875
cosserat_sweep_noleak,1337,val,cs_090_R13p9_L105p0_a06p5_k0p012,13.88716063125649,104.97689554401948,6.534815367450279,0.012241659663291484,0.1322877816046032,0.17000189413730207,0.0,0.18846257030963898,0.30960169328458725,79.13692474365234
cosserat_sweep_noleak,1337,val,cs_105_R12p5_L237p2_a07p2_k0p018,12.487717707176497,237.1990006516807,7.196482412958837,0.0181509031980451,0.05264658650697403,0.2266633552674743,0.0,-0.08727911114692688,0.7014983459817085,95.00709533691406
cosserat_sweep_noleak,1337,val,cs_117_R12p5_L100p7_a10p5_k0p010,12.515629257465857,100.65926548640257,10.488117451574483,0.01024315845605953,0.12433658438682445,0.12819957366151744,0.0,-0.7549450993537903,1.0,139.02056884765625
cosserat_sweep_noleak,1337,val,cs_120_R10p1_L144p9_a04p9_k0p014,10.084726977879201,144.87440743102388,4.9044366749501185,0.014046124818042287,0.06961013443786224,0.14165133388716963,0.0,-0.7803561091423035,1.0,141.29319763183594
cosserat_sweep_noleak,1337,val,cs_154_R09p8_L277p9_a04p5_k0p001,9.786235109693399,277.90254292644227,4.470856904033879,0.0010586313566167327,0.03521462958431333,0.010360015350345022,0.03789919199692189,0.9762886166572571,0.0,12.501955032348633
cosserat_sweep_noleak,1337,val,cs_163_R16p2_L152p7_a09p6_k0p006,16.198749765649147,152.71987348386645,9.616329901244171,0.006459260849737745,0.1060683812533436,0.10463195017595601,0.00019462826002335538,0.6392822265625,0.019268197742312185,50.261680603027344
cosserat_sweep_noleak,1337,val,cs_181_R08p3_L115p6_a11p2_k0p013,8.251120705485146,115.56542371606969,11.165520861428346,0.013081764804294354,0.07139783198266253,0.10793922044099999,0.3320433436532508,0.9719634056091309,0.0,13.599418640136719
cosserat_sweep_noleak,1337,val,cs_182_R08p6_L137p8_a02p8_k0p001,8.598629938826313,137.79496076059377,2.7830575511755864,0.0014826998156791183,0.06240162841488559,0.012749187025390723,0.0,-0.7471424341201782,1.0,138.34344482421875
cosserat_sweep_noleak,1337,val,cs_191_R11p6_L122p1_a04p5_k0p001,11.556692137858366,122.07713103471991,4.539556893118883,0.000992905899107872,0.09466713412990949,0.011474707797853135,0.0,0.9307864308357239,0.0,21.442258834838867
cosserat_sweep_noleak,1337,val,cs_192_R09p6_L112p9_a08p3_k0p013,9.62626406234593,112.86084808263581,8.328318774743273,0.012966750816968898,0.08529321040807399,0.12482136739478242,0.0,-0.543592095375061,0.9260194174757281,122.92849731445312
cosserat_sweep_noleak,1337,val,cs_198_R10p6_L134p7_a03p0_k0p024,10.600010918578532,134.70627910668327,3.0387794839948383,0.023869624648933822,0.07868980561911035,0.25301828190106973,0.0,-0.9683253765106201,1.0,165.54071044921875
cosserat_sweep_noleak,1337,val,cs_208_R15p1_L211p3_a09p7_k0p011,15.118689716695576,211.32200135358565,9.722945689626343,0.010666787766914671,0.07154337749905589,0.16126785452182701,0.0,-0.9433472752571106,1.0,160.6215057373047
cosserat_sweep_noleak,1337,val,cs_242_R11p1_L144p0_a05p5_k0p028,11.059500088639602,144.02331857351896,5.4797552543880785,0.027517248613048124,0.07678964905251859,0.3043270134751237,0.01339025810207646,0.8442918062210083,0.017659615757810984,32.40386199951172
cosserat_sweep_noleak,1337,val,cs_261_R12p9_L253p3_a07p9_k0p018,12.906835133732944,253.2871487259385,7.877427617712564,0.0175134431064908,0.050957323333045944,0.22604312279948843,0.0,0.2047824263572693,0.349478390461997,78.18324279785156
cosserat_sweep_noleak,1337,val,cs_282_R10p0_L204p3_a04p6_k0p006,10.018613235043922,204.29971991412128,4.610087289346258,0.005659941338303978,0.04903880063690401,0.05670476320150444,0.0,-0.7614414691925049,1.0,139.5914306640625
cosserat_sweep_noleak,1337,val,cs_289_R10p0_L261p4_a06p9_k0p031,10.013484458500468,261.37708247023414,6.937621506430334,0.031176595146921768,0.038310491355495226,0.31218635097266223,0.0019179133103183737,0.15299192070960999,0.4436133486766398,81.19964599609375
cosserat_sweep_noleak,1337,val,cs_295_R15p8_L158p7_a04p0_k0p015,15.815991131355483,158.68764716391132,3.9849693050340145,0.014939235824352927,0.09966743734639195,0.23627882130719402,0.14730492313679705,0.9126805067062378,0.0,24.121553421020508
cosserat_sweep_noleak,2026,test,cs_008_R10p3_L219p9_a10p1_k0p005,10.332632062001387,219.86319845391617,10.142430618716505,0.0053904580648451985,0.046995732503942136,0.05569761982969345,0.0,0.8038328886032104,0.0194325689856199,36.50230407714844
cosserat_sweep_noleak,2026,test,cs_011_R14p0_L181p9_a03p0_k0p014,14.044006058026058,181.87220676453305,3.0168575708216334,0.014121937351325617,0.077219088654973,0.1983285737130814,0.020590520590520592,0.7331522703170776,0.002913752913752914,42.84868621826172
cosserat_sweep_noleak,2026,test,cs_036_R17p3_L276p1_a08p0_k0p003,17.31499466778154,276.12701618004564,8.021361701813102,0.0029834969688785585,0.06270663011290241,0.05165923410747463,0.0,0.8664610385894775,0.0,29.95003890991211
cosserat_sweep_noleak,2026,test,cs_041_R16p4_L126p5_a08p0_k0p021,16.380952953924872,126.50298452981617,7.9710182832138035,0.02124330119733147,0.1294906441520671,0.34798551749954276,0.0,-0.8872929811477661,1.0,152.5350341796875
cosserat_sweep_noleak,2026,test,cs_042_R09p1_L132p8_a10p7_k0p011,9.07428353129959,132.76355859514942,10.712075744884107,0.010660025037295294,0.06834920385774537,0.09673208963916997,0.0,-0.4149801731109619,0.957339538491371,114.51805877685547
cosserat_sweep_noleak,2026,test,cs_043_R12p3_L259p6_a06p1_k0p020,12.297612930140655,259.5885815717731,6.138198863286343,0.01974936588961313,0.04737347403988381,0.24287005732618525,0.0,0.37925881147384644,0.3756003842459174,67.71221923828125
cosserat_sweep_noleak,2026,test,cs_069_R13p1_L102p9_a09p7_k0p009,13.148822734681907,102.86134202123537,9.659537039244858,0.008785096495739686,0.12783055787826858,0.11551367652955634,0.22280599338392684,0.9647884368896484,0.0,15.24975872039795
cosserat_sweep_noleak,2026,test,cs_073_R17p1_L219p1_a08p8_k0p003,17.052436405248233,219.11549442691114,8.814141439119714,0.0029927805368692127,0.07782396425158468,0.05103419977982692,0.0,0.846105694770813,0.0,32.20940399169922
cosserat_sweep_noleak,2026,test,cs_077_R09p2_L151p4_a10p0_k0p005,9.20785348784141,151.41657260303316,9.988312383907285,0.005444190983975563,0.06081139818150236,0.050129312940274146,0.012876349176292368,0.8407629132270813,0.0,32.779232025146484
cosserat_sweep_noleak,2026,test,cs_101_R17p1_L296p7_a11p6_k0p014,17.06116325157632,296.7454777876344,11.553969292706446,0.014261996667051307,0.05749426538451287,0.2433262534299997,0.0,0.28896617889404297,0.4182879377431907,73.20393371582031
cosserat_sweep_noleak,2026,test,cs_103_R15p3_L286p2_a07p5_k0p006,15.26161829168939,286.18579683017697,7.52249632089859,0.006024006987283315,0.05332765797858813,0.09193609522638774,0.07592800899887514,0.7069103717803955,0.0,45.015907287597656
cosserat_sweep_noleak,2026,test,cs_108_R15p3_L157p3_a02p2_k0p017,15.293754870832325,157.25614939483324,2.219900141123518,0.01652590291086547,0.09725377945274051,0.25274310813795087,0.0,0.7393679618835449,0.11746522411128284,42.32239532470703
cosserat_sweep_noleak,2026,test,cs_127_R09p9_L248p0_a10p7_k0p027,9.92130915509264,248.0385827557328,10.675877396634963,0.026674469300049557,0.03999905597292941,0.26464565647381927,0.0023006134969325155,-0.17013153433799744,0.5812883435582822,99.79546356201172
cosserat_sweep_noleak,2026,test,cs_141_R11p5_L262p4_a02p2_k0p000,11.458340278600033,262.4340458867466,2.23603363554198,0.00012757021987368057,0.04366179029814172,0.0014617429887284563,0.0,0.34553149342536926,0.0,69.78575134277344
cosserat_sweep_noleak,2026,test,cs_145_R10p7_L132p0_a11p4_k0p027,10.68541526716421,132.04906413974186,11.393989353830287,0.02683932389225749,0.08092003784181533,0.28678932127869333,0.06241493291853004,0.602824330329895,0.1318296713980167,52.92755126953125
cosserat_sweep_noleak,2026,test,cs_150_R11p5_L181p7_a04p6_k0p020,11.518299636477002,181.71355082438,4.598057815988547,0.019514730234116283,0.0633871254192212,0.22477651016156833,0.0,-0.10857230424880981,0.5445698715453484,96.23301696777344
cosserat_sweep_noleak,2026,test,cs_167_R08p2_L205p2_a11p9_k0p029,8.167573366253167,205.18563210404523,11.938348744333847,0.028818352151288754,0.03980577627439121,0.23537600549017068,0.0,0.16080240905284882,0.44468209216410653,80.74652862548828
cosserat_sweep_noleak,2026,test,cs_203_R08p2_L122p5_a11p7_k0p007,8.217382794358745,122.54736312710918,11.737120847034058,0.006959456601839249,0.0670547499731632,0.057188518938040216,0.0,0.010292555205523968,0.48731716348824294,89.41026306152344
cosserat_sweep_noleak,2026,test,cs_204_R12p4_L232p8_a05p2_k0p008,12.432576699850076,232.80822831481788,5.207207074882933,0.008287663442116892,0.05340265157225443,0.10303701140666176,0.0,0.48350995779037476,0.24167542937259026,61.085105895996094
cosserat_sweep_noleak,2026,test,cs_206_R09p6_L215p3_a11p8_k0p017,9.638041884761433,215.2839528442758,11.817075619528502,0.017454471858595003,0.04476897491627277,0.16822693084952836,0.0,-0.5464798212051392,0.8189783743475019,123.12584686279297
cosserat_sweep_noleak,2026,test,cs_207_R14p8_L249p3_a02p6_k0p016,14.829240881322207,249.25664949252578,2.6215250192799315,0.01590100405059888,0.059493862697399674,0.23579981932121089,0.0,0.2389051616191864,0.42959104938271603,76.17807006835938
cosserat_sweep_noleak,2026,test,cs_209_R10p1_L101p7_a07p4_k0p010,10.120819917927488,101.7083360980719,7.440285153684869,0.00990678838805335,0.0995082635917721,0.1002648212405031,0.0,0.8045212030410767,0.00019312475859405175,36.43595886230469
cosserat_sweep_noleak,2026,test,cs_212_R12p3_L211p8_a06p3_k0p019,12.338677853831664,211.80580528278526,6.342760122167442,0.018696010110296455,0.05825467265808934,0.23068404590292776,0.0,0.6064227223396301,0.11877543111800039,52.668704986572266
cosserat_sweep_noleak,2026,test,cs_221_R10p5_L204p7_a03p8_k0p014,10.490382252632225,204.67218480322697,3.8459641754550846,0.0138257058482252,0.05125455744129443,0.14503693926033523,0.0,0.7745518088340759,0.03072734344612991,39.23558044433594
cosserat_sweep_noleak,2026,test,cs_227_R14p4_L277p1_a05p3_k0p014,14.418427658248241,277.1340038172114,5.301363838105172,0.01396688597456547,0.052026916436274516,0.20138053503527423,0.0,-0.4062194228172302,0.8223722275795564,113.96755981445312
cosserat_sweep_noleak,2026,test,cs_231_R13p0_L240p3_a05p5_k0p019,12.97148968239227,240.34910386029168,5.529877524013183,0.019003727820144537,0.053969369862648796,0.2465066593459958,0.0,0.4535406529903412,0.29213915049010186,63.0289192199707
cosserat_sweep_noleak,2026,test,cs_232_R15p7_L186p4_a07p6_k0p012,15.654714235548212,186.38536863997828,7.595966650351917,0.01240612882235181,0.08399111126467677,0.19421440148331587,0.0,-0.9108052253723145,1.0,155.61685180664062
cosserat_sweep_noleak,2026,test,cs_234_R09p0_L188p8_a06p9_k0p030,9.039784318877945,188.7543935856657,6.857262450562726,0.029651210053235406,0.0478917822634696,0.2680405436749935,0.0,-0.34237098693847656,0.6549606601420073,110.02139282226562
cosserat_sweep_noleak,2026,test,cs_237_R11p3_L274p9_a11p9_k0p019,11.34108282364878,274.8799492157583,11.889809393813541,0.01891886211767744,0.04125831242331523,0.21456038220577117,0.0,-0.25743791460990906,0.6010120669521214,104.91808319091797
cosserat_sweep_noleak,2026,test,cs_243_R10p7_L196p9_a03p5_k0p020,10.685120152308635,196.91921575267133,3.4852042530363283,0.020074742814701573,0.054261439704945014,0.21450103900178072,0.03537466717383035,-0.34731417894363403,0.6143020159756561,110.3231201171875
cosserat_sweep_noleak,2026,test,cs_244_R11p7_L295p1_a04p8_k0p019,11.695820140082057,295.08370829461035,4.7886023453704265,0.01872456140796538,0.039635601055972226,0.21899910242948478,0.0,-0.09367196261882782,0.5416262371434116,95.37488555908203
cosserat_sweep_noleak,2026,test,cs_249_R13p4_L183p9_a06p3_k0p012,13.379656937996563,183.94270592169076,6.253312234722841,0.011863671098384052,0.07273817611279805,0.15873184932160347,0.0,-0.7624588012695312,0.9798097456804504,139.68142700195312
cosserat_sweep_noleak,2026,test,cs_255_R10p5_L206p1_a06p2_k0p025,10.526340555463111,206.14315889437802,6.240269051325278,0.02524660378219265,0.05106325435158639,0.26575434928020286,0.0,0.17079247534275055,0.3833429505674168,80.16609954833984
cosserat_sweep_noleak,2026,test,cs_267_R15p8_L136p0_a09p0_k0p011,15.841647847201518,136.00586823878572,9.002830388550995,0.010930430195646728,0.11647767888506334,0.17315602597785346,0.19463869463869463,0.9585473537445068,0.0,16.554851531982422
cosserat_sweep_noleak,2026,test,cs_291_R12p7_L154p6_a11p6_k0p026,12.732700950050912,154.56718024184406,11.635933302839938,0.026381135330233136,0.08237648464653784,0.33590310688268116,0.0,-0.4998844265937805,0.7567360978406268,119.99234771728516
cosserat_sweep_noleak,2026,test,cs_292_R14p4_L187p7_a06p1_k0p018,14.387564331140076,187.69446004590728,6.091070410185052,0.01817182441893697,0.07665417683410097,0.2614482928416378,0.0011554015020219526,-0.23710143566131592,0.5646062006547276,103.71552276611328
cosserat_sweep_noleak,2026,val,cs_000_R09p8_L228p0_a06p7_k0p015,9.789348136754361,227.9826331430309,6.672684011434852,0.014820021084321922,0.04293900812441602,0.14507834578846715,0.0,0.6213100552558899,0.28424461802248047,51.588134765625
cosserat_sweep_noleak,2026,val,cs_010_R11p6_L163p7_a05p1_k0p005,11.550610145885386,163.73579328774903,5.1366674156380805,0.004713985780975811,0.07054419753893616,0.05444941198929865,0.5142390712860512,0.9851641058921814,0.0,9.88172721862793
cosserat_sweep_noleak,2026,val,cs_044_R15p5_L133p3_a07p4_k0p004,15.535177069130189,133.3034756178414,7.401208121935621,0.004461336701963621,0.11653992513793807,0.06930765563001415,0.0,-0.7993727326393127,0.9978702807357211,143.0702362060547
cosserat_sweep_noleak,2026,val,cs_056_R13p8_L203p6_a05p8_k0p003,13.778802937632774,203.5513047123528,5.821946206602572,0.0031107731319378563,0.06769203939569043,0.04286272996865444,0.7612288547540346,0.9953041076660156,0.0,5.554778575897217
cosserat_sweep_noleak,2026,val,cs_064_R10p8_L101p0_a03p4_k0p031,10.796119193782612,101.01214607231668,3.4248162866480163,0.03110729395226966,0.1068794161253979,0.3358380533047362,0.0,-0.8003588914871216,0.9913194444444444,143.16439819335938
cosserat_sweep_noleak,2026,val,cs_074_R17p1_L141p4_a09p2_k0p020,17.100988944392856,141.41770281837591,9.179064872954681,0.019773118911264792,0.12092537641030571,0.3381398878977045,0.0011571841851494697,-0.16766011714935303,0.5677917068466731,99.65180206298828
cosserat_sweep_noleak,2026,val,cs_086_R10p0_L275p8_a10p8_k0p020,10.04139294969339,275.84623706717616,10.791822930263493,0.019800424415586795,0.03640213858435936,0.19882384212761012,0.0,-0.5741451978683472,0.679969004261914,125.039794921875
cosserat_sweep_noleak,2026,val,cs_090_R13p9_L105p0_a06p5_k0p012,13.88716063125649,104.97689554401948,6.534815367450279,0.012241659663291484,0.1322877816046032,0.17000189413730207,0.0,0.1600349396467209,0.37502405233788727,80.79106903076172
cosserat_sweep_noleak,2026,val,cs_105_R12p5_L237p2_a07p2_k0p018,12.487717707176497,237.1990006516807,7.196482412958837,0.0181509031980451,0.05264658650697403,0.2266633552674743,0.0,0.22414198517799377,0.35590581825257833,77.04756927490234
cosserat_sweep_noleak,2026,val,cs_117_R12p5_L100p7_a10p5_k0p010,12.515629257465857,100.65926548640257,10.488117451574483,0.01024315845605953,0.12433658438682445,0.12819957366151744,0.0,-0.7170288562774658,1.0,135.80970764160156
cosserat_sweep_noleak,2026,val,cs_120_R10p1_L144p9_a04p9_k0p014,10.084726977879201,144.87440743102388,4.9044366749501185,0.014046124818042287,0.06961013443786224,0.14165133388716963,0.0,-0.8437342643737793,0.9846213743430018,147.5365753173828
cosserat_sweep_noleak,2026,val,cs_154_R09p8_L277p9_a04p5_k0p001,9.786235109693399,277.90254292644227,4.470856904033879,0.0010586313566167327,0.03521462958431333,0.010360015350345022,0.8559061177375914,0.9913575649261475,0.0,7.538235664367676
cosserat_sweep_noleak,2026,val,cs_163_R16p2_L152p7_a09p6_k0p006,16.198749765649147,152.71987348386645,9.616329901244171,0.006459260849737745,0.1060683812533436,0.10463195017595601,0.00038925652004671076,0.4239681363105774,0.024328532502919425,64.91462707519531
cosserat_sweep_noleak,2026,val,cs_181_R08p3_L115p6_a11p2_k0p013,8.251120705485146,115.56542371606969,11.165520861428346,0.013081764804294354,0.07139783198266253,0.10793922044099999,0.04914860681114551,0.859284520149231,0.0027089783281733747,30.763656616210938
cosserat_sweep_noleak,2026,val,cs_182_R08p6_L137p8_a02p8_k0p001,8.598629938826313,137.79496076059377,2.7830575511755864,0.0014826998156791183,0.06240162841488559,0.012749187025390723,0.0,-0.35432615876197815,1.0,110.75214385986328
cosserat_sweep_noleak,2026,val,cs_191_R11p6_L122p1_a04p5_k0p001,11.556692137858366,122.07713103471991,4.539556893118883,0.000992905899107872,0.09466713412990949,0.011474707797853135,0.0,0.7402161955833435,0.0,42.250160217285156
cosserat_sweep_noleak,2026,val,cs_192_R09p6_L112p9_a08p3_k0p013,9.62626406234593,112.86084808263581,8.328318774743273,0.012966750816968898,0.08529321040807399,0.12482136739478242,0.0,-0.735946536064148,0.9996116504854369,137.3872528076172
cosserat_sweep_noleak,2026,val,cs_198_R10p6_L134p7_a03p0_k0p024,10.600010918578532,134.70627910668327,3.0387794839948383,0.023869624648933822,0.07868980561911035,0.25301828190106973,0.0,-0.8724856972694397,1.0,150.74880981445312
cosserat_sweep_noleak,2026,val,cs_208_R15p1_L211p3_a09p7_k0p011,15.118689716695576,211.32200135358565,9.722945689626343,0.010666787766914671,0.07154337749905589,0.16126785452182701,0.0,-0.8819594979286194,1.0,151.879638671875
cosserat_sweep_noleak,2026,val,cs_242_R11p1_L144p0_a05p5_k0p028,11.059500088639602,144.02331857351896,5.4797552543880785,0.027517248613048124,0.07678964905251859,0.3043270134751237,0.0,0.3652709424495697,0.39957306423442657,68.57573699951172
cosserat_sweep_noleak,2026,val,cs_261_R12p9_L253p3_a07p9_k0p018,12.906835133732944,253.2871487259385,7.877427617712564,0.0175134431064908,0.050957323333045944,0.22604312279948843,0.0,-0.044245898723602295,0.563338301043219,92.53592681884766
cosserat_sweep_noleak,2026,val,cs_282_R10p0_L204p3_a04p6_k0p006,10.018613235043922,204.29971991412128,4.610087289346258,0.005659941338303978,0.04903880063690401,0.05670476320150444,0.0,-0.7586774230003357,0.9802746083929608,139.3477325439453
cosserat_sweep_noleak,2026,val,cs_289_R10p0_L261p4_a06p9_k0p031,10.013484458500468,261.37708247023414,6.937621506430334,0.031176595146921768,0.038310491355495226,0.31218635097266223,0.0,0.10667133331298828,0.3987341772151899,83.87652587890625
cosserat_sweep_noleak,2026,val,cs_295_R15p8_L158p7_a04p0_k0p015,15.815991131355483,158.68764716391132,3.9849693050340145,0.014939235824352927,0.09966743734639195,0.23627882130719402,0.0036972173574625414,0.8335563540458679,0.008561977038334306,33.53418731689453
cosserat_sweep_noleak,777,test,cs_008_R10p3_L219p9_a10p1_k0p005,10.332632062001387,219.86319845391617,10.142430618716505,0.0053904580648451985,0.046995732503942136,0.05569761982969345,0.01671200932763311,0.6206806898117065,0.037699183832102606,51.63414001464844
cosserat_sweep_noleak,777,test,cs_011_R14p0_L181p9_a03p0_k0p014,14.044006058026058,181.87220676453305,3.0168575708216334,0.014121937351325617,0.077219088654973,0.1983285737130814,0.029526029526029528,0.7536884546279907,0.0,41.08910369873047
cosserat_sweep_noleak,777,test,cs_036_R17p3_L276p1_a08p0_k0p003,17.31499466778154,276.12701618004564,8.021361701813102,0.0029834969688785585,0.06270663011290241,0.05165923410747463,0.00038662284941040013,0.8941149115562439,0.0,26.605030059814453
cosserat_sweep_noleak,777,test,cs_041_R16p4_L126p5_a08p0_k0p021,16.380952953924872,126.50298452981617,7.9710182832138035,0.02124330119733147,0.1294906441520671,0.34798551749954276,0.0,-0.8963424563407898,1.0,153.68138122558594
cosserat_sweep_noleak,777,test,cs_042_R09p1_L132p8_a10p7_k0p011,9.07428353129959,132.76355859514942,10.712075744884107,0.010660025037295294,0.06834920385774537,0.09673208963916997,0.0,-0.6942365765571594,0.9782819468683343,133.96641540527344
cosserat_sweep_noleak,777,test,cs_043_R12p3_L259p6_a06p1_k0p020,12.297612930140655,259.5885815717731,6.138198863286343,0.01974936588961313,0.04737347403988381,0.24287005732618525,0.1244956772334294,0.8909984230995178,0.12334293948126801,27.001020431518555
cosserat_sweep_noleak,777,test,cs_069_R13p1_L102p9_a09p7_k0p009,13.148822734681907,102.86134202123537,9.659537039244858,0.008785096495739686,0.12783055787826858,0.11551367652955634,0.18213660245183888,0.9362058043479919,0.0,20.5761661529541
cosserat_sweep_noleak,777,test,cs_073_R17p1_L219p1_a08p8_k0p003,17.052436405248233,219.11549442691114,8.814141439119714,0.0029927805368692127,0.07782396425158468,0.05103419977982692,0.11083269082498072,0.8874960541725159,0.0,27.439727783203125
cosserat_sweep_noleak,777,test,cs_077_R09p2_L151p4_a10p0_k0p005,9.20785348784141,151.41657260303316,9.988312383907285,0.005444190983975563,0.06081139818150236,0.050129312940274146,0.0,0.48051169514656067,0.005870100359780345,61.28116989135742
cosserat_sweep_noleak,777,test,cs_101_R17p1_L296p7_a11p6_k0p014,17.06116325157632,296.7454777876344,11.553969292706446,0.014261996667051307,0.05749426538451287,0.2433262534299997,0.0,-0.29428231716156006,0.6196498054474708,107.114501953125
cosserat_sweep_noleak,777,test,cs_103_R15p3_L286p2_a07p5_k0p006,15.26161829168939,286.18579683017697,7.52249632089859,0.006024006987283315,0.05332765797858813,0.09193609522638774,0.0,0.8314374685287476,0.00862392200974878,33.75331115722656
cosserat_sweep_noleak,777,test,cs_108_R15p3_L157p3_a02p2_k0p017,15.293754870832325,157.25614939483324,2.219900141123518,0.01652590291086547,0.09725377945274051,0.25274310813795087,0.09969088098918083,0.8499637842178345,0.0,31.79227066040039
cosserat_sweep_noleak,777,test,cs_127_R09p9_L248p0_a10p7_k0p027,9.92130915509264,248.0385827557328,10.675877396634963,0.026674469300049557,0.03999905597292941,0.26464565647381927,0.00019171779141104295,-0.5554288625717163,0.6974693251533742,123.7402572631836
cosserat_sweep_noleak,777,test,cs_141_R11p5_L262p4_a02p2_k0p000,11.458340278600033,262.4340458867466,2.23603363554198,0.00012757021987368057,0.04366179029814172,0.0014617429887284563,0.0,-0.10624033212661743,0.5648575827559661,96.09862518310547
cosserat_sweep_noleak,777,test,cs_145_R10p7_L132p0_a11p4_k0p027,10.68541526716421,132.04906413974186,11.393989353830287,0.02683932389225749,0.08092003784181533,0.28678932127869333,0.05599844448765312,0.42886266112327576,0.29010305269298076,64.60459899902344
cosserat_sweep_noleak,777,test,cs_150_R11p5_L181p7_a04p6_k0p020,11.518299636477002,181.71355082438,4.598057815988547,0.019514730234116283,0.0633871254192212,0.22477651016156833,0.0,0.18904560804367065,0.3690151810042818,79.1029052734375
cosserat_sweep_noleak,777,test,cs_167_R08p2_L205p2_a11p9_k0p029,8.167573366253167,205.18563210404523,11.938348744333847,0.028818352151288754,0.03980577627439121,0.23537600549017068,0.013610733035193466,0.16040953993797302,0.4516818977250632,80.76933288574219
cosserat_sweep_noleak,777,test,cs_203_R08p2_L122p5_a11p7_k0p007,8.217382794358745,122.54736312710918,11.737120847034058,0.006959456601839249,0.0670547499731632,0.057188518938040216,0.0,0.643295168876648,0.0,49.9620246887207
cosserat_sweep_noleak,777,test,cs_204_R12p4_L232p8_a05p2_k0p008,12.432576699850076,232.80822831481788,5.207207074882933,0.008287663442116892,0.05340265157225443,0.10303701140666176,0.0,0.6035945415496826,0.0,52.872222900390625
cosserat_sweep_noleak,777,test,cs_206_R09p6_L215p3_a11p8_k0p017,9.638041884761433,215.2839528442758,11.817075619528502,0.017454471858595003,0.04476897491627277,0.16822693084952836,0.0,-0.6890120506286621,0.8989560029828486,133.55194091796875
cosserat_sweep_noleak,777,test,cs_207_R14p8_L249p3_a02p6_k0p016,14.829240881322207,249.25664949252578,2.6215250192799315,0.01590100405059888,0.059493862697399674,0.23579981932121089,0.057484567901234566,0.5307127833366394,0.2959104938271605,57.94636917114258
cosserat_sweep_noleak,777,test,cs_209_R10p1_L101p7_a07p4_k0p010,10.120819917927488,101.7083360980719,7.440285153684869,0.00990678838805335,0.0995082635917721,0.1002648212405031,0.012746234067207415,0.9638466835021973,0.0,15.453577995300293
cosserat_sweep_noleak,777,test,cs_212_R12p3_L211p8_a06p3_k0p019,12.338677853831664,211.80580528278526,6.342760122167442,0.018696010110296455,0.05825467265808934,0.23068404590292776,0.0,0.7602100968360901,0.01937608990505716,40.517276763916016
cosserat_sweep_noleak,777,test,cs_221_R10p5_L204p7_a03p8_k0p014,10.490382252632225,204.67218480322697,3.8459641754550846,0.0138257058482252,0.05125455744129443,0.14503693926033523,0.0,0.877676248550415,0.0,28.636686325073242
cosserat_sweep_noleak,777,test,cs_227_R14p4_L277p1_a05p3_k0p014,14.418427658248241,277.1340038172114,5.301363838105172,0.01396688597456547,0.052026916436274516,0.20138053503527423,0.0,-0.7610325813293457,1.0,139.55531311035156
cosserat_sweep_noleak,777,test,cs_231_R13p0_L240p3_a05p5_k0p019,12.97148968239227,240.34910386029168,5.529877524013183,0.019003727820144537,0.053969369862648796,0.2465066593459958,0.0,0.6694204807281494,0.14837593695944648,47.97764205932617
cosserat_sweep_noleak,777,test,cs_232_R15p7_L186p4_a07p6_k0p012,15.654714235548212,186.38536863997828,7.595966650351917,0.01240612882235181,0.08399111126467677,0.19421440148331587,0.0,-0.9875915050506592,1.0,170.964599609375
cosserat_sweep_noleak,777,test,cs_234_R09p0_L188p8_a06p9_k0p030,9.039784318877945,188.7543935856657,6.857262450562726,0.029651210053235406,0.0478917822634696,0.2680405436749935,0.010170792554212243,-0.3649669587612152,0.6634043369794665,111.4055404663086
cosserat_sweep_noleak,777,test,cs_237_R11p3_L274p9_a11p9_k0p019,11.34108282364878,274.8799492157583,11.889809393813541,0.01891886211767744,0.04125831242331523,0.21456038220577117,0.0,-0.005158222280442715,0.5025301673803036,90.29554748535156
cosserat_sweep_noleak,777,test,cs_243_R10p7_L196p9_a03p5_k0p020,10.685120152308635,196.91921575267133,3.4852042530363283,0.020074742814701573,0.054261439704945014,0.21450103900178072,0.0,0.06128009781241417,0.47356409281095474,86.48670959472656
cosserat_sweep_noleak,777,test,cs_244_R11p7_L295p1_a04p8_k0p019,11.695820140082057,295.08370829461035,4.7886023453704265,0.01872456140796538,0.039635601055972226,0.21899910242948478,0.0,-0.5236189365386963,0.7067727537356879,121.57530975341797
cosserat_sweep_noleak,777,test,cs_249_R13p4_L183p9_a06p3_k0p012,13.379656937996563,183.94270592169076,6.253312234722841,0.011863671098384052,0.07273817611279805,0.15873184932160347,0.0,-0.85973060131073,1.0,149.28634643554688
cosserat_sweep_noleak,777,test,cs_255_R10p5_L206p1_a06p2_k0p025,10.526340555463111,206.14315889437802,6.240269051325278,0.02524660378219265,0.05106325435158639,0.26575434928020286,0.0,0.1951778382062912,0.3491055972302366,78.74488830566406
cosserat_sweep_noleak,777,test,cs_267_R15p8_L136p0_a09p0_k0p011,15.841647847201518,136.00586823878572,9.002830388550995,0.010930430195646728,0.11647767888506334,0.17315602597785346,0.12179487179487179,0.9288532137870789,0.0,21.74324607849121
cosserat_sweep_noleak,777,test,cs_291_R12p7_L154p6_a11p6_k0p026,12.732700950050912,154.56718024184406,11.635933302839938,0.026381135330233136,0.08237648464653784,0.33590310688268116,0.0,-0.6786009073257446,0.8324097076246895,132.73440551757812
cosserat_sweep_noleak,777,test,cs_292_R14p4_L187p7_a06p1_k0p018,14.387564331140076,187.69446004590728,6.091070410185052,0.01817182441893697,0.07665417683410097,0.2614482928416378,0.0,0.4949987232685089,0.28653957250144424,60.3303337097168
cosserat_sweep_noleak,777,val,cs_000_R09p8_L228p0_a06p7_k0p015,9.789348136754361,227.9826331430309,6.672684011434852,0.014820021084321922,0.04293900812441602,0.14507834578846715,0.06325014288435893,0.5942620038986206,0.03924557058487331,53.53995895385742
cosserat_sweep_noleak,777,val,cs_010_R11p6_L163p7_a05p1_k0p005,11.550610145885386,163.73579328774903,5.1366674156380805,0.004713985780975811,0.07054419753893616,0.05444941198929865,0.24705242154906584,0.9577107429504395,0.0,16.722265243530273
cosserat_sweep_noleak,777,val,cs_044_R15p5_L133p3_a07p4_k0p004,15.535177069130189,133.3034756178414,7.401208121935621,0.004461336701963621,0.11653992513793807,0.06930765563001415,0.0,-0.9588320851325989,0.9963213939980639,163.5024871826172
cosserat_sweep_noleak,777,val,cs_056_R13p8_L203p6_a05p8_k0p003,13.778802937632774,203.5513047123528,5.821946206602572,0.0031107731319378563,0.06769203939569043,0.04286272996865444,0.30410266381489404,0.9622321724891663,0.0,15.797016143798828
cosserat_sweep_noleak,777,val,cs_064_R10p8_L101p0_a03p4_k0p031,10.796119193782612,101.01214607231668,3.4248162866480163,0.03110729395226966,0.1068794161253979,0.3358380533047362,0.0,-0.8904707431793213,1.0,152.93246459960938
cosserat_sweep_noleak,777,val,cs_074_R17p1_L141p4_a09p2_k0p020,17.100988944392856,141.41770281837591,9.179064872954681,0.019773118911264792,0.12092537641030571,0.3381398878977045,0.0,-0.7878292202949524,0.9641272902603665,141.9831085205078
cosserat_sweep_noleak,777,val,cs_086_R10p0_L275p8_a10p8_k0p020,10.04139294969339,275.84623706717616,10.791822930263493,0.019800424415586795,0.03640213858435936,0.19882384212761012,0.0,-0.5939218401908875,0.6958543200309958,126.43580627441406
cosserat_sweep_noleak,777,val,cs_090_R13p9_L105p0_a06p5_k0p012,13.88716063125649,104.97689554401948,6.534815367450279,0.012241659663291484,0.1322877816046032,0.17000189413730207,0.01924187030979411,0.08351604640483856,0.43967673657879547,85.20930480957031
cosserat_sweep_noleak,777,val,cs_105_R12p5_L237p2_a07p2_k0p018,12.487717707176497,237.1990006516807,7.196482412958837,0.0181509031980451,0.05264658650697403,0.2266633552674743,0.0,-0.1477373242378235,0.5390153726405915,98.4958267211914
cosserat_sweep_noleak,777,val,cs_117_R12p5_L100p7_a10p5_k0p010,12.515629257465857,100.65926548640257,10.488117451574483,0.01024315845605953,0.12433658438682445,0.12819957366151744,0.0,-0.8484150171279907,1.0,148.03970336914062
cosserat_sweep_noleak,777,val,cs_120_R10p1_L144p9_a04p9_k0p014,10.084726977879201,144.87440743102388,4.9044366749501185,0.014046124818042287,0.06961013443786224,0.14165133388716963,0.0,-0.8426447510719299,1.0,147.4204559326172
cosserat_sweep_noleak,777,val,cs_154_R09p8_L277p9_a04p5_k0p001,9.786235109693399,277.90254292644227,4.470856904033879,0.0010586313566167327,0.03521462958431333,0.010360015350345022,0.4661408233936129,0.9833085536956787,0.0,10.48312759399414
cosserat_sweep_noleak,777,val,cs_163_R16p2_L152p7_a09p6_k0p006,16.198749765649147,152.71987348386645,9.616329901244171,0.006459260849737745,0.1060683812533436,0.10463195017595601,0.000973141300116777,0.45748114585876465,0.09692487349163098,62.77531433105469
cosserat_sweep_noleak,777,val,cs_181_R08p3_L115p6_a11p2_k0p013,8.251120705485146,115.56542371606969,11.165520861428346,0.013081764804294354,0.07139783198266253,0.10793922044099999,0.413312693498452,0.979471743106842,0.01431888544891641,11.629453659057617
cosserat_sweep_noleak,777,val,cs_182_R08p6_L137p8_a02p8_k0p001,8.598629938826313,137.79496076059377,2.7830575511755864,0.0014826998156791183,0.06240162841488559,0.012749187025390723,0.0,-0.790616512298584,1.0,142.2431640625
cosserat_sweep_noleak,777,val,cs_191_R11p6_L122p1_a04p5_k0p001,11.556692137858366,122.07713103471991,4.539556893118883,0.000992905899107872,0.09466713412990949,0.011474707797853135,0.29638465773536427,0.9823115468025208,0.0,10.792567253112793
cosserat_sweep_noleak,777,val,cs_192_R09p6_L112p9_a08p3_k0p013,9.62626406234593,112.86084808263581,8.328318774743273,0.012966750816968898,0.08529321040807399,0.12482136739478242,0.0001941747572815534,-0.45298898220062256,0.8906796116504855,116.93560791015625
cosserat_sweep_noleak,777,val,cs_198_R10p6_L134p7_a03p0_k0p024,10.600010918578532,134.70627910668327,3.0387794839948383,0.023869624648933822,0.07868980561911035,0.25301828190106973,0.0,-0.9766496419906616,1.0,167.5939483642578
cosserat_sweep_noleak,777,val,cs_208_R15p1_L211p3_a09p7_k0p011,15.118689716695576,211.32200135358565,9.722945689626343,0.010666787766914671,0.07154337749905589,0.16126785452182701,0.0,-0.9445832967758179,1.0,160.83609008789062
cosserat_sweep_noleak,777,val,cs_242_R11p1_L144p0_a05p5_k0p028,11.059500088639602,144.02331857351896,5.4797552543880785,0.027517248613048124,0.07678964905251859,0.3043270134751237,0.06190568600815059,0.6070137619972229,0.1731030467688725,52.62610626220703
cosserat_sweep_noleak,777,val,cs_261_R12p9_L253p3_a07p9_k0p018,12.906835133732944,253.2871487259385,7.877427617712564,0.0175134431064908,0.050957323333045944,0.22604312279948843,0.0,-0.07303382456302643,0.5927719821162444,94.1882553100586
cosserat_sweep_noleak,777,val,cs_282_R10p0_L204p3_a04p6_k0p006,10.018613235043922,204.29971991412128,4.610087289346258,0.005659941338303978,0.04903880063690401,0.05670476320150444,0.0,-0.7764286398887634,0.9702185263972153,140.9347381591797
cosserat_sweep_noleak,777,val,cs_289_R10p0_L261p4_a06p9_k0p031,10.013484458500468,261.37708247023414,6.937621506430334,0.031176595146921768,0.038310491355495226,0.31218635097266223,0.02972765630993479,0.4781939387321472,0.28001534330648253,61.43248748779297
cosserat_sweep_noleak,777,val,cs_295_R15p8_L158p7_a04p0_k0p015,15.815991131355483,158.68764716391132,3.9849693050340145,0.014939235824352927,0.09966743734639195,0.23627882130719402,0.044172017902315626,0.9311118125915527,0.0,21.391202926635742
