variant,seed,split,case,R_mm,L_mm,alpha_womersley,kappa,eps,De,pp_dir_10deg,cos_signed_median,frac_flipped,angle_median_deg
sage_subend_withleak,1337,test,sUbend_012__f00,nan,nan,nan,nan,nan,nan,0.8045,0.9970477819442749,0.0,4.4037322998046875
sage_subend_withleak,1337,test,sUbend_012__f01,nan,nan,nan,nan,nan,nan,0.7857,0.9964920878410339,0.0,4.800528049468994
sage_subend_withleak,1337,test,sUbend_012__f02,nan,nan,nan,nan,nan,nan,0.7617,0.9956969022750854,0.0,5.31721305847168
sage_subend_withleak,1337,test,sUbend_012__f03,nan,nan,nan,nan,nan,nan,0.7563,0.9943573474884033,0.0,6.089544296264648
sage_subend_withleak,1337,test,sUbend_012__f04,nan,nan,nan,nan,nan,nan,0.7541,0.9933612942695618,0.0,6.605715274810791
sage_subend_withleak,1337,test,sUbend_012__f05,nan,nan,nan,nan,nan,nan,0.7754,0.9956927299499512,0.0,5.3197922706604
sage_subend_withleak,1337,test,sUbend_012__f06,nan,nan,nan,nan,nan,nan,0.982,0.9986282587051392,0.0,3.001363754272461
sage_subend_withleak,1337,test,sUbend_012__f07,nan,nan,nan,nan,nan,nan,0.9588,0.9990212917327881,0.0,2.5351650714874268
sage_subend_withleak,1337,test,sUbend_012__f08,nan,nan,nan,nan,nan,nan,0.9158,0.9986588954925537,0.0,2.9676828384399414
sage_subend_withleak,1337,test,sUbend_012__f09,nan,nan,nan,nan,nan,nan,0.9044,0.9984521269798279,0.0,3.1883156299591064
sage_subend_withleak,1337,test,sUbend_012__f10,nan,nan,nan,nan,nan,nan,0.8883,0.9981725215911865,0.0,3.464386463165283
sage_subend_withleak,1337,test,sUbend_012__f11,nan,nan,nan,nan,nan,nan,0.9062,0.9980604648590088,0.0,3.5690557956695557
sage_subend_withleak,1337,test,sUbend_012__f12,nan,nan,nan,nan,nan,nan,0.9231,0.9979079961776733,0.0,3.706787109375
sage_subend_withleak,1337,test,sUbend_012__f13,nan,nan,nan,nan,nan,nan,0.9106,0.998012363910675,0.0,3.613083600997925
sage_subend_withleak,1337,test,sUbend_012__f14,nan,nan,nan,nan,nan,nan,0.8983,0.9974619746208191,0.0,4.082982063293457
sage_subend_withleak,1337,test,sUbend_012__f15,nan,nan,nan,nan,nan,nan,0.8768,0.9970000982284546,0.0,4.439148902893066
sage_subend_withleak,1337,test,sUbend_012__f16,nan,nan,nan,nan,nan,nan,0.8344,0.9956396818161011,0.0,5.352474212646484
sage_subend_withleak,1337,test,sUbend_012__f17,nan,nan,nan,nan,nan,nan,0.8429,0.9957874417304993,0.0,5.260937690734863
sage_subend_withleak,1337,test,sUbend_012__f18,nan,nan,nan,nan,nan,nan,0.8457,0.9966002106666565,0.0,4.725924015045166
sage_subend_withleak,1337,test,sUbend_012__f19,nan,nan,nan,nan,nan,nan,0.8277,0.9966622591018677,0.0,4.682575225830078
sage_subend_withleak,1337,test,sUbend_012__f20,nan,nan,nan,nan,nan,nan,0.8132,0.9968247413635254,0.0,4.567116737365723
sage_subend_withleak,1337,test,sUbend_012__f21,nan,nan,nan,nan,nan,nan,0.804,0.9968006610870361,0.0,4.584432601928711
sage_subend_withleak,1337,test,sUbend_012__f22,nan,nan,nan,nan,nan,nan,0.7896,0.9966774582862854,0.0,4.671895980834961
sage_subend_withleak,1337,test,sUbend_012__f23,nan,nan,nan,nan,nan,nan,0.7958,0.9969586730003357,0.0,4.469709396362305
sage_subend_withleak,1337,test,sUbend_012__f24,nan,nan,nan,nan,nan,nan,0.8043,0.9971044063568115,0.0,4.3612751960754395
sage_subend_withleak,1337,test,sUbend_021__f00,nan,nan,nan,nan,nan,nan,0.988,0.998782753944397,0.0,2.827258586883545
sage_subend_withleak,1337,test,sUbend_021__f01,nan,nan,nan,nan,nan,nan,0.9892,0.9987757205963135,0.0,2.835416793823242
sage_subend_withleak,1337,test,sUbend_021__f02,nan,nan,nan,nan,nan,nan,0.9796,0.9987325072288513,0.0,2.8850693702697754
sage_subend_withleak,1337,test,sUbend_021__f03,nan,nan,nan,nan,nan,nan,0.973,0.998694658279419,0.0,2.927837371826172
sage_subend_withleak,1337,test,sUbend_021__f04,nan,nan,nan,nan,nan,nan,0.8773,0.9971022605895996,0.0,4.362846374511719
sage_subend_withleak,1337,test,sUbend_021__f05,nan,nan,nan,nan,nan,nan,0.7953,0.9951497912406921,0.0,5.645383834838867
sage_subend_withleak,1337,test,sUbend_021__f06,nan,nan,nan,nan,nan,nan,0.9982,0.9992470741271973,0.0,2.223475456237793
sage_subend_withleak,1337,test,sUbend_021__f07,nan,nan,nan,nan,nan,nan,0.9867,0.9993902444839478,0.0,2.0009560585021973
sage_subend_withleak,1337,test,sUbend_021__f08,nan,nan,nan,nan,nan,nan,0.9702,0.9990595579147339,0.0,2.4851040840148926
sage_subend_withleak,1337,test,sUbend_021__f09,nan,nan,nan,nan,nan,nan,0.9658,0.9990293979644775,0.0,2.5245656967163086
sage_subend_withleak,1337,test,sUbend_021__f10,nan,nan,nan,nan,nan,nan,0.9841,0.9989794492721558,0.0,2.5887603759765625
sage_subend_withleak,1337,test,sUbend_021__f11,nan,nan,nan,nan,nan,nan,0.9821,0.9989734888076782,0.0,2.596348285675049
sage_subend_withleak,1337,test,sUbend_021__f12,nan,nan,nan,nan,nan,nan,0.9819,0.9988266229629517,0.0,2.7758331298828125
sage_subend_withleak,1337,test,sUbend_021__f13,nan,nan,nan,nan,nan,nan,0.9719,0.9987064599990845,0.0,2.914602756500244
sage_subend_withleak,1337,test,sUbend_021__f14,nan,nan,nan,nan,nan,nan,0.9625,0.9985098838806152,0.0,3.128251075744629
sage_subend_withleak,1337,test,sUbend_021__f15,nan,nan,nan,nan,nan,nan,0.9462,0.9979732632637024,0.0,3.6484603881835938
sage_subend_withleak,1337,test,sUbend_021__f16,nan,nan,nan,nan,nan,nan,0.9364,0.9977676272392273,0.0,3.8291447162628174
sage_subend_withleak,1337,test,sUbend_021__f17,nan,nan,nan,nan,nan,nan,0.9499,0.997877836227417,0.0,3.733367919921875
sage_subend_withleak,1337,test,sUbend_021__f18,nan,nan,nan,nan,nan,nan,0.9554,0.9982908964157104,0.0,3.3502707481384277
sage_subend_withleak,1337,test,sUbend_021__f19,nan,nan,nan,nan,nan,nan,0.9479,0.9984501600265503,0.0,3.190310478210449
sage_subend_withleak,1337,test,sUbend_021__f20,nan,nan,nan,nan,nan,nan,0.9523,0.9986558556556702,0.0,2.9710450172424316
sage_subend_withleak,1337,test,sUbend_021__f21,nan,nan,nan,nan,nan,nan,0.9717,0.9986240863800049,0.0,3.005990982055664
sage_subend_withleak,1337,test,sUbend_021__f22,nan,nan,nan,nan,nan,nan,0.982,0.9987138509750366,0.0,2.9061951637268066
sage_subend_withleak,1337,test,sUbend_021__f23,nan,nan,nan,nan,nan,nan,0.9854,0.998810887336731,0.0,2.7943882942199707
sage_subend_withleak,1337,test,sUbend_021__f24,nan,nan,nan,nan,nan,nan,0.9871,0.9987856149673462,0.0,2.8239331245422363
sage_subend_withleak,1337,test,sUbend_022__f00,nan,nan,nan,nan,nan,nan,0.5527,0.9879189729690552,0.0,8.915132522583008
sage_subend_withleak,1337,test,sUbend_022__f01,nan,nan,nan,nan,nan,nan,0.5291,0.9866882562637329,0.0,9.359195709228516
sage_subend_withleak,1337,test,sUbend_022__f02,nan,nan,nan,nan,nan,nan,0.5388,0.9873636960983276,0.0,9.118124008178711
sage_subend_withleak,1337,test,sUbend_022__f03,nan,nan,nan,nan,nan,nan,0.5556,0.988004207611084,0.0,8.883551597595215
sage_subend_withleak,1337,test,sUbend_022__f04,nan,nan,nan,nan,nan,nan,0.9219,0.9977697134017944,0.0,3.8273801803588867
sage_subend_withleak,1337,test,sUbend_022__f05,nan,nan,nan,nan,nan,nan,0.9994,0.9988803863525391,0.0,2.711552381515503
sage_subend_withleak,1337,test,sUbend_022__f06,nan,nan,nan,nan,nan,nan,0.9983,0.9993292093276978,0.0,2.09867787361145
sage_subend_withleak,1337,test,sUbend_022__f07,nan,nan,nan,nan,nan,nan,0.9985,0.9994648098945618,0.0,1.8746103048324585
sage_subend_withleak,1337,test,sUbend_022__f08,nan,nan,nan,nan,nan,nan,0.9899,0.9994571805000305,0.0,1.8879259824752808
sage_subend_withleak,1337,test,sUbend_022__f09,nan,nan,nan,nan,nan,nan,0.9806,0.9992194175720215,0.0,2.2640371322631836
sage_subend_withleak,1337,test,sUbend_022__f10,nan,nan,nan,nan,nan,nan,0.9686,0.9991239309310913,0.0,2.3984932899475098
sage_subend_withleak,1337,test,sUbend_022__f11,nan,nan,nan,nan,nan,nan,0.943,0.9990378022193909,0.0,2.5136489868164062
sage_subend_withleak,1337,test,sUbend_022__f12,nan,nan,nan,nan,nan,nan,0.8906,0.9987376928329468,0.0,2.879159927368164
sage_subend_withleak,1337,test,sUbend_022__f13,nan,nan,nan,nan,nan,nan,0.8809,0.9985611438751221,0.0,3.073992967605591
sage_subend_withleak,1337,test,sUbend_022__f14,nan,nan,nan,nan,nan,nan,0.8415,0.9975870847702026,0.0,3.9810097217559814
sage_subend_withleak,1337,test,sUbend_022__f15,nan,nan,nan,nan,nan,nan,0.7637,0.9948716759681702,0.0,5.805118560791016
sage_subend_withleak,1337,test,sUbend_022__f16,nan,nan,nan,nan,nan,nan,0.7043,0.9935802817344666,0.0,6.495733261108398
sage_subend_withleak,1337,test,sUbend_022__f17,nan,nan,nan,nan,nan,nan,0.6947,0.9934019446372986,0.0,6.585437774658203
sage_subend_withleak,1337,test,sUbend_022__f18,nan,nan,nan,nan,nan,nan,0.6921,0.9933924674987793,0.0,6.590170860290527
sage_subend_withleak,1337,test,sUbend_022__f19,nan,nan,nan,nan,nan,nan,0.7579,0.9951937198638916,0.0,5.6197404861450195
sage_subend_withleak,1337,test,sUbend_022__f20,nan,nan,nan,nan,nan,nan,0.7994,0.9959519505500793,0.0,5.157118797302246
sage_subend_withleak,1337,test,sUbend_022__f21,nan,nan,nan,nan,nan,nan,0.7923,0.9955266118049622,0.0,5.421481132507324
sage_subend_withleak,1337,test,sUbend_022__f22,nan,nan,nan,nan,nan,nan,0.7745,0.9949389100074768,0.0,5.766907691955566
sage_subend_withleak,1337,test,sUbend_022__f23,nan,nan,nan,nan,nan,nan,0.6961,0.992344081401825,0.0,7.0943684577941895
sage_subend_withleak,1337,test,sUbend_022__f24,nan,nan,nan,nan,nan,nan,0.6409,0.9911763072013855,0.0,7.616976737976074
sage_subend_withleak,1337,val,sUbend_016__f00,nan,nan,nan,nan,nan,nan,0.9302,0.9976307153701782,0.0,3.944863796234131
sage_subend_withleak,1337,val,sUbend_016__f01,nan,nan,nan,nan,nan,nan,0.98,0.9984152913093567,0.0,3.2260398864746094
sage_subend_withleak,1337,val,sUbend_016__f02,nan,nan,nan,nan,nan,nan,0.9936,0.9985792636871338,0.0,3.0545716285705566
sage_subend_withleak,1337,val,sUbend_016__f03,nan,nan,nan,nan,nan,nan,0.9988,0.9987245798110962,0.0,2.894113063812256
sage_subend_withleak,1337,val,sUbend_016__f04,nan,nan,nan,nan,nan,nan,0.97,0.9983141422271729,0.0,3.327402114868164
sage_subend_withleak,1337,val,sUbend_016__f05,nan,nan,nan,nan,nan,nan,0.7066,0.9937860369682312,0.0,6.390680313110352
sage_subend_withleak,1337,val,sUbend_016__f06,nan,nan,nan,nan,nan,nan,0.9994,0.9990479946136475,0.0,2.5003371238708496
sage_subend_withleak,1337,val,sUbend_016__f07,nan,nan,nan,nan,nan,nan,0.9968,0.9994689226150513,0.0,1.867445468902588
sage_subend_withleak,1337,val,sUbend_016__f08,nan,nan,nan,nan,nan,nan,0.9918,0.9993494749069214,0.0,2.066774606704712
sage_subend_withleak,1337,val,sUbend_016__f09,nan,nan,nan,nan,nan,nan,0.9699,0.9991394281387329,0.0,2.3772225379943848
sage_subend_withleak,1337,val,sUbend_016__f10,nan,nan,nan,nan,nan,nan,0.9558,0.9989569783210754,0.0,2.617110252380371
sage_subend_withleak,1337,val,sUbend_016__f11,nan,nan,nan,nan,nan,nan,0.9409,0.9987603425979614,0.0,2.853172779083252
sage_subend_withleak,1337,val,sUbend_016__f12,nan,nan,nan,nan,nan,nan,0.9178,0.9983981847763062,0.0,3.243379592895508
sage_subend_withleak,1337,val,sUbend_016__f13,nan,nan,nan,nan,nan,nan,0.8418,0.9966984391212463,0.0,4.657113075256348
sage_subend_withleak,1337,val,sUbend_016__f14,nan,nan,nan,nan,nan,nan,0.7931,0.9952660799026489,0.0,5.5772600173950195
sage_subend_withleak,1337,val,sUbend_016__f15,nan,nan,nan,nan,nan,nan,0.796,0.9957159161567688,0.0,5.305444240570068
sage_subend_withleak,1337,val,sUbend_016__f16,nan,nan,nan,nan,nan,nan,0.8293,0.9966850280761719,0.0,4.666567802429199
sage_subend_withleak,1337,val,sUbend_016__f17,nan,nan,nan,nan,nan,nan,0.8262,0.9962945580482483,0.0,4.9339165687561035
sage_subend_withleak,1337,val,sUbend_016__f18,nan,nan,nan,nan,nan,nan,0.7713,0.9948215484619141,0.0,5.8334455490112305
sage_subend_withleak,1337,val,sUbend_016__f19,nan,nan,nan,nan,nan,nan,0.7173,0.9936351180076599,0.0,6.467901706695557
sage_subend_withleak,1337,val,sUbend_016__f20,nan,nan,nan,nan,nan,nan,0.7214,0.9934555292129517,0.0,6.558597564697266
sage_subend_withleak,1337,val,sUbend_016__f21,nan,nan,nan,nan,nan,nan,0.7487,0.994185209274292,0.0,6.181805610656738
sage_subend_withleak,1337,val,sUbend_016__f22,nan,nan,nan,nan,nan,nan,0.7686,0.9947766065597534,0.0,5.858709335327148
sage_subend_withleak,1337,val,sUbend_016__f23,nan,nan,nan,nan,nan,nan,0.8463,0.9962259531021118,0.0,4.979410648345947
sage_subend_withleak,1337,val,sUbend_016__f24,nan,nan,nan,nan,nan,nan,0.8849,0.9969273805618286,0.0,4.492656707763672
sage_subend_withleak,1337,val,sUbend_019__f00,nan,nan,nan,nan,nan,nan,0.5531,0.9874035716056824,0.0,9.103706359863281
sage_subend_withleak,1337,val,sUbend_019__f01,nan,nan,nan,nan,nan,nan,0.6215,0.9903843402862549,0.0,7.951976299285889
sage_subend_withleak,1337,val,sUbend_019__f02,nan,nan,nan,nan,nan,nan,0.7272,0.9939394593238831,0.0,6.311212539672852
sage_subend_withleak,1337,val,sUbend_019__f03,nan,nan,nan,nan,nan,nan,0.8224,0.9970353841781616,0.0,4.412951469421387
sage_subend_withleak,1337,val,sUbend_019__f04,nan,nan,nan,nan,nan,nan,0.8689,0.9979703426361084,0.0,3.6510891914367676
sage_subend_withleak,1337,val,sUbend_019__f05,nan,nan,nan,nan,nan,nan,0.9585,0.9986003041267395,0.0,3.031831741333008
sage_subend_withleak,1337,val,sUbend_019__f06,nan,nan,nan,nan,nan,nan,0.9968,0.9990231990814209,0.0,2.532693386077881
sage_subend_withleak,1337,val,sUbend_019__f07,nan,nan,nan,nan,nan,nan,0.9949,0.9992460608482361,0.0,2.22501540184021
sage_subend_withleak,1337,val,sUbend_019__f08,nan,nan,nan,nan,nan,nan,0.9885,0.9991602897644043,0.0,2.3481454849243164
sage_subend_withleak,1337,val,sUbend_019__f09,nan,nan,nan,nan,nan,nan,0.9785,0.9991475939750671,0.0,2.365874767303467
sage_subend_withleak,1337,val,sUbend_019__f10,nan,nan,nan,nan,nan,nan,0.9687,0.9989268779754639,0.0,2.6546483039855957
sage_subend_withleak,1337,val,sUbend_019__f11,nan,nan,nan,nan,nan,nan,0.961,0.9988919496536255,0.0,2.6974751949310303
sage_subend_withleak,1337,val,sUbend_019__f12,nan,nan,nan,nan,nan,nan,0.9442,0.9987696409225464,0.0,2.842449903488159
sage_subend_withleak,1337,val,sUbend_019__f13,nan,nan,nan,nan,nan,nan,0.9152,0.9981238842010498,0.0,3.510228157043457
sage_subend_withleak,1337,val,sUbend_019__f14,nan,nan,nan,nan,nan,nan,0.8414,0.9969660639762878,0.0,4.464272499084473
sage_subend_withleak,1337,val,sUbend_019__f15,nan,nan,nan,nan,nan,nan,0.8004,0.9944613575935364,0.0,6.0330915451049805
sage_subend_withleak,1337,val,sUbend_019__f16,nan,nan,nan,nan,nan,nan,0.7668,0.993754506111145,0.0,6.406905651092529
sage_subend_withleak,1337,val,sUbend_019__f17,nan,nan,nan,nan,nan,nan,0.7299,0.9929682016372681,0.0,6.798710346221924
sage_subend_withleak,1337,val,sUbend_019__f18,nan,nan,nan,nan,nan,nan,0.7007,0.9926817417144775,0.0,6.935947418212891
sage_subend_withleak,1337,val,sUbend_019__f19,nan,nan,nan,nan,nan,nan,0.6779,0.9916191101074219,0.0,7.423132419586182
sage_subend_withleak,1337,val,sUbend_019__f20,nan,nan,nan,nan,nan,nan,0.6527,0.9908095598220825,0.0,7.77391242980957
sage_subend_withleak,1337,val,sUbend_019__f21,nan,nan,nan,nan,nan,nan,0.6166,0.9897254705429077,0.0,8.220353126525879
sage_subend_withleak,1337,val,sUbend_019__f22,nan,nan,nan,nan,nan,nan,0.5753,0.9884848594665527,0.0,8.703407287597656
sage_subend_withleak,1337,val,sUbend_019__f23,nan,nan,nan,nan,nan,nan,0.5548,0.9873533844947815,0.0,9.121862411499023
sage_subend_withleak,1337,val,sUbend_019__f24,nan,nan,nan,nan,nan,nan,0.5524,0.9873956441879272,0.0,9.106576919555664
sage_subend_withleak,1337,val,sUbend_023__f00,nan,nan,nan,nan,nan,nan,0.6182,0.9903422594070435,0.0,7.9694108963012695
sage_subend_withleak,1337,val,sUbend_023__f01,nan,nan,nan,nan,nan,nan,0.5882,0.9892489910125732,0.0,8.409137725830078
sage_subend_withleak,1337,val,sUbend_023__f02,nan,nan,nan,nan,nan,nan,0.5868,0.9888733625411987,0.0,8.555049896240234
sage_subend_withleak,1337,val,sUbend_023__f03,nan,nan,nan,nan,nan,nan,0.5849,0.9889981746673584,0.0,8.506841659545898
sage_subend_withleak,1337,val,sUbend_023__f04,nan,nan,nan,nan,nan,nan,0.7099,0.99346524477005,0.0,6.553737640380859
sage_subend_withleak,1337,val,sUbend_023__f05,nan,nan,nan,nan,nan,nan,0.9054,0.9983017444610596,0.0,3.3396177291870117
sage_subend_withleak,1337,val,sUbend_023__f06,nan,nan,nan,nan,nan,nan,0.9563,0.99870365858078,0.0,2.917724132537842
sage_subend_withleak,1337,val,sUbend_023__f07,nan,nan,nan,nan,nan,nan,0.9996,0.9988408088684082,0.0,2.7590694427490234
sage_subend_withleak,1337,val,sUbend_023__f08,nan,nan,nan,nan,nan,nan,0.992,0.9991520047187805,0.0,2.3597445487976074
sage_subend_withleak,1337,val,sUbend_023__f09,nan,nan,nan,nan,nan,nan,0.9277,0.9987211227416992,0.0,2.8979995250701904
sage_subend_withleak,1337,val,sUbend_023__f10,nan,nan,nan,nan,nan,nan,0.9246,0.9987344741821289,0.0,2.8827953338623047
sage_subend_withleak,1337,val,sUbend_023__f11,nan,nan,nan,nan,nan,nan,0.8963,0.998587965965271,0.0,3.0452003479003906
sage_subend_withleak,1337,val,sUbend_023__f12,nan,nan,nan,nan,nan,nan,0.8863,0.998418927192688,0.0,3.2223660945892334
sage_subend_withleak,1337,val,sUbend_023__f13,nan,nan,nan,nan,nan,nan,0.8705,0.998193621635437,0.0,3.4443507194519043
sage_subend_withleak,1337,val,sUbend_023__f14,nan,nan,nan,nan,nan,nan,0.815,0.9971522092819214,0.0,4.3250861167907715
sage_subend_withleak,1337,val,sUbend_023__f15,nan,nan,nan,nan,nan,nan,0.7577,0.9937217235565186,0.0,6.423715591430664
sage_subend_withleak,1337,val,sUbend_023__f16,nan,nan,nan,nan,nan,nan,0.709,0.9919631481170654,0.0,7.268953800201416
sage_subend_withleak,1337,val,sUbend_023__f17,nan,nan,nan,nan,nan,nan,0.7039,0.9916412830352783,0.0,7.413280487060547
sage_subend_withleak,1337,val,sUbend_023__f18,nan,nan,nan,nan,nan,nan,0.6905,0.9911413192749023,0.0,7.632099628448486
sage_subend_withleak,1337,val,sUbend_023__f19,nan,nan,nan,nan,nan,nan,0.6669,0.9910256266593933,0.0,7.681835174560547
sage_subend_withleak,1337,val,sUbend_023__f20,nan,nan,nan,nan,nan,nan,0.662,0.9910458922386169,0.0,7.6731438636779785
sage_subend_withleak,1337,val,sUbend_023__f21,nan,nan,nan,nan,nan,nan,0.65,0.99064040184021,0.0,7.845239639282227
sage_subend_withleak,1337,val,sUbend_023__f22,nan,nan,nan,nan,nan,nan,0.6648,0.9915320873260498,0.0,7.461613655090332
sage_subend_withleak,1337,val,sUbend_023__f23,nan,nan,nan,nan,nan,nan,0.6001,0.9896854162216187,0.0,8.23638916015625
sage_subend_withleak,1337,val,sUbend_023__f24,nan,nan,nan,nan,nan,nan,0.6227,0.9900833368301392,0.0,8.07568359375
sage_subend_withleak,2026,test,sUbend_012__f00,nan,nan,nan,nan,nan,nan,0.7204,0.9975086450576782,0.0,4.045252799987793
sage_subend_withleak,2026,test,sUbend_012__f01,nan,nan,nan,nan,nan,nan,0.717,0.9975334405899048,0.0,4.025086402893066
sage_subend_withleak,2026,test,sUbend_012__f02,nan,nan,nan,nan,nan,nan,0.7095,0.9967120289802551,0.0,4.647513389587402
sage_subend_withleak,2026,test,sUbend_012__f03,nan,nan,nan,nan,nan,nan,0.6782,0.9944123029708862,0.0,6.05979061126709
sage_subend_withleak,2026,test,sUbend_012__f04,nan,nan,nan,nan,nan,nan,0.6097,0.991060733795166,0.0,7.666760444641113
sage_subend_withleak,2026,test,sUbend_012__f05,nan,nan,nan,nan,nan,nan,0.7601,0.9972906708717346,0.0,4.218583106994629
sage_subend_withleak,2026,test,sUbend_012__f06,nan,nan,nan,nan,nan,nan,0.9663,0.9986951351165771,0.0,2.9273359775543213
sage_subend_withleak,2026,test,sUbend_012__f07,nan,nan,nan,nan,nan,nan,0.9539,0.9990925192832947,0.0,2.441120147705078
sage_subend_withleak,2026,test,sUbend_012__f08,nan,nan,nan,nan,nan,nan,0.9456,0.9993104934692383,0.0,2.127758502960205
sage_subend_withleak,2026,test,sUbend_012__f09,nan,nan,nan,nan,nan,nan,0.9259,0.9991441965103149,0.0,2.370626449584961
sage_subend_withleak,2026,test,sUbend_012__f10,nan,nan,nan,nan,nan,nan,0.9207,0.9989852905273438,0.0,2.5813779830932617
sage_subend_withleak,2026,test,sUbend_012__f11,nan,nan,nan,nan,nan,nan,0.9497,0.9989010691642761,0.0,2.686349868774414
sage_subend_withleak,2026,test,sUbend_012__f12,nan,nan,nan,nan,nan,nan,0.9361,0.998450756072998,0.0,3.18975830078125
sage_subend_withleak,2026,test,sUbend_012__f13,nan,nan,nan,nan,nan,nan,0.8699,0.9981988668441772,0.0,3.4393725395202637
sage_subend_withleak,2026,test,sUbend_012__f14,nan,nan,nan,nan,nan,nan,0.8922,0.9975982904434204,0.0,3.9717769622802734
sage_subend_withleak,2026,test,sUbend_012__f15,nan,nan,nan,nan,nan,nan,0.8614,0.9959898591041565,0.0,5.132898330688477
sage_subend_withleak,2026,test,sUbend_012__f16,nan,nan,nan,nan,nan,nan,0.8253,0.9948371648788452,0.0,5.824618816375732
sage_subend_withleak,2026,test,sUbend_012__f17,nan,nan,nan,nan,nan,nan,0.7971,0.9952211380004883,0.0,5.6036577224731445
sage_subend_withleak,2026,test,sUbend_012__f18,nan,nan,nan,nan,nan,nan,0.7948,0.9964184761047363,0.0,4.850644111633301
sage_subend_withleak,2026,test,sUbend_012__f19,nan,nan,nan,nan,nan,nan,0.7398,0.9964523315429688,0.0,4.827670097351074
sage_subend_withleak,2026,test,sUbend_012__f20,nan,nan,nan,nan,nan,nan,0.7043,0.9964711666107178,0.0,4.814850807189941
sage_subend_withleak,2026,test,sUbend_012__f21,nan,nan,nan,nan,nan,nan,0.6985,0.9966678619384766,0.0,4.678641319274902
sage_subend_withleak,2026,test,sUbend_012__f22,nan,nan,nan,nan,nan,nan,0.6908,0.9965802431106567,0.0,4.739809989929199
sage_subend_withleak,2026,test,sUbend_012__f23,nan,nan,nan,nan,nan,nan,0.6995,0.9968410730361938,0.0,4.555328845977783
sage_subend_withleak,2026,test,sUbend_012__f24,nan,nan,nan,nan,nan,nan,0.7039,0.997434675693512,0.0,4.104890823364258
sage_subend_withleak,2026,test,sUbend_021__f00,nan,nan,nan,nan,nan,nan,0.9958,0.999110221862793,0.0,2.417189359664917
sage_subend_withleak,2026,test,sUbend_021__f01,nan,nan,nan,nan,nan,nan,0.9948,0.9990711212158203,0.0,2.4697771072387695
sage_subend_withleak,2026,test,sUbend_021__f02,nan,nan,nan,nan,nan,nan,0.9894,0.9989609718322754,0.0,2.6120944023132324
sage_subend_withleak,2026,test,sUbend_021__f03,nan,nan,nan,nan,nan,nan,0.9874,0.9988900423049927,0.0,2.6997599601745605
sage_subend_withleak,2026,test,sUbend_021__f04,nan,nan,nan,nan,nan,nan,0.9111,0.9976348280906677,0.0,3.941437005996704
sage_subend_withleak,2026,test,sUbend_021__f05,nan,nan,nan,nan,nan,nan,0.7571,0.9955997467041016,0.0,5.37694787979126
sage_subend_withleak,2026,test,sUbend_021__f06,nan,nan,nan,nan,nan,nan,1.0,0.9995356798171997,0.0,1.7460200786590576
sage_subend_withleak,2026,test,sUbend_021__f07,nan,nan,nan,nan,nan,nan,0.9862,0.9996234178543091,0.0,1.5725276470184326
sage_subend_withleak,2026,test,sUbend_021__f08,nan,nan,nan,nan,nan,nan,0.9703,0.9996227025985718,0.0,1.5738959312438965
sage_subend_withleak,2026,test,sUbend_021__f09,nan,nan,nan,nan,nan,nan,0.9802,0.9993640780448914,0.0,2.043442964553833
sage_subend_withleak,2026,test,sUbend_021__f10,nan,nan,nan,nan,nan,nan,0.9924,0.9993770718574524,0.0,2.022456169128418
sage_subend_withleak,2026,test,sUbend_021__f11,nan,nan,nan,nan,nan,nan,0.9919,0.9992634057998657,0.0,2.1992247104644775
sage_subend_withleak,2026,test,sUbend_021__f12,nan,nan,nan,nan,nan,nan,0.9949,0.9992411136627197,0.0,2.2323482036590576
sage_subend_withleak,2026,test,sUbend_021__f13,nan,nan,nan,nan,nan,nan,0.9945,0.9989542365074158,0.0,2.6205484867095947
sage_subend_withleak,2026,test,sUbend_021__f14,nan,nan,nan,nan,nan,nan,0.9941,0.998910665512085,0.0,2.6746296882629395
sage_subend_withleak,2026,test,sUbend_021__f15,nan,nan,nan,nan,nan,nan,0.9594,0.99867844581604,0.0,2.945967197418213
sage_subend_withleak,2026,test,sUbend_021__f16,nan,nan,nan,nan,nan,nan,0.9472,0.9984598159790039,0.0,3.180415630340576
sage_subend_withleak,2026,test,sUbend_021__f17,nan,nan,nan,nan,nan,nan,0.9587,0.9982877969741821,0.0,3.353337287902832
sage_subend_withleak,2026,test,sUbend_021__f18,nan,nan,nan,nan,nan,nan,0.9624,0.9985003471374512,0.0,3.138216972351074
sage_subend_withleak,2026,test,sUbend_021__f19,nan,nan,nan,nan,nan,nan,0.9723,0.9986546039581299,0.0,2.972461223602295
sage_subend_withleak,2026,test,sUbend_021__f20,nan,nan,nan,nan,nan,nan,0.9752,0.9987834692001343,0.0,2.826462507247925
sage_subend_withleak,2026,test,sUbend_021__f21,nan,nan,nan,nan,nan,nan,0.9866,0.998957633972168,0.0,2.6162502765655518
sage_subend_withleak,2026,test,sUbend_021__f22,nan,nan,nan,nan,nan,nan,0.988,0.9990761280059814,0.0,2.46303129196167
sage_subend_withleak,2026,test,sUbend_021__f23,nan,nan,nan,nan,nan,nan,0.9912,0.9991391897201538,0.0,2.377551794052124
sage_subend_withleak,2026,test,sUbend_021__f24,nan,nan,nan,nan,nan,nan,0.993,0.9991519451141357,0.0,2.3598275184631348
sage_subend_withleak,2026,test,sUbend_022__f00,nan,nan,nan,nan,nan,nan,0.6469,0.991323709487915,0.0,7.553007125854492
sage_subend_withleak,2026,test,sUbend_022__f01,nan,nan,nan,nan,nan,nan,0.6286,0.9912172555923462,0.0,7.599268913269043
sage_subend_withleak,2026,test,sUbend_022__f02,nan,nan,nan,nan,nan,nan,0.6138,0.9905920028686523,0.0,7.865504264831543
sage_subend_withleak,2026,test,sUbend_022__f03,nan,nan,nan,nan,nan,nan,0.6076,0.9903814196586609,0.0,7.953198432922363
sage_subend_withleak,2026,test,sUbend_022__f04,nan,nan,nan,nan,nan,nan,0.9478,0.9986642003059387,0.0,2.961806058883667
sage_subend_withleak,2026,test,sUbend_022__f05,nan,nan,nan,nan,nan,nan,0.9996,0.9992549419403076,0.0,2.2118258476257324
sage_subend_withleak,2026,test,sUbend_022__f06,nan,nan,nan,nan,nan,nan,0.9992,0.999434769153595,0.0,1.9265087842941284
sage_subend_withleak,2026,test,sUbend_022__f07,nan,nan,nan,nan,nan,nan,0.9977,0.99951171875,0.0,1.790511131286621
sage_subend_withleak,2026,test,sUbend_022__f08,nan,nan,nan,nan,nan,nan,0.9879,0.9996641874313354,0.0,1.4849034547805786
sage_subend_withleak,2026,test,sUbend_022__f09,nan,nan,nan,nan,nan,nan,0.983,0.9996130466461182,0.0,1.5939114093780518
sage_subend_withleak,2026,test,sUbend_022__f10,nan,nan,nan,nan,nan,nan,0.9824,0.9995524287223816,0.0,1.7142924070358276
sage_subend_withleak,2026,test,sUbend_022__f11,nan,nan,nan,nan,nan,nan,0.9883,0.9995166063308716,0.0,1.7815810441970825
sage_subend_withleak,2026,test,sUbend_022__f12,nan,nan,nan,nan,nan,nan,0.9454,0.9992250204086304,0.0,2.2558529376983643
sage_subend_withleak,2026,test,sUbend_022__f13,nan,nan,nan,nan,nan,nan,0.9158,0.9990471005439758,0.0,2.501471996307373
sage_subend_withleak,2026,test,sUbend_022__f14,nan,nan,nan,nan,nan,nan,0.8984,0.9985476732254028,0.0,3.088320255279541
sage_subend_withleak,2026,test,sUbend_022__f15,nan,nan,nan,nan,nan,nan,0.8161,0.9967272281646729,0.0,4.636774063110352
sage_subend_withleak,2026,test,sUbend_022__f16,nan,nan,nan,nan,nan,nan,0.7755,0.9951239824295044,0.0,5.660379409790039
sage_subend_withleak,2026,test,sUbend_022__f17,nan,nan,nan,nan,nan,nan,0.753,0.9949662685394287,0.0,5.7512688636779785
sage_subend_withleak,2026,test,sUbend_022__f18,nan,nan,nan,nan,nan,nan,0.7819,0.9950183629989624,0.0,5.721424102783203
sage_subend_withleak,2026,test,sUbend_022__f19,nan,nan,nan,nan,nan,nan,0.8349,0.9963572025299072,0.0,4.8920063972473145
sage_subend_withleak,2026,test,sUbend_022__f20,nan,nan,nan,nan,nan,nan,0.8521,0.9968767166137695,0.0,4.529542446136475
sage_subend_withleak,2026,test,sUbend_022__f21,nan,nan,nan,nan,nan,nan,0.8321,0.9967038035392761,0.0,4.653326034545898
sage_subend_withleak,2026,test,sUbend_022__f22,nan,nan,nan,nan,nan,nan,0.8165,0.9963498115539551,0.0,4.896949768066406
sage_subend_withleak,2026,test,sUbend_022__f23,nan,nan,nan,nan,nan,nan,0.7574,0.9946330785751343,0.0,5.938728332519531
sage_subend_withleak,2026,test,sUbend_022__f24,nan,nan,nan,nan,nan,nan,0.6936,0.9930102229118347,0.0,6.778327465057373
sage_subend_withleak,2026,val,sUbend_016__f00,nan,nan,nan,nan,nan,nan,0.9385,0.9980356693267822,0.0,3.5918586254119873
sage_subend_withleak,2026,val,sUbend_016__f01,nan,nan,nan,nan,nan,nan,0.9742,0.9988137483596802,0.0,2.7910585403442383
sage_subend_withleak,2026,val,sUbend_016__f02,nan,nan,nan,nan,nan,nan,0.9835,0.9990593194961548,0.0,2.485340118408203
sage_subend_withleak,2026,val,sUbend_016__f03,nan,nan,nan,nan,nan,nan,0.9917,0.9991781711578369,0.0,2.323005199432373
sage_subend_withleak,2026,val,sUbend_016__f04,nan,nan,nan,nan,nan,nan,0.9674,0.9986966252326965,0.0,2.9256300926208496
sage_subend_withleak,2026,val,sUbend_016__f05,nan,nan,nan,nan,nan,nan,0.7306,0.9940931797027588,0.0,6.230564117431641
sage_subend_withleak,2026,val,sUbend_016__f06,nan,nan,nan,nan,nan,nan,0.9998,0.9992988109588623,0.0,2.1457111835479736
sage_subend_withleak,2026,val,sUbend_016__f07,nan,nan,nan,nan,nan,nan,0.9974,0.9994637966156006,0.0,1.8763320446014404
sage_subend_withleak,2026,val,sUbend_016__f08,nan,nan,nan,nan,nan,nan,0.9905,0.9994426965713501,0.0,1.9128987789154053
sage_subend_withleak,2026,val,sUbend_016__f09,nan,nan,nan,nan,nan,nan,0.9554,0.9992568492889404,0.0001,2.2090368270874023
sage_subend_withleak,2026,val,sUbend_016__f10,nan,nan,nan,nan,nan,nan,0.953,0.9991958141326904,0.0,2.298015594482422
sage_subend_withleak,2026,val,sUbend_016__f11,nan,nan,nan,nan,nan,nan,0.9457,0.9991185665130615,0.0,2.405867099761963
sage_subend_withleak,2026,val,sUbend_016__f12,nan,nan,nan,nan,nan,nan,0.9269,0.998848557472229,0.0,2.749831438064575
sage_subend_withleak,2026,val,sUbend_016__f13,nan,nan,nan,nan,nan,nan,0.8104,0.9972541332244873,0.0,4.246969223022461
sage_subend_withleak,2026,val,sUbend_016__f14,nan,nan,nan,nan,nan,nan,0.7375,0.9944088459014893,0.0,6.061666488647461
sage_subend_withleak,2026,val,sUbend_016__f15,nan,nan,nan,nan,nan,nan,0.7609,0.9956530332565308,0.0,5.344249248504639
sage_subend_withleak,2026,val,sUbend_016__f16,nan,nan,nan,nan,nan,nan,0.8445,0.9969693422317505,0.0,4.461836814880371
sage_subend_withleak,2026,val,sUbend_016__f17,nan,nan,nan,nan,nan,nan,0.8267,0.9962590932846069,0.0,4.95750617980957
sage_subend_withleak,2026,val,sUbend_016__f18,nan,nan,nan,nan,nan,nan,0.7584,0.9945226311683655,0.0,5.99959659576416
sage_subend_withleak,2026,val,sUbend_016__f19,nan,nan,nan,nan,nan,nan,0.7181,0.9934571385383606,0.0,6.557806015014648
sage_subend_withleak,2026,val,sUbend_016__f20,nan,nan,nan,nan,nan,nan,0.7357,0.9936428070068359,0.0,6.4639739990234375
sage_subend_withleak,2026,val,sUbend_016__f21,nan,nan,nan,nan,nan,nan,0.7713,0.9944806098937988,0.0,6.022603988647461
sage_subend_withleak,2026,val,sUbend_016__f22,nan,nan,nan,nan,nan,nan,0.7972,0.995208203792572,0.0,5.611259460449219
sage_subend_withleak,2026,val,sUbend_016__f23,nan,nan,nan,nan,nan,nan,0.869,0.9965072274208069,0.0,4.790151596069336
sage_subend_withleak,2026,val,sUbend_016__f24,nan,nan,nan,nan,nan,nan,0.9084,0.997339129447937,0.0,4.180692672729492
sage_subend_withleak,2026,val,sUbend_019__f00,nan,nan,nan,nan,nan,nan,0.6475,0.9909303188323975,0.0,7.722592830657959
sage_subend_withleak,2026,val,sUbend_019__f01,nan,nan,nan,nan,nan,nan,0.6955,0.9932818412780762,0.0,6.645186424255371
sage_subend_withleak,2026,val,sUbend_019__f02,nan,nan,nan,nan,nan,nan,0.7982,0.9960886240005493,0.0,5.069234848022461
sage_subend_withleak,2026,val,sUbend_019__f03,nan,nan,nan,nan,nan,nan,0.9288,0.9978519678115845,0.0,3.7560880184173584
sage_subend_withleak,2026,val,sUbend_019__f04,nan,nan,nan,nan,nan,nan,0.9726,0.9985652565956116,0.0,3.069563627243042
sage_subend_withleak,2026,val,sUbend_019__f05,nan,nan,nan,nan,nan,nan,0.9996,0.9990766048431396,0.0,2.462395668029785
sage_subend_withleak,2026,val,sUbend_019__f06,nan,nan,nan,nan,nan,nan,0.9993,0.9992781281471252,0.0,2.1771774291992188
sage_subend_withleak,2026,val,sUbend_019__f07,nan,nan,nan,nan,nan,nan,0.9934,0.9993990659713745,0.0,1.9864768981933594
sage_subend_withleak,2026,val,sUbend_019__f08,nan,nan,nan,nan,nan,nan,0.9878,0.9994973540306091,0.0,1.8167154788970947
sage_subend_withleak,2026,val,sUbend_019__f09,nan,nan,nan,nan,nan,nan,0.9789,0.9995095729827881,0.0,1.7944962978363037
sage_subend_withleak,2026,val,sUbend_019__f10,nan,nan,nan,nan,nan,nan,0.9777,0.9993441104888916,0.0,2.075232744216919
sage_subend_withleak,2026,val,sUbend_019__f11,nan,nan,nan,nan,nan,nan,0.9521,0.9993825554847717,0.0,2.013533592224121
sage_subend_withleak,2026,val,sUbend_019__f12,nan,nan,nan,nan,nan,nan,0.929,0.9993010759353638,0.0,2.142333984375
sage_subend_withleak,2026,val,sUbend_019__f13,nan,nan,nan,nan,nan,nan,0.9123,0.9991189241409302,0.0,2.405378818511963
sage_subend_withleak,2026,val,sUbend_019__f14,nan,nan,nan,nan,nan,nan,0.8987,0.9982175827026367,0.0,3.4213948249816895
sage_subend_withleak,2026,val,sUbend_019__f15,nan,nan,nan,nan,nan,nan,0.8525,0.9963964223861694,0.0,4.865604877471924
sage_subend_withleak,2026,val,sUbend_019__f16,nan,nan,nan,nan,nan,nan,0.7936,0.9950841665267944,0.0,5.683479309082031
sage_subend_withleak,2026,val,sUbend_019__f17,nan,nan,nan,nan,nan,nan,0.7613,0.9944462776184082,0.0,6.041306495666504
sage_subend_withleak,2026,val,sUbend_019__f18,nan,nan,nan,nan,nan,nan,0.7606,0.9943116903305054,0.0,6.114139080047607
sage_subend_withleak,2026,val,sUbend_019__f19,nan,nan,nan,nan,nan,nan,0.7615,0.9944856762886047,0.0,6.019820213317871
sage_subend_withleak,2026,val,sUbend_019__f20,nan,nan,nan,nan,nan,nan,0.7211,0.9936525821685791,0.0,6.45899772644043
sage_subend_withleak,2026,val,sUbend_019__f21,nan,nan,nan,nan,nan,nan,0.6874,0.9925199747085571,0.0,7.012295722961426
sage_subend_withleak,2026,val,sUbend_019__f22,nan,nan,nan,nan,nan,nan,0.6474,0.9916677474975586,0.0,7.401531219482422
sage_subend_withleak,2026,val,sUbend_019__f23,nan,nan,nan,nan,nan,nan,0.6313,0.9907284379005432,0.0,7.8081865310668945
sage_subend_withleak,2026,val,sUbend_019__f24,nan,nan,nan,nan,nan,nan,0.6276,0.9906867742538452,0.0,7.825737953186035
sage_subend_withleak,2026,val,sUbend_023__f00,nan,nan,nan,nan,nan,nan,0.6582,0.991660475730896,0.0,7.4047393798828125
sage_subend_withleak,2026,val,sUbend_023__f01,nan,nan,nan,nan,nan,nan,0.6252,0.9908188581466675,0.0,7.769947528839111
sage_subend_withleak,2026,val,sUbend_023__f02,nan,nan,nan,nan,nan,nan,0.6179,0.990290641784668,0.0,7.990700721740723
sage_subend_withleak,2026,val,sUbend_023__f03,nan,nan,nan,nan,nan,nan,0.6066,0.9898470640182495,0.0,8.171483039855957
sage_subend_withleak,2026,val,sUbend_023__f04,nan,nan,nan,nan,nan,nan,0.7568,0.9947936534881592,0.0,5.849166393280029
sage_subend_withleak,2026,val,sUbend_023__f05,nan,nan,nan,nan,nan,nan,0.943,0.9986721277236938,0.0,2.953035593032837
sage_subend_withleak,2026,val,sUbend_023__f06,nan,nan,nan,nan,nan,nan,0.9645,0.9990257024765015,0.0,2.5294454097747803
sage_subend_withleak,2026,val,sUbend_023__f07,nan,nan,nan,nan,nan,nan,0.9997,0.9993877410888672,0.0,2.00510835647583
sage_subend_withleak,2026,val,sUbend_023__f08,nan,nan,nan,nan,nan,nan,0.9932,0.9995139837265015,0.0,1.7864078283309937
sage_subend_withleak,2026,val,sUbend_023__f09,nan,nan,nan,nan,nan,nan,0.9379,0.9993414878845215,0.0,2.079472541809082
sage_subend_withleak,2026,val,sUbend_023__f10,nan,nan,nan,nan,nan,nan,0.9307,0.9991620779037476,0.0,2.3456854820251465
sage_subend_withleak,2026,val,sUbend_023__f11,nan,nan,nan,nan,nan,nan,0.9337,0.9991782903671265,0.0,2.322920799255371
sage_subend_withleak,2026,val,sUbend_023__f12,nan,nan,nan,nan,nan,nan,0.9313,0.9989671111106873,0.0,2.6043646335601807
sage_subend_withleak,2026,val,sUbend_023__f13,nan,nan,nan,nan,nan,nan,0.9362,0.9987086653709412,0.0,2.9120829105377197
sage_subend_withleak,2026,val,sUbend_023__f14,nan,nan,nan,nan,nan,nan,0.882,0.998263955116272,0.0,3.3765811920166016
sage_subend_withleak,2026,val,sUbend_023__f15,nan,nan,nan,nan,nan,nan,0.8142,0.9960371255874634,0.0,5.102519512176514
sage_subend_withleak,2026,val,sUbend_023__f16,nan,nan,nan,nan,nan,nan,0.7738,0.9944784641265869,0.0,6.023775100708008
sage_subend_withleak,2026,val,sUbend_023__f17,nan,nan,nan,nan,nan,nan,0.7218,0.9933056235313416,0.0,6.63338565826416
sage_subend_withleak,2026,val,sUbend_023__f18,nan,nan,nan,nan,nan,nan,0.7055,0.9930586814880371,0.0,6.754777431488037
sage_subend_withleak,2026,val,sUbend_023__f19,nan,nan,nan,nan,nan,nan,0.7497,0.993535578250885,0.0,6.518335342407227
sage_subend_withleak,2026,val,sUbend_023__f20,nan,nan,nan,nan,nan,nan,0.7681,0.9934514164924622,0.0,6.560675621032715
sage_subend_withleak,2026,val,sUbend_023__f21,nan,nan,nan,nan,nan,nan,0.7495,0.9930611848831177,0.0,6.753543853759766
sage_subend_withleak,2026,val,sUbend_023__f22,nan,nan,nan,nan,nan,nan,0.7619,0.9930694103240967,0.0,6.749534606933594
sage_subend_withleak,2026,val,sUbend_023__f23,nan,nan,nan,nan,nan,nan,0.6592,0.991343080997467,0.0,7.5445451736450195
sage_subend_withleak,2026,val,sUbend_023__f24,nan,nan,nan,nan,nan,nan,0.6571,0.9914841651916504,0.0,7.4827399253845215
sage_subend_withleak,777,test,sUbend_012__f00,nan,nan,nan,nan,nan,nan,0.7615,0.9972610473632812,0.0,4.241593360900879
sage_subend_withleak,777,test,sUbend_012__f01,nan,nan,nan,nan,nan,nan,0.753,0.9971641898155212,0.0,4.315974235534668
sage_subend_withleak,777,test,sUbend_012__f02,nan,nan,nan,nan,nan,nan,0.7392,0.996706485748291,0.0,4.651432037353516
sage_subend_withleak,777,test,sUbend_012__f03,nan,nan,nan,nan,nan,nan,0.7063,0.9948728084564209,0.0,5.804494380950928
sage_subend_withleak,777,test,sUbend_012__f04,nan,nan,nan,nan,nan,nan,0.7335,0.9944936037063599,0.0,6.015503883361816
sage_subend_withleak,777,test,sUbend_012__f05,nan,nan,nan,nan,nan,nan,0.798,0.9969887733459473,0.0,4.447502136230469
sage_subend_withleak,777,test,sUbend_012__f06,nan,nan,nan,nan,nan,nan,0.9466,0.9988073706626892,0.0,2.798552989959717
sage_subend_withleak,777,test,sUbend_012__f07,nan,nan,nan,nan,nan,nan,0.9462,0.9991843700408936,0.0,2.3142683506011963
sage_subend_withleak,777,test,sUbend_012__f08,nan,nan,nan,nan,nan,nan,0.924,0.9987930059432983,0.0,2.8153247833251953
sage_subend_withleak,777,test,sUbend_012__f09,nan,nan,nan,nan,nan,nan,0.9334,0.9987841248512268,0.0,2.825700283050537
sage_subend_withleak,777,test,sUbend_012__f10,nan,nan,nan,nan,nan,nan,0.9506,0.9986777305603027,0.0,2.9467647075653076
sage_subend_withleak,777,test,sUbend_012__f11,nan,nan,nan,nan,nan,nan,0.9465,0.9984998106956482,0.0,3.1388094425201416
sage_subend_withleak,777,test,sUbend_012__f12,nan,nan,nan,nan,nan,nan,0.9246,0.9981462955474854,0.0,3.4891929626464844
sage_subend_withleak,777,test,sUbend_012__f13,nan,nan,nan,nan,nan,nan,0.8953,0.9975910782814026,0.0,3.9777379035949707
sage_subend_withleak,777,test,sUbend_012__f14,nan,nan,nan,nan,nan,nan,0.8982,0.9975195527076721,0.0,4.036383152008057
sage_subend_withleak,777,test,sUbend_012__f15,nan,nan,nan,nan,nan,nan,0.876,0.9964166283607483,0.0,4.851916313171387
sage_subend_withleak,777,test,sUbend_012__f16,nan,nan,nan,nan,nan,nan,0.8486,0.9952804446220398,0.0,5.568767547607422
sage_subend_withleak,777,test,sUbend_012__f17,nan,nan,nan,nan,nan,nan,0.8238,0.9957482814788818,0.0,5.285369873046875
sage_subend_withleak,777,test,sUbend_012__f18,nan,nan,nan,nan,nan,nan,0.819,0.9964756965637207,0.0,4.8117170333862305
sage_subend_withleak,777,test,sUbend_012__f19,nan,nan,nan,nan,nan,nan,0.7949,0.9966751933097839,0.0,4.673488616943359
sage_subend_withleak,777,test,sUbend_012__f20,nan,nan,nan,nan,nan,nan,0.7778,0.9966658353805542,0.0,4.680065155029297
sage_subend_withleak,777,test,sUbend_012__f21,nan,nan,nan,nan,nan,nan,0.7598,0.9968588352203369,0.0,4.542540550231934
sage_subend_withleak,777,test,sUbend_012__f22,nan,nan,nan,nan,nan,nan,0.7384,0.9969326853752136,0.0,4.48877477645874
sage_subend_withleak,777,test,sUbend_012__f23,nan,nan,nan,nan,nan,nan,0.7404,0.9967725276947021,0.0,4.604513168334961
sage_subend_withleak,777,test,sUbend_012__f24,nan,nan,nan,nan,nan,nan,0.75,0.9971280694007874,0.0,4.343387603759766
sage_subend_withleak,777,test,sUbend_021__f00,nan,nan,nan,nan,nan,nan,0.9751,0.998942494392395,0.0,2.6352591514587402
sage_subend_withleak,777,test,sUbend_021__f01,nan,nan,nan,nan,nan,nan,0.9757,0.9990071058273315,0.0,2.553436040878296
sage_subend_withleak,777,test,sUbend_021__f02,nan,nan,nan,nan,nan,nan,0.964,0.9989612698554993,0.0,2.6117196083068848
sage_subend_withleak,777,test,sUbend_021__f03,nan,nan,nan,nan,nan,nan,0.9534,0.99894118309021,0.0,2.6368556022644043
sage_subend_withleak,777,test,sUbend_021__f04,nan,nan,nan,nan,nan,nan,0.8763,0.9978160858154297,0.0,3.7873668670654297
sage_subend_withleak,777,test,sUbend_021__f05,nan,nan,nan,nan,nan,nan,0.7374,0.995531439781189,0.0,5.418570518493652
sage_subend_withleak,777,test,sUbend_021__f06,nan,nan,nan,nan,nan,nan,0.9953,0.9994840621948242,0.0,1.8405280113220215
sage_subend_withleak,777,test,sUbend_021__f07,nan,nan,nan,nan,nan,nan,0.9811,0.9997158050537109,0.0,1.3659453392028809
sage_subend_withleak,777,test,sUbend_021__f08,nan,nan,nan,nan,nan,nan,0.9549,0.9994897246360779,0.0,1.8304523229599
sage_subend_withleak,777,test,sUbend_021__f09,nan,nan,nan,nan,nan,nan,0.9678,0.9992743730545044,0.0,2.182833194732666
sage_subend_withleak,777,test,sUbend_021__f10,nan,nan,nan,nan,nan,nan,0.9898,0.9991878867149353,0.0,2.3092732429504395
sage_subend_withleak,777,test,sUbend_021__f11,nan,nan,nan,nan,nan,nan,0.994,0.9992485046386719,0.0,2.2213621139526367
sage_subend_withleak,777,test,sUbend_021__f12,nan,nan,nan,nan,nan,nan,0.9947,0.9992126226425171,0.0,2.2738277912139893
sage_subend_withleak,777,test,sUbend_021__f13,nan,nan,nan,nan,nan,nan,0.9964,0.9988691806793213,0.0,2.7250540256500244
sage_subend_withleak,777,test,sUbend_021__f14,nan,nan,nan,nan,nan,nan,0.9942,0.9985238909721375,0.0,3.1135101318359375
sage_subend_withleak,777,test,sUbend_021__f15,nan,nan,nan,nan,nan,nan,0.9605,0.998318076133728,0.0,3.3235459327697754
sage_subend_withleak,777,test,sUbend_021__f16,nan,nan,nan,nan,nan,nan,0.9419,0.9980781078338623,0.0,3.552807569503784
sage_subend_withleak,777,test,sUbend_021__f17,nan,nan,nan,nan,nan,nan,0.9428,0.9979000091552734,0.0,3.713806629180908
sage_subend_withleak,777,test,sUbend_021__f18,nan,nan,nan,nan,nan,nan,0.9466,0.9982481002807617,0.0,3.391998529434204
sage_subend_withleak,777,test,sUbend_021__f19,nan,nan,nan,nan,nan,nan,0.9491,0.9984400868415833,0.0,3.200695037841797
sage_subend_withleak,777,test,sUbend_021__f20,nan,nan,nan,nan,nan,nan,0.9554,0.9986467957496643,0.0,2.9810431003570557
sage_subend_withleak,777,test,sUbend_021__f21,nan,nan,nan,nan,nan,nan,0.9705,0.9987048506736755,0.0,2.916382074356079
sage_subend_withleak,777,test,sUbend_021__f22,nan,nan,nan,nan,nan,nan,0.9756,0.9987828135490417,0.0,2.827223777770996
sage_subend_withleak,777,test,sUbend_021__f23,nan,nan,nan,nan,nan,nan,0.9777,0.9988493919372559,0.0,2.748763084411621
sage_subend_withleak,777,test,sUbend_021__f24,nan,nan,nan,nan,nan,nan,0.9762,0.9989146590232849,0.0,2.669684886932373
sage_subend_withleak,777,test,sUbend_022__f00,nan,nan,nan,nan,nan,nan,0.7453,0.993506669998169,0.0,6.532909393310547
sage_subend_withleak,777,test,sUbend_022__f01,nan,nan,nan,nan,nan,nan,0.7155,0.9931862354278564,0.0,6.692356109619141
sage_subend_withleak,777,test,sUbend_022__f02,nan,nan,nan,nan,nan,nan,0.7096,0.9930353164672852,0.0,6.766149997711182
sage_subend_withleak,777,test,sUbend_022__f03,nan,nan,nan,nan,nan,nan,0.7179,0.9929558038711548,0.0,6.804708480834961
sage_subend_withleak,777,test,sUbend_022__f04,nan,nan,nan,nan,nan,nan,0.9271,0.9982652068138123,0.0,3.375392436981201
sage_subend_withleak,777,test,sUbend_022__f05,nan,nan,nan,nan,nan,nan,0.9976,0.9993317127227783,0.0,2.094804048538208
sage_subend_withleak,777,test,sUbend_022__f06,nan,nan,nan,nan,nan,nan,0.998,0.9995142817497253,0.0,1.7858599424362183
sage_subend_withleak,777,test,sUbend_022__f07,nan,nan,nan,nan,nan,nan,0.9964,0.9995224475860596,0.0,1.7707831859588623
sage_subend_withleak,777,test,sUbend_022__f08,nan,nan,nan,nan,nan,nan,0.9868,0.9995005130767822,0.0,1.8109970092773438
sage_subend_withleak,777,test,sUbend_022__f09,nan,nan,nan,nan,nan,nan,0.9776,0.9994615316390991,0.0,1.8803434371948242
sage_subend_withleak,777,test,sUbend_022__f10,nan,nan,nan,nan,nan,nan,0.9678,0.999340832233429,0.0,2.0804603099823
sage_subend_withleak,777,test,sUbend_022__f11,nan,nan,nan,nan,nan,nan,0.9662,0.9990873336791992,0.0,2.4480857849121094
sage_subend_withleak,777,test,sUbend_022__f12,nan,nan,nan,nan,nan,nan,0.9536,0.9985289573669434,0.0,3.108160972595215
sage_subend_withleak,777,test,sUbend_022__f13,nan,nan,nan,nan,nan,nan,0.8995,0.9983826875686646,0.0,3.259065866470337
sage_subend_withleak,777,test,sUbend_022__f14,nan,nan,nan,nan,nan,nan,0.8729,0.9979254007339478,0.0,3.6913037300109863
sage_subend_withleak,777,test,sUbend_022__f15,nan,nan,nan,nan,nan,nan,0.8081,0.9962683916091919,0.0,4.951336860656738
sage_subend_withleak,777,test,sUbend_022__f16,nan,nan,nan,nan,nan,nan,0.7752,0.9952713847160339,0.0,5.574113845825195
sage_subend_withleak,777,test,sUbend_022__f17,nan,nan,nan,nan,nan,nan,0.7628,0.9943349361419678,0.0,6.101621150970459
sage_subend_withleak,777,test,sUbend_022__f18,nan,nan,nan,nan,nan,nan,0.7706,0.9939875602722168,0.0,6.28610897064209
sage_subend_withleak,777,test,sUbend_022__f19,nan,nan,nan,nan,nan,nan,0.8114,0.9947168231010437,0.0,5.892187595367432
sage_subend_withleak,777,test,sUbend_022__f20,nan,nan,nan,nan,nan,nan,0.8467,0.9953944683074951,0.0,5.50105094909668
sage_subend_withleak,777,test,sUbend_022__f21,nan,nan,nan,nan,nan,nan,0.8298,0.9953150749206543,0.0,5.54826545715332
sage_subend_withleak,777,test,sUbend_022__f22,nan,nan,nan,nan,nan,nan,0.8138,0.9949219822883606,0.0,5.776551723480225
sage_subend_withleak,777,test,sUbend_022__f23,nan,nan,nan,nan,nan,nan,0.7822,0.9938643574714661,0.0,6.350236892700195
sage_subend_withleak,777,test,sUbend_022__f24,nan,nan,nan,nan,nan,nan,0.7525,0.9935331344604492,0.0,6.51956844329834
sage_subend_withleak,777,val,sUbend_016__f00,nan,nan,nan,nan,nan,nan,0.9463,0.9980764389038086,0.0,3.5543227195739746
sage_subend_withleak,777,val,sUbend_016__f01,nan,nan,nan,nan,nan,nan,0.9769,0.9987969994544983,0.0,2.810697555541992
sage_subend_withleak,777,val,sUbend_016__f02,nan,nan,nan,nan,nan,nan,0.9813,0.9989924430847168,0.0,2.5721864700317383
sage_subend_withleak,777,val,sUbend_016__f03,nan,nan,nan,nan,nan,nan,0.9844,0.9991495013237,0.0,2.3632259368896484
sage_subend_withleak,777,val,sUbend_016__f04,nan,nan,nan,nan,nan,nan,0.9575,0.9985414743423462,0.0,3.094874382019043
sage_subend_withleak,777,val,sUbend_016__f05,nan,nan,nan,nan,nan,nan,0.7128,0.9934962391853333,0.0,6.5381598472595215
sage_subend_withleak,777,val,sUbend_016__f06,nan,nan,nan,nan,nan,nan,0.9909,0.9993478059768677,0.0,2.0693774223327637
sage_subend_withleak,777,val,sUbend_016__f07,nan,nan,nan,nan,nan,nan,0.9957,0.999579668045044,0.0,1.661362648010254
sage_subend_withleak,777,val,sUbend_016__f08,nan,nan,nan,nan,nan,nan,0.9878,0.9995319843292236,0.0,1.7530114650726318
sage_subend_withleak,777,val,sUbend_016__f09,nan,nan,nan,nan,nan,nan,0.9559,0.9993497133255005,0.0,2.0663485527038574
sage_subend_withleak,777,val,sUbend_016__f10,nan,nan,nan,nan,nan,nan,0.9543,0.9992446899414062,0.0,2.2270374298095703
sage_subend_withleak,777,val,sUbend_016__f11,nan,nan,nan,nan,nan,nan,0.9469,0.9990935325622559,0.0,2.4397566318511963
sage_subend_withleak,777,val,sUbend_016__f12,nan,nan,nan,nan,nan,nan,0.9143,0.9986633658409119,0.0,2.96273136138916
sage_subend_withleak,777,val,sUbend_016__f13,nan,nan,nan,nan,nan,nan,0.8182,0.9970175623893738,0.0,4.426202297210693
sage_subend_withleak,777,val,sUbend_016__f14,nan,nan,nan,nan,nan,nan,0.732,0.9946449995040894,0.0,5.932122707366943
sage_subend_withleak,777,val,sUbend_016__f15,nan,nan,nan,nan,nan,nan,0.7509,0.9953086972236633,0.0,5.552061557769775
sage_subend_withleak,777,val,sUbend_016__f16,nan,nan,nan,nan,nan,nan,0.8169,0.9964567422866821,0.0,4.824645042419434
sage_subend_withleak,777,val,sUbend_016__f17,nan,nan,nan,nan,nan,nan,0.8013,0.9961704611778259,0.0,5.015907287597656
sage_subend_withleak,777,val,sUbend_016__f18,nan,nan,nan,nan,nan,nan,0.7529,0.9951825737953186,0.0,5.62625789642334
sage_subend_withleak,777,val,sUbend_016__f19,nan,nan,nan,nan,nan,nan,0.7258,0.9942957162857056,0.0,6.122710227966309
sage_subend_withleak,777,val,sUbend_016__f20,nan,nan,nan,nan,nan,nan,0.7408,0.9946123361587524,0.0,5.9502363204956055
sage_subend_withleak,777,val,sUbend_016__f21,nan,nan,nan,nan,nan,nan,0.7849,0.9955210089683533,0.0,5.424877166748047
sage_subend_withleak,777,val,sUbend_016__f22,nan,nan,nan,nan,nan,nan,0.8153,0.995964765548706,0.0,5.148924827575684
sage_subend_withleak,777,val,sUbend_016__f23,nan,nan,nan,nan,nan,nan,0.8837,0.9969679117202759,0.0,4.4629340171813965
sage_subend_withleak,777,val,sUbend_016__f24,nan,nan,nan,nan,nan,nan,0.9169,0.9975111484527588,0.0,4.043218612670898
sage_subend_withleak,777,val,sUbend_019__f00,nan,nan,nan,nan,nan,nan,0.6067,0.9896601438522339,0.0,8.246490478515625
sage_subend_withleak,777,val,sUbend_019__f01,nan,nan,nan,nan,nan,nan,0.6371,0.9911268949508667,0.0,7.638306617736816
sage_subend_withleak,777,val,sUbend_019__f02,nan,nan,nan,nan,nan,nan,0.7341,0.9950023889541626,0.0,5.730613708496094
sage_subend_withleak,777,val,sUbend_019__f03,nan,nan,nan,nan,nan,nan,0.8492,0.9976491928100586,0.0,3.9294447898864746
sage_subend_withleak,777,val,sUbend_019__f04,nan,nan,nan,nan,nan,nan,0.9449,0.9984532594680786,0.0,3.1871795654296875
sage_subend_withleak,777,val,sUbend_019__f05,nan,nan,nan,nan,nan,nan,1.0,0.9986750483512878,0.0,2.9497525691986084
sage_subend_withleak,777,val,sUbend_019__f06,nan,nan,nan,nan,nan,nan,0.9985,0.9990078210830688,0.0,2.5525546073913574
sage_subend_withleak,777,val,sUbend_019__f07,nan,nan,nan,nan,nan,nan,0.9945,0.9992859363555908,0.0,2.165414333343506
sage_subend_withleak,777,val,sUbend_019__f08,nan,nan,nan,nan,nan,nan,0.9858,0.9993833899497986,0.0,2.0121726989746094
sage_subend_withleak,777,val,sUbend_019__f09,nan,nan,nan,nan,nan,nan,0.9759,0.9993926286697388,0.0,1.99708890914917
sage_subend_withleak,777,val,sUbend_019__f10,nan,nan,nan,nan,nan,nan,0.9685,0.9991440176963806,0.0,2.370832920074463
sage_subend_withleak,777,val,sUbend_019__f11,nan,nan,nan,nan,nan,nan,0.967,0.9990494251251221,0.0,2.4984183311462402
sage_subend_withleak,777,val,sUbend_019__f12,nan,nan,nan,nan,nan,nan,0.9645,0.9990402460098267,0.0,2.510493278503418
sage_subend_withleak,777,val,sUbend_019__f13,nan,nan,nan,nan,nan,nan,0.9481,0.9988698959350586,0.0,2.724155902862549
sage_subend_withleak,777,val,sUbend_019__f14,nan,nan,nan,nan,nan,nan,0.8943,0.9980055093765259,0.0,3.6192831993103027
sage_subend_withleak,777,val,sUbend_019__f15,nan,nan,nan,nan,nan,nan,0.8014,0.9957267045974731,0.0,5.298754692077637
sage_subend_withleak,777,val,sUbend_019__f16,nan,nan,nan,nan,nan,nan,0.7624,0.9943112134933472,0.0,6.114411354064941
sage_subend_withleak,777,val,sUbend_019__f17,nan,nan,nan,nan,nan,nan,0.7402,0.9941848516464233,0.0,6.181979656219482
sage_subend_withleak,777,val,sUbend_019__f18,nan,nan,nan,nan,nan,nan,0.724,0.9941933751106262,0.0,6.177458763122559
sage_subend_withleak,777,val,sUbend_019__f19,nan,nan,nan,nan,nan,nan,0.7263,0.9940353631973267,0.0,6.261044502258301
sage_subend_withleak,777,val,sUbend_019__f20,nan,nan,nan,nan,nan,nan,0.7,0.9932410717010498,0.0,6.66531229019165
sage_subend_withleak,777,val,sUbend_019__f21,nan,nan,nan,nan,nan,nan,0.6742,0.9924600720405579,0.0,7.040353298187256
sage_subend_withleak,777,val,sUbend_019__f22,nan,nan,nan,nan,nan,nan,0.6507,0.9912095069885254,0.0,7.60260009765625
sage_subend_withleak,777,val,sUbend_019__f23,nan,nan,nan,nan,nan,nan,0.6238,0.9901260137557983,0.0,8.058282852172852
sage_subend_withleak,777,val,sUbend_019__f24,nan,nan,nan,nan,nan,nan,0.6067,0.9895886182785034,0.0,8.275012969970703
sage_subend_withleak,777,val,sUbend_023__f00,nan,nan,nan,nan,nan,nan,0.6541,0.9908714890480042,0.0,7.747623443603516
sage_subend_withleak,777,val,sUbend_023__f01,nan,nan,nan,nan,nan,nan,0.6417,0.9903919696807861,0.0,7.94882869720459
sage_subend_withleak,777,val,sUbend_023__f02,nan,nan,nan,nan,nan,nan,0.6667,0.9910812973976135,0.0,7.6579365730285645
sage_subend_withleak,777,val,sUbend_023__f03,nan,nan,nan,nan,nan,nan,0.6836,0.9914270639419556,0.0,7.507821083068848
sage_subend_withleak,777,val,sUbend_023__f04,nan,nan,nan,nan,nan,nan,0.7445,0.9951142072677612,0.0,5.666054725646973
sage_subend_withleak,777,val,sUbend_023__f05,nan,nan,nan,nan,nan,nan,0.9852,0.9983948469161987,0.0,3.2468180656433105
sage_subend_withleak,777,val,sUbend_023__f06,nan,nan,nan,nan,nan,nan,0.9903,0.9987937808036804,0.0,2.81445574760437
sage_subend_withleak,777,val,sUbend_023__f07,nan,nan,nan,nan,nan,nan,0.9946,0.9993988275527954,0.0,1.9867722988128662
sage_subend_withleak,777,val,sUbend_023__f08,nan,nan,nan,nan,nan,nan,0.9862,0.9994719624519348,0.0,1.8620405197143555
sage_subend_withleak,777,val,sUbend_023__f09,nan,nan,nan,nan,nan,nan,0.9372,0.9991863369941711,0.0,2.3114757537841797
sage_subend_withleak,777,val,sUbend_023__f10,nan,nan,nan,nan,nan,nan,0.9381,0.9990489482879639,0.0,2.4990451335906982
sage_subend_withleak,777,val,sUbend_023__f11,nan,nan,nan,nan,nan,nan,0.9524,0.9990677833557129,0.0,2.4742112159729004
sage_subend_withleak,777,val,sUbend_023__f12,nan,nan,nan,nan,nan,nan,0.9673,0.9988986253738403,0.0,2.6893720626831055
sage_subend_withleak,777,val,sUbend_023__f13,nan,nan,nan,nan,nan,nan,0.9596,0.9986399412155151,0.0,2.9885854721069336
sage_subend_withleak,777,val,sUbend_023__f14,nan,nan,nan,nan,nan,nan,0.9251,0.9980170130729675,0.0,3.608853816986084
sage_subend_withleak,777,val,sUbend_023__f15,nan,nan,nan,nan,nan,nan,0.8834,0.9967812299728394,0.0,4.59834098815918
sage_subend_withleak,777,val,sUbend_023__f16,nan,nan,nan,nan,nan,nan,0.8418,0.9957363605499268,0.0,5.292742729187012
sage_subend_withleak,777,val,sUbend_023__f17,nan,nan,nan,nan,nan,nan,0.7885,0.9948374032974243,0.0,5.824484825134277
sage_subend_withleak,777,val,sUbend_023__f18,nan,nan,nan,nan,nan,nan,0.7329,0.9938212037086487,0.0,6.372552394866943
sage_subend_withleak,777,val,sUbend_023__f19,nan,nan,nan,nan,nan,nan,0.716,0.9929462671279907,0.0,6.809289455413818
sage_subend_withleak,777,val,sUbend_023__f20,nan,nan,nan,nan,nan,nan,0.708,0.9926587343215942,0.0,6.946882247924805
sage_subend_withleak,777,val,sUbend_023__f21,nan,nan,nan,nan,nan,nan,0.7029,0.9923041462898254,0.0,7.112870216369629
sage_subend_withleak,777,val,sUbend_023__f22,nan,nan,nan,nan,nan,nan,0.6956,0.9920304417610168,0.0,7.2384161949157715
sage_subend_withleak,777,val,sUbend_023__f23,nan,nan,nan,nan,nan,nan,0.6329,0.9900710582733154,0.0,8.080714225769043
sage_subend_withleak,777,val,sUbend_023__f24,nan,nan,nan,nan,nan,nan,0.6589,0.9910475015640259,0.0,7.672440528869629
sage_subend_leak_dir_only,1337,test,sUbend_012__f00,nan,nan,nan,nan,nan,nan,0.8945,0.9981395602226257,0.0,3.495527744293213
sage_subend_leak_dir_only,1337,test,sUbend_012__f01,nan,nan,nan,nan,nan,nan,0.8949,0.9979722499847412,0.0,3.6493992805480957
sage_subend_leak_dir_only,1337,test,sUbend_012__f02,nan,nan,nan,nan,nan,nan,0.865,0.9974988698959351,0.0,4.053208351135254
sage_subend_leak_dir_only,1337,test,sUbend_012__f03,nan,nan,nan,nan,nan,nan,0.7721,0.9959790110588074,0.0,5.139841079711914
sage_subend_leak_dir_only,1337,test,sUbend_012__f04,nan,nan,nan,nan,nan,nan,0.6725,0.9926429986953735,0.0,6.954334259033203
sage_subend_leak_dir_only,1337,test,sUbend_012__f05,nan,nan,nan,nan,nan,nan,0.8364,0.9976159334182739,0.0,3.9571802616119385
sage_subend_leak_dir_only,1337,test,sUbend_012__f06,nan,nan,nan,nan,nan,nan,0.9843,0.9993116855621338,0.0,2.1259641647338867
sage_subend_leak_dir_only,1337,test,sUbend_012__f07,nan,nan,nan,nan,nan,nan,0.9539,0.9991702437400818,0.0,2.334226131439209
sage_subend_leak_dir_only,1337,test,sUbend_012__f08,nan,nan,nan,nan,nan,nan,0.9484,0.9989354610443115,0.0,2.643935203552246
sage_subend_leak_dir_only,1337,test,sUbend_012__f09,nan,nan,nan,nan,nan,nan,0.9482,0.9988726377487183,0.0,2.7208847999572754
sage_subend_leak_dir_only,1337,test,sUbend_012__f10,nan,nan,nan,nan,nan,nan,0.9534,0.9987729787826538,0.0,2.838590621948242
sage_subend_leak_dir_only,1337,test,sUbend_012__f11,nan,nan,nan,nan,nan,nan,0.9601,0.9987351894378662,0.0,2.8819804191589355
sage_subend_leak_dir_only,1337,test,sUbend_012__f12,nan,nan,nan,nan,nan,nan,0.9441,0.9984652400016785,0.0,3.1747782230377197
sage_subend_leak_dir_only,1337,test,sUbend_012__f13,nan,nan,nan,nan,nan,nan,0.9397,0.9984201788902283,0.0,3.221059560775757
sage_subend_leak_dir_only,1337,test,sUbend_012__f14,nan,nan,nan,nan,nan,nan,0.9358,0.9978252053260803,0.0,3.7794227600097656
sage_subend_leak_dir_only,1337,test,sUbend_012__f15,nan,nan,nan,nan,nan,nan,0.8912,0.996670126914978,0.0,4.677050590515137
sage_subend_leak_dir_only,1337,test,sUbend_012__f16,nan,nan,nan,nan,nan,nan,0.8786,0.9961570501327515,0.0,5.024707794189453
sage_subend_leak_dir_only,1337,test,sUbend_012__f17,nan,nan,nan,nan,nan,nan,0.8865,0.9968616962432861,0.0,4.540426731109619
sage_subend_leak_dir_only,1337,test,sUbend_012__f18,nan,nan,nan,nan,nan,nan,0.8881,0.9973933696746826,0.0,4.137845039367676
sage_subend_leak_dir_only,1337,test,sUbend_012__f19,nan,nan,nan,nan,nan,nan,0.8961,0.9978818893432617,0.0,3.7298526763916016
sage_subend_leak_dir_only,1337,test,sUbend_012__f20,nan,nan,nan,nan,nan,nan,0.8895,0.9978847503662109,0.0,3.7273316383361816
sage_subend_leak_dir_only,1337,test,sUbend_012__f21,nan,nan,nan,nan,nan,nan,0.8846,0.9979408979415894,0.0,3.677485942840576
sage_subend_leak_dir_only,1337,test,sUbend_012__f22,nan,nan,nan,nan,nan,nan,0.8843,0.9979053735733032,0.0,3.7090842723846436
sage_subend_leak_dir_only,1337,test,sUbend_012__f23,nan,nan,nan,nan,nan,nan,0.8906,0.9979987144470215,0.0,3.6254723072052
sage_subend_leak_dir_only,1337,test,sUbend_012__f24,nan,nan,nan,nan,nan,nan,0.8975,0.9980818629264832,0.0,3.5493338108062744
sage_subend_leak_dir_only,1337,test,sUbend_021__f00,nan,nan,nan,nan,nan,nan,0.9944,0.9991213083267212,0.0,2.4021220207214355
sage_subend_leak_dir_only,1337,test,sUbend_021__f01,nan,nan,nan,nan,nan,nan,0.9976,0.9991146922111511,0.0,2.4111087322235107
sage_subend_leak_dir_only,1337,test,sUbend_021__f02,nan,nan,nan,nan,nan,nan,0.9947,0.9990695714950562,0.0,2.471757411956787
sage_subend_leak_dir_only,1337,test,sUbend_021__f03,nan,nan,nan,nan,nan,nan,0.9924,0.9990465641021729,0.0,2.50217604637146
sage_subend_leak_dir_only,1337,test,sUbend_021__f04,nan,nan,nan,nan,nan,nan,0.9307,0.9980686902999878,0.0,3.561476707458496
sage_subend_leak_dir_only,1337,test,sUbend_021__f05,nan,nan,nan,nan,nan,nan,0.8639,0.9970974922180176,0.0012,4.366481781005859
sage_subend_leak_dir_only,1337,test,sUbend_021__f06,nan,nan,nan,nan,nan,nan,0.9979,0.9996429681777954,0.0,1.5311015844345093
sage_subend_leak_dir_only,1337,test,sUbend_021__f07,nan,nan,nan,nan,nan,nan,0.9842,0.999640941619873,0.0,1.5353772640228271
sage_subend_leak_dir_only,1337,test,sUbend_021__f08,nan,nan,nan,nan,nan,nan,0.972,0.9994385838508606,0.0,1.9199961423873901
sage_subend_leak_dir_only,1337,test,sUbend_021__f09,nan,nan,nan,nan,nan,nan,0.9772,0.9993930459022522,0.0,1.9963537454605103
sage_subend_leak_dir_only,1337,test,sUbend_021__f10,nan,nan,nan,nan,nan,nan,0.9875,0.9994152784347534,0.0,1.9594959020614624
sage_subend_leak_dir_only,1337,test,sUbend_021__f11,nan,nan,nan,nan,nan,nan,0.9846,0.9992930293083191,0.0,2.1545863151550293
sage_subend_leak_dir_only,1337,test,sUbend_021__f12,nan,nan,nan,nan,nan,nan,0.9812,0.9992247819900513,0.0,2.256199836730957
sage_subend_leak_dir_only,1337,test,sUbend_021__f13,nan,nan,nan,nan,nan,nan,0.9791,0.9991371035575867,0.0,2.380390167236328
sage_subend_leak_dir_only,1337,test,sUbend_021__f14,nan,nan,nan,nan,nan,nan,0.9748,0.9989975690841675,0.0,2.565671920776367
sage_subend_leak_dir_only,1337,test,sUbend_021__f15,nan,nan,nan,nan,nan,nan,0.9387,0.9986884593963623,0.0,2.9347827434539795
sage_subend_leak_dir_only,1337,test,sUbend_021__f16,nan,nan,nan,nan,nan,nan,0.8967,0.9982821345329285,0.0,3.3588790893554688
sage_subend_leak_dir_only,1337,test,sUbend_021__f17,nan,nan,nan,nan,nan,nan,0.9216,0.9981797933578491,0.0,3.457484722137451
sage_subend_leak_dir_only,1337,test,sUbend_021__f18,nan,nan,nan,nan,nan,nan,0.9618,0.9985908269882202,0.0,3.0421133041381836
sage_subend_leak_dir_only,1337,test,sUbend_021__f19,nan,nan,nan,nan,nan,nan,0.9731,0.9987266063690186,0.0,2.891744613647461
sage_subend_leak_dir_only,1337,test,sUbend_021__f20,nan,nan,nan,nan,nan,nan,0.9771,0.9988803863525391,0.0,2.711480140686035
sage_subend_leak_dir_only,1337,test,sUbend_021__f21,nan,nan,nan,nan,nan,nan,0.9857,0.998992919921875,0.0,2.571615695953369
sage_subend_leak_dir_only,1337,test,sUbend_021__f22,nan,nan,nan,nan,nan,nan,0.9878,0.9990959763526917,0.0,2.436465263366699
sage_subend_leak_dir_only,1337,test,sUbend_021__f23,nan,nan,nan,nan,nan,nan,0.989,0.9990822672843933,0.0,2.4548726081848145
sage_subend_leak_dir_only,1337,test,sUbend_021__f24,nan,nan,nan,nan,nan,nan,0.9918,0.9991040229797363,0.0,2.4256362915039062
sage_subend_leak_dir_only,1337,test,sUbend_022__f00,nan,nan,nan,nan,nan,nan,0.7144,0.992389440536499,0.0,7.073307991027832
sage_subend_leak_dir_only,1337,test,sUbend_022__f01,nan,nan,nan,nan,nan,nan,0.6705,0.9916205406188965,0.0014,7.422497749328613
sage_subend_leak_dir_only,1337,test,sUbend_022__f02,nan,nan,nan,nan,nan,nan,0.6913,0.9918799996376038,0.0004,7.3065080642700195
sage_subend_leak_dir_only,1337,test,sUbend_022__f03,nan,nan,nan,nan,nan,nan,0.7032,0.9922914505004883,0.0,7.1187567710876465
sage_subend_leak_dir_only,1337,test,sUbend_022__f04,nan,nan,nan,nan,nan,nan,0.9141,0.9979085922241211,0.0,3.70625901222229
sage_subend_leak_dir_only,1337,test,sUbend_022__f05,nan,nan,nan,nan,nan,nan,0.9997,0.9995030164718628,0.0,1.806506872177124
sage_subend_leak_dir_only,1337,test,sUbend_022__f06,nan,nan,nan,nan,nan,nan,0.9983,0.9996432065963745,0.0,1.5306541919708252
sage_subend_leak_dir_only,1337,test,sUbend_022__f07,nan,nan,nan,nan,nan,nan,0.9986,0.9996765851974487,0.0,1.4572337865829468
sage_subend_leak_dir_only,1337,test,sUbend_022__f08,nan,nan,nan,nan,nan,nan,0.9881,0.999592125415802,0.0,1.6364988088607788
sage_subend_leak_dir_only,1337,test,sUbend_022__f09,nan,nan,nan,nan,nan,nan,0.972,0.9994857311248779,0.0,1.837601661682129
sage_subend_leak_dir_only,1337,test,sUbend_022__f10,nan,nan,nan,nan,nan,nan,0.9621,0.999509334564209,0.0,1.7949323654174805
sage_subend_leak_dir_only,1337,test,sUbend_022__f11,nan,nan,nan,nan,nan,nan,0.9717,0.9992344975471497,0.0,2.2420153617858887
sage_subend_leak_dir_only,1337,test,sUbend_022__f12,nan,nan,nan,nan,nan,nan,0.9535,0.9989416599273682,0.0,2.6362619400024414
sage_subend_leak_dir_only,1337,test,sUbend_022__f13,nan,nan,nan,nan,nan,nan,0.94,0.998631477355957,0.0,2.9978723526000977
sage_subend_leak_dir_only,1337,test,sUbend_022__f14,nan,nan,nan,nan,nan,nan,0.8808,0.9977332353591919,0.0,3.858513355255127
sage_subend_leak_dir_only,1337,test,sUbend_022__f15,nan,nan,nan,nan,nan,nan,0.7905,0.9956421256065369,0.0,5.350973606109619
sage_subend_leak_dir_only,1337,test,sUbend_022__f16,nan,nan,nan,nan,nan,nan,0.7619,0.9940556287765503,0.0,6.250372886657715
sage_subend_leak_dir_only,1337,test,sUbend_022__f17,nan,nan,nan,nan,nan,nan,0.7439,0.9939316511154175,0.0,6.3152971267700195
sage_subend_leak_dir_only,1337,test,sUbend_022__f18,nan,nan,nan,nan,nan,nan,0.7766,0.9942876100540161,0.0,6.127063274383545
sage_subend_leak_dir_only,1337,test,sUbend_022__f19,nan,nan,nan,nan,nan,nan,0.8246,0.9953939318656921,0.0,5.501354217529297
sage_subend_leak_dir_only,1337,test,sUbend_022__f20,nan,nan,nan,nan,nan,nan,0.8512,0.9959410429000854,0.0,5.164085865020752
sage_subend_leak_dir_only,1337,test,sUbend_022__f21,nan,nan,nan,nan,nan,nan,0.8443,0.9959127902984619,0.0,5.182039260864258
sage_subend_leak_dir_only,1337,test,sUbend_022__f22,nan,nan,nan,nan,nan,nan,0.8397,0.9954944849014282,0.0,5.440946578979492
sage_subend_leak_dir_only,1337,test,sUbend_022__f23,nan,nan,nan,nan,nan,nan,0.8017,0.9942092299461365,0.0,6.169011116027832
sage_subend_leak_dir_only,1337,test,sUbend_022__f24,nan,nan,nan,nan,nan,nan,0.7593,0.9934099316596985,0.0,6.581446647644043
sage_subend_leak_dir_only,1337,val,sUbend_016__f00,nan,nan,nan,nan,nan,nan,0.9033,0.9974460601806641,0.0,4.095792770385742
sage_subend_leak_dir_only,1337,val,sUbend_016__f01,nan,nan,nan,nan,nan,nan,0.9496,0.9982358813285828,0.0,3.403810501098633
sage_subend_leak_dir_only,1337,val,sUbend_016__f02,nan,nan,nan,nan,nan,nan,0.9665,0.9985020160675049,0.0,3.136500835418701
sage_subend_leak_dir_only,1337,val,sUbend_016__f03,nan,nan,nan,nan,nan,nan,0.9843,0.9986773729324341,0.0,2.9471633434295654
sage_subend_leak_dir_only,1337,val,sUbend_016__f04,nan,nan,nan,nan,nan,nan,0.9504,0.9977697730064392,0.0,3.827303409576416
sage_subend_leak_dir_only,1337,val,sUbend_016__f05,nan,nan,nan,nan,nan,nan,0.6179,0.9906991720199585,0.0564,7.82051944732666
sage_subend_leak_dir_only,1337,val,sUbend_016__f06,nan,nan,nan,nan,nan,nan,0.9989,0.9991756677627563,0.0,2.32658314704895
sage_subend_leak_dir_only,1337,val,sUbend_016__f07,nan,nan,nan,nan,nan,nan,0.9971,0.9994644522666931,0.0,1.8752366304397583
sage_subend_leak_dir_only,1337,val,sUbend_016__f08,nan,nan,nan,nan,nan,nan,0.9898,0.9993846416473389,0.0,2.0101776123046875
sage_subend_leak_dir_only,1337,val,sUbend_016__f09,nan,nan,nan,nan,nan,nan,0.9422,0.9989404678344727,0.0,2.6377463340759277
sage_subend_leak_dir_only,1337,val,sUbend_016__f10,nan,nan,nan,nan,nan,nan,0.9366,0.9988351464271545,0.0,2.765766143798828
sage_subend_leak_dir_only,1337,val,sUbend_016__f11,nan,nan,nan,nan,nan,nan,0.937,0.9986449480056763,0.0,2.9830780029296875
sage_subend_leak_dir_only,1337,val,sUbend_016__f12,nan,nan,nan,nan,nan,nan,0.9144,0.9983011484146118,0.0,3.3402628898620605
sage_subend_leak_dir_only,1337,val,sUbend_016__f13,nan,nan,nan,nan,nan,nan,0.8368,0.9966756105422974,0.0,4.673216819763184
sage_subend_leak_dir_only,1337,val,sUbend_016__f14,nan,nan,nan,nan,nan,nan,0.731,0.9938598871231079,0.0,6.352567195892334
sage_subend_leak_dir_only,1337,val,sUbend_016__f15,nan,nan,nan,nan,nan,nan,0.7474,0.9940775632858276,0.0,6.238819122314453
sage_subend_leak_dir_only,1337,val,sUbend_016__f16,nan,nan,nan,nan,nan,nan,0.8108,0.9958369731903076,0.0,5.229876518249512
sage_subend_leak_dir_only,1337,val,sUbend_016__f17,nan,nan,nan,nan,nan,nan,0.797,0.9952301383018494,0.0,5.598391532897949
sage_subend_leak_dir_only,1337,val,sUbend_016__f18,nan,nan,nan,nan,nan,nan,0.7486,0.9935910105705261,0.0,6.490297794342041
sage_subend_leak_dir_only,1337,val,sUbend_016__f19,nan,nan,nan,nan,nan,nan,0.6868,0.9919486045837402,0.0,7.275550842285156
sage_subend_leak_dir_only,1337,val,sUbend_016__f20,nan,nan,nan,nan,nan,nan,0.6855,0.9923062324523926,0.0002,7.111919403076172
sage_subend_leak_dir_only,1337,val,sUbend_016__f21,nan,nan,nan,nan,nan,nan,0.7181,0.9934529066085815,0.0,6.559913635253906
sage_subend_leak_dir_only,1337,val,sUbend_016__f22,nan,nan,nan,nan,nan,nan,0.7422,0.9941898584365845,0.0,6.179315090179443
sage_subend_leak_dir_only,1337,val,sUbend_016__f23,nan,nan,nan,nan,nan,nan,0.8219,0.9959933161735535,0.0,5.130683898925781
sage_subend_leak_dir_only,1337,val,sUbend_016__f24,nan,nan,nan,nan,nan,nan,0.8546,0.9966709017753601,0.0,4.6765055656433105
sage_subend_leak_dir_only,1337,val,sUbend_019__f00,nan,nan,nan,nan,nan,nan,0.6653,0.9918261766433716,0.0,7.330717086791992
sage_subend_leak_dir_only,1337,val,sUbend_019__f01,nan,nan,nan,nan,nan,nan,0.7041,0.993423342704773,0.0,6.574724197387695
sage_subend_leak_dir_only,1337,val,sUbend_019__f02,nan,nan,nan,nan,nan,nan,0.7903,0.9958778023719788,0.0,5.20416784286499
sage_subend_leak_dir_only,1337,val,sUbend_019__f03,nan,nan,nan,nan,nan,nan,0.9056,0.9976984262466431,0.0,3.888089179992676
sage_subend_leak_dir_only,1337,val,sUbend_019__f04,nan,nan,nan,nan,nan,nan,0.9709,0.9983856081962585,0.0,3.2561209201812744
sage_subend_leak_dir_only,1337,val,sUbend_019__f05,nan,nan,nan,nan,nan,nan,0.9999,0.9988933801651001,0.0,2.695732831954956
sage_subend_leak_dir_only,1337,val,sUbend_019__f06,nan,nan,nan,nan,nan,nan,0.9984,0.9989850521087646,0.0,2.5816431045532227
sage_subend_leak_dir_only,1337,val,sUbend_019__f07,nan,nan,nan,nan,nan,nan,0.9947,0.9992589950561523,0.0,2.2058005332946777
sage_subend_leak_dir_only,1337,val,sUbend_019__f08,nan,nan,nan,nan,nan,nan,0.9845,0.9994075894355774,0.0001,1.9722884893417358
sage_subend_leak_dir_only,1337,val,sUbend_019__f09,nan,nan,nan,nan,nan,nan,0.9694,0.9992668628692627,0.0,2.194146156311035
sage_subend_leak_dir_only,1337,val,sUbend_019__f10,nan,nan,nan,nan,nan,nan,0.974,0.9991801977157593,0.0,2.320138692855835
sage_subend_leak_dir_only,1337,val,sUbend_019__f11,nan,nan,nan,nan,nan,nan,0.9588,0.999092161655426,0.0,2.441601276397705
sage_subend_leak_dir_only,1337,val,sUbend_019__f12,nan,nan,nan,nan,nan,nan,0.9215,0.9989088773727417,0.0,2.6767873764038086
sage_subend_leak_dir_only,1337,val,sUbend_019__f13,nan,nan,nan,nan,nan,nan,0.9011,0.9986871480941772,0.0,2.9362497329711914
sage_subend_leak_dir_only,1337,val,sUbend_019__f14,nan,nan,nan,nan,nan,nan,0.856,0.99741530418396,0.0,4.120390892028809
sage_subend_leak_dir_only,1337,val,sUbend_019__f15,nan,nan,nan,nan,nan,nan,0.7318,0.9943518042564392,0.0,6.092522144317627
sage_subend_leak_dir_only,1337,val,sUbend_019__f16,nan,nan,nan,nan,nan,nan,0.6989,0.9930973052978516,0.0,6.735937118530273
sage_subend_leak_dir_only,1337,val,sUbend_019__f17,nan,nan,nan,nan,nan,nan,0.7131,0.9932294487953186,0.0,6.6710615158081055
sage_subend_leak_dir_only,1337,val,sUbend_019__f18,nan,nan,nan,nan,nan,nan,0.7191,0.9934239387512207,0.0,6.574455261230469
sage_subend_leak_dir_only,1337,val,sUbend_019__f19,nan,nan,nan,nan,nan,nan,0.7302,0.994118332862854,0.0,6.21727180480957
sage_subend_leak_dir_only,1337,val,sUbend_019__f20,nan,nan,nan,nan,nan,nan,0.7153,0.9933950901031494,0.0,6.588861465454102
sage_subend_leak_dir_only,1337,val,sUbend_019__f21,nan,nan,nan,nan,nan,nan,0.6917,0.992530107498169,0.0,7.007538795471191
sage_subend_leak_dir_only,1337,val,sUbend_019__f22,nan,nan,nan,nan,nan,nan,0.6655,0.9915409088134766,0.0,7.457706451416016
sage_subend_leak_dir_only,1337,val,sUbend_019__f23,nan,nan,nan,nan,nan,nan,0.6537,0.9913122653961182,0.0,7.5579938888549805
sage_subend_leak_dir_only,1337,val,sUbend_019__f24,nan,nan,nan,nan,nan,nan,0.6492,0.9912346601486206,0.0,7.59171199798584
sage_subend_leak_dir_only,1337,val,sUbend_023__f00,nan,nan,nan,nan,nan,nan,0.6559,0.9904955625534058,0.0,7.905779838562012
sage_subend_leak_dir_only,1337,val,sUbend_023__f01,nan,nan,nan,nan,nan,nan,0.6102,0.9890921115875244,0.0004,8.470392227172852
sage_subend_leak_dir_only,1337,val,sUbend_023__f02,nan,nan,nan,nan,nan,nan,0.6034,0.9889071583747864,0.0019,8.542034149169922
sage_subend_leak_dir_only,1337,val,sUbend_023__f03,nan,nan,nan,nan,nan,nan,0.5954,0.9886351227760315,0.0074,8.646336555480957
sage_subend_leak_dir_only,1337,val,sUbend_023__f04,nan,nan,nan,nan,nan,nan,0.8122,0.9950028657913208,0.0,5.730340480804443
sage_subend_leak_dir_only,1337,val,sUbend_023__f05,nan,nan,nan,nan,nan,nan,0.9771,0.9981815814971924,0.0,3.4558424949645996
sage_subend_leak_dir_only,1337,val,sUbend_023__f06,nan,nan,nan,nan,nan,nan,0.9919,0.9985336065292358,0.0,3.103212833404541
sage_subend_leak_dir_only,1337,val,sUbend_023__f07,nan,nan,nan,nan,nan,nan,0.9923,0.9990003108978271,0.0,2.5621981620788574
sage_subend_leak_dir_only,1337,val,sUbend_023__f08,nan,nan,nan,nan,nan,nan,0.9815,0.9991316795349121,0.0,2.3878610134124756
sage_subend_leak_dir_only,1337,val,sUbend_023__f09,nan,nan,nan,nan,nan,nan,0.9264,0.9988347291946411,0.0,2.766226291656494
sage_subend_leak_dir_only,1337,val,sUbend_023__f10,nan,nan,nan,nan,nan,nan,0.9208,0.9986222982406616,0.0,3.0079445838928223
sage_subend_leak_dir_only,1337,val,sUbend_023__f11,nan,nan,nan,nan,nan,nan,0.9275,0.9984012842178345,0.0,3.240239143371582
sage_subend_leak_dir_only,1337,val,sUbend_023__f12,nan,nan,nan,nan,nan,nan,0.9225,0.9981591701507568,0.0,3.477022886276245
sage_subend_leak_dir_only,1337,val,sUbend_023__f13,nan,nan,nan,nan,nan,nan,0.9082,0.9979546070098877,0.0,3.665219783782959
sage_subend_leak_dir_only,1337,val,sUbend_023__f14,nan,nan,nan,nan,nan,nan,0.8732,0.9971134662628174,0.0,4.354443550109863
sage_subend_leak_dir_only,1337,val,sUbend_023__f15,nan,nan,nan,nan,nan,nan,0.814,0.9959138631820679,0.0,5.181320667266846
sage_subend_leak_dir_only,1337,val,sUbend_023__f16,nan,nan,nan,nan,nan,nan,0.7766,0.9949123859405518,0.0,5.782029151916504
sage_subend_leak_dir_only,1337,val,sUbend_023__f17,nan,nan,nan,nan,nan,nan,0.7842,0.9949804544448853,0.0,5.743152618408203
sage_subend_leak_dir_only,1337,val,sUbend_023__f18,nan,nan,nan,nan,nan,nan,0.7654,0.9938964247703552,0.0,6.333603858947754
sage_subend_leak_dir_only,1337,val,sUbend_023__f19,nan,nan,nan,nan,nan,nan,0.7342,0.9932650327682495,0.0,6.6534881591796875
sage_subend_leak_dir_only,1337,val,sUbend_023__f20,nan,nan,nan,nan,nan,nan,0.6987,0.9925090074539185,0.0,7.0174407958984375
sage_subend_leak_dir_only,1337,val,sUbend_023__f21,nan,nan,nan,nan,nan,nan,0.6546,0.9909595847129822,0.0,7.710091590881348
sage_subend_leak_dir_only,1337,val,sUbend_023__f22,nan,nan,nan,nan,nan,nan,0.6407,0.9903174042701721,0.0,7.979662895202637
sage_subend_leak_dir_only,1337,val,sUbend_023__f23,nan,nan,nan,nan,nan,nan,0.622,0.9896315336227417,0.0,8.2579345703125
sage_subend_leak_dir_only,1337,val,sUbend_023__f24,nan,nan,nan,nan,nan,nan,0.6403,0.9902328848838806,0.0,8.014471054077148
sage_subend_leak_dir_only,2026,test,sUbend_012__f00,nan,nan,nan,nan,nan,nan,0.8257,0.9981687068939209,0.0,3.4680581092834473
sage_subend_leak_dir_only,2026,test,sUbend_012__f01,nan,nan,nan,nan,nan,nan,0.8119,0.9981374144554138,0.0,3.4975438117980957
sage_subend_leak_dir_only,2026,test,sUbend_012__f02,nan,nan,nan,nan,nan,nan,0.7762,0.9976323246955872,0.0,3.943523406982422
sage_subend_leak_dir_only,2026,test,sUbend_012__f03,nan,nan,nan,nan,nan,nan,0.7047,0.9957520961761475,0.0,5.282996654510498
sage_subend_leak_dir_only,2026,test,sUbend_012__f04,nan,nan,nan,nan,nan,nan,0.6173,0.9917751550674438,0.0,7.353592872619629
sage_subend_leak_dir_only,2026,test,sUbend_012__f05,nan,nan,nan,nan,nan,nan,0.7694,0.9973843097686768,0.0,4.1450090408325195
sage_subend_leak_dir_only,2026,test,sUbend_012__f06,nan,nan,nan,nan,nan,nan,0.9855,0.9993802905082703,0.0,2.017223834991455
sage_subend_leak_dir_only,2026,test,sUbend_012__f07,nan,nan,nan,nan,nan,nan,0.955,0.9994354844093323,0.0,1.925289273262024
sage_subend_leak_dir_only,2026,test,sUbend_012__f08,nan,nan,nan,nan,nan,nan,0.9532,0.9992488026618958,0.0,2.2209653854370117
sage_subend_leak_dir_only,2026,test,sUbend_012__f09,nan,nan,nan,nan,nan,nan,0.9624,0.9990742802619934,0.0,2.4655332565307617
sage_subend_leak_dir_only,2026,test,sUbend_012__f10,nan,nan,nan,nan,nan,nan,0.9491,0.9989248514175415,0.0,2.6571171283721924
sage_subend_leak_dir_only,2026,test,sUbend_012__f11,nan,nan,nan,nan,nan,nan,0.9763,0.9989519119262695,0.0,2.623422622680664
sage_subend_leak_dir_only,2026,test,sUbend_012__f12,nan,nan,nan,nan,nan,nan,0.982,0.9986692667007446,0.0,2.9561495780944824
sage_subend_leak_dir_only,2026,test,sUbend_012__f13,nan,nan,nan,nan,nan,nan,0.9518,0.9983569383621216,0.0,3.284884452819824
sage_subend_leak_dir_only,2026,test,sUbend_012__f14,nan,nan,nan,nan,nan,nan,0.9218,0.9978626370429993,0.0,3.7467448711395264
sage_subend_leak_dir_only,2026,test,sUbend_012__f15,nan,nan,nan,nan,nan,nan,0.8832,0.9969156980514526,0.0,4.501194000244141
sage_subend_leak_dir_only,2026,test,sUbend_012__f16,nan,nan,nan,nan,nan,nan,0.8351,0.99565589427948,0.0,5.342488765716553
sage_subend_leak_dir_only,2026,test,sUbend_012__f17,nan,nan,nan,nan,nan,nan,0.8575,0.9962435960769653,0.0,4.96774959564209
sage_subend_leak_dir_only,2026,test,sUbend_012__f18,nan,nan,nan,nan,nan,nan,0.8858,0.9969882965087891,0.0,4.447854995727539
sage_subend_leak_dir_only,2026,test,sUbend_012__f19,nan,nan,nan,nan,nan,nan,0.8692,0.9974678754806519,0.0,4.078207015991211
sage_subend_leak_dir_only,2026,test,sUbend_012__f20,nan,nan,nan,nan,nan,nan,0.8449,0.9976189136505127,0.0,3.954705238342285
sage_subend_leak_dir_only,2026,test,sUbend_012__f21,nan,nan,nan,nan,nan,nan,0.8374,0.9978470206260681,0.0,3.7604122161865234
sage_subend_leak_dir_only,2026,test,sUbend_012__f22,nan,nan,nan,nan,nan,nan,0.8248,0.9978588223457336,0.0,3.7500882148742676
sage_subend_leak_dir_only,2026,test,sUbend_012__f23,nan,nan,nan,nan,nan,nan,0.8264,0.9979740381240845,0.0,3.647789478302002
sage_subend_leak_dir_only,2026,test,sUbend_012__f24,nan,nan,nan,nan,nan,nan,0.8238,0.9981043934822083,0.0,3.5284199714660645
sage_subend_leak_dir_only,2026,test,sUbend_021__f00,nan,nan,nan,nan,nan,nan,0.9983,0.9991682767868042,0.0,2.336949586868286
sage_subend_leak_dir_only,2026,test,sUbend_021__f01,nan,nan,nan,nan,nan,nan,0.9984,0.9991893768310547,0.0,2.3071532249450684
sage_subend_leak_dir_only,2026,test,sUbend_021__f02,nan,nan,nan,nan,nan,nan,0.9968,0.9991450309753418,0.0,2.369429111480713
sage_subend_leak_dir_only,2026,test,sUbend_021__f03,nan,nan,nan,nan,nan,nan,0.9983,0.9991497993469238,0.0,2.3627700805664062
sage_subend_leak_dir_only,2026,test,sUbend_021__f04,nan,nan,nan,nan,nan,nan,0.9372,0.9980523586273193,0.0,3.5765085220336914
sage_subend_leak_dir_only,2026,test,sUbend_021__f05,nan,nan,nan,nan,nan,nan,0.8816,0.9969587922096252,0.0022,4.469621658325195
sage_subend_leak_dir_only,2026,test,sUbend_021__f06,nan,nan,nan,nan,nan,nan,0.9962,0.9996594190597534,0.0,1.4953439235687256
sage_subend_leak_dir_only,2026,test,sUbend_021__f07,nan,nan,nan,nan,nan,nan,0.9829,0.9996860027313232,0.0,1.435791254043579
sage_subend_leak_dir_only,2026,test,sUbend_021__f08,nan,nan,nan,nan,nan,nan,0.9744,0.9995306134223938,0.0,1.7555770874023438
sage_subend_leak_dir_only,2026,test,sUbend_021__f09,nan,nan,nan,nan,nan,nan,0.9815,0.9994457960128784,0.0,1.9075713157653809
sage_subend_leak_dir_only,2026,test,sUbend_021__f10,nan,nan,nan,nan,nan,nan,0.9898,0.9993992447853088,0.0,1.986132264137268
sage_subend_leak_dir_only,2026,test,sUbend_021__f11,nan,nan,nan,nan,nan,nan,0.9909,0.9992804527282715,0.0,2.1737136840820312
sage_subend_leak_dir_only,2026,test,sUbend_021__f12,nan,nan,nan,nan,nan,nan,0.9956,0.9991698861122131,0.0,2.334728956222534
sage_subend_leak_dir_only,2026,test,sUbend_021__f13,nan,nan,nan,nan,nan,nan,0.994,0.9989448189735413,0.0,2.6323235034942627
sage_subend_leak_dir_only,2026,test,sUbend_021__f14,nan,nan,nan,nan,nan,nan,0.9915,0.998757004737854,0.0,2.8570809364318848
sage_subend_leak_dir_only,2026,test,sUbend_021__f15,nan,nan,nan,nan,nan,nan,0.9562,0.9983721971511841,0.0,3.269620895385742
sage_subend_leak_dir_only,2026,test,sUbend_021__f16,nan,nan,nan,nan,nan,nan,0.941,0.9979231357574463,0.0,3.693345785140991
sage_subend_leak_dir_only,2026,test,sUbend_021__f17,nan,nan,nan,nan,nan,nan,0.9568,0.9978471994400024,0.0,3.760256290435791
sage_subend_leak_dir_only,2026,test,sUbend_021__f18,nan,nan,nan,nan,nan,nan,0.9794,0.9983134269714355,0.0,3.3281373977661133
sage_subend_leak_dir_only,2026,test,sUbend_021__f19,nan,nan,nan,nan,nan,nan,0.9871,0.9985238313674927,0.0,3.113541603088379
sage_subend_leak_dir_only,2026,test,sUbend_021__f20,nan,nan,nan,nan,nan,nan,0.9917,0.9987702965736389,0.0,2.841726779937744
sage_subend_leak_dir_only,2026,test,sUbend_021__f21,nan,nan,nan,nan,nan,nan,0.994,0.9990257024765015,0.0,2.5293679237365723
sage_subend_leak_dir_only,2026,test,sUbend_021__f22,nan,nan,nan,nan,nan,nan,0.9929,0.999160885810852,0.0,2.347395420074463
sage_subend_leak_dir_only,2026,test,sUbend_021__f23,nan,nan,nan,nan,nan,nan,0.9963,0.9991961717605591,0.0,2.297419548034668
sage_subend_leak_dir_only,2026,test,sUbend_021__f24,nan,nan,nan,nan,nan,nan,0.9972,0.9991872310638428,0.0,2.3102476596832275
sage_subend_leak_dir_only,2026,test,sUbend_022__f00,nan,nan,nan,nan,nan,nan,0.6924,0.9916113615036011,0.0,7.426555633544922
sage_subend_leak_dir_only,2026,test,sUbend_022__f01,nan,nan,nan,nan,nan,nan,0.6695,0.9912797212600708,0.0022,7.572131633758545
sage_subend_leak_dir_only,2026,test,sUbend_022__f02,nan,nan,nan,nan,nan,nan,0.6681,0.9909824132919312,0.0012,7.700336456298828
sage_subend_leak_dir_only,2026,test,sUbend_022__f03,nan,nan,nan,nan,nan,nan,0.6617,0.9906227588653564,0.0,7.852630138397217
sage_subend_leak_dir_only,2026,test,sUbend_022__f04,nan,nan,nan,nan,nan,nan,0.8996,0.998496413230896,0.0,3.142331123352051
sage_subend_leak_dir_only,2026,test,sUbend_022__f05,nan,nan,nan,nan,nan,nan,0.9849,0.9995478391647339,0.0,1.7230033874511719
sage_subend_leak_dir_only,2026,test,sUbend_022__f06,nan,nan,nan,nan,nan,nan,0.9977,0.9995386600494385,0.0,1.740463137626648
sage_subend_leak_dir_only,2026,test,sUbend_022__f07,nan,nan,nan,nan,nan,nan,0.9972,0.9995488524436951,0.0,1.721128225326538
sage_subend_leak_dir_only,2026,test,sUbend_022__f08,nan,nan,nan,nan,nan,nan,0.9882,0.9995745420455933,0.0,1.671462059020996
sage_subend_leak_dir_only,2026,test,sUbend_022__f09,nan,nan,nan,nan,nan,nan,0.9797,0.9995067119598389,0.0,1.7996689081192017
sage_subend_leak_dir_only,2026,test,sUbend_022__f10,nan,nan,nan,nan,nan,nan,0.9797,0.9995253086090088,0.0,1.7654705047607422
sage_subend_leak_dir_only,2026,test,sUbend_022__f11,nan,nan,nan,nan,nan,nan,0.9727,0.9994031190872192,0.0,1.9797661304473877
sage_subend_leak_dir_only,2026,test,sUbend_022__f12,nan,nan,nan,nan,nan,nan,0.9266,0.9991955757141113,0.0,2.298356056213379
sage_subend_leak_dir_only,2026,test,sUbend_022__f13,nan,nan,nan,nan,nan,nan,0.8937,0.9988343715667725,0.0,2.766650676727295
sage_subend_leak_dir_only,2026,test,sUbend_022__f14,nan,nan,nan,nan,nan,nan,0.8391,0.9977520704269409,0.0,3.842494487762451
sage_subend_leak_dir_only,2026,test,sUbend_022__f15,nan,nan,nan,nan,nan,nan,0.7494,0.9956852197647095,0.0,5.324412822723389
sage_subend_leak_dir_only,2026,test,sUbend_022__f16,nan,nan,nan,nan,nan,nan,0.7173,0.9943798780441284,0.0,6.077363967895508
sage_subend_leak_dir_only,2026,test,sUbend_022__f17,nan,nan,nan,nan,nan,nan,0.7219,0.9945980310440063,0.0,5.958121299743652
sage_subend_leak_dir_only,2026,test,sUbend_022__f18,nan,nan,nan,nan,nan,nan,0.7339,0.994307279586792,0.0,6.116495132446289
sage_subend_leak_dir_only,2026,test,sUbend_022__f19,nan,nan,nan,nan,nan,nan,0.7744,0.9952035546302795,0.0,5.613983154296875
sage_subend_leak_dir_only,2026,test,sUbend_022__f20,nan,nan,nan,nan,nan,nan,0.7951,0.995908260345459,0.0,5.184911727905273
sage_subend_leak_dir_only,2026,test,sUbend_022__f21,nan,nan,nan,nan,nan,nan,0.7906,0.9955816268920898,0.0,5.387997150421143
sage_subend_leak_dir_only,2026,test,sUbend_022__f22,nan,nan,nan,nan,nan,nan,0.7982,0.9952883720397949,0.0,5.564067363739014
sage_subend_leak_dir_only,2026,test,sUbend_022__f23,nan,nan,nan,nan,nan,nan,0.7541,0.9938672780990601,0.0,6.348724365234375
sage_subend_leak_dir_only,2026,test,sUbend_022__f24,nan,nan,nan,nan,nan,nan,0.7219,0.9928010702133179,0.0,6.879098892211914
sage_subend_leak_dir_only,2026,val,sUbend_016__f00,nan,nan,nan,nan,nan,nan,0.8911,0.997689962387085,0.0,3.8952341079711914
sage_subend_leak_dir_only,2026,val,sUbend_016__f01,nan,nan,nan,nan,nan,nan,0.9329,0.9984103441238403,0.0,3.231072425842285
sage_subend_leak_dir_only,2026,val,sUbend_016__f02,nan,nan,nan,nan,nan,nan,0.9558,0.9985957145690918,0.0,3.036831855773926
sage_subend_leak_dir_only,2026,val,sUbend_016__f03,nan,nan,nan,nan,nan,nan,0.9666,0.9988007545471191,0.0,2.8063411712646484
sage_subend_leak_dir_only,2026,val,sUbend_016__f04,nan,nan,nan,nan,nan,nan,0.9305,0.9982619285583496,0.0,3.3785810470581055
sage_subend_leak_dir_only,2026,val,sUbend_016__f05,nan,nan,nan,nan,nan,nan,0.6687,0.9927758574485779,0.0615,6.891163349151611
sage_subend_leak_dir_only,2026,val,sUbend_016__f06,nan,nan,nan,nan,nan,nan,0.9876,0.9992897510528564,0.0,2.159576654434204
sage_subend_leak_dir_only,2026,val,sUbend_016__f07,nan,nan,nan,nan,nan,nan,0.9965,0.9995646476745605,0.0,1.6906702518463135
sage_subend_leak_dir_only,2026,val,sUbend_016__f08,nan,nan,nan,nan,nan,nan,0.9884,0.9994665384292603,0.0,1.871528148651123
sage_subend_leak_dir_only,2026,val,sUbend_016__f09,nan,nan,nan,nan,nan,nan,0.9469,0.9992061853408813,0.0,2.2831051349639893
sage_subend_leak_dir_only,2026,val,sUbend_016__f10,nan,nan,nan,nan,nan,nan,0.9456,0.9990220069885254,0.0,2.5341999530792236
sage_subend_leak_dir_only,2026,val,sUbend_016__f11,nan,nan,nan,nan,nan,nan,0.9366,0.9989281892776489,0.0,2.6530261039733887
sage_subend_leak_dir_only,2026,val,sUbend_016__f12,nan,nan,nan,nan,nan,nan,0.9188,0.998364269733429,0.0,3.2775750160217285
sage_subend_leak_dir_only,2026,val,sUbend_016__f13,nan,nan,nan,nan,nan,nan,0.838,0.9967836141586304,0.0,4.596615314483643
sage_subend_leak_dir_only,2026,val,sUbend_016__f14,nan,nan,nan,nan,nan,nan,0.7686,0.9943343997001648,0.0,6.101910591125488
sage_subend_leak_dir_only,2026,val,sUbend_016__f15,nan,nan,nan,nan,nan,nan,0.7319,0.9939528107643127,0.0,6.304251194000244
sage_subend_leak_dir_only,2026,val,sUbend_016__f16,nan,nan,nan,nan,nan,nan,0.7837,0.9957565069198608,0.0,5.280214309692383
sage_subend_leak_dir_only,2026,val,sUbend_016__f17,nan,nan,nan,nan,nan,nan,0.7689,0.9951440095901489,0.0,5.648733615875244
sage_subend_leak_dir_only,2026,val,sUbend_016__f18,nan,nan,nan,nan,nan,nan,0.7174,0.993389368057251,0.0,6.591732978820801
sage_subend_leak_dir_only,2026,val,sUbend_016__f19,nan,nan,nan,nan,nan,nan,0.6664,0.9917877912521362,0.0001,7.347933769226074
sage_subend_leak_dir_only,2026,val,sUbend_016__f20,nan,nan,nan,nan,nan,nan,0.6779,0.9920860528945923,0.0002,7.213070869445801
sage_subend_leak_dir_only,2026,val,sUbend_016__f21,nan,nan,nan,nan,nan,nan,0.7171,0.9937288761138916,0.0,6.4200520515441895
sage_subend_leak_dir_only,2026,val,sUbend_016__f22,nan,nan,nan,nan,nan,nan,0.7595,0.9949171543121338,0.0,5.779282569885254
sage_subend_leak_dir_only,2026,val,sUbend_016__f23,nan,nan,nan,nan,nan,nan,0.826,0.996299684047699,0.0,4.9305009841918945
sage_subend_leak_dir_only,2026,val,sUbend_016__f24,nan,nan,nan,nan,nan,nan,0.8609,0.9970093965530396,0.0,4.432260513305664
sage_subend_leak_dir_only,2026,val,sUbend_019__f00,nan,nan,nan,nan,nan,nan,0.6727,0.9911312460899353,0.0,7.636430740356445
sage_subend_leak_dir_only,2026,val,sUbend_019__f01,nan,nan,nan,nan,nan,nan,0.7156,0.9925032258033752,0.0,7.0201520919799805
sage_subend_leak_dir_only,2026,val,sUbend_019__f02,nan,nan,nan,nan,nan,nan,0.797,0.9953135251998901,0.0,5.549219131469727
sage_subend_leak_dir_only,2026,val,sUbend_019__f03,nan,nan,nan,nan,nan,nan,0.9013,0.9977549314498901,0.0,3.839996337890625
sage_subend_leak_dir_only,2026,val,sUbend_019__f04,nan,nan,nan,nan,nan,nan,0.974,0.9987838864326477,0.0,2.825977325439453
sage_subend_leak_dir_only,2026,val,sUbend_019__f05,nan,nan,nan,nan,nan,nan,0.9998,0.9992339611053467,0.0,2.242844820022583
sage_subend_leak_dir_only,2026,val,sUbend_019__f06,nan,nan,nan,nan,nan,nan,0.9994,0.9991853833198547,0.0,2.3128302097320557
sage_subend_leak_dir_only,2026,val,sUbend_019__f07,nan,nan,nan,nan,nan,nan,0.9947,0.9993984699249268,0.0,1.9874128103256226
sage_subend_leak_dir_only,2026,val,sUbend_019__f08,nan,nan,nan,nan,nan,nan,0.9821,0.9994732737541199,0.0,1.8597266674041748
sage_subend_leak_dir_only,2026,val,sUbend_019__f09,nan,nan,nan,nan,nan,nan,0.9679,0.9993096590042114,0.0,2.12909197807312
sage_subend_leak_dir_only,2026,val,sUbend_019__f10,nan,nan,nan,nan,nan,nan,0.9716,0.9992573857307434,0.0,2.2082390785217285
sage_subend_leak_dir_only,2026,val,sUbend_019__f11,nan,nan,nan,nan,nan,nan,0.9456,0.999146580696106,0.0,2.3672804832458496
sage_subend_leak_dir_only,2026,val,sUbend_019__f12,nan,nan,nan,nan,nan,nan,0.9352,0.9990867376327515,0.0,2.448845386505127
sage_subend_leak_dir_only,2026,val,sUbend_019__f13,nan,nan,nan,nan,nan,nan,0.9083,0.9988863468170166,0.0,2.704287528991699
sage_subend_leak_dir_only,2026,val,sUbend_019__f14,nan,nan,nan,nan,nan,nan,0.8902,0.9979198575019836,0.0,3.6962339878082275
sage_subend_leak_dir_only,2026,val,sUbend_019__f15,nan,nan,nan,nan,nan,nan,0.7921,0.9950719475746155,0.0,5.690544128417969
sage_subend_leak_dir_only,2026,val,sUbend_019__f16,nan,nan,nan,nan,nan,nan,0.7337,0.9935086965560913,0.0,6.531888961791992
sage_subend_leak_dir_only,2026,val,sUbend_019__f17,nan,nan,nan,nan,nan,nan,0.7336,0.9933273792266846,0.0,6.622586250305176
sage_subend_leak_dir_only,2026,val,sUbend_019__f18,nan,nan,nan,nan,nan,nan,0.7591,0.9940075278282166,0.0,6.275635719299316
sage_subend_leak_dir_only,2026,val,sUbend_019__f19,nan,nan,nan,nan,nan,nan,0.7737,0.9945284724235535,0.0,5.996393203735352
sage_subend_leak_dir_only,2026,val,sUbend_019__f20,nan,nan,nan,nan,nan,nan,0.7565,0.9937981963157654,0.0,6.384417533874512
sage_subend_leak_dir_only,2026,val,sUbend_019__f21,nan,nan,nan,nan,nan,nan,0.7354,0.9929824471473694,0.0,6.791798114776611
sage_subend_leak_dir_only,2026,val,sUbend_019__f22,nan,nan,nan,nan,nan,nan,0.7108,0.9923241138458252,0.0,7.103611946105957
sage_subend_leak_dir_only,2026,val,sUbend_019__f23,nan,nan,nan,nan,nan,nan,0.6897,0.9915285110473633,0.0,7.463204383850098
sage_subend_leak_dir_only,2026,val,sUbend_019__f24,nan,nan,nan,nan,nan,nan,0.6737,0.9913011789321899,0.0,7.562796115875244
sage_subend_leak_dir_only,2026,val,sUbend_023__f00,nan,nan,nan,nan,nan,nan,0.6699,0.9910397529602051,0.0,7.675765037536621
sage_subend_leak_dir_only,2026,val,sUbend_023__f01,nan,nan,nan,nan,nan,nan,0.6608,0.9904061555862427,0.0004,7.942948341369629
sage_subend_leak_dir_only,2026,val,sUbend_023__f02,nan,nan,nan,nan,nan,nan,0.6444,0.990037202835083,0.002,8.094490051269531
sage_subend_leak_dir_only,2026,val,sUbend_023__f03,nan,nan,nan,nan,nan,nan,0.6258,0.9894362092018127,0.0077,8.335478782653809
sage_subend_leak_dir_only,2026,val,sUbend_023__f04,nan,nan,nan,nan,nan,nan,0.7251,0.9940822124481201,0.0,6.236383438110352
sage_subend_leak_dir_only,2026,val,sUbend_023__f05,nan,nan,nan,nan,nan,nan,0.9577,0.9983397722244263,0.0,3.3020341396331787
sage_subend_leak_dir_only,2026,val,sUbend_023__f06,nan,nan,nan,nan,nan,nan,0.9722,0.9987585544586182,0.0,2.8552989959716797
sage_subend_leak_dir_only,2026,val,sUbend_023__f07,nan,nan,nan,nan,nan,nan,0.9973,0.9992280006408691,0.0,2.25146746635437
sage_subend_leak_dir_only,2026,val,sUbend_023__f08,nan,nan,nan,nan,nan,nan,0.9903,0.9992783069610596,0.0,2.1768627166748047
sage_subend_leak_dir_only,2026,val,sUbend_023__f09,nan,nan,nan,nan,nan,nan,0.9399,0.9988869428634644,0.0,2.7035274505615234
sage_subend_leak_dir_only,2026,val,sUbend_023__f10,nan,nan,nan,nan,nan,nan,0.9259,0.998747706413269,0.0,2.8677492141723633
sage_subend_leak_dir_only,2026,val,sUbend_023__f11,nan,nan,nan,nan,nan,nan,0.9341,0.998501181602478,0.0,3.137343406677246
sage_subend_leak_dir_only,2026,val,sUbend_023__f12,nan,nan,nan,nan,nan,nan,0.9313,0.9982699751853943,0.0,3.37074875831604
sage_subend_leak_dir_only,2026,val,sUbend_023__f13,nan,nan,nan,nan,nan,nan,0.933,0.9982485175132751,0.0,3.391594409942627
sage_subend_leak_dir_only,2026,val,sUbend_023__f14,nan,nan,nan,nan,nan,nan,0.8823,0.9973040819168091,0.0,4.208101272583008
sage_subend_leak_dir_only,2026,val,sUbend_023__f15,nan,nan,nan,nan,nan,nan,0.823,0.9955134391784668,0.0,5.429481506347656
sage_subend_leak_dir_only,2026,val,sUbend_023__f16,nan,nan,nan,nan,nan,nan,0.7779,0.994695246219635,0.0,5.9042181968688965
sage_subend_leak_dir_only,2026,val,sUbend_023__f17,nan,nan,nan,nan,nan,nan,0.7733,0.9946497082710266,0.0,5.929528713226318
sage_subend_leak_dir_only,2026,val,sUbend_023__f18,nan,nan,nan,nan,nan,nan,0.7764,0.9941961169242859,0.0,6.175998687744141
sage_subend_leak_dir_only,2026,val,sUbend_023__f19,nan,nan,nan,nan,nan,nan,0.7505,0.9932122230529785,0.0,6.6795525550842285
sage_subend_leak_dir_only,2026,val,sUbend_023__f20,nan,nan,nan,nan,nan,nan,0.7172,0.992027997970581,0.0,7.239514350891113
sage_subend_leak_dir_only,2026,val,sUbend_023__f21,nan,nan,nan,nan,nan,nan,0.6611,0.9906989932060242,0.0,7.820594787597656
sage_subend_leak_dir_only,2026,val,sUbend_023__f22,nan,nan,nan,nan,nan,nan,0.6579,0.9903477430343628,0.0,7.967119216918945
sage_subend_leak_dir_only,2026,val,sUbend_023__f23,nan,nan,nan,nan,nan,nan,0.6324,0.9895839095115662,0.0,8.276899337768555
sage_subend_leak_dir_only,2026,val,sUbend_023__f24,nan,nan,nan,nan,nan,nan,0.6482,0.9901849031448364,0.0,8.03415298461914
sage_subend_leak_dir_only,777,test,sUbend_012__f00,nan,nan,nan,nan,nan,nan,0.8591,0.9975931644439697,0.0,3.976038932800293
sage_subend_leak_dir_only,777,test,sUbend_012__f01,nan,nan,nan,nan,nan,nan,0.8423,0.9975574016571045,0.0,4.005456447601318
sage_subend_leak_dir_only,777,test,sUbend_012__f02,nan,nan,nan,nan,nan,nan,0.8132,0.997107744216919,0.0,4.358715057373047
sage_subend_leak_dir_only,777,test,sUbend_012__f03,nan,nan,nan,nan,nan,nan,0.7542,0.9955954551696777,0.0,5.379589080810547
sage_subend_leak_dir_only,777,test,sUbend_012__f04,nan,nan,nan,nan,nan,nan,0.707,0.993198037147522,0.0,6.686551094055176
sage_subend_leak_dir_only,777,test,sUbend_012__f05,nan,nan,nan,nan,nan,nan,0.7809,0.9969596266746521,0.0,4.469007968902588
sage_subend_leak_dir_only,777,test,sUbend_012__f06,nan,nan,nan,nan,nan,nan,0.9881,0.9993929862976074,0.0,1.9964518547058105
sage_subend_leak_dir_only,777,test,sUbend_012__f07,nan,nan,nan,nan,nan,nan,0.957,0.9994949102401733,0.0,1.8211268186569214
sage_subend_leak_dir_only,777,test,sUbend_012__f08,nan,nan,nan,nan,nan,nan,0.9575,0.9991235733032227,0.0,2.3989827632904053
sage_subend_leak_dir_only,777,test,sUbend_012__f09,nan,nan,nan,nan,nan,nan,0.964,0.9989491701126099,0.0,2.626889705657959
sage_subend_leak_dir_only,777,test,sUbend_012__f10,nan,nan,nan,nan,nan,nan,0.9471,0.9989839792251587,0.0,2.583045482635498
sage_subend_leak_dir_only,777,test,sUbend_012__f11,nan,nan,nan,nan,nan,nan,0.9708,0.9990407228469849,0.0,2.5098302364349365
sage_subend_leak_dir_only,777,test,sUbend_012__f12,nan,nan,nan,nan,nan,nan,0.9648,0.9988816976547241,0.0,2.7098915576934814
sage_subend_leak_dir_only,777,test,sUbend_012__f13,nan,nan,nan,nan,nan,nan,0.9543,0.99850994348526,0.0,3.1281886100769043
sage_subend_leak_dir_only,777,test,sUbend_012__f14,nan,nan,nan,nan,nan,nan,0.951,0.9980120658874512,0.0,3.6133813858032227
sage_subend_leak_dir_only,777,test,sUbend_012__f15,nan,nan,nan,nan,nan,nan,0.9467,0.9969725608825684,0.0,4.459508895874023
sage_subend_leak_dir_only,777,test,sUbend_012__f16,nan,nan,nan,nan,nan,nan,0.8947,0.9964333772659302,0.0,4.840556621551514
sage_subend_leak_dir_only,777,test,sUbend_012__f17,nan,nan,nan,nan,nan,nan,0.8567,0.9968313574790955,0.0,4.56235408782959
sage_subend_leak_dir_only,777,test,sUbend_012__f18,nan,nan,nan,nan,nan,nan,0.8744,0.9975196123123169,0.0,4.036358833312988
sage_subend_leak_dir_only,777,test,sUbend_012__f19,nan,nan,nan,nan,nan,nan,0.8842,0.9975878000259399,0.0,3.980419874191284
sage_subend_leak_dir_only,777,test,sUbend_012__f20,nan,nan,nan,nan,nan,nan,0.873,0.9975382089614868,0.0,4.021169185638428
sage_subend_leak_dir_only,777,test,sUbend_012__f21,nan,nan,nan,nan,nan,nan,0.8536,0.9978200197219849,0.0,3.7839531898498535
sage_subend_leak_dir_only,777,test,sUbend_012__f22,nan,nan,nan,nan,nan,nan,0.8456,0.9976301789283752,0.0,3.945310592651367
sage_subend_leak_dir_only,777,test,sUbend_012__f23,nan,nan,nan,nan,nan,nan,0.857,0.997416079044342,0.0,4.119749069213867
sage_subend_leak_dir_only,777,test,sUbend_012__f24,nan,nan,nan,nan,nan,nan,0.8642,0.9975400567054749,0.0,4.019659042358398
sage_subend_leak_dir_only,777,test,sUbend_021__f00,nan,nan,nan,nan,nan,nan,0.9991,0.9991604089736938,0.0,2.348020553588867
sage_subend_leak_dir_only,777,test,sUbend_021__f01,nan,nan,nan,nan,nan,nan,0.9975,0.9991605877876282,0.0,2.3477706909179688
sage_subend_leak_dir_only,777,test,sUbend_021__f02,nan,nan,nan,nan,nan,nan,0.994,0.9991153478622437,0.0,2.4102563858032227
sage_subend_leak_dir_only,777,test,sUbend_021__f03,nan,nan,nan,nan,nan,nan,0.9919,0.999151349067688,0.0,2.3606982231140137
sage_subend_leak_dir_only,777,test,sUbend_021__f04,nan,nan,nan,nan,nan,nan,0.9557,0.9982636570930481,0.0,3.3769001960754395
sage_subend_leak_dir_only,777,test,sUbend_021__f05,nan,nan,nan,nan,nan,nan,0.9153,0.9974923729896545,0.0022,4.058446884155273
sage_subend_leak_dir_only,777,test,sUbend_021__f06,nan,nan,nan,nan,nan,nan,0.9993,0.9996931552886963,0.0,1.4193415641784668
sage_subend_leak_dir_only,777,test,sUbend_021__f07,nan,nan,nan,nan,nan,nan,0.9882,0.9997912645339966,0.0,1.1706101894378662
sage_subend_leak_dir_only,777,test,sUbend_021__f08,nan,nan,nan,nan,nan,nan,0.9736,0.9994233846664429,0.0,1.945815086364746
sage_subend_leak_dir_only,777,test,sUbend_021__f09,nan,nan,nan,nan,nan,nan,0.97,0.999433159828186,0.0,1.929198980331421
sage_subend_leak_dir_only,777,test,sUbend_021__f10,nan,nan,nan,nan,nan,nan,0.9931,0.9994170665740967,0.0,1.956497311592102
sage_subend_leak_dir_only,777,test,sUbend_021__f11,nan,nan,nan,nan,nan,nan,0.9944,0.9994072914123535,0.0,1.9727349281311035
sage_subend_leak_dir_only,777,test,sUbend_021__f12,nan,nan,nan,nan,nan,nan,0.9916,0.9993816614151001,0.0,2.0150396823883057
sage_subend_leak_dir_only,777,test,sUbend_021__f13,nan,nan,nan,nan,nan,nan,0.9938,0.9993230104446411,0.0,2.108353853225708
sage_subend_leak_dir_only,777,test,sUbend_021__f14,nan,nan,nan,nan,nan,nan,0.9952,0.9991580247879028,0.0,2.3513107299804688
sage_subend_leak_dir_only,777,test,sUbend_021__f15,nan,nan,nan,nan,nan,nan,0.9843,0.998960018157959,0.0,2.613330364227295
sage_subend_leak_dir_only,777,test,sUbend_021__f16,nan,nan,nan,nan,nan,nan,0.9716,0.9986317157745361,0.0,2.9976439476013184
sage_subend_leak_dir_only,777,test,sUbend_021__f17,nan,nan,nan,nan,nan,nan,0.9879,0.9984781742095947,0.0,3.1613688468933105
sage_subend_leak_dir_only,777,test,sUbend_021__f18,nan,nan,nan,nan,nan,nan,0.9948,0.9986069202423096,0.0,3.024688720703125
sage_subend_leak_dir_only,777,test,sUbend_021__f19,nan,nan,nan,nan,nan,nan,0.9976,0.9987010955810547,0.0,2.920607566833496
sage_subend_leak_dir_only,777,test,sUbend_021__f20,nan,nan,nan,nan,nan,nan,0.9989,0.9988595247268677,0.0,2.736666202545166
sage_subend_leak_dir_only,777,test,sUbend_021__f21,nan,nan,nan,nan,nan,nan,0.9989,0.9989864230155945,0.0,2.5798988342285156
sage_subend_leak_dir_only,777,test,sUbend_021__f22,nan,nan,nan,nan,nan,nan,0.9983,0.9990842342376709,0.0,2.452279806137085
sage_subend_leak_dir_only,777,test,sUbend_021__f23,nan,nan,nan,nan,nan,nan,0.9979,0.9991422891616821,0.0,2.37326717376709
sage_subend_leak_dir_only,777,test,sUbend_021__f24,nan,nan,nan,nan,nan,nan,0.9985,0.999169111251831,0.0,2.3358187675476074
sage_subend_leak_dir_only,777,test,sUbend_022__f00,nan,nan,nan,nan,nan,nan,0.84,0.9953753352165222,0.0,5.512456893920898
sage_subend_leak_dir_only,777,test,sUbend_022__f01,nan,nan,nan,nan,nan,nan,0.8409,0.9953750967979431,0.0025,5.512599468231201
sage_subend_leak_dir_only,777,test,sUbend_022__f02,nan,nan,nan,nan,nan,nan,0.8518,0.9955580234527588,0.0012,5.402416706085205
sage_subend_leak_dir_only,777,test,sUbend_022__f03,nan,nan,nan,nan,nan,nan,0.8356,0.9954979419708252,0.0,5.438839435577393
sage_subend_leak_dir_only,777,test,sUbend_022__f04,nan,nan,nan,nan,nan,nan,0.9675,0.998619794845581,0.0,3.010676622390747
sage_subend_leak_dir_only,777,test,sUbend_022__f05,nan,nan,nan,nan,nan,nan,0.9998,0.9994785785675049,0.0,1.850284457206726
sage_subend_leak_dir_only,777,test,sUbend_022__f06,nan,nan,nan,nan,nan,nan,0.9992,0.9995331168174744,0.0,1.7508890628814697
sage_subend_leak_dir_only,777,test,sUbend_022__f07,nan,nan,nan,nan,nan,nan,0.9973,0.9995549917221069,0.0,1.7093193531036377
sage_subend_leak_dir_only,777,test,sUbend_022__f08,nan,nan,nan,nan,nan,nan,0.9888,0.9996238350868225,0.0,1.571593999862671
sage_subend_leak_dir_only,777,test,sUbend_022__f09,nan,nan,nan,nan,nan,nan,0.9886,0.9995590448379517,0.0,1.7015162706375122
sage_subend_leak_dir_only,777,test,sUbend_022__f10,nan,nan,nan,nan,nan,nan,0.967,0.9995668530464172,0.0,1.6864399909973145
sage_subend_leak_dir_only,777,test,sUbend_022__f11,nan,nan,nan,nan,nan,nan,0.9525,0.9993818998336792,0.0,2.0146026611328125
sage_subend_leak_dir_only,777,test,sUbend_022__f12,nan,nan,nan,nan,nan,nan,0.9457,0.9991390705108643,0.0,2.377716541290283
sage_subend_leak_dir_only,777,test,sUbend_022__f13,nan,nan,nan,nan,nan,nan,0.9137,0.9988813400268555,0.0,2.710324764251709
sage_subend_leak_dir_only,777,test,sUbend_022__f14,nan,nan,nan,nan,nan,nan,0.8764,0.9985644817352295,0.0,3.0704243183135986
sage_subend_leak_dir_only,777,test,sUbend_022__f15,nan,nan,nan,nan,nan,nan,0.8477,0.9974596500396729,0.0,4.08487606048584
sage_subend_leak_dir_only,777,test,sUbend_022__f16,nan,nan,nan,nan,nan,nan,0.8567,0.99686598777771,0.0,4.537363052368164
sage_subend_leak_dir_only,777,test,sUbend_022__f17,nan,nan,nan,nan,nan,nan,0.8761,0.9965483546257019,0.0,4.761849403381348
sage_subend_leak_dir_only,777,test,sUbend_022__f18,nan,nan,nan,nan,nan,nan,0.8818,0.9966360926628113,0.0,4.700904846191406
sage_subend_leak_dir_only,777,test,sUbend_022__f19,nan,nan,nan,nan,nan,nan,0.8923,0.9968723058700562,0.0,4.53276252746582
sage_subend_leak_dir_only,777,test,sUbend_022__f20,nan,nan,nan,nan,nan,nan,0.8997,0.9971113204956055,0.0,4.356062889099121
sage_subend_leak_dir_only,777,test,sUbend_022__f21,nan,nan,nan,nan,nan,nan,0.8929,0.9969927668571472,0.0,4.444573402404785
sage_subend_leak_dir_only,777,test,sUbend_022__f22,nan,nan,nan,nan,nan,nan,0.8916,0.9965869188308716,0.0,4.7351789474487305
sage_subend_leak_dir_only,777,test,sUbend_022__f23,nan,nan,nan,nan,nan,nan,0.8715,0.9960267543792725,0.0,5.109215259552002
sage_subend_leak_dir_only,777,test,sUbend_022__f24,nan,nan,nan,nan,nan,nan,0.8423,0.9956637620925903,0.0,5.337682723999023
sage_subend_leak_dir_only,777,val,sUbend_016__f00,nan,nan,nan,nan,nan,nan,0.9638,0.9980978965759277,0.0,3.5344362258911133
sage_subend_leak_dir_only,777,val,sUbend_016__f01,nan,nan,nan,nan,nan,nan,0.9905,0.9984614849090576,0.0,3.1786298751831055
sage_subend_leak_dir_only,777,val,sUbend_016__f02,nan,nan,nan,nan,nan,nan,0.9967,0.9985784888267517,0.0,3.055372714996338
sage_subend_leak_dir_only,777,val,sUbend_016__f03,nan,nan,nan,nan,nan,nan,0.9989,0.9987758994102478,0.0,2.8352444171905518
sage_subend_leak_dir_only,777,val,sUbend_016__f04,nan,nan,nan,nan,nan,nan,0.9788,0.9983150362968445,0.0,3.3265485763549805
sage_subend_leak_dir_only,777,val,sUbend_016__f05,nan,nan,nan,nan,nan,nan,0.7371,0.9939022660255432,0.0348,6.330569267272949
sage_subend_leak_dir_only,777,val,sUbend_016__f06,nan,nan,nan,nan,nan,nan,0.9994,0.9991804361343384,0.0,2.319885730743408
sage_subend_leak_dir_only,777,val,sUbend_016__f07,nan,nan,nan,nan,nan,nan,0.9978,0.9993032813072205,0.0,2.1389050483703613
sage_subend_leak_dir_only,777,val,sUbend_016__f08,nan,nan,nan,nan,nan,nan,0.991,0.9992861747741699,0.0,2.165052890777588
sage_subend_leak_dir_only,777,val,sUbend_016__f09,nan,nan,nan,nan,nan,nan,0.9651,0.9990536570549011,0.0,2.492849826812744
sage_subend_leak_dir_only,777,val,sUbend_016__f10,nan,nan,nan,nan,nan,nan,0.9597,0.9989581108093262,0.0,2.6156888008117676
sage_subend_leak_dir_only,777,val,sUbend_016__f11,nan,nan,nan,nan,nan,nan,0.9612,0.9988884329795837,0.0,2.7017531394958496
sage_subend_leak_dir_only,777,val,sUbend_016__f12,nan,nan,nan,nan,nan,nan,0.9423,0.9985458850860596,0.0,3.0901894569396973
sage_subend_leak_dir_only,777,val,sUbend_016__f13,nan,nan,nan,nan,nan,nan,0.8696,0.9967870712280273,0.0,4.594142913818359
sage_subend_leak_dir_only,777,val,sUbend_016__f14,nan,nan,nan,nan,nan,nan,0.8175,0.9946726560592651,0.0,5.916787147521973
sage_subend_leak_dir_only,777,val,sUbend_016__f15,nan,nan,nan,nan,nan,nan,0.8103,0.9953242540359497,0.0,5.542859077453613
sage_subend_leak_dir_only,777,val,sUbend_016__f16,nan,nan,nan,nan,nan,nan,0.831,0.9969123601913452,0.0,4.503608703613281
sage_subend_leak_dir_only,777,val,sUbend_016__f17,nan,nan,nan,nan,nan,nan,0.82,0.9967254996299744,0.0,4.637978553771973
sage_subend_leak_dir_only,777,val,sUbend_016__f18,nan,nan,nan,nan,nan,nan,0.7855,0.9953327178955078,0.0,5.5378007888793945
sage_subend_leak_dir_only,777,val,sUbend_016__f19,nan,nan,nan,nan,nan,nan,0.7707,0.9944907426834106,0.0,6.017035007476807
sage_subend_leak_dir_only,777,val,sUbend_016__f20,nan,nan,nan,nan,nan,nan,0.7991,0.9950187802314758,0.0001,5.721183776855469
sage_subend_leak_dir_only,777,val,sUbend_016__f21,nan,nan,nan,nan,nan,nan,0.8378,0.9959741234779358,0.0,5.142966270446777
sage_subend_leak_dir_only,777,val,sUbend_016__f22,nan,nan,nan,nan,nan,nan,0.8656,0.9964999556541443,0.0,4.795138359069824
sage_subend_leak_dir_only,777,val,sUbend_016__f23,nan,nan,nan,nan,nan,nan,0.92,0.9973573684692383,0.0,4.166286468505859
sage_subend_leak_dir_only,777,val,sUbend_016__f24,nan,nan,nan,nan,nan,nan,0.9493,0.9977757930755615,0.0,3.8221068382263184
sage_subend_leak_dir_only,777,val,sUbend_019__f00,nan,nan,nan,nan,nan,nan,0.7545,0.9937015771865845,0.0,6.433994770050049
sage_subend_leak_dir_only,777,val,sUbend_019__f01,nan,nan,nan,nan,nan,nan,0.7686,0.9944496750831604,0.0,6.039456844329834
sage_subend_leak_dir_only,777,val,sUbend_019__f02,nan,nan,nan,nan,nan,nan,0.8318,0.9966191053390503,0.0,4.712765693664551
sage_subend_leak_dir_only,777,val,sUbend_019__f03,nan,nan,nan,nan,nan,nan,0.9316,0.998089075088501,0.0,3.542680263519287
sage_subend_leak_dir_only,777,val,sUbend_019__f04,nan,nan,nan,nan,nan,nan,0.9936,0.9987212419509888,0.0,2.8978984355926514
sage_subend_leak_dir_only,777,val,sUbend_019__f05,nan,nan,nan,nan,nan,nan,1.0,0.9992896318435669,0.0,2.1597580909729004
sage_subend_leak_dir_only,777,val,sUbend_019__f06,nan,nan,nan,nan,nan,nan,0.9983,0.9994961023330688,0.0,1.8189224004745483
sage_subend_leak_dir_only,777,val,sUbend_019__f07,nan,nan,nan,nan,nan,nan,0.994,0.9996062517166138,0.0,1.607968807220459
sage_subend_leak_dir_only,777,val,sUbend_019__f08,nan,nan,nan,nan,nan,nan,0.9844,0.9995743036270142,0.0,1.6718719005584717
sage_subend_leak_dir_only,777,val,sUbend_019__f09,nan,nan,nan,nan,nan,nan,0.982,0.9994974136352539,0.0,1.8165535926818848
sage_subend_leak_dir_only,777,val,sUbend_019__f10,nan,nan,nan,nan,nan,nan,0.9773,0.9993358850479126,0.0,2.0882067680358887
sage_subend_leak_dir_only,777,val,sUbend_019__f11,nan,nan,nan,nan,nan,nan,0.9682,0.9990942478179932,0.0,2.438793659210205
sage_subend_leak_dir_only,777,val,sUbend_019__f12,nan,nan,nan,nan,nan,nan,0.9384,0.9989450573921204,0.0,2.632026195526123
sage_subend_leak_dir_only,777,val,sUbend_019__f13,nan,nan,nan,nan,nan,nan,0.9217,0.9986809492111206,0.0,2.9432082176208496
sage_subend_leak_dir_only,777,val,sUbend_019__f14,nan,nan,nan,nan,nan,nan,0.919,0.9978104829788208,0.0,3.792224407196045
sage_subend_leak_dir_only,777,val,sUbend_019__f15,nan,nan,nan,nan,nan,nan,0.8636,0.9962146282196045,0.0,4.986861228942871
sage_subend_leak_dir_only,777,val,sUbend_019__f16,nan,nan,nan,nan,nan,nan,0.8309,0.9951446056365967,0.0,5.648403167724609
sage_subend_leak_dir_only,777,val,sUbend_019__f17,nan,nan,nan,nan,nan,nan,0.8047,0.994963526725769,0.0,5.7528533935546875
sage_subend_leak_dir_only,777,val,sUbend_019__f18,nan,nan,nan,nan,nan,nan,0.8059,0.9950999021530151,0.0,5.674385070800781
sage_subend_leak_dir_only,777,val,sUbend_019__f19,nan,nan,nan,nan,nan,nan,0.7989,0.9952300786972046,0.0,5.598443984985352
sage_subend_leak_dir_only,777,val,sUbend_019__f20,nan,nan,nan,nan,nan,nan,0.787,0.9945676326751709,0.0,5.974893569946289
sage_subend_leak_dir_only,777,val,sUbend_019__f21,nan,nan,nan,nan,nan,nan,0.7732,0.9941596984863281,0.0,6.195348262786865
sage_subend_leak_dir_only,777,val,sUbend_019__f22,nan,nan,nan,nan,nan,nan,0.7605,0.9938327670097351,0.0,6.366580963134766
sage_subend_leak_dir_only,777,val,sUbend_019__f23,nan,nan,nan,nan,nan,nan,0.7644,0.9934639930725098,0.0,6.554380893707275
sage_subend_leak_dir_only,777,val,sUbend_019__f24,nan,nan,nan,nan,nan,nan,0.7642,0.9935144186019897,0.0,6.528990745544434
sage_subend_leak_dir_only,777,val,sUbend_023__f00,nan,nan,nan,nan,nan,nan,0.6938,0.9921798706054688,0.0,7.170159816741943
sage_subend_leak_dir_only,777,val,sUbend_023__f01,nan,nan,nan,nan,nan,nan,0.6953,0.9914530515670776,0.0,7.496390342712402
sage_subend_leak_dir_only,777,val,sUbend_023__f02,nan,nan,nan,nan,nan,nan,0.7051,0.9916738271713257,0.0,7.398800849914551
sage_subend_leak_dir_only,777,val,sUbend_023__f03,nan,nan,nan,nan,nan,nan,0.7071,0.9919725060462952,0.0001,7.264714241027832
sage_subend_leak_dir_only,777,val,sUbend_023__f04,nan,nan,nan,nan,nan,nan,0.7868,0.9955047965049744,0.0,5.434694290161133
sage_subend_leak_dir_only,777,val,sUbend_023__f05,nan,nan,nan,nan,nan,nan,0.9689,0.9984863996505737,0.0,3.1528115272521973
sage_subend_leak_dir_only,777,val,sUbend_023__f06,nan,nan,nan,nan,nan,nan,0.9973,0.9988505840301514,0.0,2.7473387718200684
sage_subend_leak_dir_only,777,val,sUbend_023__f07,nan,nan,nan,nan,nan,nan,0.9995,0.9992985725402832,0.0,2.1461219787597656
sage_subend_leak_dir_only,777,val,sUbend_023__f08,nan,nan,nan,nan,nan,nan,0.9921,0.9993301630020142,0.0,2.097184896469116
sage_subend_leak_dir_only,777,val,sUbend_023__f09,nan,nan,nan,nan,nan,nan,0.9494,0.9988458156585693,0.0,2.753032684326172
sage_subend_leak_dir_only,777,val,sUbend_023__f10,nan,nan,nan,nan,nan,nan,0.9619,0.9988469481468201,0.0,2.7517168521881104
sage_subend_leak_dir_only,777,val,sUbend_023__f11,nan,nan,nan,nan,nan,nan,0.9727,0.9988745450973511,0.0,2.718581438064575
sage_subend_leak_dir_only,777,val,sUbend_023__f12,nan,nan,nan,nan,nan,nan,0.9798,0.9988017678260803,0.0,2.8051199913024902
sage_subend_leak_dir_only,777,val,sUbend_023__f13,nan,nan,nan,nan,nan,nan,0.981,0.9989452958106995,0.0,2.6317286491394043
sage_subend_leak_dir_only,777,val,sUbend_023__f14,nan,nan,nan,nan,nan,nan,0.971,0.9987636804580688,0.0,2.8493282794952393
sage_subend_leak_dir_only,777,val,sUbend_023__f15,nan,nan,nan,nan,nan,nan,0.93,0.9979612231254578,0.0,3.659285306930542
sage_subend_leak_dir_only,777,val,sUbend_023__f16,nan,nan,nan,nan,nan,nan,0.9029,0.9973557591438293,0.0,4.167579174041748
sage_subend_leak_dir_only,777,val,sUbend_023__f17,nan,nan,nan,nan,nan,nan,0.8811,0.9970511198043823,0.0,4.401240825653076
sage_subend_leak_dir_only,777,val,sUbend_023__f18,nan,nan,nan,nan,nan,nan,0.8532,0.9965546727180481,0.0,4.7574872970581055
sage_subend_leak_dir_only,777,val,sUbend_023__f19,nan,nan,nan,nan,nan,nan,0.8157,0.9961600303649902,0.0,5.022718906402588
sage_subend_leak_dir_only,777,val,sUbend_023__f20,nan,nan,nan,nan,nan,nan,0.7788,0.995154857635498,0.0,5.642450332641602
sage_subend_leak_dir_only,777,val,sUbend_023__f21,nan,nan,nan,nan,nan,nan,0.7376,0.9944154024124146,0.0,6.058075904846191
sage_subend_leak_dir_only,777,val,sUbend_023__f22,nan,nan,nan,nan,nan,nan,0.7187,0.9936205148696899,0.0,6.4753098487854
sage_subend_leak_dir_only,777,val,sUbend_023__f23,nan,nan,nan,nan,nan,nan,0.6876,0.9920654296875,0.0,7.222475051879883
sage_subend_leak_dir_only,777,val,sUbend_023__f24,nan,nan,nan,nan,nan,nan,0.6878,0.9920802116394043,0.0,7.215762615203857
sage_subend_leak_mag_only,1337,test,sUbend_012__f00,nan,nan,nan,nan,nan,nan,0.1734,0.8501338958740234,0.1474,31.773761749267578
sage_subend_leak_mag_only,1337,test,sUbend_012__f01,nan,nan,nan,nan,nan,nan,0.1516,0.79998379945755,0.1658,36.87144088745117
sage_subend_leak_mag_only,1337,test,sUbend_012__f02,nan,nan,nan,nan,nan,nan,0.0869,0.6727694272994995,0.2019,47.71882629394531
sage_subend_leak_mag_only,1337,test,sUbend_012__f03,nan,nan,nan,nan,nan,nan,0.0305,0.3993147909641266,0.3122,66.46464538574219
sage_subend_leak_mag_only,1337,test,sUbend_012__f04,nan,nan,nan,nan,nan,nan,0.0182,-0.09574390947818756,0.5421,95.494140625
sage_subend_leak_mag_only,1337,test,sUbend_012__f05,nan,nan,nan,nan,nan,nan,0.1256,0.7720458507537842,0.1704,39.4620361328125
sage_subend_leak_mag_only,1337,test,sUbend_012__f06,nan,nan,nan,nan,nan,nan,0.1804,0.785984456539154,0.3382,38.18817138671875
sage_subend_leak_mag_only,1337,test,sUbend_012__f07,nan,nan,nan,nan,nan,nan,0.1853,0.7939108610153198,0.2861,37.44749450683594
sage_subend_leak_mag_only,1337,test,sUbend_012__f08,nan,nan,nan,nan,nan,nan,0.2756,0.9141321182250977,0.2119,23.917217254638672
sage_subend_leak_mag_only,1337,test,sUbend_012__f09,nan,nan,nan,nan,nan,nan,0.2612,0.8796361684799194,0.1327,28.4014949798584
sage_subend_leak_mag_only,1337,test,sUbend_012__f10,nan,nan,nan,nan,nan,nan,0.2362,0.9208492040634155,0.0795,22.949447631835938
sage_subend_leak_mag_only,1337,test,sUbend_012__f11,nan,nan,nan,nan,nan,nan,0.2263,0.9417045712471008,0.051,19.660179138183594
sage_subend_leak_mag_only,1337,test,sUbend_012__f12,nan,nan,nan,nan,nan,nan,0.207,0.9329427480697632,0.0222,21.10171127319336
sage_subend_leak_mag_only,1337,test,sUbend_012__f13,nan,nan,nan,nan,nan,nan,0.1879,0.9115142822265625,0.0401,24.28453826904297
sage_subend_leak_mag_only,1337,test,sUbend_012__f14,nan,nan,nan,nan,nan,nan,0.134,0.9042540788650513,0.0883,25.276988983154297
sage_subend_leak_mag_only,1337,test,sUbend_012__f15,nan,nan,nan,nan,nan,nan,0.0872,0.830231785774231,0.1683,33.87744903564453
sage_subend_leak_mag_only,1337,test,sUbend_012__f16,nan,nan,nan,nan,nan,nan,0.0838,0.7337886095046997,0.1796,42.7950439453125
sage_subend_leak_mag_only,1337,test,sUbend_012__f17,nan,nan,nan,nan,nan,nan,0.1231,0.8073996305465698,0.0953,36.1573600769043
sage_subend_leak_mag_only,1337,test,sUbend_012__f18,nan,nan,nan,nan,nan,nan,0.1658,0.8739334940910339,0.0334,29.08099365234375
sage_subend_leak_mag_only,1337,test,sUbend_012__f19,nan,nan,nan,nan,nan,nan,0.1841,0.8270724415779114,0.0427,34.200828552246094
sage_subend_leak_mag_only,1337,test,sUbend_012__f20,nan,nan,nan,nan,nan,nan,0.1945,0.8097262382507324,0.058,35.93080520629883
sage_subend_leak_mag_only,1337,test,sUbend_012__f21,nan,nan,nan,nan,nan,nan,0.2041,0.8259304761886597,0.0719,34.317054748535156
sage_subend_leak_mag_only,1337,test,sUbend_012__f22,nan,nan,nan,nan,nan,nan,0.2003,0.8558580279350281,0.0908,31.145341873168945
sage_subend_leak_mag_only,1337,test,sUbend_012__f23,nan,nan,nan,nan,nan,nan,0.1873,0.8719125390052795,0.1139,29.318340301513672
sage_subend_leak_mag_only,1337,test,sUbend_012__f24,nan,nan,nan,nan,nan,nan,0.1742,0.8599880933761597,0.1373,30.68475341796875
sage_subend_leak_mag_only,1337,test,sUbend_021__f00,nan,nan,nan,nan,nan,nan,0.234,0.8155537247657776,0.3239,35.35784912109375
sage_subend_leak_mag_only,1337,test,sUbend_021__f01,nan,nan,nan,nan,nan,nan,0.236,0.8201839327812195,0.3187,34.896785736083984
sage_subend_leak_mag_only,1337,test,sUbend_021__f02,nan,nan,nan,nan,nan,nan,0.2246,0.8215887546539307,0.3241,34.755836486816406
sage_subend_leak_mag_only,1337,test,sUbend_021__f03,nan,nan,nan,nan,nan,nan,0.2408,0.8350875377655029,0.3144,33.37504577636719
sage_subend_leak_mag_only,1337,test,sUbend_021__f04,nan,nan,nan,nan,nan,nan,0.1487,0.7825545072555542,0.3289,38.50493621826172
sage_subend_leak_mag_only,1337,test,sUbend_021__f05,nan,nan,nan,nan,nan,nan,0.0925,0.43824243545532227,0.4147,64.00820922851562
sage_subend_leak_mag_only,1337,test,sUbend_021__f06,nan,nan,nan,nan,nan,nan,0.295,0.9434890747070312,0.2181,19.353986740112305
sage_subend_leak_mag_only,1337,test,sUbend_021__f07,nan,nan,nan,nan,nan,nan,0.2655,0.9131017327308655,0.1964,24.062429428100586
sage_subend_leak_mag_only,1337,test,sUbend_021__f08,nan,nan,nan,nan,nan,nan,0.2516,0.9193503856658936,0.192,23.168704986572266
sage_subend_leak_mag_only,1337,test,sUbend_021__f09,nan,nan,nan,nan,nan,nan,0.3207,0.950495719909668,0.1132,18.103689193725586
sage_subend_leak_mag_only,1337,test,sUbend_021__f10,nan,nan,nan,nan,nan,nan,0.332,0.9451059699058533,0.1012,19.072477340698242
sage_subend_leak_mag_only,1337,test,sUbend_021__f11,nan,nan,nan,nan,nan,nan,0.2953,0.9280006885528564,0.1121,21.87472152709961
sage_subend_leak_mag_only,1337,test,sUbend_021__f12,nan,nan,nan,nan,nan,nan,0.2967,0.9236242771148682,0.0629,22.538185119628906
sage_subend_leak_mag_only,1337,test,sUbend_021__f13,nan,nan,nan,nan,nan,nan,0.3467,0.9626882672309875,0.0556,15.700735092163086
sage_subend_leak_mag_only,1337,test,sUbend_021__f14,nan,nan,nan,nan,nan,nan,0.2788,0.9497228264808655,0.0795,18.245662689208984
sage_subend_leak_mag_only,1337,test,sUbend_021__f15,nan,nan,nan,nan,nan,nan,0.1893,0.8417009115219116,0.2599,32.67982864379883
sage_subend_leak_mag_only,1337,test,sUbend_021__f16,nan,nan,nan,nan,nan,nan,0.1184,0.6055116653442383,0.3841,52.73432540893555
sage_subend_leak_mag_only,1337,test,sUbend_021__f17,nan,nan,nan,nan,nan,nan,0.1014,0.5539522171020508,0.3907,56.361419677734375
sage_subend_leak_mag_only,1337,test,sUbend_021__f18,nan,nan,nan,nan,nan,nan,0.1262,0.6610020399093628,0.3475,48.6236572265625
sage_subend_leak_mag_only,1337,test,sUbend_021__f19,nan,nan,nan,nan,nan,nan,0.1438,0.7568517923355103,0.302,40.81255340576172
sage_subend_leak_mag_only,1337,test,sUbend_021__f20,nan,nan,nan,nan,nan,nan,0.1656,0.7890377044677734,0.2858,37.904319763183594
sage_subend_leak_mag_only,1337,test,sUbend_021__f21,nan,nan,nan,nan,nan,nan,0.1972,0.8253175020217896,0.2947,34.37929916381836
sage_subend_leak_mag_only,1337,test,sUbend_021__f22,nan,nan,nan,nan,nan,nan,0.2196,0.8114745616912842,0.3181,35.75975036621094
sage_subend_leak_mag_only,1337,test,sUbend_021__f23,nan,nan,nan,nan,nan,nan,0.232,0.8147292137145996,0.335,35.43939208984375
sage_subend_leak_mag_only,1337,test,sUbend_021__f24,nan,nan,nan,nan,nan,nan,0.2303,0.7934492826461792,0.3312,37.4909553527832
sage_subend_leak_mag_only,1337,test,sUbend_022__f00,nan,nan,nan,nan,nan,nan,0.0089,0.012613306753337383,0.4975,89.27728271484375
sage_subend_leak_mag_only,1337,test,sUbend_022__f01,nan,nan,nan,nan,nan,nan,0.0127,-0.17685645818710327,0.549,100.18670654296875
sage_subend_leak_mag_only,1337,test,sUbend_022__f02,nan,nan,nan,nan,nan,nan,0.0154,-0.12103825062513351,0.5366,96.9520263671875
sage_subend_leak_mag_only,1337,test,sUbend_022__f03,nan,nan,nan,nan,nan,nan,0.008,0.03839723765850067,0.4863,87.79945373535156
sage_subend_leak_mag_only,1337,test,sUbend_022__f04,nan,nan,nan,nan,nan,nan,0.1812,0.8418140411376953,0.2389,32.667823791503906
sage_subend_leak_mag_only,1337,test,sUbend_022__f05,nan,nan,nan,nan,nan,nan,0.2585,0.9067202806472778,0.1467,24.944011688232422
sage_subend_leak_mag_only,1337,test,sUbend_022__f06,nan,nan,nan,nan,nan,nan,0.2831,0.9198859333992004,0.1469,23.09058380126953
sage_subend_leak_mag_only,1337,test,sUbend_022__f07,nan,nan,nan,nan,nan,nan,0.3271,0.9486157894134521,0.1441,18.44717788696289
sage_subend_leak_mag_only,1337,test,sUbend_022__f08,nan,nan,nan,nan,nan,nan,0.3422,0.9676533937454224,0.1119,14.6126708984375
sage_subend_leak_mag_only,1337,test,sUbend_022__f09,nan,nan,nan,nan,nan,nan,0.319,0.9666661620140076,0.0786,14.835224151611328
sage_subend_leak_mag_only,1337,test,sUbend_022__f10,nan,nan,nan,nan,nan,nan,0.3342,0.9669100642204285,0.0711,14.78054428100586
sage_subend_leak_mag_only,1337,test,sUbend_022__f11,nan,nan,nan,nan,nan,nan,0.3393,0.9695574045181274,0.0572,14.173810005187988
sage_subend_leak_mag_only,1337,test,sUbend_022__f12,nan,nan,nan,nan,nan,nan,0.26,0.944453239440918,0.0742,19.186595916748047
sage_subend_leak_mag_only,1337,test,sUbend_022__f13,nan,nan,nan,nan,nan,nan,0.2098,0.9203037023544312,0.113,23.029476165771484
sage_subend_leak_mag_only,1337,test,sUbend_022__f14,nan,nan,nan,nan,nan,nan,0.1337,0.8286699056625366,0.2003,34.03765106201172
sage_subend_leak_mag_only,1337,test,sUbend_022__f15,nan,nan,nan,nan,nan,nan,0.0746,0.511669397354126,0.3544,59.224910736083984
sage_subend_leak_mag_only,1337,test,sUbend_022__f16,nan,nan,nan,nan,nan,nan,0.0598,0.23639532923698425,0.4429,76.32611083984375
sage_subend_leak_mag_only,1337,test,sUbend_022__f17,nan,nan,nan,nan,nan,nan,0.056,0.2082591950893402,0.4441,77.9796371459961
sage_subend_leak_mag_only,1337,test,sUbend_022__f18,nan,nan,nan,nan,nan,nan,0.0485,0.3565136194229126,0.4159,69.11376190185547
sage_subend_leak_mag_only,1337,test,sUbend_022__f19,nan,nan,nan,nan,nan,nan,0.0443,0.5432961583137512,0.3697,57.09169006347656
sage_subend_leak_mag_only,1337,test,sUbend_022__f20,nan,nan,nan,nan,nan,nan,0.0533,0.6039813756942749,0.3563,52.844417572021484
sage_subend_leak_mag_only,1337,test,sUbend_022__f21,nan,nan,nan,nan,nan,nan,0.0614,0.5429259538650513,0.3753,57.116943359375
sage_subend_leak_mag_only,1337,test,sUbend_022__f22,nan,nan,nan,nan,nan,nan,0.0642,0.45647287368774414,0.3949,62.84025955200195
sage_subend_leak_mag_only,1337,test,sUbend_022__f23,nan,nan,nan,nan,nan,nan,0.0371,0.27564382553100586,0.435,73.99961853027344
sage_subend_leak_mag_only,1337,test,sUbend_022__f24,nan,nan,nan,nan,nan,nan,0.0194,0.13307733833789825,0.4666,82.3525390625
sage_subend_leak_mag_only,1337,val,sUbend_016__f00,nan,nan,nan,nan,nan,nan,0.0877,0.47189950942993164,0.3791,61.84233093261719
sage_subend_leak_mag_only,1337,val,sUbend_016__f01,nan,nan,nan,nan,nan,nan,0.1333,0.7198264598846436,0.3267,43.959842681884766
sage_subend_leak_mag_only,1337,val,sUbend_016__f02,nan,nan,nan,nan,nan,nan,0.1543,0.7851614356040955,0.3144,38.26438903808594
sage_subend_leak_mag_only,1337,val,sUbend_016__f03,nan,nan,nan,nan,nan,nan,0.1704,0.8229884505271912,0.3046,34.61491775512695
sage_subend_leak_mag_only,1337,val,sUbend_016__f04,nan,nan,nan,nan,nan,nan,0.1449,0.7096332907676697,0.3548,44.79490661621094
sage_subend_leak_mag_only,1337,val,sUbend_016__f05,nan,nan,nan,nan,nan,nan,0.0165,0.08314508199691772,0.4779,85.23063659667969
sage_subend_leak_mag_only,1337,val,sUbend_016__f06,nan,nan,nan,nan,nan,nan,0.231,0.9089880585670471,0.2774,24.634117126464844
sage_subend_leak_mag_only,1337,val,sUbend_016__f07,nan,nan,nan,nan,nan,nan,0.261,0.9247782826423645,0.2334,22.36505126953125
sage_subend_leak_mag_only,1337,val,sUbend_016__f08,nan,nan,nan,nan,nan,nan,0.2814,0.9199972152709961,0.2021,23.07431983947754
sage_subend_leak_mag_only,1337,val,sUbend_016__f09,nan,nan,nan,nan,nan,nan,0.1982,0.8807538747787476,0.2709,28.266557693481445
sage_subend_leak_mag_only,1337,val,sUbend_016__f10,nan,nan,nan,nan,nan,nan,0.2361,0.924780011177063,0.1771,22.364797592163086
sage_subend_leak_mag_only,1337,val,sUbend_016__f11,nan,nan,nan,nan,nan,nan,0.2405,0.9412186741828918,0.1375,19.74276351928711
sage_subend_leak_mag_only,1337,val,sUbend_016__f12,nan,nan,nan,nan,nan,nan,0.1941,0.914887547492981,0.1696,23.81024169921875
sage_subend_leak_mag_only,1337,val,sUbend_016__f13,nan,nan,nan,nan,nan,nan,0.1058,0.6941254734992981,0.2523,46.04242706298828
sage_subend_leak_mag_only,1337,val,sUbend_016__f14,nan,nan,nan,nan,nan,nan,0.0357,0.3300933837890625,0.3958,70.72555541992188
sage_subend_leak_mag_only,1337,val,sUbend_016__f15,nan,nan,nan,nan,nan,nan,0.0347,0.31152546405792236,0.3805,71.84881591796875
sage_subend_leak_mag_only,1337,val,sUbend_016__f16,nan,nan,nan,nan,nan,nan,0.0494,0.34887757897377014,0.3656,69.5813217163086
sage_subend_leak_mag_only,1337,val,sUbend_016__f17,nan,nan,nan,nan,nan,nan,0.0432,0.15388813614845276,0.449,81.1476821899414
sage_subend_leak_mag_only,1337,val,sUbend_016__f18,nan,nan,nan,nan,nan,nan,0.0251,-0.04500283673405647,0.5158,92.579345703125
sage_subend_leak_mag_only,1337,val,sUbend_016__f19,nan,nan,nan,nan,nan,nan,0.0219,-0.20747236907482147,0.5717,101.97425842285156
sage_subend_leak_mag_only,1337,val,sUbend_016__f20,nan,nan,nan,nan,nan,nan,0.019,-0.2120656818151474,0.572,102.24342346191406
sage_subend_leak_mag_only,1337,val,sUbend_016__f21,nan,nan,nan,nan,nan,nan,0.0224,-0.0923152044415474,0.5327,95.29681396484375
sage_subend_leak_mag_only,1337,val,sUbend_016__f22,nan,nan,nan,nan,nan,nan,0.0201,0.011186270043253899,0.4964,89.35905456542969
sage_subend_leak_mag_only,1337,val,sUbend_016__f23,nan,nan,nan,nan,nan,nan,0.0374,0.160302996635437,0.4527,80.7755126953125
sage_subend_leak_mag_only,1337,val,sUbend_016__f24,nan,nan,nan,nan,nan,nan,0.0577,0.3056775629520416,0.4218,72.20106506347656
sage_subend_leak_mag_only,1337,val,sUbend_019__f00,nan,nan,nan,nan,nan,nan,0.0095,0.2940272092819214,0.3128,72.90078735351562
sage_subend_leak_mag_only,1337,val,sUbend_019__f01,nan,nan,nan,nan,nan,nan,0.05,0.3895062208175659,0.2592,67.07621765136719
sage_subend_leak_mag_only,1337,val,sUbend_019__f02,nan,nan,nan,nan,nan,nan,0.118,0.5552889108657837,0.189,56.269378662109375
sage_subend_leak_mag_only,1337,val,sUbend_019__f03,nan,nan,nan,nan,nan,nan,0.1777,0.741392970085144,0.186,42.1497802734375
sage_subend_leak_mag_only,1337,val,sUbend_019__f04,nan,nan,nan,nan,nan,nan,0.2363,0.894756555557251,0.1372,26.5228214263916
sage_subend_leak_mag_only,1337,val,sUbend_019__f05,nan,nan,nan,nan,nan,nan,0.2797,0.9356208443641663,0.0843,20.67131996154785
sage_subend_leak_mag_only,1337,val,sUbend_019__f06,nan,nan,nan,nan,nan,nan,0.301,0.9468947649002075,0.0633,18.756301879882812
sage_subend_leak_mag_only,1337,val,sUbend_019__f07,nan,nan,nan,nan,nan,nan,0.347,0.9617060422897339,0.0544,15.907381057739258
sage_subend_leak_mag_only,1337,val,sUbend_019__f08,nan,nan,nan,nan,nan,nan,0.3255,0.9595074653625488,0.0522,16.360694885253906
sage_subend_leak_mag_only,1337,val,sUbend_019__f09,nan,nan,nan,nan,nan,nan,0.364,0.9724507927894592,0.0417,13.480135917663574
sage_subend_leak_mag_only,1337,val,sUbend_019__f10,nan,nan,nan,nan,nan,nan,0.3888,0.9703232049942017,0.0469,13.99348258972168
sage_subend_leak_mag_only,1337,val,sUbend_019__f11,nan,nan,nan,nan,nan,nan,0.369,0.969071090221405,0.0474,14.287151336669922
sage_subend_leak_mag_only,1337,val,sUbend_019__f12,nan,nan,nan,nan,nan,nan,0.3585,0.9670677185058594,0.0395,14.74510383605957
sage_subend_leak_mag_only,1337,val,sUbend_019__f13,nan,nan,nan,nan,nan,nan,0.3004,0.9533901810646057,0.0232,17.562152862548828
sage_subend_leak_mag_only,1337,val,sUbend_019__f14,nan,nan,nan,nan,nan,nan,0.1568,0.8368139266967773,0.2075,33.19480895996094
sage_subend_leak_mag_only,1337,val,sUbend_019__f15,nan,nan,nan,nan,nan,nan,0.0563,0.17267753183841705,0.4343,80.05646514892578
sage_subend_leak_mag_only,1337,val,sUbend_019__f16,nan,nan,nan,nan,nan,nan,0.0252,0.07068526744842529,0.4697,85.9466552734375
sage_subend_leak_mag_only,1337,val,sUbend_019__f17,nan,nan,nan,nan,nan,nan,0.0174,0.12272433936595917,0.4516,82.95063781738281
sage_subend_leak_mag_only,1337,val,sUbend_019__f18,nan,nan,nan,nan,nan,nan,0.0204,0.26815491914749146,0.3657,74.44549560546875
sage_subend_leak_mag_only,1337,val,sUbend_019__f19,nan,nan,nan,nan,nan,nan,0.023,0.330488920211792,0.3099,70.70154571533203
sage_subend_leak_mag_only,1337,val,sUbend_019__f20,nan,nan,nan,nan,nan,nan,0.0186,0.2805512249469757,0.3205,73.70689392089844
sage_subend_leak_mag_only,1337,val,sUbend_019__f21,nan,nan,nan,nan,nan,nan,0.0102,0.23312842845916748,0.3606,76.5186767578125
sage_subend_leak_mag_only,1337,val,sUbend_019__f22,nan,nan,nan,nan,nan,nan,0.0058,0.16791635751724243,0.3899,80.33330535888672
sage_subend_leak_mag_only,1337,val,sUbend_019__f23,nan,nan,nan,nan,nan,nan,0.003,0.21124520897865295,0.3622,77.8046646118164
sage_subend_leak_mag_only,1337,val,sUbend_019__f24,nan,nan,nan,nan,nan,nan,0.0041,0.2521741986274719,0.3368,75.393798828125
sage_subend_leak_mag_only,1337,val,sUbend_023__f00,nan,nan,nan,nan,nan,nan,0.0151,0.16535721719264984,0.4352,80.48200988769531
sage_subend_leak_mag_only,1337,val,sUbend_023__f01,nan,nan,nan,nan,nan,nan,0.0034,0.08640143275260925,0.4577,85.04338073730469
sage_subend_leak_mag_only,1337,val,sUbend_023__f02,nan,nan,nan,nan,nan,nan,0.0041,0.06210201978683472,0.4655,86.43952178955078
sage_subend_leak_mag_only,1337,val,sUbend_023__f03,nan,nan,nan,nan,nan,nan,0.0026,0.011875338852405548,0.4914,89.319580078125
sage_subend_leak_mag_only,1337,val,sUbend_023__f04,nan,nan,nan,nan,nan,nan,0.0744,0.5950288772583008,0.2375,53.48530960083008
sage_subend_leak_mag_only,1337,val,sUbend_023__f05,nan,nan,nan,nan,nan,nan,0.1749,0.710166335105896,0.4057,44.751548767089844
sage_subend_leak_mag_only,1337,val,sUbend_023__f06,nan,nan,nan,nan,nan,nan,0.2099,0.8114846348762512,0.3529,35.758758544921875
sage_subend_leak_mag_only,1337,val,sUbend_023__f07,nan,nan,nan,nan,nan,nan,0.2686,0.9239367246627808,0.1988,22.49142837524414
sage_subend_leak_mag_only,1337,val,sUbend_023__f08,nan,nan,nan,nan,nan,nan,0.322,0.9514439105987549,0.1927,17.928037643432617
sage_subend_leak_mag_only,1337,val,sUbend_023__f09,nan,nan,nan,nan,nan,nan,0.2557,0.9257049560546875,0.1932,22.225101470947266
sage_subend_leak_mag_only,1337,val,sUbend_023__f10,nan,nan,nan,nan,nan,nan,0.2912,0.9406431913375854,0.1523,19.84014892578125
sage_subend_leak_mag_only,1337,val,sUbend_023__f11,nan,nan,nan,nan,nan,nan,0.2891,0.9383889436721802,0.1201,20.21725845336914
sage_subend_leak_mag_only,1337,val,sUbend_023__f12,nan,nan,nan,nan,nan,nan,0.3076,0.9283450841903687,0.1126,21.82170867919922
sage_subend_leak_mag_only,1337,val,sUbend_023__f13,nan,nan,nan,nan,nan,nan,0.2613,0.8935292959213257,0.1244,26.67984962463379
sage_subend_leak_mag_only,1337,val,sUbend_023__f14,nan,nan,nan,nan,nan,nan,0.1516,0.8223211765289307,0.1871,34.682167053222656
sage_subend_leak_mag_only,1337,val,sUbend_023__f15,nan,nan,nan,nan,nan,nan,0.0467,0.5166650414466858,0.3206,58.89118194580078
sage_subend_leak_mag_only,1337,val,sUbend_023__f16,nan,nan,nan,nan,nan,nan,0.0158,0.2673649489879608,0.4035,74.49247741699219
sage_subend_leak_mag_only,1337,val,sUbend_023__f17,nan,nan,nan,nan,nan,nan,0.0083,0.1332845389842987,0.4493,82.34056091308594
sage_subend_leak_mag_only,1337,val,sUbend_023__f18,nan,nan,nan,nan,nan,nan,0.0069,0.017295749858021736,0.4932,89.00897216796875
sage_subend_leak_mag_only,1337,val,sUbend_023__f19,nan,nan,nan,nan,nan,nan,0.0064,-0.017516931518912315,0.5073,91.00369262695312
sage_subend_leak_mag_only,1337,val,sUbend_023__f20,nan,nan,nan,nan,nan,nan,0.0111,0.011093690991401672,0.4951,89.36436462402344
sage_subend_leak_mag_only,1337,val,sUbend_023__f21,nan,nan,nan,nan,nan,nan,0.0062,0.08604258298873901,0.4493,85.06401824951172
sage_subend_leak_mag_only,1337,val,sUbend_023__f22,nan,nan,nan,nan,nan,nan,0.0119,0.1344308853149414,0.4326,82.27428436279297
sage_subend_leak_mag_only,1337,val,sUbend_023__f23,nan,nan,nan,nan,nan,nan,0.007,0.1724163293838501,0.4273,80.0716552734375
sage_subend_leak_mag_only,1337,val,sUbend_023__f24,nan,nan,nan,nan,nan,nan,0.0173,0.1631067544221878,0.4296,80.61273193359375
sage_subend_leak_mag_only,2026,test,sUbend_012__f00,nan,nan,nan,nan,nan,nan,0.1775,0.8324129581451416,0.1337,33.652584075927734
sage_subend_leak_mag_only,2026,test,sUbend_012__f01,nan,nan,nan,nan,nan,nan,0.1677,0.7866443395614624,0.1511,38.126983642578125
sage_subend_leak_mag_only,2026,test,sUbend_012__f02,nan,nan,nan,nan,nan,nan,0.1135,0.6675893664360046,0.1894,48.11871337890625
sage_subend_leak_mag_only,2026,test,sUbend_012__f03,nan,nan,nan,nan,nan,nan,0.0502,0.409770131111145,0.3014,65.80960083007812
sage_subend_leak_mag_only,2026,test,sUbend_012__f04,nan,nan,nan,nan,nan,nan,0.0165,-0.10460447520017624,0.5514,96.00437927246094
sage_subend_leak_mag_only,2026,test,sUbend_012__f05,nan,nan,nan,nan,nan,nan,0.129,0.7719550132751465,0.1858,39.4702262878418
sage_subend_leak_mag_only,2026,test,sUbend_012__f06,nan,nan,nan,nan,nan,nan,0.1808,0.720983624458313,0.3499,43.86425018310547
sage_subend_leak_mag_only,2026,test,sUbend_012__f07,nan,nan,nan,nan,nan,nan,0.1938,0.7857135534286499,0.2977,38.21327209472656
sage_subend_leak_mag_only,2026,test,sUbend_012__f08,nan,nan,nan,nan,nan,nan,0.2685,0.8952221274375916,0.2117,26.463024139404297
sage_subend_leak_mag_only,2026,test,sUbend_012__f09,nan,nan,nan,nan,nan,nan,0.2548,0.8784105777740479,0.1225,28.54877471923828
sage_subend_leak_mag_only,2026,test,sUbend_012__f10,nan,nan,nan,nan,nan,nan,0.2199,0.9068685173988342,0.0723,24.923870086669922
sage_subend_leak_mag_only,2026,test,sUbend_012__f11,nan,nan,nan,nan,nan,nan,0.1833,0.9208810329437256,0.0378,22.94477081298828
sage_subend_leak_mag_only,2026,test,sUbend_012__f12,nan,nan,nan,nan,nan,nan,0.1853,0.9127296209335327,0.023,24.114669799804688
sage_subend_leak_mag_only,2026,test,sUbend_012__f13,nan,nan,nan,nan,nan,nan,0.1624,0.8880254030227661,0.0451,27.373838424682617
sage_subend_leak_mag_only,2026,test,sUbend_012__f14,nan,nan,nan,nan,nan,nan,0.1352,0.8574515581130981,0.0863,30.968360900878906
sage_subend_leak_mag_only,2026,test,sUbend_012__f15,nan,nan,nan,nan,nan,nan,0.0947,0.7918620109558105,0.1827,37.640132904052734
sage_subend_leak_mag_only,2026,test,sUbend_012__f16,nan,nan,nan,nan,nan,nan,0.0826,0.7273761630058289,0.2,43.33312225341797
sage_subend_leak_mag_only,2026,test,sUbend_012__f17,nan,nan,nan,nan,nan,nan,0.1151,0.7997949123382568,0.1068,36.88947296142578
sage_subend_leak_mag_only,2026,test,sUbend_012__f18,nan,nan,nan,nan,nan,nan,0.1497,0.8449863791465759,0.0338,32.32952117919922
sage_subend_leak_mag_only,2026,test,sUbend_012__f19,nan,nan,nan,nan,nan,nan,0.1661,0.7997603416442871,0.0324,36.89277648925781
sage_subend_leak_mag_only,2026,test,sUbend_012__f20,nan,nan,nan,nan,nan,nan,0.1862,0.7834538817405701,0.0454,38.422088623046875
sage_subend_leak_mag_only,2026,test,sUbend_012__f21,nan,nan,nan,nan,nan,nan,0.2003,0.8003732562065125,0.0686,36.83423614501953
sage_subend_leak_mag_only,2026,test,sUbend_012__f22,nan,nan,nan,nan,nan,nan,0.1964,0.8241509199142456,0.0857,34.49749755859375
sage_subend_leak_mag_only,2026,test,sUbend_012__f23,nan,nan,nan,nan,nan,nan,0.1846,0.8411900997161865,0.1088,32.73399353027344
sage_subend_leak_mag_only,2026,test,sUbend_012__f24,nan,nan,nan,nan,nan,nan,0.1783,0.8407431840896606,0.1271,32.78131103515625
sage_subend_leak_mag_only,2026,test,sUbend_021__f00,nan,nan,nan,nan,nan,nan,0.2044,0.8028072118759155,0.301,36.60098648071289
sage_subend_leak_mag_only,2026,test,sUbend_021__f01,nan,nan,nan,nan,nan,nan,0.2028,0.8122313022613525,0.2891,35.685482025146484
sage_subend_leak_mag_only,2026,test,sUbend_021__f02,nan,nan,nan,nan,nan,nan,0.2003,0.8131098747253418,0.2919,35.599098205566406
sage_subend_leak_mag_only,2026,test,sUbend_021__f03,nan,nan,nan,nan,nan,nan,0.2059,0.8405530452728271,0.282,32.801422119140625
sage_subend_leak_mag_only,2026,test,sUbend_021__f04,nan,nan,nan,nan,nan,nan,0.1201,0.7149991393089294,0.3179,44.35687255859375
sage_subend_leak_mag_only,2026,test,sUbend_021__f05,nan,nan,nan,nan,nan,nan,0.052,0.4459044933319092,0.3994,63.51877975463867
sage_subend_leak_mag_only,2026,test,sUbend_021__f06,nan,nan,nan,nan,nan,nan,0.2292,0.9266127347946167,0.1894,22.08719253540039
sage_subend_leak_mag_only,2026,test,sUbend_021__f07,nan,nan,nan,nan,nan,nan,0.2447,0.9019597172737122,0.1949,25.583126068115234
sage_subend_leak_mag_only,2026,test,sUbend_021__f08,nan,nan,nan,nan,nan,nan,0.2396,0.9185916185379028,0.19,23.27895736694336
sage_subend_leak_mag_only,2026,test,sUbend_021__f09,nan,nan,nan,nan,nan,nan,0.2965,0.9451205730438232,0.0971,19.06991958618164
sage_subend_leak_mag_only,2026,test,sUbend_021__f10,nan,nan,nan,nan,nan,nan,0.2878,0.935951828956604,0.0828,20.617536544799805
sage_subend_leak_mag_only,2026,test,sUbend_021__f11,nan,nan,nan,nan,nan,nan,0.2496,0.8915121555328369,0.0866,26.936113357543945
sage_subend_leak_mag_only,2026,test,sUbend_021__f12,nan,nan,nan,nan,nan,nan,0.2424,0.905427098274231,0.0488,25.119129180908203
sage_subend_leak_mag_only,2026,test,sUbend_021__f13,nan,nan,nan,nan,nan,nan,0.2255,0.9259731769561768,0.0446,22.18444061279297
sage_subend_leak_mag_only,2026,test,sUbend_021__f14,nan,nan,nan,nan,nan,nan,0.1836,0.9052515029907227,0.0682,25.14281463623047
sage_subend_leak_mag_only,2026,test,sUbend_021__f15,nan,nan,nan,nan,nan,nan,0.1119,0.7759354114532471,0.242,39.110076904296875
sage_subend_leak_mag_only,2026,test,sUbend_021__f16,nan,nan,nan,nan,nan,nan,0.0606,0.5392419099807739,0.3722,57.36794662475586
sage_subend_leak_mag_only,2026,test,sUbend_021__f17,nan,nan,nan,nan,nan,nan,0.041,0.46566301584243774,0.3811,62.246856689453125
sage_subend_leak_mag_only,2026,test,sUbend_021__f18,nan,nan,nan,nan,nan,nan,0.0584,0.5805778503417969,0.3422,54.50880432128906
sage_subend_leak_mag_only,2026,test,sUbend_021__f19,nan,nan,nan,nan,nan,nan,0.1164,0.684889554977417,0.2991,46.77307891845703
sage_subend_leak_mag_only,2026,test,sUbend_021__f20,nan,nan,nan,nan,nan,nan,0.1469,0.7359670400619507,0.2851,42.61100769042969
sage_subend_leak_mag_only,2026,test,sUbend_021__f21,nan,nan,nan,nan,nan,nan,0.1773,0.7767982482910156,0.2873,39.031639099121094
sage_subend_leak_mag_only,2026,test,sUbend_021__f22,nan,nan,nan,nan,nan,nan,0.2029,0.7882219552993774,0.308,37.9803352355957
sage_subend_leak_mag_only,2026,test,sUbend_021__f23,nan,nan,nan,nan,nan,nan,0.2067,0.7940629720687866,0.3173,37.43315124511719
sage_subend_leak_mag_only,2026,test,sUbend_021__f24,nan,nan,nan,nan,nan,nan,0.2053,0.7846973538398743,0.3121,38.30730056762695
sage_subend_leak_mag_only,2026,test,sUbend_022__f00,nan,nan,nan,nan,nan,nan,0.0091,0.006947281304746866,0.4978,89.60194396972656
sage_subend_leak_mag_only,2026,test,sUbend_022__f01,nan,nan,nan,nan,nan,nan,0.0105,-0.15801073610782623,0.5464,99.09144592285156
sage_subend_leak_mag_only,2026,test,sUbend_022__f02,nan,nan,nan,nan,nan,nan,0.0093,-0.10331027209758759,0.534,95.92982482910156
sage_subend_leak_mag_only,2026,test,sUbend_022__f03,nan,nan,nan,nan,nan,nan,0.0047,0.06483303755521774,0.4763,86.28273010253906
sage_subend_leak_mag_only,2026,test,sUbend_022__f04,nan,nan,nan,nan,nan,nan,0.1914,0.820828378200531,0.2262,34.832191467285156
sage_subend_leak_mag_only,2026,test,sUbend_022__f05,nan,nan,nan,nan,nan,nan,0.2582,0.8851969838142395,0.1264,27.724225997924805
sage_subend_leak_mag_only,2026,test,sUbend_022__f06,nan,nan,nan,nan,nan,nan,0.2748,0.9049080610275269,0.1324,25.189098358154297
sage_subend_leak_mag_only,2026,test,sUbend_022__f07,nan,nan,nan,nan,nan,nan,0.3141,0.932350754737854,0.1356,21.19573211669922
sage_subend_leak_mag_only,2026,test,sUbend_022__f08,nan,nan,nan,nan,nan,nan,0.2914,0.9571919441223145,0.1032,16.825260162353516
sage_subend_leak_mag_only,2026,test,sUbend_022__f09,nan,nan,nan,nan,nan,nan,0.2972,0.963005542755127,0.0711,15.633414268493652
sage_subend_leak_mag_only,2026,test,sUbend_022__f10,nan,nan,nan,nan,nan,nan,0.3246,0.9662405252456665,0.0632,14.930180549621582
sage_subend_leak_mag_only,2026,test,sUbend_022__f11,nan,nan,nan,nan,nan,nan,0.2985,0.9664268493652344,0.0512,14.888687133789062
sage_subend_leak_mag_only,2026,test,sUbend_022__f12,nan,nan,nan,nan,nan,nan,0.2527,0.9422763586044312,0.066,19.562580108642578
sage_subend_leak_mag_only,2026,test,sUbend_022__f13,nan,nan,nan,nan,nan,nan,0.2193,0.9263509511947632,0.1068,22.12704086303711
sage_subend_leak_mag_only,2026,test,sUbend_022__f14,nan,nan,nan,nan,nan,nan,0.158,0.8291630148887634,0.1956,33.987144470214844
sage_subend_leak_mag_only,2026,test,sUbend_022__f15,nan,nan,nan,nan,nan,nan,0.0794,0.5440884232521057,0.3613,57.03760528564453
sage_subend_leak_mag_only,2026,test,sUbend_022__f16,nan,nan,nan,nan,nan,nan,0.0613,0.2826661765575409,0.4415,73.58060455322266
sage_subend_leak_mag_only,2026,test,sUbend_022__f17,nan,nan,nan,nan,nan,nan,0.0502,0.25469833612442017,0.4452,75.2442855834961
sage_subend_leak_mag_only,2026,test,sUbend_022__f18,nan,nan,nan,nan,nan,nan,0.0493,0.38407742977142334,0.4089,67.41351318359375
sage_subend_leak_mag_only,2026,test,sUbend_022__f19,nan,nan,nan,nan,nan,nan,0.0483,0.5012156963348389,0.363,59.919532775878906
sage_subend_leak_mag_only,2026,test,sUbend_022__f20,nan,nan,nan,nan,nan,nan,0.0577,0.573246955871582,0.3522,55.023033142089844
sage_subend_leak_mag_only,2026,test,sUbend_022__f21,nan,nan,nan,nan,nan,nan,0.0638,0.5350388288497925,0.3709,57.65345001220703
sage_subend_leak_mag_only,2026,test,sUbend_022__f22,nan,nan,nan,nan,nan,nan,0.0623,0.4493313431739807,0.394,63.29920959472656
sage_subend_leak_mag_only,2026,test,sUbend_022__f23,nan,nan,nan,nan,nan,nan,0.0371,0.2629346549510956,0.4259,74.7557373046875
sage_subend_leak_mag_only,2026,test,sUbend_022__f24,nan,nan,nan,nan,nan,nan,0.0183,0.14737433195114136,0.4596,81.52519989013672
sage_subend_leak_mag_only,2026,val,sUbend_016__f00,nan,nan,nan,nan,nan,nan,0.0835,0.49915000796318054,0.3511,60.056217193603516
sage_subend_leak_mag_only,2026,val,sUbend_016__f01,nan,nan,nan,nan,nan,nan,0.1178,0.6850355863571167,0.3005,46.76158905029297
sage_subend_leak_mag_only,2026,val,sUbend_016__f02,nan,nan,nan,nan,nan,nan,0.1366,0.7436769008636475,0.2863,41.95442199707031
sage_subend_leak_mag_only,2026,val,sUbend_016__f03,nan,nan,nan,nan,nan,nan,0.1567,0.7915185689926147,0.277,37.67234802246094
sage_subend_leak_mag_only,2026,val,sUbend_016__f04,nan,nan,nan,nan,nan,nan,0.1381,0.681715190410614,0.3266,47.022178649902344
sage_subend_leak_mag_only,2026,val,sUbend_016__f05,nan,nan,nan,nan,nan,nan,0.0165,-0.026496194303035736,0.5057,91.51829528808594
sage_subend_leak_mag_only,2026,val,sUbend_016__f06,nan,nan,nan,nan,nan,nan,0.1947,0.8665677309036255,0.2462,29.937793731689453
sage_subend_leak_mag_only,2026,val,sUbend_016__f07,nan,nan,nan,nan,nan,nan,0.2552,0.9160580635070801,0.2217,23.643558502197266
sage_subend_leak_mag_only,2026,val,sUbend_016__f08,nan,nan,nan,nan,nan,nan,0.2528,0.89360511302948,0.1933,26.67017364501953
sage_subend_leak_mag_only,2026,val,sUbend_016__f09,nan,nan,nan,nan,nan,nan,0.192,0.8824664950370789,0.2563,28.058658599853516
sage_subend_leak_mag_only,2026,val,sUbend_016__f10,nan,nan,nan,nan,nan,nan,0.211,0.9025613069534302,0.1651,25.503185272216797
sage_subend_leak_mag_only,2026,val,sUbend_016__f11,nan,nan,nan,nan,nan,nan,0.2067,0.9278128147125244,0.1297,21.90359878540039
sage_subend_leak_mag_only,2026,val,sUbend_016__f12,nan,nan,nan,nan,nan,nan,0.1707,0.9076231718063354,0.1613,24.821063995361328
sage_subend_leak_mag_only,2026,val,sUbend_016__f13,nan,nan,nan,nan,nan,nan,0.1074,0.6978424787521362,0.2412,45.74583435058594
sage_subend_leak_mag_only,2026,val,sUbend_016__f14,nan,nan,nan,nan,nan,nan,0.0415,0.3477118909358978,0.3901,69.6525650024414
sage_subend_leak_mag_only,2026,val,sUbend_016__f15,nan,nan,nan,nan,nan,nan,0.0398,0.32572150230407715,0.3784,70.99070739746094
sage_subend_leak_mag_only,2026,val,sUbend_016__f16,nan,nan,nan,nan,nan,nan,0.057,0.34759706258773804,0.361,69.65959167480469
sage_subend_leak_mag_only,2026,val,sUbend_016__f17,nan,nan,nan,nan,nan,nan,0.0448,0.1592109203338623,0.4421,80.83889770507812
sage_subend_leak_mag_only,2026,val,sUbend_016__f18,nan,nan,nan,nan,nan,nan,0.0227,-0.041708704084157944,0.5143,92.39042663574219
sage_subend_leak_mag_only,2026,val,sUbend_016__f19,nan,nan,nan,nan,nan,nan,0.0149,-0.23576289415359497,0.5822,103.6365966796875
sage_subend_leak_mag_only,2026,val,sUbend_016__f20,nan,nan,nan,nan,nan,nan,0.0147,-0.24423480033874512,0.587,104.13661193847656
sage_subend_leak_mag_only,2026,val,sUbend_016__f21,nan,nan,nan,nan,nan,nan,0.0165,-0.12396693229675293,0.5413,97.12109375
sage_subend_leak_mag_only,2026,val,sUbend_016__f22,nan,nan,nan,nan,nan,nan,0.0173,-0.02704519033432007,0.5075,91.54975891113281
sage_subend_leak_mag_only,2026,val,sUbend_016__f23,nan,nan,nan,nan,nan,nan,0.0406,0.21613025665283203,0.439,77.51815795898438
sage_subend_leak_mag_only,2026,val,sUbend_016__f24,nan,nan,nan,nan,nan,nan,0.0654,0.36727648973464966,0.3955,68.4522476196289
sage_subend_leak_mag_only,2026,val,sUbend_019__f00,nan,nan,nan,nan,nan,nan,0.008,0.33411210775375366,0.3,70.4814453125
sage_subend_leak_mag_only,2026,val,sUbend_019__f01,nan,nan,nan,nan,nan,nan,0.048,0.43059730529785156,0.2587,64.49452209472656
sage_subend_leak_mag_only,2026,val,sUbend_019__f02,nan,nan,nan,nan,nan,nan,0.1188,0.6185253858566284,0.1991,51.79146957397461
sage_subend_leak_mag_only,2026,val,sUbend_019__f03,nan,nan,nan,nan,nan,nan,0.1755,0.7883016467094421,0.1723,37.97291564941406
sage_subend_leak_mag_only,2026,val,sUbend_019__f04,nan,nan,nan,nan,nan,nan,0.2313,0.9128166437149048,0.1233,24.102462768554688
sage_subend_leak_mag_only,2026,val,sUbend_019__f05,nan,nan,nan,nan,nan,nan,0.2507,0.9341168403625488,0.0819,20.914073944091797
sage_subend_leak_mag_only,2026,val,sUbend_019__f06,nan,nan,nan,nan,nan,nan,0.2908,0.9474630355834961,0.0636,18.654781341552734
sage_subend_leak_mag_only,2026,val,sUbend_019__f07,nan,nan,nan,nan,nan,nan,0.366,0.9600592255592346,0.0546,16.24808120727539
sage_subend_leak_mag_only,2026,val,sUbend_019__f08,nan,nan,nan,nan,nan,nan,0.3389,0.953277051448822,0.0518,17.583621978759766
sage_subend_leak_mag_only,2026,val,sUbend_019__f09,nan,nan,nan,nan,nan,nan,0.4139,0.9743781089782715,0.0424,12.997949600219727
sage_subend_leak_mag_only,2026,val,sUbend_019__f10,nan,nan,nan,nan,nan,nan,0.4021,0.9711479544639587,0.0483,13.796712875366211
sage_subend_leak_mag_only,2026,val,sUbend_019__f11,nan,nan,nan,nan,nan,nan,0.3768,0.9700822830200195,0.0488,14.050455093383789
sage_subend_leak_mag_only,2026,val,sUbend_019__f12,nan,nan,nan,nan,nan,nan,0.3549,0.9659854769706726,0.0409,14.98678970336914
sage_subend_leak_mag_only,2026,val,sUbend_019__f13,nan,nan,nan,nan,nan,nan,0.3035,0.9546782970428467,0.0191,17.315887451171875
sage_subend_leak_mag_only,2026,val,sUbend_019__f14,nan,nan,nan,nan,nan,nan,0.153,0.8395711779594421,0.1892,32.90513610839844
sage_subend_leak_mag_only,2026,val,sUbend_019__f15,nan,nan,nan,nan,nan,nan,0.0534,0.22227934002876282,0.4068,77.15705108642578
sage_subend_leak_mag_only,2026,val,sUbend_019__f16,nan,nan,nan,nan,nan,nan,0.021,0.12119270116090775,0.4552,83.0390625
sage_subend_leak_mag_only,2026,val,sUbend_019__f17,nan,nan,nan,nan,nan,nan,0.0224,0.1715013086795807,0.422,80.1248779296875
sage_subend_leak_mag_only,2026,val,sUbend_019__f18,nan,nan,nan,nan,nan,nan,0.0198,0.3134337067604065,0.3469,71.73371887207031
sage_subend_leak_mag_only,2026,val,sUbend_019__f19,nan,nan,nan,nan,nan,nan,0.0182,0.3812396228313446,0.2948,67.58950805664062
sage_subend_leak_mag_only,2026,val,sUbend_019__f20,nan,nan,nan,nan,nan,nan,0.0147,0.335830956697464,0.3036,70.37692260742188
sage_subend_leak_mag_only,2026,val,sUbend_019__f21,nan,nan,nan,nan,nan,nan,0.0073,0.27298545837402344,0.3437,74.15799713134766
sage_subend_leak_mag_only,2026,val,sUbend_019__f22,nan,nan,nan,nan,nan,nan,0.0049,0.22628432512283325,0.3687,76.92158508300781
sage_subend_leak_mag_only,2026,val,sUbend_019__f23,nan,nan,nan,nan,nan,nan,0.0024,0.2657555937767029,0.3501,74.58814239501953
sage_subend_leak_mag_only,2026,val,sUbend_019__f24,nan,nan,nan,nan,nan,nan,0.0051,0.2910512685775757,0.3255,73.07908630371094
sage_subend_leak_mag_only,2026,val,sUbend_023__f00,nan,nan,nan,nan,nan,nan,0.0119,0.1502613127231598,0.4379,81.35792541503906
sage_subend_leak_mag_only,2026,val,sUbend_023__f01,nan,nan,nan,nan,nan,nan,0.0045,0.06999003887176514,0.4645,85.98658752441406
sage_subend_leak_mag_only,2026,val,sUbend_023__f02,nan,nan,nan,nan,nan,nan,0.0031,0.0527898371219635,0.4719,86.97396087646484
sage_subend_leak_mag_only,2026,val,sUbend_023__f03,nan,nan,nan,nan,nan,nan,0.0024,0.020529508590698242,0.4879,88.82366180419922
sage_subend_leak_mag_only,2026,val,sUbend_023__f04,nan,nan,nan,nan,nan,nan,0.0753,0.6225480437278748,0.2373,51.49755096435547
sage_subend_leak_mag_only,2026,val,sUbend_023__f05,nan,nan,nan,nan,nan,nan,0.1636,0.6929398775100708,0.3624,46.13671875
sage_subend_leak_mag_only,2026,val,sUbend_023__f06,nan,nan,nan,nan,nan,nan,0.1908,0.8121947050094604,0.3088,35.68907928466797
sage_subend_leak_mag_only,2026,val,sUbend_023__f07,nan,nan,nan,nan,nan,nan,0.2425,0.9201028347015381,0.1907,23.058876037597656
sage_subend_leak_mag_only,2026,val,sUbend_023__f08,nan,nan,nan,nan,nan,nan,0.307,0.9400843977928162,0.1888,19.934263229370117
sage_subend_leak_mag_only,2026,val,sUbend_023__f09,nan,nan,nan,nan,nan,nan,0.2471,0.8994200229644775,0.195,25.918058395385742
sage_subend_leak_mag_only,2026,val,sUbend_023__f10,nan,nan,nan,nan,nan,nan,0.2555,0.9252582788467407,0.1534,22.292667388916016
sage_subend_leak_mag_only,2026,val,sUbend_023__f11,nan,nan,nan,nan,nan,nan,0.2625,0.9175233840942383,0.1129,23.433330535888672
sage_subend_leak_mag_only,2026,val,sUbend_023__f12,nan,nan,nan,nan,nan,nan,0.259,0.8995445966720581,0.1013,25.901723861694336
sage_subend_leak_mag_only,2026,val,sUbend_023__f13,nan,nan,nan,nan,nan,nan,0.2061,0.8408520817756653,0.1134,32.76979064941406
sage_subend_leak_mag_only,2026,val,sUbend_023__f14,nan,nan,nan,nan,nan,nan,0.1029,0.7917729616165161,0.1763,37.648494720458984
sage_subend_leak_mag_only,2026,val,sUbend_023__f15,nan,nan,nan,nan,nan,nan,0.0327,0.5554011464118958,0.306,56.26165008544922
sage_subend_leak_mag_only,2026,val,sUbend_023__f16,nan,nan,nan,nan,nan,nan,0.0102,0.31441667675971985,0.3878,71.67439270019531
sage_subend_leak_mag_only,2026,val,sUbend_023__f17,nan,nan,nan,nan,nan,nan,0.0065,0.17353005707263947,0.4311,80.00686645507812
sage_subend_leak_mag_only,2026,val,sUbend_023__f18,nan,nan,nan,nan,nan,nan,0.0055,0.06756894290447235,0.4789,86.12562561035156
sage_subend_leak_mag_only,2026,val,sUbend_023__f19,nan,nan,nan,nan,nan,nan,0.009,0.039563246071338654,0.4847,87.73259735107422
sage_subend_leak_mag_only,2026,val,sUbend_023__f20,nan,nan,nan,nan,nan,nan,0.0096,0.012518368661403656,0.4931,89.28273010253906
sage_subend_leak_mag_only,2026,val,sUbend_023__f21,nan,nan,nan,nan,nan,nan,0.0152,0.09327355027198792,0.4557,84.64804077148438
sage_subend_leak_mag_only,2026,val,sUbend_023__f22,nan,nan,nan,nan,nan,nan,0.0139,0.14666880667209625,0.4304,81.56607055664062
sage_subend_leak_mag_only,2026,val,sUbend_023__f23,nan,nan,nan,nan,nan,nan,0.0113,0.15766263008117676,0.4294,80.92874145507812
sage_subend_leak_mag_only,2026,val,sUbend_023__f24,nan,nan,nan,nan,nan,nan,0.0157,0.1469348669052124,0.428,81.5506591796875
sage_subend_leak_mag_only,777,test,sUbend_012__f00,nan,nan,nan,nan,nan,nan,0.1969,0.7941064834594727,0.1186,37.42905044555664
sage_subend_leak_mag_only,777,test,sUbend_012__f01,nan,nan,nan,nan,nan,nan,0.1844,0.756393313407898,0.1261,40.85272979736328
sage_subend_leak_mag_only,777,test,sUbend_012__f02,nan,nan,nan,nan,nan,nan,0.1455,0.6400760412216187,0.1707,50.2025032043457
sage_subend_leak_mag_only,777,test,sUbend_012__f03,nan,nan,nan,nan,nan,nan,0.061,0.4522501230239868,0.2704,63.111854553222656
sage_subend_leak_mag_only,777,test,sUbend_012__f04,nan,nan,nan,nan,nan,nan,0.0186,-0.012872652150690556,0.5043,90.73756408691406
sage_subend_leak_mag_only,777,test,sUbend_012__f05,nan,nan,nan,nan,nan,nan,0.1397,0.8131569623947144,0.1799,35.594459533691406
sage_subend_leak_mag_only,777,test,sUbend_012__f06,nan,nan,nan,nan,nan,nan,0.2033,0.8377273678779602,0.2992,33.099090576171875
sage_subend_leak_mag_only,777,test,sUbend_012__f07,nan,nan,nan,nan,nan,nan,0.2554,0.8615281581878662,0.2681,30.51139259338379
sage_subend_leak_mag_only,777,test,sUbend_012__f08,nan,nan,nan,nan,nan,nan,0.2944,0.9132440090179443,0.1864,24.04242706298828
sage_subend_leak_mag_only,777,test,sUbend_012__f09,nan,nan,nan,nan,nan,nan,0.2609,0.8993281126022339,0.086,25.93010902404785
sage_subend_leak_mag_only,777,test,sUbend_012__f10,nan,nan,nan,nan,nan,nan,0.2327,0.9200175404548645,0.0465,23.071352005004883
sage_subend_leak_mag_only,777,test,sUbend_012__f11,nan,nan,nan,nan,nan,nan,0.228,0.9284271001815796,0.0215,21.80905532836914
sage_subend_leak_mag_only,777,test,sUbend_012__f12,nan,nan,nan,nan,nan,nan,0.2252,0.9221577644348145,0.0747,22.756393432617188
sage_subend_leak_mag_only,777,test,sUbend_012__f13,nan,nan,nan,nan,nan,nan,0.1949,0.9016313552856445,0.1164,25.626663208007812
sage_subend_leak_mag_only,777,test,sUbend_012__f14,nan,nan,nan,nan,nan,nan,0.1588,0.8572229743003845,0.1835,30.993804931640625
sage_subend_leak_mag_only,777,test,sUbend_012__f15,nan,nan,nan,nan,nan,nan,0.1001,0.7160114645957947,0.2982,44.27384567260742
sage_subend_leak_mag_only,777,test,sUbend_012__f16,nan,nan,nan,nan,nan,nan,0.0774,0.632632315158844,0.2973,50.75539779663086
sage_subend_leak_mag_only,777,test,sUbend_012__f17,nan,nan,nan,nan,nan,nan,0.1084,0.749120831489563,0.1888,41.4857177734375
sage_subend_leak_mag_only,777,test,sUbend_012__f18,nan,nan,nan,nan,nan,nan,0.1492,0.8675481677055359,0.1033,29.82503890991211
sage_subend_leak_mag_only,777,test,sUbend_012__f19,nan,nan,nan,nan,nan,nan,0.1864,0.8767683506011963,0.0341,28.745044708251953
sage_subend_leak_mag_only,777,test,sUbend_012__f20,nan,nan,nan,nan,nan,nan,0.2068,0.8569333553314209,0.0377,31.026016235351562
sage_subend_leak_mag_only,777,test,sUbend_012__f21,nan,nan,nan,nan,nan,nan,0.2141,0.8434469699859619,0.0663,32.49407958984375
sage_subend_leak_mag_only,777,test,sUbend_012__f22,nan,nan,nan,nan,nan,nan,0.2158,0.8436101675033569,0.0855,32.47666931152344
sage_subend_leak_mag_only,777,test,sUbend_012__f23,nan,nan,nan,nan,nan,nan,0.2118,0.8410345315933228,0.1027,32.75046920776367
sage_subend_leak_mag_only,777,test,sUbend_012__f24,nan,nan,nan,nan,nan,nan,0.2024,0.8162034153938293,0.1156,35.29347229003906
sage_subend_leak_mag_only,777,test,sUbend_021__f00,nan,nan,nan,nan,nan,nan,0.2234,0.8427398800849915,0.3521,32.56941223144531
sage_subend_leak_mag_only,777,test,sUbend_021__f01,nan,nan,nan,nan,nan,nan,0.2201,0.8167555332183838,0.3366,35.23868179321289
sage_subend_leak_mag_only,777,test,sUbend_021__f02,nan,nan,nan,nan,nan,nan,0.2083,0.7946143746376038,0.3261,37.38114929199219
sage_subend_leak_mag_only,777,test,sUbend_021__f03,nan,nan,nan,nan,nan,nan,0.212,0.7950361967086792,0.3079,37.3413200378418
sage_subend_leak_mag_only,777,test,sUbend_021__f04,nan,nan,nan,nan,nan,nan,0.1212,0.7145506143569946,0.3231,44.39361572265625
sage_subend_leak_mag_only,777,test,sUbend_021__f05,nan,nan,nan,nan,nan,nan,0.0549,0.29059964418411255,0.4305,73.10614013671875
sage_subend_leak_mag_only,777,test,sUbend_021__f06,nan,nan,nan,nan,nan,nan,0.2253,0.9034297466278076,0.2441,25.38738250732422
sage_subend_leak_mag_only,777,test,sUbend_021__f07,nan,nan,nan,nan,nan,nan,0.2507,0.9101234674453735,0.151,24.477577209472656
sage_subend_leak_mag_only,777,test,sUbend_021__f08,nan,nan,nan,nan,nan,nan,0.2539,0.9285649061203003,0.1481,21.787799835205078
sage_subend_leak_mag_only,777,test,sUbend_021__f09,nan,nan,nan,nan,nan,nan,0.2982,0.9506634473800659,0.0558,18.072742462158203
sage_subend_leak_mag_only,777,test,sUbend_021__f10,nan,nan,nan,nan,nan,nan,0.3018,0.9539902806282043,0.038,17.447843551635742
sage_subend_leak_mag_only,777,test,sUbend_021__f11,nan,nan,nan,nan,nan,nan,0.2941,0.9509274363517761,0.0364,18.02391815185547
sage_subend_leak_mag_only,777,test,sUbend_021__f12,nan,nan,nan,nan,nan,nan,0.3334,0.9676099419593811,0.0175,14.622535705566406
sage_subend_leak_mag_only,777,test,sUbend_021__f13,nan,nan,nan,nan,nan,nan,0.2853,0.9572123289108276,0.0204,16.821224212646484
sage_subend_leak_mag_only,777,test,sUbend_021__f14,nan,nan,nan,nan,nan,nan,0.1987,0.9344596862792969,0.1461,20.858970642089844
sage_subend_leak_mag_only,777,test,sUbend_021__f15,nan,nan,nan,nan,nan,nan,0.1275,0.838725209236145,0.2968,32.99424743652344
sage_subend_leak_mag_only,777,test,sUbend_021__f16,nan,nan,nan,nan,nan,nan,0.077,0.5964007377624512,0.3843,53.387447357177734
sage_subend_leak_mag_only,777,test,sUbend_021__f17,nan,nan,nan,nan,nan,nan,0.048,0.541469931602478,0.3843,57.21623992919922
sage_subend_leak_mag_only,777,test,sUbend_021__f18,nan,nan,nan,nan,nan,nan,0.0622,0.6403000354766846,0.3569,50.1858024597168
sage_subend_leak_mag_only,777,test,sUbend_021__f19,nan,nan,nan,nan,nan,nan,0.1074,0.759192943572998,0.331,40.60689163208008
sage_subend_leak_mag_only,777,test,sUbend_021__f20,nan,nan,nan,nan,nan,nan,0.1335,0.8217151761054993,0.3149,34.743141174316406
sage_subend_leak_mag_only,777,test,sUbend_021__f21,nan,nan,nan,nan,nan,nan,0.1836,0.8565022945404053,0.3294,31.073898315429688
sage_subend_leak_mag_only,777,test,sUbend_021__f22,nan,nan,nan,nan,nan,nan,0.226,0.874474048614502,0.3591,29.017200469970703
sage_subend_leak_mag_only,777,test,sUbend_021__f23,nan,nan,nan,nan,nan,nan,0.2418,0.8857841491699219,0.3712,27.65182113647461
sage_subend_leak_mag_only,777,test,sUbend_021__f24,nan,nan,nan,nan,nan,nan,0.2351,0.8811148405075073,0.3618,28.222862243652344
sage_subend_leak_mag_only,777,test,sUbend_022__f00,nan,nan,nan,nan,nan,nan,0.0064,-0.04539167508482933,0.5162,92.60163879394531
sage_subend_leak_mag_only,777,test,sUbend_022__f01,nan,nan,nan,nan,nan,nan,0.0089,-0.23649293184280396,0.5814,103.67964172363281
sage_subend_leak_mag_only,777,test,sUbend_022__f02,nan,nan,nan,nan,nan,nan,0.0096,-0.19107919931411743,0.5689,101.0157699584961
sage_subend_leak_mag_only,777,test,sUbend_022__f03,nan,nan,nan,nan,nan,nan,0.0061,-0.029423728585243225,0.5101,91.68609619140625
sage_subend_leak_mag_only,777,test,sUbend_022__f04,nan,nan,nan,nan,nan,nan,0.1794,0.8199892044067383,0.2405,34.916290283203125
sage_subend_leak_mag_only,777,test,sUbend_022__f05,nan,nan,nan,nan,nan,nan,0.2495,0.9272763729095459,0.1618,21.985843658447266
sage_subend_leak_mag_only,777,test,sUbend_022__f06,nan,nan,nan,nan,nan,nan,0.3012,0.9458645582199097,0.1665,18.939010620117188
sage_subend_leak_mag_only,777,test,sUbend_022__f07,nan,nan,nan,nan,nan,nan,0.363,0.9602643251419067,0.1605,16.20602798461914
sage_subend_leak_mag_only,777,test,sUbend_022__f08,nan,nan,nan,nan,nan,nan,0.3716,0.9715408682823181,0.127,13.701995849609375
sage_subend_leak_mag_only,777,test,sUbend_022__f09,nan,nan,nan,nan,nan,nan,0.3875,0.9736232757568359,0.0961,13.188860893249512
sage_subend_leak_mag_only,777,test,sUbend_022__f10,nan,nan,nan,nan,nan,nan,0.4196,0.9771761894226074,0.0802,12.264827728271484
sage_subend_leak_mag_only,777,test,sUbend_022__f11,nan,nan,nan,nan,nan,nan,0.3839,0.9715449810028076,0.0629,13.700994491577148
sage_subend_leak_mag_only,777,test,sUbend_022__f12,nan,nan,nan,nan,nan,nan,0.3098,0.9380037784576416,0.061,20.28101921081543
sage_subend_leak_mag_only,777,test,sUbend_022__f13,nan,nan,nan,nan,nan,nan,0.2608,0.9011824131011963,0.0931,25.686073303222656
sage_subend_leak_mag_only,777,test,sUbend_022__f14,nan,nan,nan,nan,nan,nan,0.1649,0.7715379595756531,0.1773,39.50779724121094
sage_subend_leak_mag_only,777,test,sUbend_022__f15,nan,nan,nan,nan,nan,nan,0.0796,0.4186888337135315,0.3582,65.24816131591797
sage_subend_leak_mag_only,777,test,sUbend_022__f16,nan,nan,nan,nan,nan,nan,0.0608,0.24130979180335999,0.428,76.0361328125
sage_subend_leak_mag_only,777,test,sUbend_022__f17,nan,nan,nan,nan,nan,nan,0.0451,0.16349564492702484,0.4401,80.59014129638672
sage_subend_leak_mag_only,777,test,sUbend_022__f18,nan,nan,nan,nan,nan,nan,0.0415,0.26651886105537415,0.4127,74.54277801513672
sage_subend_leak_mag_only,777,test,sUbend_022__f19,nan,nan,nan,nan,nan,nan,0.0362,0.41400134563446045,0.3613,65.54354858398438
sage_subend_leak_mag_only,777,test,sUbend_022__f20,nan,nan,nan,nan,nan,nan,0.0486,0.481494665145874,0.3477,61.21693420410156
sage_subend_leak_mag_only,777,test,sUbend_022__f21,nan,nan,nan,nan,nan,nan,0.0508,0.43757832050323486,0.3638,64.05052947998047
sage_subend_leak_mag_only,777,test,sUbend_022__f22,nan,nan,nan,nan,nan,nan,0.0494,0.3668723702430725,0.3888,68.47714233398438
sage_subend_leak_mag_only,777,test,sUbend_022__f23,nan,nan,nan,nan,nan,nan,0.0312,0.22849807143211365,0.4307,76.79133605957031
sage_subend_leak_mag_only,777,test,sUbend_022__f24,nan,nan,nan,nan,nan,nan,0.0135,0.07333265244960785,0.476,85.79457092285156
sage_subend_leak_mag_only,777,val,sUbend_016__f00,nan,nan,nan,nan,nan,nan,0.1027,0.6135674118995667,0.3182,52.152099609375
sage_subend_leak_mag_only,777,val,sUbend_016__f01,nan,nan,nan,nan,nan,nan,0.1427,0.7604857683181763,0.2761,40.492950439453125
sage_subend_leak_mag_only,777,val,sUbend_016__f02,nan,nan,nan,nan,nan,nan,0.1653,0.8046144247055054,0.2641,36.426963806152344
sage_subend_leak_mag_only,777,val,sUbend_016__f03,nan,nan,nan,nan,nan,nan,0.1819,0.8251079320907593,0.2589,34.40056228637695
sage_subend_leak_mag_only,777,val,sUbend_016__f04,nan,nan,nan,nan,nan,nan,0.1602,0.7179359197616577,0.2999,44.11566925048828
sage_subend_leak_mag_only,777,val,sUbend_016__f05,nan,nan,nan,nan,nan,nan,0.0176,-0.1172957569360733,0.5294,96.73605346679688
sage_subend_leak_mag_only,777,val,sUbend_016__f06,nan,nan,nan,nan,nan,nan,0.195,0.8859111070632935,0.1899,27.63614273071289
sage_subend_leak_mag_only,777,val,sUbend_016__f07,nan,nan,nan,nan,nan,nan,0.2683,0.9326618909835815,0.1426,21.1463623046875
sage_subend_leak_mag_only,777,val,sUbend_016__f08,nan,nan,nan,nan,nan,nan,0.267,0.9157503843307495,0.1433,23.687480926513672
sage_subend_leak_mag_only,777,val,sUbend_016__f09,nan,nan,nan,nan,nan,nan,0.2771,0.9184812307357788,0.1638,23.29494857788086
sage_subend_leak_mag_only,777,val,sUbend_016__f10,nan,nan,nan,nan,nan,nan,0.2786,0.9267171621322632,0.1089,22.07126808166504
sage_subend_leak_mag_only,777,val,sUbend_016__f11,nan,nan,nan,nan,nan,nan,0.2497,0.9407923817634583,0.1009,19.814943313598633
sage_subend_leak_mag_only,777,val,sUbend_016__f12,nan,nan,nan,nan,nan,nan,0.2094,0.9091682434082031,0.1287,24.60934066772461
sage_subend_leak_mag_only,777,val,sUbend_016__f13,nan,nan,nan,nan,nan,nan,0.1301,0.7167491912841797,0.223,44.21326446533203
sage_subend_leak_mag_only,777,val,sUbend_016__f14,nan,nan,nan,nan,nan,nan,0.0538,0.40439361333847046,0.3815,66.14686584472656
sage_subend_leak_mag_only,777,val,sUbend_016__f15,nan,nan,nan,nan,nan,nan,0.0496,0.4394271969795227,0.3342,63.93266296386719
sage_subend_leak_mag_only,777,val,sUbend_016__f16,nan,nan,nan,nan,nan,nan,0.0632,0.5006511211395264,0.3043,59.956905364990234
sage_subend_leak_mag_only,777,val,sUbend_016__f17,nan,nan,nan,nan,nan,nan,0.0534,0.3458624482154846,0.3784,69.76554870605469
sage_subend_leak_mag_only,777,val,sUbend_016__f18,nan,nan,nan,nan,nan,nan,0.0294,0.0963340550661087,0.4684,84.47189331054688
sage_subend_leak_mag_only,777,val,sUbend_016__f19,nan,nan,nan,nan,nan,nan,0.0215,-0.18838980793952942,0.5602,100.85882568359375
sage_subend_leak_mag_only,777,val,sUbend_016__f20,nan,nan,nan,nan,nan,nan,0.0189,-0.20120689272880554,0.5669,101.6075439453125
sage_subend_leak_mag_only,777,val,sUbend_016__f21,nan,nan,nan,nan,nan,nan,0.0206,-0.06676749885082245,0.5173,93.82833862304688
sage_subend_leak_mag_only,777,val,sUbend_016__f22,nan,nan,nan,nan,nan,nan,0.0206,0.06101590767502785,0.4818,86.50186920166016
sage_subend_leak_mag_only,777,val,sUbend_016__f23,nan,nan,nan,nan,nan,nan,0.0465,0.3204401433467865,0.4056,71.31045532226562
sage_subend_leak_mag_only,777,val,sUbend_016__f24,nan,nan,nan,nan,nan,nan,0.0765,0.46811267733573914,0.3687,62.088134765625
sage_subend_leak_mag_only,777,val,sUbend_019__f00,nan,nan,nan,nan,nan,nan,0.006,0.24594010412693024,0.3687,75.7625961303711
sage_subend_leak_mag_only,777,val,sUbend_019__f01,nan,nan,nan,nan,nan,nan,0.0442,0.374980628490448,0.3088,67.97688293457031
sage_subend_leak_mag_only,777,val,sUbend_019__f02,nan,nan,nan,nan,nan,nan,0.1115,0.5694448947906494,0.2484,55.28846740722656
sage_subend_leak_mag_only,777,val,sUbend_019__f03,nan,nan,nan,nan,nan,nan,0.1648,0.7463153600692749,0.208,41.72779083251953
sage_subend_leak_mag_only,777,val,sUbend_019__f04,nan,nan,nan,nan,nan,nan,0.2231,0.9145423769950867,0.1688,23.859176635742188
sage_subend_leak_mag_only,777,val,sUbend_019__f05,nan,nan,nan,nan,nan,nan,0.2517,0.9507913589477539,0.1278,18.049102783203125
sage_subend_leak_mag_only,777,val,sUbend_019__f06,nan,nan,nan,nan,nan,nan,0.3278,0.9626218676567078,0.0941,15.714788436889648
sage_subend_leak_mag_only,777,val,sUbend_019__f07,nan,nan,nan,nan,nan,nan,0.3984,0.9715878963470459,0.0779,13.690607070922852
sage_subend_leak_mag_only,777,val,sUbend_019__f08,nan,nan,nan,nan,nan,nan,0.3672,0.964629054069519,0.0575,15.284441947937012
sage_subend_leak_mag_only,777,val,sUbend_019__f09,nan,nan,nan,nan,nan,nan,0.4392,0.9791668057441711,0.0498,11.715812683105469
sage_subend_leak_mag_only,777,val,sUbend_019__f10,nan,nan,nan,nan,nan,nan,0.3984,0.9720261096954346,0.0536,13.584125518798828
sage_subend_leak_mag_only,777,val,sUbend_019__f11,nan,nan,nan,nan,nan,nan,0.3701,0.9733552932739258,0.0545,13.2559814453125
sage_subend_leak_mag_only,777,val,sUbend_019__f12,nan,nan,nan,nan,nan,nan,0.3375,0.9691025614738464,0.0491,14.2798433303833
sage_subend_leak_mag_only,777,val,sUbend_019__f13,nan,nan,nan,nan,nan,nan,0.2522,0.9447531700134277,0.026,19.13425064086914
sage_subend_leak_mag_only,777,val,sUbend_019__f14,nan,nan,nan,nan,nan,nan,0.1272,0.7762341499328613,0.2098,39.08293914794922
sage_subend_leak_mag_only,777,val,sUbend_019__f15,nan,nan,nan,nan,nan,nan,0.04,0.11620056629180908,0.4497,83.32711791992188
sage_subend_leak_mag_only,777,val,sUbend_019__f16,nan,nan,nan,nan,nan,nan,0.0154,0.04593928903341293,0.4747,87.366943359375
sage_subend_leak_mag_only,777,val,sUbend_019__f17,nan,nan,nan,nan,nan,nan,0.0139,0.07306638360023499,0.4656,85.80986785888672
sage_subend_leak_mag_only,777,val,sUbend_019__f18,nan,nan,nan,nan,nan,nan,0.0142,0.18651928007602692,0.3953,79.25027465820312
sage_subend_leak_mag_only,777,val,sUbend_019__f19,nan,nan,nan,nan,nan,nan,0.0104,0.24045932292938232,0.3503,76.08634948730469
sage_subend_leak_mag_only,777,val,sUbend_019__f20,nan,nan,nan,nan,nan,nan,0.0085,0.21204382181167603,0.3787,77.75784301757812
sage_subend_leak_mag_only,777,val,sUbend_019__f21,nan,nan,nan,nan,nan,nan,0.0066,0.13748157024383545,0.4107,82.09785461425781
sage_subend_leak_mag_only,777,val,sUbend_019__f22,nan,nan,nan,nan,nan,nan,0.0041,0.09385405480861664,0.4396,84.61463928222656
sage_subend_leak_mag_only,777,val,sUbend_019__f23,nan,nan,nan,nan,nan,nan,0.0033,0.12393507361412048,0.4255,82.8807373046875
sage_subend_leak_mag_only,777,val,sUbend_019__f24,nan,nan,nan,nan,nan,nan,0.0036,0.1762503832578659,0.3989,79.84857177734375
sage_subend_leak_mag_only,777,val,sUbend_023__f00,nan,nan,nan,nan,nan,nan,0.0075,0.21035490930080414,0.416,77.85684967041016
sage_subend_leak_mag_only,777,val,sUbend_023__f01,nan,nan,nan,nan,nan,nan,0.0028,0.10445930063724518,0.4446,84.00398254394531
sage_subend_leak_mag_only,777,val,sUbend_023__f02,nan,nan,nan,nan,nan,nan,0.0016,0.08320192992687225,0.4521,85.22735595703125
sage_subend_leak_mag_only,777,val,sUbend_023__f03,nan,nan,nan,nan,nan,nan,0.001,0.030879709869623184,0.4787,88.23043823242188
sage_subend_leak_mag_only,777,val,sUbend_023__f04,nan,nan,nan,nan,nan,nan,0.0611,0.6043955087661743,0.2292,52.81464385986328
sage_subend_leak_mag_only,777,val,sUbend_023__f05,nan,nan,nan,nan,nan,nan,0.1815,0.8561769723892212,0.2614,31.109989166259766
sage_subend_leak_mag_only,777,val,sUbend_023__f06,nan,nan,nan,nan,nan,nan,0.2148,0.9018721580505371,0.2953,25.594738006591797
sage_subend_leak_mag_only,777,val,sUbend_023__f07,nan,nan,nan,nan,nan,nan,0.2766,0.9446998238563538,0.1592,19.14356803894043
sage_subend_leak_mag_only,777,val,sUbend_023__f08,nan,nan,nan,nan,nan,nan,0.3198,0.9471592307090759,0.1319,18.70911407470703
sage_subend_leak_mag_only,777,val,sUbend_023__f09,nan,nan,nan,nan,nan,nan,0.1921,0.928229570388794,0.1416,21.83950424194336
sage_subend_leak_mag_only,777,val,sUbend_023__f10,nan,nan,nan,nan,nan,nan,0.2181,0.9441497921943665,0.0966,19.23943519592285
sage_subend_leak_mag_only,777,val,sUbend_023__f11,nan,nan,nan,nan,nan,nan,0.227,0.9389520287513733,0.0643,20.123695373535156
sage_subend_leak_mag_only,777,val,sUbend_023__f12,nan,nan,nan,nan,nan,nan,0.2295,0.935509443283081,0.0468,20.68939208984375
sage_subend_leak_mag_only,777,val,sUbend_023__f13,nan,nan,nan,nan,nan,nan,0.1792,0.9225711822509766,0.0662,22.695087432861328
sage_subend_leak_mag_only,777,val,sUbend_023__f14,nan,nan,nan,nan,nan,nan,0.1058,0.8892237544059753,0.1385,27.22413444519043
sage_subend_leak_mag_only,777,val,sUbend_023__f15,nan,nan,nan,nan,nan,nan,0.0478,0.7033921480178833,0.3048,45.30020523071289
sage_subend_leak_mag_only,777,val,sUbend_023__f16,nan,nan,nan,nan,nan,nan,0.0207,0.4695972204208374,0.3784,61.991844177246094
sage_subend_leak_mag_only,777,val,sUbend_023__f17,nan,nan,nan,nan,nan,nan,0.0156,0.34885650873184204,0.4028,69.58261108398438
sage_subend_leak_mag_only,777,val,sUbend_023__f18,nan,nan,nan,nan,nan,nan,0.0185,0.22976520657539368,0.434,76.71675109863281
sage_subend_leak_mag_only,777,val,sUbend_023__f19,nan,nan,nan,nan,nan,nan,0.0175,0.22199806571006775,0.4233,77.173583984375
sage_subend_leak_mag_only,777,val,sUbend_023__f20,nan,nan,nan,nan,nan,nan,0.0171,0.22930480539798737,0.4226,76.74385070800781
sage_subend_leak_mag_only,777,val,sUbend_023__f21,nan,nan,nan,nan,nan,nan,0.0115,0.26344096660614014,0.3974,74.72566223144531
sage_subend_leak_mag_only,777,val,sUbend_023__f22,nan,nan,nan,nan,nan,nan,0.0106,0.3247496783733368,0.3783,71.04959106445312
sage_subend_leak_mag_only,777,val,sUbend_023__f23,nan,nan,nan,nan,nan,nan,0.0074,0.25735241174697876,0.4025,75.08697509765625
sage_subend_leak_mag_only,777,val,sUbend_023__f24,nan,nan,nan,nan,nan,nan,0.0126,0.2308131903409958,0.401,76.65504455566406
sage_subend_noleak,1337,test,sUbend_012__f00,nan,nan,nan,nan,nan,nan,0.1657,0.8473573327064514,0.1309,32.074607849121094
sage_subend_noleak,1337,test,sUbend_012__f01,nan,nan,nan,nan,nan,nan,0.1435,0.8058013916015625,0.1548,36.312278747558594
sage_subend_noleak,1337,test,sUbend_012__f02,nan,nan,nan,nan,nan,nan,0.0867,0.6615349054336548,0.217,48.58295822143555
sage_subend_noleak,1337,test,sUbend_012__f03,nan,nan,nan,nan,nan,nan,0.0374,0.37443631887435913,0.3597,68.01051330566406
sage_subend_noleak,1337,test,sUbend_012__f04,nan,nan,nan,nan,nan,nan,0.011,-0.13090521097183228,0.5556,97.52190399169922
sage_subend_noleak,1337,test,sUbend_012__f05,nan,nan,nan,nan,nan,nan,0.1086,0.6918048858642578,0.2175,46.226844787597656
sage_subend_noleak,1337,test,sUbend_012__f06,nan,nan,nan,nan,nan,nan,0.2653,0.9483566880226135,0.0171,18.494033813476562
sage_subend_noleak,1337,test,sUbend_012__f07,nan,nan,nan,nan,nan,nan,0.2385,0.9485315084457397,0.0378,18.46242904663086
sage_subend_noleak,1337,test,sUbend_012__f08,nan,nan,nan,nan,nan,nan,0.2808,0.9326908588409424,0.1107,21.141769409179688
sage_subend_noleak,1337,test,sUbend_012__f09,nan,nan,nan,nan,nan,nan,0.2204,0.8703026175498962,0.1539,29.506174087524414
sage_subend_noleak,1337,test,sUbend_012__f10,nan,nan,nan,nan,nan,nan,0.1868,0.8230550289154053,0.1088,34.60820007324219
sage_subend_noleak,1337,test,sUbend_012__f11,nan,nan,nan,nan,nan,nan,0.1693,0.8737764954566956,0.0651,29.09949493408203
sage_subend_noleak,1337,test,sUbend_012__f12,nan,nan,nan,nan,nan,nan,0.1511,0.8793827295303345,0.0159,28.432003021240234
sage_subend_noleak,1337,test,sUbend_012__f13,nan,nan,nan,nan,nan,nan,0.1366,0.8338066339492798,0.0271,33.508209228515625
sage_subend_noleak,1337,test,sUbend_012__f14,nan,nan,nan,nan,nan,nan,0.0968,0.7811272740364075,0.085,38.63609313964844
sage_subend_noleak,1337,test,sUbend_012__f15,nan,nan,nan,nan,nan,nan,0.0605,0.7227181196212769,0.1321,43.72064208984375
sage_subend_noleak,1337,test,sUbend_012__f16,nan,nan,nan,nan,nan,nan,0.0592,0.7092708349227905,0.1334,44.824378967285156
sage_subend_noleak,1337,test,sUbend_012__f17,nan,nan,nan,nan,nan,nan,0.0986,0.7390914559364319,0.0594,42.345916748046875
sage_subend_noleak,1337,test,sUbend_012__f18,nan,nan,nan,nan,nan,nan,0.1397,0.7962772846221924,0.0096,37.22393035888672
sage_subend_noleak,1337,test,sUbend_012__f19,nan,nan,nan,nan,nan,nan,0.1745,0.8326218128204346,0.0032,33.630985260009766
sage_subend_noleak,1337,test,sUbend_012__f20,nan,nan,nan,nan,nan,nan,0.1989,0.8424720764160156,0.0251,32.59790802001953
sage_subend_noleak,1337,test,sUbend_012__f21,nan,nan,nan,nan,nan,nan,0.2083,0.8672130107879639,0.0569,29.86362075805664
sage_subend_noleak,1337,test,sUbend_012__f22,nan,nan,nan,nan,nan,nan,0.2032,0.8729466199874878,0.0836,29.197120666503906
sage_subend_noleak,1337,test,sUbend_012__f23,nan,nan,nan,nan,nan,nan,0.187,0.8822223544120789,0.1018,28.088380813598633
sage_subend_noleak,1337,test,sUbend_012__f24,nan,nan,nan,nan,nan,nan,0.1695,0.8794167041778564,0.1136,28.427913665771484
sage_subend_noleak,1337,test,sUbend_021__f00,nan,nan,nan,nan,nan,nan,0.2243,0.7191996574401855,0.3528,44.011558532714844
sage_subend_noleak,1337,test,sUbend_021__f01,nan,nan,nan,nan,nan,nan,0.2315,0.7535936832427979,0.3579,41.097354888916016
sage_subend_noleak,1337,test,sUbend_021__f02,nan,nan,nan,nan,nan,nan,0.2239,0.7496581077575684,0.3724,41.439231872558594
sage_subend_noleak,1337,test,sUbend_021__f03,nan,nan,nan,nan,nan,nan,0.2241,0.7739851474761963,0.3685,39.286865234375
sage_subend_noleak,1337,test,sUbend_021__f04,nan,nan,nan,nan,nan,nan,0.1276,0.4520244002342224,0.4395,63.12635040283203
sage_subend_noleak,1337,test,sUbend_021__f05,nan,nan,nan,nan,nan,nan,0.0804,-0.21052908897399902,0.5493,102.15335845947266
sage_subend_noleak,1337,test,sUbend_021__f06,nan,nan,nan,nan,nan,nan,0.2687,0.9101977348327637,0.2947,24.467308044433594
sage_subend_noleak,1337,test,sUbend_021__f07,nan,nan,nan,nan,nan,nan,0.2744,0.9114246368408203,0.115,24.297027587890625
sage_subend_noleak,1337,test,sUbend_021__f08,nan,nan,nan,nan,nan,nan,0.2589,0.936706006526947,0.1087,20.494464874267578
sage_subend_noleak,1337,test,sUbend_021__f09,nan,nan,nan,nan,nan,nan,0.2667,0.9382599592208862,0.1121,20.23863983154297
sage_subend_noleak,1337,test,sUbend_021__f10,nan,nan,nan,nan,nan,nan,0.2719,0.9293431043624878,0.1192,21.667348861694336
sage_subend_noleak,1337,test,sUbend_021__f11,nan,nan,nan,nan,nan,nan,0.2347,0.8929543495178223,0.1144,26.75312614440918
sage_subend_noleak,1337,test,sUbend_021__f12,nan,nan,nan,nan,nan,nan,0.2416,0.8645675778388977,0.0856,30.16663360595703
sage_subend_noleak,1337,test,sUbend_021__f13,nan,nan,nan,nan,nan,nan,0.2217,0.8886574506759644,0.0888,27.294973373413086
sage_subend_noleak,1337,test,sUbend_021__f14,nan,nan,nan,nan,nan,nan,0.1852,0.7899852991104126,0.1448,37.81585693359375
sage_subend_noleak,1337,test,sUbend_021__f15,nan,nan,nan,nan,nan,nan,0.1251,0.6168488264083862,0.2537,51.913612365722656
sage_subend_noleak,1337,test,sUbend_021__f16,nan,nan,nan,nan,nan,nan,0.0733,0.4959733486175537,0.3422,60.26604461669922
sage_subend_noleak,1337,test,sUbend_021__f17,nan,nan,nan,nan,nan,nan,0.0679,0.5225234031677246,0.3172,58.498329162597656
sage_subend_noleak,1337,test,sUbend_021__f18,nan,nan,nan,nan,nan,nan,0.11,0.6101213693618774,0.2742,52.4017219543457
sage_subend_noleak,1337,test,sUbend_021__f19,nan,nan,nan,nan,nan,nan,0.1476,0.6719813346862793,0.2615,47.779823303222656
sage_subend_noleak,1337,test,sUbend_021__f20,nan,nan,nan,nan,nan,nan,0.1765,0.7160709500312805,0.2804,44.26896286010742
sage_subend_noleak,1337,test,sUbend_021__f21,nan,nan,nan,nan,nan,nan,0.202,0.7771428823471069,0.3067,39.00025939941406
sage_subend_noleak,1337,test,sUbend_021__f22,nan,nan,nan,nan,nan,nan,0.2153,0.7491240501403809,0.3311,41.485435485839844
sage_subend_noleak,1337,test,sUbend_021__f23,nan,nan,nan,nan,nan,nan,0.2187,0.7222939729690552,0.3476,43.75579833984375
sage_subend_noleak,1337,test,sUbend_021__f24,nan,nan,nan,nan,nan,nan,0.2227,0.6572636961936951,0.351,48.90845489501953
sage_subend_noleak,1337,test,sUbend_022__f00,nan,nan,nan,nan,nan,nan,0.0094,-0.057281021028757095,0.5155,93.28375244140625
sage_subend_noleak,1337,test,sUbend_022__f01,nan,nan,nan,nan,nan,nan,0.0106,-0.1356232464313507,0.5493,97.79466247558594
sage_subend_noleak,1337,test,sUbend_022__f02,nan,nan,nan,nan,nan,nan,0.0131,-0.11773967742919922,0.5385,96.76167297363281
sage_subend_noleak,1337,test,sUbend_022__f03,nan,nan,nan,nan,nan,nan,0.0105,-0.050384409725666046,0.5174,92.88803100585938
sage_subend_noleak,1337,test,sUbend_022__f04,nan,nan,nan,nan,nan,nan,0.1801,0.6321953535079956,0.2684,50.78771209716797
sage_subend_noleak,1337,test,sUbend_022__f05,nan,nan,nan,nan,nan,nan,0.2473,0.8343234062194824,0.1644,33.454551696777344
sage_subend_noleak,1337,test,sUbend_022__f06,nan,nan,nan,nan,nan,nan,0.2666,0.8766560554504395,0.1583,28.7584171295166
sage_subend_noleak,1337,test,sUbend_022__f07,nan,nan,nan,nan,nan,nan,0.3021,0.9080617427825928,0.1454,24.761131286621094
sage_subend_noleak,1337,test,sUbend_022__f08,nan,nan,nan,nan,nan,nan,0.2937,0.9499033093452454,0.12,18.212604522705078
sage_subend_noleak,1337,test,sUbend_022__f09,nan,nan,nan,nan,nan,nan,0.2435,0.9495930671691895,0.1013,18.269397735595703
sage_subend_noleak,1337,test,sUbend_022__f10,nan,nan,nan,nan,nan,nan,0.2217,0.939280092716217,0.1139,20.068992614746094
sage_subend_noleak,1337,test,sUbend_022__f11,nan,nan,nan,nan,nan,nan,0.2129,0.9210913181304932,0.1558,22.91384506225586
sage_subend_noleak,1337,test,sUbend_022__f12,nan,nan,nan,nan,nan,nan,0.1905,0.8182567358016968,0.1703,35.08933639526367
sage_subend_noleak,1337,test,sUbend_022__f13,nan,nan,nan,nan,nan,nan,0.1559,0.6835771799087524,0.1894,46.876182556152344
sage_subend_noleak,1337,test,sUbend_022__f14,nan,nan,nan,nan,nan,nan,0.1045,0.5953172445297241,0.2577,53.464744567871094
sage_subend_noleak,1337,test,sUbend_022__f15,nan,nan,nan,nan,nan,nan,0.0543,0.41196179389953613,0.3815,65.67186737060547
sage_subend_noleak,1337,test,sUbend_022__f16,nan,nan,nan,nan,nan,nan,0.0452,0.2544001340866089,0.4221,75.26195526123047
sage_subend_noleak,1337,test,sUbend_022__f17,nan,nan,nan,nan,nan,nan,0.0412,0.24945387244224548,0.4364,75.55480194091797
sage_subend_noleak,1337,test,sUbend_022__f18,nan,nan,nan,nan,nan,nan,0.0345,0.4021883010864258,0.4082,66.28494262695312
sage_subend_noleak,1337,test,sUbend_022__f19,nan,nan,nan,nan,nan,nan,0.0324,0.5008124113082886,0.3577,59.94623565673828
sage_subend_noleak,1337,test,sUbend_022__f20,nan,nan,nan,nan,nan,nan,0.0399,0.5233526229858398,0.346,58.442588806152344
sage_subend_noleak,1337,test,sUbend_022__f21,nan,nan,nan,nan,nan,nan,0.0486,0.44477641582489014,0.3678,63.590965270996094
sage_subend_noleak,1337,test,sUbend_022__f22,nan,nan,nan,nan,nan,nan,0.0504,0.3651112914085388,0.3935,68.5855712890625
sage_subend_noleak,1337,test,sUbend_022__f23,nan,nan,nan,nan,nan,nan,0.0316,0.21576213836669922,0.4343,77.53974914550781
sage_subend_noleak,1337,test,sUbend_022__f24,nan,nan,nan,nan,nan,nan,0.0184,0.07088711112737656,0.4796,85.93505859375
sage_subend_noleak,1337,val,sUbend_016__f00,nan,nan,nan,nan,nan,nan,0.078,0.15479865670204163,0.4531,81.09487915039062
sage_subend_noleak,1337,val,sUbend_016__f01,nan,nan,nan,nan,nan,nan,0.1153,0.3184977173805237,0.4158,71.42790222167969
sage_subend_noleak,1337,val,sUbend_016__f02,nan,nan,nan,nan,nan,nan,0.1353,0.3559117317199707,0.3974,69.15066528320312
sage_subend_noleak,1337,val,sUbend_016__f03,nan,nan,nan,nan,nan,nan,0.151,0.4296068549156189,0.3759,64.55738830566406
sage_subend_noleak,1337,val,sUbend_016__f04,nan,nan,nan,nan,nan,nan,0.1345,0.3201584219932556,0.4087,71.3274917602539
sage_subend_noleak,1337,val,sUbend_016__f05,nan,nan,nan,nan,nan,nan,0.0357,-0.0656093955039978,0.5183,93.7618408203125
sage_subend_noleak,1337,val,sUbend_016__f06,nan,nan,nan,nan,nan,nan,0.1792,0.7480212450027466,0.2855,41.58073425292969
sage_subend_noleak,1337,val,sUbend_016__f07,nan,nan,nan,nan,nan,nan,0.2015,0.8723249435424805,0.2309,29.270051956176758
sage_subend_noleak,1337,val,sUbend_016__f08,nan,nan,nan,nan,nan,nan,0.2116,0.8277980089187622,0.2617,34.126792907714844
sage_subend_noleak,1337,val,sUbend_016__f09,nan,nan,nan,nan,nan,nan,0.1615,0.7146613001823425,0.3345,44.384552001953125
sage_subend_noleak,1337,val,sUbend_016__f10,nan,nan,nan,nan,nan,nan,0.1641,0.7119019627571106,0.3343,44.61012268066406
sage_subend_noleak,1337,val,sUbend_016__f11,nan,nan,nan,nan,nan,nan,0.1509,0.8106516599655151,0.2953,35.8403434753418
sage_subend_noleak,1337,val,sUbend_016__f12,nan,nan,nan,nan,nan,nan,0.1397,0.8243019580841064,0.2818,34.48221206665039
sage_subend_noleak,1337,val,sUbend_016__f13,nan,nan,nan,nan,nan,nan,0.0909,0.6399493217468262,0.2843,50.211952209472656
sage_subend_noleak,1337,val,sUbend_016__f14,nan,nan,nan,nan,nan,nan,0.0405,0.3306970000267029,0.402,70.68891906738281
sage_subend_noleak,1337,val,sUbend_016__f15,nan,nan,nan,nan,nan,nan,0.0317,0.3131415843963623,0.4093,71.7513427734375
sage_subend_noleak,1337,val,sUbend_016__f16,nan,nan,nan,nan,nan,nan,0.0389,0.2594495415687561,0.4295,74.96259307861328
sage_subend_noleak,1337,val,sUbend_016__f17,nan,nan,nan,nan,nan,nan,0.0345,0.005246846936643124,0.4985,89.69937133789062
sage_subend_noleak,1337,val,sUbend_016__f18,nan,nan,nan,nan,nan,nan,0.0126,-0.2482788860797882,0.5695,104.37568664550781
sage_subend_noleak,1337,val,sUbend_016__f19,nan,nan,nan,nan,nan,nan,0.0083,-0.3790827989578247,0.6162,112.27687072753906
sage_subend_noleak,1337,val,sUbend_016__f20,nan,nan,nan,nan,nan,nan,0.0086,-0.36329540610313416,0.6296,111.3027114868164
sage_subend_noleak,1337,val,sUbend_016__f21,nan,nan,nan,nan,nan,nan,0.009,-0.31485748291015625,0.6132,108.35221099853516
sage_subend_noleak,1337,val,sUbend_016__f22,nan,nan,nan,nan,nan,nan,0.0087,-0.2740926742553711,0.5942,105.90794372558594
sage_subend_noleak,1337,val,sUbend_016__f23,nan,nan,nan,nan,nan,nan,0.0274,-0.10362820327281952,0.5318,95.94813537597656
sage_subend_noleak,1337,val,sUbend_016__f24,nan,nan,nan,nan,nan,nan,0.0533,0.016443874686956406,0.4955,89.05778503417969
sage_subend_noleak,1337,val,sUbend_019__f00,nan,nan,nan,nan,nan,nan,0.0066,0.37053900957107544,0.3014,68.25113677978516
sage_subend_noleak,1337,val,sUbend_019__f01,nan,nan,nan,nan,nan,nan,0.0507,0.4695911407470703,0.247,61.99223709106445
sage_subend_noleak,1337,val,sUbend_019__f02,nan,nan,nan,nan,nan,nan,0.1204,0.6463763117790222,0.1763,49.73105239868164
sage_subend_noleak,1337,val,sUbend_019__f03,nan,nan,nan,nan,nan,nan,0.1807,0.7921566963195801,0.1442,37.61248016357422
sage_subend_noleak,1337,val,sUbend_019__f04,nan,nan,nan,nan,nan,nan,0.2406,0.906956136226654,0.1274,24.91195297241211
sage_subend_noleak,1337,val,sUbend_019__f05,nan,nan,nan,nan,nan,nan,0.3049,0.9544537663459778,0.1227,17.359058380126953
sage_subend_noleak,1337,val,sUbend_019__f06,nan,nan,nan,nan,nan,nan,0.3429,0.9622566103935242,0.1037,15.791872024536133
sage_subend_noleak,1337,val,sUbend_019__f07,nan,nan,nan,nan,nan,nan,0.3349,0.9617123603820801,0.0889,15.906045913696289
sage_subend_noleak,1337,val,sUbend_019__f08,nan,nan,nan,nan,nan,nan,0.3248,0.9602466225624084,0.0715,16.209659576416016
sage_subend_noleak,1337,val,sUbend_019__f09,nan,nan,nan,nan,nan,nan,0.3294,0.9609425067901611,0.0611,16.066207885742188
sage_subend_noleak,1337,val,sUbend_019__f10,nan,nan,nan,nan,nan,nan,0.354,0.9597854614257812,0.0705,16.304052352905273
sage_subend_noleak,1337,val,sUbend_019__f11,nan,nan,nan,nan,nan,nan,0.3511,0.962286114692688,0.0778,15.78565788269043
sage_subend_noleak,1337,val,sUbend_019__f12,nan,nan,nan,nan,nan,nan,0.3211,0.9541728496551514,0.0604,17.412927627563477
sage_subend_noleak,1337,val,sUbend_019__f13,nan,nan,nan,nan,nan,nan,0.2691,0.938897967338562,0.041,20.13269805908203
sage_subend_noleak,1337,val,sUbend_019__f14,nan,nan,nan,nan,nan,nan,0.1556,0.870902419090271,0.1573,29.436317443847656
sage_subend_noleak,1337,val,sUbend_019__f15,nan,nan,nan,nan,nan,nan,0.0583,0.5392584800720215,0.3956,57.3668212890625
sage_subend_noleak,1337,val,sUbend_019__f16,nan,nan,nan,nan,nan,nan,0.0366,0.04215449094772339,0.4871,87.5840072631836
sage_subend_noleak,1337,val,sUbend_019__f17,nan,nan,nan,nan,nan,nan,0.039,0.11452559381723404,0.4692,83.42373657226562
sage_subend_noleak,1337,val,sUbend_019__f18,nan,nan,nan,nan,nan,nan,0.0418,0.4225127696990967,0.3824,65.00666809082031
sage_subend_noleak,1337,val,sUbend_019__f19,nan,nan,nan,nan,nan,nan,0.0478,0.5519018173217773,0.3298,56.50241470336914
sage_subend_noleak,1337,val,sUbend_019__f20,nan,nan,nan,nan,nan,nan,0.035,0.5014679431915283,0.3283,59.902828216552734
sage_subend_noleak,1337,val,sUbend_019__f21,nan,nan,nan,nan,nan,nan,0.0271,0.4133495092391968,0.3515,65.58457946777344
sage_subend_noleak,1337,val,sUbend_019__f22,nan,nan,nan,nan,nan,nan,0.0186,0.3537452220916748,0.3638,69.28343200683594
sage_subend_noleak,1337,val,sUbend_019__f23,nan,nan,nan,nan,nan,nan,0.0099,0.327233225107193,0.3532,70.89906311035156
sage_subend_noleak,1337,val,sUbend_019__f24,nan,nan,nan,nan,nan,nan,0.0069,0.3575121760368347,0.3298,69.05250549316406
sage_subend_noleak,1337,val,sUbend_023__f00,nan,nan,nan,nan,nan,nan,0.0195,0.00899814534932375,0.4958,89.48443603515625
sage_subend_noleak,1337,val,sUbend_023__f01,nan,nan,nan,nan,nan,nan,0.0088,-0.011550143361091614,0.5044,90.66178894042969
sage_subend_noleak,1337,val,sUbend_023__f02,nan,nan,nan,nan,nan,nan,0.0074,-0.006163712590932846,0.5027,90.35315704345703
sage_subend_noleak,1337,val,sUbend_023__f03,nan,nan,nan,nan,nan,nan,0.0096,0.009662673808634281,0.4949,89.44636535644531
sage_subend_noleak,1337,val,sUbend_023__f04,nan,nan,nan,nan,nan,nan,0.0705,0.3607637882232666,0.3828,68.85289001464844
sage_subend_noleak,1337,val,sUbend_023__f05,nan,nan,nan,nan,nan,nan,0.1718,0.7807539105415344,0.3295,38.67034149169922
sage_subend_noleak,1337,val,sUbend_023__f06,nan,nan,nan,nan,nan,nan,0.2031,0.8608661890029907,0.3114,30.586017608642578
sage_subend_noleak,1337,val,sUbend_023__f07,nan,nan,nan,nan,nan,nan,0.233,0.9239575862884521,0.2245,22.488309860229492
sage_subend_noleak,1337,val,sUbend_023__f08,nan,nan,nan,nan,nan,nan,0.2757,0.9192936420440674,0.2258,23.176965713500977
sage_subend_noleak,1337,val,sUbend_023__f09,nan,nan,nan,nan,nan,nan,0.2455,0.9065674543380737,0.2213,24.964767456054688
sage_subend_noleak,1337,val,sUbend_023__f10,nan,nan,nan,nan,nan,nan,0.2444,0.8987170457839966,0.1993,26.01006507873535
sage_subend_noleak,1337,val,sUbend_023__f11,nan,nan,nan,nan,nan,nan,0.2478,0.908653974533081,0.1777,24.68000030517578
sage_subend_noleak,1337,val,sUbend_023__f12,nan,nan,nan,nan,nan,nan,0.24,0.893004298210144,0.1308,26.74676513671875
sage_subend_noleak,1337,val,sUbend_023__f13,nan,nan,nan,nan,nan,nan,0.206,0.8508656024932861,0.1553,31.694046020507812
sage_subend_noleak,1337,val,sUbend_023__f14,nan,nan,nan,nan,nan,nan,0.1226,0.7439107894897461,0.2143,41.93437194824219
sage_subend_noleak,1337,val,sUbend_023__f15,nan,nan,nan,nan,nan,nan,0.0448,0.4049892723560333,0.3355,66.10954284667969
sage_subend_noleak,1337,val,sUbend_023__f16,nan,nan,nan,nan,nan,nan,0.0136,0.18338248133659363,0.4132,79.43315124511719
sage_subend_noleak,1337,val,sUbend_023__f17,nan,nan,nan,nan,nan,nan,0.005,0.11242078244686127,0.4471,83.54512023925781
sage_subend_noleak,1337,val,sUbend_023__f18,nan,nan,nan,nan,nan,nan,0.0044,0.07015125453472137,0.4689,85.9773178100586
sage_subend_noleak,1337,val,sUbend_023__f19,nan,nan,nan,nan,nan,nan,0.0027,0.07223372161388397,0.471,85.85770416259766
sage_subend_noleak,1337,val,sUbend_023__f20,nan,nan,nan,nan,nan,nan,0.0035,0.016095422208309174,0.4925,89.0777587890625
sage_subend_noleak,1337,val,sUbend_023__f21,nan,nan,nan,nan,nan,nan,0.0061,0.011834642849862576,0.4933,89.3218994140625
sage_subend_noleak,1337,val,sUbend_023__f22,nan,nan,nan,nan,nan,nan,0.0134,0.02562727779150009,0.4822,88.53150177001953
sage_subend_noleak,1337,val,sUbend_023__f23,nan,nan,nan,nan,nan,nan,0.0122,0.0009445439791306853,0.4995,89.94587707519531
sage_subend_noleak,1337,val,sUbend_023__f24,nan,nan,nan,nan,nan,nan,0.0207,0.004540534224361181,0.497,89.7398452758789
sage_subend_noleak,2026,test,sUbend_012__f00,nan,nan,nan,nan,nan,nan,0.1743,0.7986356616020203,0.0487,36.99998474121094
sage_subend_noleak,2026,test,sUbend_012__f01,nan,nan,nan,nan,nan,nan,0.1593,0.7451415061950684,0.0923,41.82874298095703
sage_subend_noleak,2026,test,sUbend_012__f02,nan,nan,nan,nan,nan,nan,0.1002,0.6197531223297119,0.1793,51.70188903808594
sage_subend_noleak,2026,test,sUbend_012__f03,nan,nan,nan,nan,nan,nan,0.0448,0.327458918094635,0.3562,70.88539123535156
sage_subend_noleak,2026,test,sUbend_012__f04,nan,nan,nan,nan,nan,nan,0.0087,-0.15161943435668945,0.5789,98.72078704833984
sage_subend_noleak,2026,test,sUbend_012__f05,nan,nan,nan,nan,nan,nan,0.108,0.6438474655151367,0.1932,49.920677185058594
sage_subend_noleak,2026,test,sUbend_012__f06,nan,nan,nan,nan,nan,nan,0.2277,0.934137225151062,0.0153,20.91079330444336
sage_subend_noleak,2026,test,sUbend_012__f07,nan,nan,nan,nan,nan,nan,0.2593,0.9251924753189087,0.0359,22.302608489990234
sage_subend_noleak,2026,test,sUbend_012__f08,nan,nan,nan,nan,nan,nan,0.2578,0.9155374765396118,0.1576,23.717830657958984
sage_subend_noleak,2026,test,sUbend_012__f09,nan,nan,nan,nan,nan,nan,0.2065,0.8518779873847961,0.1701,31.58346939086914
sage_subend_noleak,2026,test,sUbend_012__f10,nan,nan,nan,nan,nan,nan,0.1895,0.8664388656616211,0.1186,29.95258331298828
sage_subend_noleak,2026,test,sUbend_012__f11,nan,nan,nan,nan,nan,nan,0.1832,0.889259934425354,0.0753,27.21959686279297
sage_subend_noleak,2026,test,sUbend_012__f12,nan,nan,nan,nan,nan,nan,0.1643,0.8890795707702637,0.0397,27.242191314697266
sage_subend_noleak,2026,test,sUbend_012__f13,nan,nan,nan,nan,nan,nan,0.1586,0.850928783416748,0.0478,31.68716049194336
sage_subend_noleak,2026,test,sUbend_012__f14,nan,nan,nan,nan,nan,nan,0.1246,0.8169587850570679,0.0839,35.21849822998047
sage_subend_noleak,2026,test,sUbend_012__f15,nan,nan,nan,nan,nan,nan,0.0717,0.7820369005203247,0.1324,38.55255126953125
sage_subend_noleak,2026,test,sUbend_012__f16,nan,nan,nan,nan,nan,nan,0.0677,0.7601406574249268,0.137,40.523399353027344
sage_subend_noleak,2026,test,sUbend_012__f17,nan,nan,nan,nan,nan,nan,0.1042,0.7999818325042725,0.0584,36.87162780761719
sage_subend_noleak,2026,test,sUbend_012__f18,nan,nan,nan,nan,nan,nan,0.1348,0.8204303979873657,0.0073,34.87209701538086
sage_subend_noleak,2026,test,sUbend_012__f19,nan,nan,nan,nan,nan,nan,0.1699,0.838747501373291,0.0001,32.991905212402344
sage_subend_noleak,2026,test,sUbend_012__f20,nan,nan,nan,nan,nan,nan,0.1898,0.8508741855621338,0.0,31.6931209564209
sage_subend_noleak,2026,test,sUbend_012__f21,nan,nan,nan,nan,nan,nan,0.1959,0.8612047433853149,0.0049,30.547882080078125
sage_subend_noleak,2026,test,sUbend_012__f22,nan,nan,nan,nan,nan,nan,0.1875,0.8642110824584961,0.0113,30.207252502441406
sage_subend_noleak,2026,test,sUbend_012__f23,nan,nan,nan,nan,nan,nan,0.1804,0.8553187847137451,0.018,31.20503044128418
sage_subend_noleak,2026,test,sUbend_012__f24,nan,nan,nan,nan,nan,nan,0.1765,0.8319671154022217,0.0269,33.69865417480469
sage_subend_noleak,2026,test,sUbend_021__f00,nan,nan,nan,nan,nan,nan,0.2273,0.8698896765708923,0.2356,29.554176330566406
sage_subend_noleak,2026,test,sUbend_021__f01,nan,nan,nan,nan,nan,nan,0.2416,0.8711442947387695,0.2361,29.408113479614258
sage_subend_noleak,2026,test,sUbend_021__f02,nan,nan,nan,nan,nan,nan,0.2301,0.8580259084701538,0.2509,30.90435028076172
sage_subend_noleak,2026,test,sUbend_021__f03,nan,nan,nan,nan,nan,nan,0.2304,0.8654482364654541,0.2483,30.066076278686523
sage_subend_noleak,2026,test,sUbend_021__f04,nan,nan,nan,nan,nan,nan,0.1302,0.6947147846221924,0.3335,45.995506286621094
sage_subend_noleak,2026,test,sUbend_021__f05,nan,nan,nan,nan,nan,nan,0.0568,-0.010549328289926052,0.5016,90.60444641113281
sage_subend_noleak,2026,test,sUbend_021__f06,nan,nan,nan,nan,nan,nan,0.2775,0.9278591871261597,0.1676,21.89647674560547
sage_subend_noleak,2026,test,sUbend_021__f07,nan,nan,nan,nan,nan,nan,0.272,0.9170640707015991,0.0557,23.499420166015625
sage_subend_noleak,2026,test,sUbend_021__f08,nan,nan,nan,nan,nan,nan,0.2351,0.9139194488525391,0.0623,23.947263717651367
sage_subend_noleak,2026,test,sUbend_021__f09,nan,nan,nan,nan,nan,nan,0.2301,0.8975778222084045,0.0615,26.158512115478516
sage_subend_noleak,2026,test,sUbend_021__f10,nan,nan,nan,nan,nan,nan,0.2164,0.8771004676818848,0.0978,28.705448150634766
sage_subend_noleak,2026,test,sUbend_021__f11,nan,nan,nan,nan,nan,nan,0.1992,0.8504970073699951,0.0811,31.73422622680664
sage_subend_noleak,2026,test,sUbend_021__f12,nan,nan,nan,nan,nan,nan,0.1866,0.8810265064239502,0.0961,28.233558654785156
sage_subend_noleak,2026,test,sUbend_021__f13,nan,nan,nan,nan,nan,nan,0.211,0.8888722062110901,0.0848,27.268129348754883
sage_subend_noleak,2026,test,sUbend_021__f14,nan,nan,nan,nan,nan,nan,0.167,0.8777836561203003,0.0878,28.623851776123047
sage_subend_noleak,2026,test,sUbend_021__f15,nan,nan,nan,nan,nan,nan,0.1138,0.8113344311714172,0.1716,35.77348327636719
sage_subend_noleak,2026,test,sUbend_021__f16,nan,nan,nan,nan,nan,nan,0.0765,0.7529665231704712,0.2711,41.15199279785156
sage_subend_noleak,2026,test,sUbend_021__f17,nan,nan,nan,nan,nan,nan,0.0636,0.7695213556289673,0.2535,39.68907165527344
sage_subend_noleak,2026,test,sUbend_021__f18,nan,nan,nan,nan,nan,nan,0.0964,0.8145366907119751,0.1943,35.45841979980469
sage_subend_noleak,2026,test,sUbend_021__f19,nan,nan,nan,nan,nan,nan,0.1365,0.8486086130142212,0.1502,31.93934440612793
sage_subend_noleak,2026,test,sUbend_021__f20,nan,nan,nan,nan,nan,nan,0.1605,0.8671273589134216,0.1537,29.87348175048828
sage_subend_noleak,2026,test,sUbend_021__f21,nan,nan,nan,nan,nan,nan,0.1909,0.8803163766860962,0.1767,28.319446563720703
sage_subend_noleak,2026,test,sUbend_021__f22,nan,nan,nan,nan,nan,nan,0.2083,0.878356397151947,0.1953,28.555269241333008
sage_subend_noleak,2026,test,sUbend_021__f23,nan,nan,nan,nan,nan,nan,0.2138,0.878524899482727,0.2108,28.535064697265625
sage_subend_noleak,2026,test,sUbend_021__f24,nan,nan,nan,nan,nan,nan,0.2235,0.8579031229019165,0.2293,30.918046951293945
sage_subend_noleak,2026,test,sUbend_022__f00,nan,nan,nan,nan,nan,nan,0.0015,0.11311767995357513,0.4618,83.50492858886719
sage_subend_noleak,2026,test,sUbend_022__f01,nan,nan,nan,nan,nan,nan,0.0003,-0.04400066286325455,0.5144,92.52186584472656
sage_subend_noleak,2026,test,sUbend_022__f02,nan,nan,nan,nan,nan,nan,0.0007,-0.023668978363275528,0.5079,91.35625457763672
sage_subend_noleak,2026,test,sUbend_022__f03,nan,nan,nan,nan,nan,nan,0.002,0.10263490676879883,0.4665,84.10906982421875
sage_subend_noleak,2026,test,sUbend_022__f04,nan,nan,nan,nan,nan,nan,0.1988,0.7437134981155396,0.1648,41.95127868652344
sage_subend_noleak,2026,test,sUbend_022__f05,nan,nan,nan,nan,nan,nan,0.2864,0.9206407070159912,0.1036,22.980064392089844
sage_subend_noleak,2026,test,sUbend_022__f06,nan,nan,nan,nan,nan,nan,0.3106,0.9226053953170776,0.0969,22.689998626708984
sage_subend_noleak,2026,test,sUbend_022__f07,nan,nan,nan,nan,nan,nan,0.3261,0.936812162399292,0.0823,20.477081298828125
sage_subend_noleak,2026,test,sUbend_022__f08,nan,nan,nan,nan,nan,nan,0.3015,0.939090371131897,0.0593,20.100650787353516
sage_subend_noleak,2026,test,sUbend_022__f09,nan,nan,nan,nan,nan,nan,0.2777,0.9281309247016907,0.0458,21.854686737060547
sage_subend_noleak,2026,test,sUbend_022__f10,nan,nan,nan,nan,nan,nan,0.2554,0.9077194333076477,0.1176,24.807926177978516
sage_subend_noleak,2026,test,sUbend_022__f11,nan,nan,nan,nan,nan,nan,0.2416,0.872954785823822,0.1694,29.196157455444336
sage_subend_noleak,2026,test,sUbend_022__f12,nan,nan,nan,nan,nan,nan,0.2145,0.8069471716880798,0.1911,36.20127487182617
sage_subend_noleak,2026,test,sUbend_022__f13,nan,nan,nan,nan,nan,nan,0.1543,0.7908453941345215,0.2171,37.735408782958984
sage_subend_noleak,2026,test,sUbend_022__f14,nan,nan,nan,nan,nan,nan,0.0924,0.7267518639564514,0.2634,43.38521957397461
sage_subend_noleak,2026,test,sUbend_022__f15,nan,nan,nan,nan,nan,nan,0.0406,0.43952062726020813,0.3862,63.92670440673828
sage_subend_noleak,2026,test,sUbend_022__f16,nan,nan,nan,nan,nan,nan,0.0333,0.21656103432178497,0.4327,77.49287414550781
sage_subend_noleak,2026,test,sUbend_022__f17,nan,nan,nan,nan,nan,nan,0.0316,0.1839177906513214,0.4577,79.4019546508789
sage_subend_noleak,2026,test,sUbend_022__f18,nan,nan,nan,nan,nan,nan,0.0362,0.4154403805732727,0.408,65.45294189453125
sage_subend_noleak,2026,test,sUbend_022__f19,nan,nan,nan,nan,nan,nan,0.0359,0.6030230522155762,0.3249,52.91328430175781
sage_subend_noleak,2026,test,sUbend_022__f20,nan,nan,nan,nan,nan,nan,0.0453,0.637502908706665,0.3033,50.394126892089844
sage_subend_noleak,2026,test,sUbend_022__f21,nan,nan,nan,nan,nan,nan,0.0508,0.5824042558670044,0.313,54.38017272949219
sage_subend_noleak,2026,test,sUbend_022__f22,nan,nan,nan,nan,nan,nan,0.0497,0.5064828395843506,0.3374,59.570167541503906
sage_subend_noleak,2026,test,sUbend_022__f23,nan,nan,nan,nan,nan,nan,0.0374,0.38047701120376587,0.3695,67.63676452636719
sage_subend_noleak,2026,test,sUbend_022__f24,nan,nan,nan,nan,nan,nan,0.0163,0.2616446018218994,0.4045,74.83233642578125
sage_subend_noleak,2026,val,sUbend_016__f00,nan,nan,nan,nan,nan,nan,0.103,0.4600343704223633,0.3863,62.610679626464844
sage_subend_noleak,2026,val,sUbend_016__f01,nan,nan,nan,nan,nan,nan,0.1405,0.6328001618385315,0.3377,50.74298095703125
sage_subend_noleak,2026,val,sUbend_016__f02,nan,nan,nan,nan,nan,nan,0.1559,0.679818868637085,0.3196,47.170501708984375
sage_subend_noleak,2026,val,sUbend_016__f03,nan,nan,nan,nan,nan,nan,0.1669,0.7319468855857849,0.3038,42.950138092041016
sage_subend_noleak,2026,val,sUbend_016__f04,nan,nan,nan,nan,nan,nan,0.147,0.6572790145874023,0.3381,48.90731430053711
sage_subend_noleak,2026,val,sUbend_016__f05,nan,nan,nan,nan,nan,nan,0.0294,-0.2173032909631729,0.5586,102.55068969726562
sage_subend_noleak,2026,val,sUbend_016__f06,nan,nan,nan,nan,nan,nan,0.2087,0.8806276917457581,0.2345,28.281824111938477
sage_subend_noleak,2026,val,sUbend_016__f07,nan,nan,nan,nan,nan,nan,0.2161,0.8872244358062744,0.2045,27.473482131958008
sage_subend_noleak,2026,val,sUbend_016__f08,nan,nan,nan,nan,nan,nan,0.2234,0.862619161605835,0.2407,30.38805389404297
sage_subend_noleak,2026,val,sUbend_016__f09,nan,nan,nan,nan,nan,nan,0.1802,0.757365345954895,0.3209,40.76751708984375
sage_subend_noleak,2026,val,sUbend_016__f10,nan,nan,nan,nan,nan,nan,0.1681,0.7522505521774292,0.3317,41.21428680419922
sage_subend_noleak,2026,val,sUbend_016__f11,nan,nan,nan,nan,nan,nan,0.1505,0.8129564523696899,0.3182,35.614200592041016
sage_subend_noleak,2026,val,sUbend_016__f12,nan,nan,nan,nan,nan,nan,0.1346,0.79963219165802,0.3024,36.904998779296875
sage_subend_noleak,2026,val,sUbend_016__f13,nan,nan,nan,nan,nan,nan,0.0882,0.6106315851211548,0.32,52.36481475830078
sage_subend_noleak,2026,val,sUbend_016__f14,nan,nan,nan,nan,nan,nan,0.0425,0.35425859689712524,0.4109,69.25198364257812
sage_subend_noleak,2026,val,sUbend_016__f15,nan,nan,nan,nan,nan,nan,0.0309,0.3497002124786377,0.4109,69.53102111816406
sage_subend_noleak,2026,val,sUbend_016__f16,nan,nan,nan,nan,nan,nan,0.0416,0.2982552647590637,0.4272,72.64715576171875
sage_subend_noleak,2026,val,sUbend_016__f17,nan,nan,nan,nan,nan,nan,0.0355,0.0664147287607193,0.4815,86.19190979003906
sage_subend_noleak,2026,val,sUbend_016__f18,nan,nan,nan,nan,nan,nan,0.0112,-0.16223278641700745,0.5387,99.33651733398438
sage_subend_noleak,2026,val,sUbend_016__f19,nan,nan,nan,nan,nan,nan,0.0056,-0.31037795543670654,0.5835,108.0820083618164
sage_subend_noleak,2026,val,sUbend_016__f20,nan,nan,nan,nan,nan,nan,0.0067,-0.33359283208847046,0.5991,109.48698425292969
sage_subend_noleak,2026,val,sUbend_016__f21,nan,nan,nan,nan,nan,nan,0.0072,-0.28726404905319214,0.5816,106.69422149658203
sage_subend_noleak,2026,val,sUbend_016__f22,nan,nan,nan,nan,nan,nan,0.0094,-0.22274690866470337,0.5561,102.87042236328125
sage_subend_noleak,2026,val,sUbend_016__f23,nan,nan,nan,nan,nan,nan,0.0435,0.0649217963218689,0.4857,86.27763366699219
sage_subend_noleak,2026,val,sUbend_016__f24,nan,nan,nan,nan,nan,nan,0.071,0.2813020348548889,0.4361,73.66206359863281
sage_subend_noleak,2026,val,sUbend_019__f00,nan,nan,nan,nan,nan,nan,0.0057,0.38020676374435425,0.2807,67.65350341796875
sage_subend_noleak,2026,val,sUbend_019__f01,nan,nan,nan,nan,nan,nan,0.0524,0.4679819345474243,0.2105,62.09661865234375
sage_subend_noleak,2026,val,sUbend_019__f02,nan,nan,nan,nan,nan,nan,0.1189,0.6336429715156555,0.1274,50.68059158325195
sage_subend_noleak,2026,val,sUbend_019__f03,nan,nan,nan,nan,nan,nan,0.1797,0.7973845601081848,0.0775,37.118927001953125
sage_subend_noleak,2026,val,sUbend_019__f04,nan,nan,nan,nan,nan,nan,0.2302,0.8898909091949463,0.0728,27.140453338623047
sage_subend_noleak,2026,val,sUbend_019__f05,nan,nan,nan,nan,nan,nan,0.2421,0.92432701587677,0.0696,22.432910919189453
sage_subend_noleak,2026,val,sUbend_019__f06,nan,nan,nan,nan,nan,nan,0.2528,0.9409780502319336,0.0588,19.783531188964844
sage_subend_noleak,2026,val,sUbend_019__f07,nan,nan,nan,nan,nan,nan,0.2931,0.9418853521347046,0.0513,19.629379272460938
sage_subend_noleak,2026,val,sUbend_019__f08,nan,nan,nan,nan,nan,nan,0.308,0.9418832063674927,0.0486,19.629737854003906
sage_subend_noleak,2026,val,sUbend_019__f09,nan,nan,nan,nan,nan,nan,0.2726,0.9365985989570618,0.0472,20.51203155517578
sage_subend_noleak,2026,val,sUbend_019__f10,nan,nan,nan,nan,nan,nan,0.2545,0.9306352138519287,0.0529,21.465953826904297
sage_subend_noleak,2026,val,sUbend_019__f11,nan,nan,nan,nan,nan,nan,0.2487,0.9366912841796875,0.0488,20.49687957763672
sage_subend_noleak,2026,val,sUbend_019__f12,nan,nan,nan,nan,nan,nan,0.2406,0.9291020631790161,0.0398,21.704723358154297
sage_subend_noleak,2026,val,sUbend_019__f13,nan,nan,nan,nan,nan,nan,0.2209,0.9380059242248535,0.0236,20.280670166015625
sage_subend_noleak,2026,val,sUbend_019__f14,nan,nan,nan,nan,nan,nan,0.145,0.8934165239334106,0.1455,26.694242477416992
sage_subend_noleak,2026,val,sUbend_019__f15,nan,nan,nan,nan,nan,nan,0.0635,0.5271411538124084,0.3879,58.1875
sage_subend_noleak,2026,val,sUbend_019__f16,nan,nan,nan,nan,nan,nan,0.0459,0.03590262681245804,0.4933,87.94248962402344
sage_subend_noleak,2026,val,sUbend_019__f17,nan,nan,nan,nan,nan,nan,0.049,0.06836375594139099,0.4791,86.07998657226562
sage_subend_noleak,2026,val,sUbend_019__f18,nan,nan,nan,nan,nan,nan,0.0507,0.4327980577945709,0.3809,64.354736328125
sage_subend_noleak,2026,val,sUbend_019__f19,nan,nan,nan,nan,nan,nan,0.0536,0.5889984965324402,0.3318,53.91402816772461
sage_subend_noleak,2026,val,sUbend_019__f20,nan,nan,nan,nan,nan,nan,0.0405,0.5610413551330566,0.3326,55.87215042114258
sage_subend_noleak,2026,val,sUbend_019__f21,nan,nan,nan,nan,nan,nan,0.0204,0.47907716035842896,0.3498,61.374847412109375
sage_subend_noleak,2026,val,sUbend_019__f22,nan,nan,nan,nan,nan,nan,0.0037,0.41127270460128784,0.363,65.7151870727539
sage_subend_noleak,2026,val,sUbend_019__f23,nan,nan,nan,nan,nan,nan,0.0021,0.36552709341049194,0.3569,68.55997467041016
sage_subend_noleak,2026,val,sUbend_019__f24,nan,nan,nan,nan,nan,nan,0.0024,0.37354305386543274,0.3276,68.06570434570312
sage_subend_noleak,2026,val,sUbend_023__f00,nan,nan,nan,nan,nan,nan,0.0141,-0.0045921048149466515,0.5027,90.26310729980469
sage_subend_noleak,2026,val,sUbend_023__f01,nan,nan,nan,nan,nan,nan,0.0053,-0.03437498211860657,0.5165,91.96992492675781
sage_subend_noleak,2026,val,sUbend_023__f02,nan,nan,nan,nan,nan,nan,0.0068,-0.022816849872469902,0.5131,91.30741882324219
sage_subend_noleak,2026,val,sUbend_023__f03,nan,nan,nan,nan,nan,nan,0.005,-0.01999531500041485,0.5108,91.14572143554688
sage_subend_noleak,2026,val,sUbend_023__f04,nan,nan,nan,nan,nan,nan,0.0694,0.24810722470283508,0.4095,75.63446044921875
sage_subend_noleak,2026,val,sUbend_023__f05,nan,nan,nan,nan,nan,nan,0.1896,0.8337125778198242,0.313,33.517974853515625
sage_subend_noleak,2026,val,sUbend_023__f06,nan,nan,nan,nan,nan,nan,0.2336,0.9057938456535339,0.2671,25.069583892822266
sage_subend_noleak,2026,val,sUbend_023__f07,nan,nan,nan,nan,nan,nan,0.2669,0.9379562735557556,0.1694,20.288875579833984
sage_subend_noleak,2026,val,sUbend_023__f08,nan,nan,nan,nan,nan,nan,0.2686,0.9202079772949219,0.1822,23.043498992919922
sage_subend_noleak,2026,val,sUbend_023__f09,nan,nan,nan,nan,nan,nan,0.2043,0.8757208585739136,0.2329,28.869590759277344
sage_subend_noleak,2026,val,sUbend_023__f10,nan,nan,nan,nan,nan,nan,0.2003,0.8617173433303833,0.2143,30.49003791809082
sage_subend_noleak,2026,val,sUbend_023__f11,nan,nan,nan,nan,nan,nan,0.1869,0.8348888158798218,0.1965,33.3957405090332
sage_subend_noleak,2026,val,sUbend_023__f12,nan,nan,nan,nan,nan,nan,0.1735,0.7741376757621765,0.1521,39.2730827331543
sage_subend_noleak,2026,val,sUbend_023__f13,nan,nan,nan,nan,nan,nan,0.1433,0.7479981184005737,0.1776,41.582733154296875
sage_subend_noleak,2026,val,sUbend_023__f14,nan,nan,nan,nan,nan,nan,0.097,0.6464083194732666,0.2354,49.72864532470703
sage_subend_noleak,2026,val,sUbend_023__f15,nan,nan,nan,nan,nan,nan,0.0483,0.35515880584716797,0.3482,69.19682312011719
sage_subend_noleak,2026,val,sUbend_023__f16,nan,nan,nan,nan,nan,nan,0.0232,0.18400494754314423,0.4204,79.3968734741211
sage_subend_noleak,2026,val,sUbend_023__f17,nan,nan,nan,nan,nan,nan,0.0114,0.13574162125587463,0.4453,82.19850158691406
sage_subend_noleak,2026,val,sUbend_023__f18,nan,nan,nan,nan,nan,nan,0.0057,0.05381213128566742,0.4815,86.91529846191406
sage_subend_noleak,2026,val,sUbend_023__f19,nan,nan,nan,nan,nan,nan,0.0071,0.0069233207032084465,0.4975,89.60331726074219
sage_subend_noleak,2026,val,sUbend_023__f20,nan,nan,nan,nan,nan,nan,0.0091,-0.04511579871177673,0.5181,92.5858154296875
sage_subend_noleak,2026,val,sUbend_023__f21,nan,nan,nan,nan,nan,nan,0.0088,-0.017898116260766983,0.5096,91.02554321289062
sage_subend_noleak,2026,val,sUbend_023__f22,nan,nan,nan,nan,nan,nan,0.0162,0.008982501924037933,0.4948,89.48533630371094
sage_subend_noleak,2026,val,sUbend_023__f23,nan,nan,nan,nan,nan,nan,0.0097,-0.012064393609762192,0.5077,90.69125366210938
sage_subend_noleak,2026,val,sUbend_023__f24,nan,nan,nan,nan,nan,nan,0.0156,-0.009489867836236954,0.5056,90.54373168945312
sage_subend_noleak,777,test,sUbend_012__f00,nan,nan,nan,nan,nan,nan,0.1375,0.6601661443710327,0.2631,48.68745422363281
sage_subend_noleak,777,test,sUbend_012__f01,nan,nan,nan,nan,nan,nan,0.1058,0.6084678173065186,0.2834,52.521202087402344
sage_subend_noleak,777,test,sUbend_012__f02,nan,nan,nan,nan,nan,nan,0.0682,0.5322778224945068,0.3234,57.840511322021484
sage_subend_noleak,777,test,sUbend_012__f03,nan,nan,nan,nan,nan,nan,0.0338,0.3528582453727722,0.3924,69.33776092529297
sage_subend_noleak,777,test,sUbend_012__f04,nan,nan,nan,nan,nan,nan,0.0065,0.01803632825613022,0.4935,88.96653747558594
sage_subend_noleak,777,test,sUbend_012__f05,nan,nan,nan,nan,nan,nan,0.0895,0.6623629331588745,0.2427,48.51966857910156
sage_subend_noleak,777,test,sUbend_012__f06,nan,nan,nan,nan,nan,nan,0.2047,0.9165235757827759,0.0108,23.57696533203125
sage_subend_noleak,777,test,sUbend_012__f07,nan,nan,nan,nan,nan,nan,0.2043,0.9113585948944092,0.0367,24.306224822998047
sage_subend_noleak,777,test,sUbend_012__f08,nan,nan,nan,nan,nan,nan,0.2319,0.894507646560669,0.1399,26.554738998413086
sage_subend_noleak,777,test,sUbend_012__f09,nan,nan,nan,nan,nan,nan,0.1806,0.8283733129501343,0.118,34.067996978759766
sage_subend_noleak,777,test,sUbend_012__f10,nan,nan,nan,nan,nan,nan,0.1942,0.8732855916023254,0.065,29.157276153564453
sage_subend_noleak,777,test,sUbend_012__f11,nan,nan,nan,nan,nan,nan,0.1853,0.8823432922363281,0.0292,28.07366371154785
sage_subend_noleak,777,test,sUbend_012__f12,nan,nan,nan,nan,nan,nan,0.1526,0.845838189125061,0.0792,32.23814392089844
sage_subend_noleak,777,test,sUbend_012__f13,nan,nan,nan,nan,nan,nan,0.121,0.8113315105438232,0.1564,35.77376937866211
sage_subend_noleak,777,test,sUbend_012__f14,nan,nan,nan,nan,nan,nan,0.0786,0.7748785018920898,0.1807,39.20597839355469
sage_subend_noleak,777,test,sUbend_012__f15,nan,nan,nan,nan,nan,nan,0.0469,0.6693695783615112,0.2172,47.9815673828125
sage_subend_noleak,777,test,sUbend_012__f16,nan,nan,nan,nan,nan,nan,0.0639,0.701865553855896,0.2283,45.423126220703125
sage_subend_noleak,777,test,sUbend_012__f17,nan,nan,nan,nan,nan,nan,0.1107,0.8016557693481445,0.167,36.71148681640625
sage_subend_noleak,777,test,sUbend_012__f18,nan,nan,nan,nan,nan,nan,0.143,0.838748037815094,0.129,32.99184799194336
sage_subend_noleak,777,test,sUbend_012__f19,nan,nan,nan,nan,nan,nan,0.1724,0.8496427536010742,0.1398,31.827163696289062
sage_subend_noleak,777,test,sUbend_012__f20,nan,nan,nan,nan,nan,nan,0.1926,0.8409366607666016,0.1623,32.760841369628906
sage_subend_noleak,777,test,sUbend_012__f21,nan,nan,nan,nan,nan,nan,0.1847,0.8290309309959412,0.1903,34.00067901611328
sage_subend_noleak,777,test,sUbend_012__f22,nan,nan,nan,nan,nan,nan,0.1685,0.8017942905426025,0.2229,36.69820785522461
sage_subend_noleak,777,test,sUbend_012__f23,nan,nan,nan,nan,nan,nan,0.153,0.7504094839096069,0.2497,41.37413787841797
sage_subend_noleak,777,test,sUbend_012__f24,nan,nan,nan,nan,nan,nan,0.1398,0.7062518000602722,0.2556,45.069236755371094
sage_subend_noleak,777,test,sUbend_021__f00,nan,nan,nan,nan,nan,nan,0.2135,0.7624797821044922,0.3566,40.31669616699219
sage_subend_noleak,777,test,sUbend_021__f01,nan,nan,nan,nan,nan,nan,0.2147,0.7755136489868164,0.3467,39.14836883544922
sage_subend_noleak,777,test,sUbend_021__f02,nan,nan,nan,nan,nan,nan,0.2028,0.7648286819458008,0.3519,40.108245849609375
sage_subend_noleak,777,test,sUbend_021__f03,nan,nan,nan,nan,nan,nan,0.2022,0.7811997532844543,0.3416,38.62944412231445
sage_subend_noleak,777,test,sUbend_021__f04,nan,nan,nan,nan,nan,nan,0.1131,0.46959662437438965,0.4155,61.991886138916016
sage_subend_noleak,777,test,sUbend_021__f05,nan,nan,nan,nan,nan,nan,0.0672,-0.19365525245666504,0.5356,101.16617584228516
sage_subend_noleak,777,test,sUbend_021__f06,nan,nan,nan,nan,nan,nan,0.2429,0.8896589279174805,0.2695,27.169574737548828
sage_subend_noleak,777,test,sUbend_021__f07,nan,nan,nan,nan,nan,nan,0.2718,0.908671498298645,0.1102,24.677600860595703
sage_subend_noleak,777,test,sUbend_021__f08,nan,nan,nan,nan,nan,nan,0.2325,0.9313055276870728,0.0993,21.36074447631836
sage_subend_noleak,777,test,sUbend_021__f09,nan,nan,nan,nan,nan,nan,0.2422,0.9224312901496887,0.0993,22.715850830078125
sage_subend_noleak,777,test,sUbend_021__f10,nan,nan,nan,nan,nan,nan,0.2239,0.8985404968261719,0.0625,26.033111572265625
sage_subend_noleak,777,test,sUbend_021__f11,nan,nan,nan,nan,nan,nan,0.204,0.8719349503517151,0.0426,29.315723419189453
sage_subend_noleak,777,test,sUbend_021__f12,nan,nan,nan,nan,nan,nan,0.2228,0.9016497731208801,0.0144,25.624221801757812
sage_subend_noleak,777,test,sUbend_021__f13,nan,nan,nan,nan,nan,nan,0.1929,0.886376142501831,0.0334,27.57864761352539
sage_subend_noleak,777,test,sUbend_021__f14,nan,nan,nan,nan,nan,nan,0.1586,0.8148165941238403,0.1097,35.430763244628906
sage_subend_noleak,777,test,sUbend_021__f15,nan,nan,nan,nan,nan,nan,0.1164,0.6912297010421753,0.2316,46.27246856689453
sage_subend_noleak,777,test,sUbend_021__f16,nan,nan,nan,nan,nan,nan,0.0794,0.5289602875709534,0.3311,58.06476593017578
sage_subend_noleak,777,test,sUbend_021__f17,nan,nan,nan,nan,nan,nan,0.076,0.5379430055618286,0.3195,57.45627212524414
sage_subend_noleak,777,test,sUbend_021__f18,nan,nan,nan,nan,nan,nan,0.1164,0.638404369354248,0.2858,50.327056884765625
sage_subend_noleak,777,test,sUbend_021__f19,nan,nan,nan,nan,nan,nan,0.156,0.7168461084365845,0.2876,44.205299377441406
sage_subend_noleak,777,test,sUbend_021__f20,nan,nan,nan,nan,nan,nan,0.1769,0.7569458484649658,0.3123,40.80431365966797
sage_subend_noleak,777,test,sUbend_021__f21,nan,nan,nan,nan,nan,nan,0.1945,0.7782677412033081,0.3361,38.89775848388672
sage_subend_noleak,777,test,sUbend_021__f22,nan,nan,nan,nan,nan,nan,0.2047,0.7465890645980835,0.3545,41.7042236328125
sage_subend_noleak,777,test,sUbend_021__f23,nan,nan,nan,nan,nan,nan,0.211,0.7371946573257446,0.3647,42.50701141357422
sage_subend_noleak,777,test,sUbend_021__f24,nan,nan,nan,nan,nan,nan,0.2131,0.7458652257919312,0.3623,41.76653289794922
sage_subend_noleak,777,test,sUbend_022__f00,nan,nan,nan,nan,nan,nan,0.0071,-0.02326924167573452,0.508,91.33334350585938
sage_subend_noleak,777,test,sUbend_022__f01,nan,nan,nan,nan,nan,nan,0.0058,-0.1408821940422058,0.5484,98.0988998413086
sage_subend_noleak,777,test,sUbend_022__f02,nan,nan,nan,nan,nan,nan,0.006,-0.11259445548057556,0.5422,96.46488952636719
sage_subend_noleak,777,test,sUbend_022__f03,nan,nan,nan,nan,nan,nan,0.0058,-0.02167312428355217,0.5084,91.24186706542969
sage_subend_noleak,777,test,sUbend_022__f04,nan,nan,nan,nan,nan,nan,0.178,0.7364595532417297,0.228,42.569305419921875
sage_subend_noleak,777,test,sUbend_022__f05,nan,nan,nan,nan,nan,nan,0.266,0.8724761009216309,0.1462,29.25232696533203
sage_subend_noleak,777,test,sUbend_022__f06,nan,nan,nan,nan,nan,nan,0.2872,0.8921196460723877,0.136,26.859176635742188
sage_subend_noleak,777,test,sUbend_022__f07,nan,nan,nan,nan,nan,nan,0.3153,0.9173401594161987,0.1223,23.45972442626953
sage_subend_noleak,777,test,sUbend_022__f08,nan,nan,nan,nan,nan,nan,0.2637,0.9381463527679443,0.0947,20.257450103759766
sage_subend_noleak,777,test,sUbend_022__f09,nan,nan,nan,nan,nan,nan,0.2249,0.928069531917572,0.0724,21.864139556884766
sage_subend_noleak,777,test,sUbend_022__f10,nan,nan,nan,nan,nan,nan,0.2095,0.9149397611618042,0.0873,23.80282974243164
sage_subend_noleak,777,test,sUbend_022__f11,nan,nan,nan,nan,nan,nan,0.198,0.8987305164337158,0.0987,26.00830078125
sage_subend_noleak,777,test,sUbend_022__f12,nan,nan,nan,nan,nan,nan,0.1676,0.8225232362747192,0.108,34.66181182861328
sage_subend_noleak,777,test,sUbend_022__f13,nan,nan,nan,nan,nan,nan,0.1291,0.8048535585403442,0.1323,36.40387725830078
sage_subend_noleak,777,test,sUbend_022__f14,nan,nan,nan,nan,nan,nan,0.09,0.7363831996917725,0.1987,42.575775146484375
sage_subend_noleak,777,test,sUbend_022__f15,nan,nan,nan,nan,nan,nan,0.0444,0.4578472971916199,0.3357,62.751712799072266
sage_subend_noleak,777,test,sUbend_022__f16,nan,nan,nan,nan,nan,nan,0.0378,0.3237334191799164,0.3926,71.11114501953125
sage_subend_noleak,777,test,sUbend_022__f17,nan,nan,nan,nan,nan,nan,0.036,0.3044205605983734,0.4207,72.27668762207031
sage_subend_noleak,777,test,sUbend_022__f18,nan,nan,nan,nan,nan,nan,0.0432,0.4489213824272156,0.3921,63.32550048828125
sage_subend_noleak,777,test,sUbend_022__f19,nan,nan,nan,nan,nan,nan,0.0514,0.57509446144104,0.3464,54.89374923706055
sage_subend_noleak,777,test,sUbend_022__f20,nan,nan,nan,nan,nan,nan,0.0564,0.5917478799819946,0.3352,53.71885681152344
sage_subend_noleak,777,test,sUbend_022__f21,nan,nan,nan,nan,nan,nan,0.0607,0.5388719439506531,0.3586,57.39311218261719
sage_subend_noleak,777,test,sUbend_022__f22,nan,nan,nan,nan,nan,nan,0.0509,0.4427628517150879,0.389,63.719703674316406
sage_subend_noleak,777,test,sUbend_022__f23,nan,nan,nan,nan,nan,nan,0.0372,0.2588873505592346,0.4266,74.9959487915039
sage_subend_noleak,777,test,sUbend_022__f24,nan,nan,nan,nan,nan,nan,0.0186,0.11341400444507599,0.4686,83.48783874511719
sage_subend_noleak,777,val,sUbend_016__f00,nan,nan,nan,nan,nan,nan,0.078,0.3934256136417389,0.3809,66.83218383789062
sage_subend_noleak,777,val,sUbend_016__f01,nan,nan,nan,nan,nan,nan,0.1143,0.5387412905693054,0.3235,57.402000427246094
sage_subend_noleak,777,val,sUbend_016__f02,nan,nan,nan,nan,nan,nan,0.1308,0.5670639872550964,0.3045,55.454254150390625
sage_subend_noleak,777,val,sUbend_016__f03,nan,nan,nan,nan,nan,nan,0.1433,0.5981142520904541,0.293,53.26503372192383
sage_subend_noleak,777,val,sUbend_016__f04,nan,nan,nan,nan,nan,nan,0.1195,0.5029625296592712,0.345,59.803802490234375
sage_subend_noleak,777,val,sUbend_016__f05,nan,nan,nan,nan,nan,nan,0.0137,-0.14761656522750854,0.5474,98.48883056640625
sage_subend_noleak,777,val,sUbend_016__f06,nan,nan,nan,nan,nan,nan,0.168,0.7907290458679199,0.2137,37.746299743652344
sage_subend_noleak,777,val,sUbend_016__f07,nan,nan,nan,nan,nan,nan,0.1875,0.8625269532203674,0.1561,30.398494720458984
sage_subend_noleak,777,val,sUbend_016__f08,nan,nan,nan,nan,nan,nan,0.201,0.8207899332046509,0.1796,34.83605194091797
sage_subend_noleak,777,val,sUbend_016__f09,nan,nan,nan,nan,nan,nan,0.1446,0.7021373510360718,0.2455,45.4012565612793
sage_subend_noleak,777,val,sUbend_016__f10,nan,nan,nan,nan,nan,nan,0.1457,0.712563693523407,0.2598,44.55610656738281
sage_subend_noleak,777,val,sUbend_016__f11,nan,nan,nan,nan,nan,nan,0.1294,0.7984116077423096,0.2486,37.02130889892578
sage_subend_noleak,777,val,sUbend_016__f12,nan,nan,nan,nan,nan,nan,0.1208,0.7932788729667664,0.2496,37.50700378417969
sage_subend_noleak,777,val,sUbend_016__f13,nan,nan,nan,nan,nan,nan,0.0788,0.6106677055358887,0.3025,52.36220169067383
sage_subend_noleak,777,val,sUbend_016__f14,nan,nan,nan,nan,nan,nan,0.0376,0.26263177394866943,0.4266,74.77371978759766
sage_subend_noleak,777,val,sUbend_016__f15,nan,nan,nan,nan,nan,nan,0.0327,0.337638258934021,0.3983,70.26695251464844
sage_subend_noleak,777,val,sUbend_016__f16,nan,nan,nan,nan,nan,nan,0.0448,0.4156046509742737,0.3925,65.44259643554688
sage_subend_noleak,777,val,sUbend_016__f17,nan,nan,nan,nan,nan,nan,0.037,0.20935118198394775,0.4516,77.91566467285156
sage_subend_noleak,777,val,sUbend_016__f18,nan,nan,nan,nan,nan,nan,0.0166,-0.16384896636009216,0.5405,99.43037414550781
sage_subend_noleak,777,val,sUbend_016__f19,nan,nan,nan,nan,nan,nan,0.0117,-0.3716891407966614,0.604,111.81982421875
sage_subend_noleak,777,val,sUbend_016__f20,nan,nan,nan,nan,nan,nan,0.0109,-0.3906314969062805,0.6112,112.99378967285156
sage_subend_noleak,777,val,sUbend_016__f21,nan,nan,nan,nan,nan,nan,0.0143,-0.3061663508415222,0.5767,107.82833862304688
sage_subend_noleak,777,val,sUbend_016__f22,nan,nan,nan,nan,nan,nan,0.0134,-0.21230363845825195,0.5531,102.25738525390625
sage_subend_noleak,777,val,sUbend_016__f23,nan,nan,nan,nan,nan,nan,0.0326,0.07327648997306824,0.479,85.79779815673828
sage_subend_noleak,777,val,sUbend_016__f24,nan,nan,nan,nan,nan,nan,0.0563,0.23686829209327698,0.4323,76.2982177734375
sage_subend_noleak,777,val,sUbend_019__f00,nan,nan,nan,nan,nan,nan,0.0119,0.34192052483558655,0.3276,70.00607299804688
sage_subend_noleak,777,val,sUbend_019__f01,nan,nan,nan,nan,nan,nan,0.0553,0.4356502592563629,0.2642,64.17332458496094
sage_subend_noleak,777,val,sUbend_019__f02,nan,nan,nan,nan,nan,nan,0.1223,0.6076211333274841,0.1867,52.582305908203125
sage_subend_noleak,777,val,sUbend_019__f03,nan,nan,nan,nan,nan,nan,0.1814,0.7714777588844299,0.1241,39.513221740722656
sage_subend_noleak,777,val,sUbend_019__f04,nan,nan,nan,nan,nan,nan,0.2211,0.8696492314338684,0.1208,29.582094192504883
sage_subend_noleak,777,val,sUbend_019__f05,nan,nan,nan,nan,nan,nan,0.2356,0.9143368601799011,0.1212,23.88827133178711
sage_subend_noleak,777,val,sUbend_019__f06,nan,nan,nan,nan,nan,nan,0.244,0.9292382001876831,0.1011,21.683631896972656
sage_subend_noleak,777,val,sUbend_019__f07,nan,nan,nan,nan,nan,nan,0.2863,0.9280037879943848,0.0863,21.874248504638672
sage_subend_noleak,777,val,sUbend_019__f08,nan,nan,nan,nan,nan,nan,0.2998,0.9235455989837646,0.0691,22.549938201904297
sage_subend_noleak,777,val,sUbend_019__f09,nan,nan,nan,nan,nan,nan,0.2814,0.9274105429649353,0.0627,21.965301513671875
sage_subend_noleak,777,val,sUbend_019__f10,nan,nan,nan,nan,nan,nan,0.2592,0.9268845319747925,0.0711,22.045740127563477
sage_subend_noleak,777,val,sUbend_019__f11,nan,nan,nan,nan,nan,nan,0.2561,0.9204890727996826,0.0758,23.002307891845703
sage_subend_noleak,777,val,sUbend_019__f12,nan,nan,nan,nan,nan,nan,0.2637,0.9296454191207886,0.0537,21.620386123657227
sage_subend_noleak,777,val,sUbend_019__f13,nan,nan,nan,nan,nan,nan,0.2411,0.9363193511962891,0.0351,20.557647705078125
sage_subend_noleak,777,val,sUbend_019__f14,nan,nan,nan,nan,nan,nan,0.1523,0.8260471820831299,0.1529,34.305198669433594
sage_subend_noleak,777,val,sUbend_019__f15,nan,nan,nan,nan,nan,nan,0.0444,0.46943703293800354,0.3864,62.00224304199219
sage_subend_noleak,777,val,sUbend_019__f16,nan,nan,nan,nan,nan,nan,0.0264,0.06073472648859024,0.4878,86.51801300048828
sage_subend_noleak,777,val,sUbend_019__f17,nan,nan,nan,nan,nan,nan,0.02,0.11142923682928085,0.4741,83.60227966308594
sage_subend_noleak,777,val,sUbend_019__f18,nan,nan,nan,nan,nan,nan,0.024,0.36768388748168945,0.3934,68.42715454101562
sage_subend_noleak,777,val,sUbend_019__f19,nan,nan,nan,nan,nan,nan,0.0317,0.4954524636268616,0.3461,60.30040740966797
sage_subend_noleak,777,val,sUbend_019__f20,nan,nan,nan,nan,nan,nan,0.0272,0.4758392870426178,0.3457,61.58599090576172
sage_subend_noleak,777,val,sUbend_019__f21,nan,nan,nan,nan,nan,nan,0.0137,0.4103313684463501,0.3617,65.77435302734375
sage_subend_noleak,777,val,sUbend_019__f22,nan,nan,nan,nan,nan,nan,0.0034,0.350159227848053,0.3726,69.50294494628906
sage_subend_noleak,777,val,sUbend_019__f23,nan,nan,nan,nan,nan,nan,0.0018,0.32417160272598267,0.3752,71.08460235595703
sage_subend_noleak,777,val,sUbend_019__f24,nan,nan,nan,nan,nan,nan,0.0052,0.33463332056999207,0.3591,70.44975280761719
sage_subend_noleak,777,val,sUbend_023__f00,nan,nan,nan,nan,nan,nan,0.0233,0.06811583042144775,0.4723,86.09422302246094
sage_subend_noleak,777,val,sUbend_023__f01,nan,nan,nan,nan,nan,nan,0.0083,0.005506462883204222,0.4972,89.68450164794922
sage_subend_noleak,777,val,sUbend_023__f02,nan,nan,nan,nan,nan,nan,0.0065,-0.005992322228848934,0.5029,90.34333801269531
sage_subend_noleak,777,val,sUbend_023__f03,nan,nan,nan,nan,nan,nan,0.0041,-0.009588822722434998,0.5073,90.54940795898438
sage_subend_noleak,777,val,sUbend_023__f04,nan,nan,nan,nan,nan,nan,0.0667,0.3880220949649811,0.3707,67.16851043701172
sage_subend_noleak,777,val,sUbend_023__f05,nan,nan,nan,nan,nan,nan,0.1644,0.7712289094924927,0.2806,39.53562927246094
sage_subend_noleak,777,val,sUbend_023__f06,nan,nan,nan,nan,nan,nan,0.205,0.8469058275222778,0.2528,32.123291015625
sage_subend_noleak,777,val,sUbend_023__f07,nan,nan,nan,nan,nan,nan,0.2426,0.9213149547576904,0.159,22.880916595458984
sage_subend_noleak,777,val,sUbend_023__f08,nan,nan,nan,nan,nan,nan,0.2718,0.9127968549728394,0.1407,24.105239868164062
sage_subend_noleak,777,val,sUbend_023__f09,nan,nan,nan,nan,nan,nan,0.2254,0.8846430778503418,0.1534,27.7923641204834
sage_subend_noleak,777,val,sUbend_023__f10,nan,nan,nan,nan,nan,nan,0.2226,0.8815568089485168,0.1288,28.16926383972168
sage_subend_noleak,777,val,sUbend_023__f11,nan,nan,nan,nan,nan,nan,0.2218,0.8888442516326904,0.1088,27.27161979675293
sage_subend_noleak,777,val,sUbend_023__f12,nan,nan,nan,nan,nan,nan,0.1983,0.8640099763870239,0.0632,30.23015022277832
sage_subend_noleak,777,val,sUbend_023__f13,nan,nan,nan,nan,nan,nan,0.1661,0.8408684134483337,0.0716,32.76805877685547
sage_subend_noleak,777,val,sUbend_023__f14,nan,nan,nan,nan,nan,nan,0.0989,0.7769534587860107,0.148,39.017520904541016
sage_subend_noleak,777,val,sUbend_023__f15,nan,nan,nan,nan,nan,nan,0.0412,0.5633127689361572,0.2984,55.71479034423828
sage_subend_noleak,777,val,sUbend_023__f16,nan,nan,nan,nan,nan,nan,0.0127,0.41746172308921814,0.3791,65.3255615234375
sage_subend_noleak,777,val,sUbend_023__f17,nan,nan,nan,nan,nan,nan,0.0063,0.3846689760684967,0.4062,67.37680053710938
sage_subend_noleak,777,val,sUbend_023__f18,nan,nan,nan,nan,nan,nan,0.0077,0.26951128244400024,0.4458,74.36480712890625
sage_subend_noleak,777,val,sUbend_023__f19,nan,nan,nan,nan,nan,nan,0.0103,0.1940869390964508,0.4594,78.80860900878906
sage_subend_noleak,777,val,sUbend_023__f20,nan,nan,nan,nan,nan,nan,0.0096,0.0812624841928482,0.4807,85.3388671875
sage_subend_noleak,777,val,sUbend_023__f21,nan,nan,nan,nan,nan,nan,0.0057,0.0863112211227417,0.4761,85.04856872558594
sage_subend_noleak,777,val,sUbend_023__f22,nan,nan,nan,nan,nan,nan,0.0176,0.12845632433891296,0.4575,82.61959838867188
sage_subend_noleak,777,val,sUbend_023__f23,nan,nan,nan,nan,nan,nan,0.0134,0.051058605313301086,0.4804,87.07328796386719
sage_subend_noleak,777,val,sUbend_023__f24,nan,nan,nan,nan,nan,nan,0.0212,0.07478366792201996,0.4692,85.71119689941406
