variant,seed,split,case,R_mm,L_mm,alpha_womersley,kappa,eps,De,pp_dir_10deg,cos_signed_median,frac_flipped,angle_median_deg
cosserat_sweep_withleak_nobc,1337,test,cs_008_R10p3_L219p9_a10p1_k0p005,10.332632062001387,219.86319845391617,10.142430618716505,0.0053904580648451985,0.046995732503942136,0.05569761982969345,1.0,0.9988285303115845,0.0,2.773646116256714
cosserat_sweep_withleak_nobc,1337,test,cs_011_R14p0_L181p9_a03p0_k0p014,14.044006058026058,181.87220676453305,3.0168575708216334,0.014121937351325617,0.077219088654973,0.1983285737130814,1.0,0.9997462630271912,0.0,1.2907397747039795
cosserat_sweep_withleak_nobc,1337,test,cs_036_R17p3_L276p1_a08p0_k0p003,17.31499466778154,276.12701618004564,8.021361701813102,0.0029834969688785585,0.06270663011290241,0.05165923410747463,1.0,0.9991823434829712,0.0,2.3171420097351074
cosserat_sweep_withleak_nobc,1337,test,cs_041_R16p4_L126p5_a08p0_k0p021,16.380952953924872,126.50298452981617,7.9710182832138035,0.02124330119733147,0.1294906441520671,0.34798551749954276,1.0,0.9991569519042969,0.0,2.3528504371643066
cosserat_sweep_withleak_nobc,1337,test,cs_042_R09p1_L132p8_a10p7_k0p011,9.07428353129959,132.76355859514942,10.712075744884107,0.010660025037295294,0.06834920385774537,0.09673208963916997,1.0,0.9996396899223328,0.0,1.53811514377594
cosserat_sweep_withleak_nobc,1337,test,cs_043_R12p3_L259p6_a06p1_k0p020,12.297612930140655,259.5885815717731,6.138198863286343,0.01974936588961313,0.04737347403988381,0.24287005732618525,1.0,0.9995502829551697,0.0,1.7183971405029297
cosserat_sweep_withleak_nobc,1337,test,cs_069_R13p1_L102p9_a09p7_k0p009,13.148822734681907,102.86134202123537,9.659537039244858,0.008785096495739686,0.12783055787826858,0.11551367652955634,1.0,0.9995051622390747,0.0,1.8025485277175903
cosserat_sweep_withleak_nobc,1337,test,cs_073_R17p1_L219p1_a08p8_k0p003,17.052436405248233,219.11549442691114,8.814141439119714,0.0029927805368692127,0.07782396425158468,0.05103419977982692,1.0,0.9996204376220703,0.0,1.578613519668579
cosserat_sweep_withleak_nobc,1337,test,cs_077_R09p2_L151p4_a10p0_k0p005,9.20785348784141,151.41657260303316,9.988312383907285,0.005444190983975563,0.06081139818150236,0.050129312940274146,1.0,0.9999541640281677,0.0,0.5485832095146179
cosserat_sweep_withleak_nobc,1337,test,cs_101_R17p1_L296p7_a11p6_k0p014,17.06116325157632,296.7454777876344,11.553969292706446,0.014261996667051307,0.05749426538451287,0.2433262534299997,1.0,0.9993295669555664,0.0,2.0981180667877197
cosserat_sweep_withleak_nobc,1337,test,cs_103_R15p3_L286p2_a07p5_k0p006,15.26161829168939,286.18579683017697,7.52249632089859,0.006024006987283315,0.05332765797858813,0.09193609522638774,1.0,0.9998627305030823,0.0,0.9493572115898132
cosserat_sweep_withleak_nobc,1337,test,cs_108_R15p3_L157p3_a02p2_k0p017,15.293754870832325,157.25614939483324,2.219900141123518,0.01652590291086547,0.09725377945274051,0.25274310813795087,1.0,0.9996424913406372,0.0,1.5321238040924072
cosserat_sweep_withleak_nobc,1337,test,cs_127_R09p9_L248p0_a10p7_k0p027,9.92130915509264,248.0385827557328,10.675877396634963,0.026674469300049557,0.03999905597292941,0.26464565647381927,1.0,0.9994896650314331,0.0,1.8305591344833374
cosserat_sweep_withleak_nobc,1337,test,cs_141_R11p5_L262p4_a02p2_k0p000,11.458340278600033,262.4340458867466,2.23603363554198,0.00012757021987368057,0.04366179029814172,0.0014617429887284563,1.0,0.9998276829719543,0.0,1.0636725425720215
cosserat_sweep_withleak_nobc,1337,test,cs_145_R10p7_L132p0_a11p4_k0p027,10.68541526716421,132.04906413974186,11.393989353830287,0.02683932389225749,0.08092003784181533,0.28678932127869333,0.6066498152829088,0.9924072623252869,0.0,7.064996719360352
cosserat_sweep_withleak_nobc,1337,test,cs_150_R11p5_L181p7_a04p6_k0p020,11.518299636477002,181.71355082438,4.598057815988547,0.019514730234116283,0.0633871254192212,0.22477651016156833,1.0,0.9995321035385132,0.0,1.752732276916504
cosserat_sweep_withleak_nobc,1337,test,cs_167_R08p2_L205p2_a11p9_k0p029,8.167573366253167,205.18563210404523,11.938348744333847,0.028818352151288754,0.03980577627439121,0.23537600549017068,1.0,0.9991907477378845,0.0,2.305201292037964
cosserat_sweep_withleak_nobc,1337,test,cs_203_R08p2_L122p5_a11p7_k0p007,8.217382794358745,122.54736312710918,11.737120847034058,0.006959456601839249,0.0670547499731632,0.057188518938040216,1.0,0.9997836947441101,0.0,1.1917328834533691
cosserat_sweep_withleak_nobc,1337,test,cs_204_R12p4_L232p8_a05p2_k0p008,12.432576699850076,232.80822831481788,5.207207074882933,0.008287663442116892,0.05340265157225443,0.10303701140666176,1.0,0.9997663497924805,0.0,1.238673448562622
cosserat_sweep_withleak_nobc,1337,test,cs_206_R09p6_L215p3_a11p8_k0p017,9.638041884761433,215.2839528442758,11.817075619528502,0.017454471858595003,0.04476897491627277,0.16822693084952836,1.0,0.9994664192199707,0.0,1.8717373609542847
cosserat_sweep_withleak_nobc,1337,test,cs_207_R14p8_L249p3_a02p6_k0p016,14.829240881322207,249.25664949252578,2.6215250192799315,0.01590100405059888,0.059493862697399674,0.23579981932121089,1.0,0.9998524188995361,0.0,0.9842703938484192
cosserat_sweep_withleak_nobc,1337,test,cs_209_R10p1_L101p7_a07p4_k0p010,10.120819917927488,101.7083360980719,7.440285153684869,0.00990678838805335,0.0995082635917721,0.1002648212405031,1.0,0.9999372959136963,0.0,0.6414821147918701
cosserat_sweep_withleak_nobc,1337,test,cs_212_R12p3_L211p8_a06p3_k0p019,12.338677853831664,211.80580528278526,6.342760122167442,0.018696010110296455,0.05825467265808934,0.23068404590292776,1.0,0.9998078346252441,0.0,1.1232647895812988
cosserat_sweep_withleak_nobc,1337,test,cs_221_R10p5_L204p7_a03p8_k0p014,10.490382252632225,204.67218480322697,3.8459641754550846,0.0138257058482252,0.05125455744129443,0.14503693926033523,1.0,0.9992827773094177,0.0,2.170154094696045
cosserat_sweep_withleak_nobc,1337,test,cs_227_R14p4_L277p1_a05p3_k0p014,14.418427658248241,277.1340038172114,5.301363838105172,0.01396688597456547,0.052026916436274516,0.20138053503527423,1.0,0.9995636940002441,0.0,1.6925792694091797
cosserat_sweep_withleak_nobc,1337,test,cs_231_R13p0_L240p3_a05p5_k0p019,12.97148968239227,240.34910386029168,5.529877524013183,0.019003727820144537,0.053969369862648796,0.2465066593459958,1.0,0.9997032880783081,0.0,1.3957762718200684
cosserat_sweep_withleak_nobc,1337,test,cs_232_R15p7_L186p4_a07p6_k0p012,15.654714235548212,186.38536863997828,7.595966650351917,0.01240612882235181,0.08399111126467677,0.19421440148331587,1.0,0.9990667104721069,0.0,2.4755945205688477
cosserat_sweep_withleak_nobc,1337,test,cs_234_R09p0_L188p8_a06p9_k0p030,9.039784318877945,188.7543935856657,6.857262450562726,0.029651210053235406,0.0478917822634696,0.2680405436749935,1.0,0.9995909929275513,0.0,1.6387693881988525
cosserat_sweep_withleak_nobc,1337,test,cs_237_R11p3_L274p9_a11p9_k0p019,11.34108282364878,274.8799492157583,11.889809393813541,0.01891886211767744,0.04125831242331523,0.21456038220577117,1.0,0.9995192289352417,0.0,1.7767963409423828
cosserat_sweep_withleak_nobc,1337,test,cs_243_R10p7_L196p9_a03p5_k0p020,10.685120152308635,196.91921575267133,3.4852042530363283,0.020074742814701573,0.054261439704945014,0.21450103900178072,1.0,0.9997475743293762,0.0,1.2874000072479248
cosserat_sweep_withleak_nobc,1337,test,cs_244_R11p7_L295p1_a04p8_k0p019,11.695820140082057,295.08370829461035,4.7886023453704265,0.01872456140796538,0.039635601055972226,0.21899910242948478,1.0,0.9997026920318604,0.0,1.3971776962280273
cosserat_sweep_withleak_nobc,1337,test,cs_249_R13p4_L183p9_a06p3_k0p012,13.379656937996563,183.94270592169076,6.253312234722841,0.011863671098384052,0.07273817611279805,0.15873184932160347,1.0,0.9994865655899048,0.0,1.8361098766326904
cosserat_sweep_withleak_nobc,1337,test,cs_255_R10p5_L206p1_a06p2_k0p025,10.526340555463111,206.14315889437802,6.240269051325278,0.02524660378219265,0.05106325435158639,0.26575434928020286,1.0,0.9996097087860107,0.0,1.6008332967758179
cosserat_sweep_withleak_nobc,1337,test,cs_267_R15p8_L136p0_a09p0_k0p011,15.841647847201518,136.00586823878572,9.002830388550995,0.010930430195646728,0.11647767888506334,0.17315602597785346,1.0,0.9999115467071533,0.0,0.7622034549713135
cosserat_sweep_withleak_nobc,1337,test,cs_291_R12p7_L154p6_a11p6_k0p026,12.732700950050912,154.56718024184406,11.635933302839938,0.026381135330233136,0.08237648464653784,0.33590310688268116,1.0,0.9994089603424072,0.0,1.9700051546096802
cosserat_sweep_withleak_nobc,1337,test,cs_292_R14p4_L187p7_a06p1_k0p018,14.387564331140076,187.69446004590728,6.091070410185052,0.01817182441893697,0.07665417683410097,0.2614482928416378,1.0,0.999870777130127,0.0,0.9211110472679138
cosserat_sweep_withleak_nobc,1337,val,cs_000_R09p8_L228p0_a06p7_k0p015,9.789348136754361,227.9826331430309,6.672684011434852,0.014820021084321922,0.04293900812441602,0.14507834578846715,1.0,0.9998332262039185,0.0,1.0464235544204712
cosserat_sweep_withleak_nobc,1337,val,cs_010_R11p6_L163p7_a05p1_k0p005,11.550610145885386,163.73579328774903,5.1366674156380805,0.004713985780975811,0.07054419753893616,0.05444941198929865,1.0,0.9998345971107483,0.0,1.0421137809753418
cosserat_sweep_withleak_nobc,1337,val,cs_044_R15p5_L133p3_a07p4_k0p004,15.535177069130189,133.3034756178414,7.401208121935621,0.004461336701963621,0.11653992513793807,0.06930765563001415,1.0,0.9998670220375061,0.0,0.9343988299369812
cosserat_sweep_withleak_nobc,1337,val,cs_056_R13p8_L203p6_a05p8_k0p003,13.778802937632774,203.5513047123528,5.821946206602572,0.0031107731319378563,0.06769203939569043,0.04286272996865444,1.0,0.9996412992477417,0.0,1.534676194190979
cosserat_sweep_withleak_nobc,1337,val,cs_064_R10p8_L101p0_a03p4_k0p031,10.796119193782612,101.01214607231668,3.4248162866480163,0.03110729395226966,0.1068794161253979,0.3358380533047362,1.0,0.9997713565826416,0.0,1.22525155544281
cosserat_sweep_withleak_nobc,1337,val,cs_074_R17p1_L141p4_a09p2_k0p020,17.100988944392856,141.41770281837591,9.179064872954681,0.019773118911264792,0.12092537641030571,0.3381398878977045,1.0,0.9983298778533936,0.0,3.311861753463745
cosserat_sweep_withleak_nobc,1337,val,cs_086_R10p0_L275p8_a10p8_k0p020,10.04139294969339,275.84623706717616,10.791822930263493,0.019800424415586795,0.03640213858435936,0.19882384212761012,1.0,0.9994242191314697,0.0,1.9444565773010254
cosserat_sweep_withleak_nobc,1337,val,cs_090_R13p9_L105p0_a06p5_k0p012,13.88716063125649,104.97689554401948,6.534815367450279,0.012241659663291484,0.1322877816046032,0.17000189413730207,1.0,0.9981390237808228,0.0,3.4960319995880127
cosserat_sweep_withleak_nobc,1337,val,cs_105_R12p5_L237p2_a07p2_k0p018,12.487717707176497,237.1990006516807,7.196482412958837,0.0181509031980451,0.05264658650697403,0.2266633552674743,1.0,0.9994242191314697,0.0,1.9444063901901245
cosserat_sweep_withleak_nobc,1337,val,cs_117_R12p5_L100p7_a10p5_k0p010,12.515629257465857,100.65926548640257,10.488117451574483,0.01024315845605953,0.12433658438682445,0.12819957366151744,1.0,0.9986376762390137,0.0,2.9910733699798584
cosserat_sweep_withleak_nobc,1337,val,cs_120_R10p1_L144p9_a04p9_k0p014,10.084726977879201,144.87440743102388,4.9044366749501185,0.014046124818042287,0.06961013443786224,0.14165133388716963,1.0,0.9983603358268738,0.0,3.281515121459961
cosserat_sweep_withleak_nobc,1337,val,cs_154_R09p8_L277p9_a04p5_k0p001,9.786235109693399,277.90254292644227,4.470856904033879,0.0010586313566167327,0.03521462958431333,0.010360015350345022,1.0,0.9997417330741882,0.0,1.302211046218872
cosserat_sweep_withleak_nobc,1337,val,cs_163_R16p2_L152p7_a09p6_k0p006,16.198749765649147,152.71987348386645,9.616329901244171,0.006459260849737745,0.1060683812533436,0.10463195017595601,1.0,0.9994537234306335,0.0,1.8939290046691895
cosserat_sweep_withleak_nobc,1337,val,cs_181_R08p3_L115p6_a11p2_k0p013,8.251120705485146,115.56542371606969,11.165520861428346,0.013081764804294354,0.07139783198266253,0.10793922044099999,1.0,0.9988912343978882,0.0,2.6983821392059326
cosserat_sweep_withleak_nobc,1337,val,cs_182_R08p6_L137p8_a02p8_k0p001,8.598629938826313,137.79496076059377,2.7830575511755864,0.0014826998156791183,0.06240162841488559,0.012749187025390723,1.0,0.9993805289268494,0.0,2.016835927963257
cosserat_sweep_withleak_nobc,1337,val,cs_191_R11p6_L122p1_a04p5_k0p001,11.556692137858366,122.07713103471991,4.539556893118883,0.000992905899107872,0.09466713412990949,0.011474707797853135,1.0,0.9995732307434082,0.0,1.6739774942398071
cosserat_sweep_withleak_nobc,1337,val,cs_192_R09p6_L112p9_a08p3_k0p013,9.62626406234593,112.86084808263581,8.328318774743273,0.012966750816968898,0.08529321040807399,0.12482136739478242,1.0,0.9996598362922668,0.0,1.494493007659912
cosserat_sweep_withleak_nobc,1337,val,cs_198_R10p6_L134p7_a03p0_k0p024,10.600010918578532,134.70627910668327,3.0387794839948383,0.023869624648933822,0.07868980561911035,0.25301828190106973,1.0,0.9997732043266296,0.0,1.2202904224395752
cosserat_sweep_withleak_nobc,1337,val,cs_208_R15p1_L211p3_a09p7_k0p011,15.118689716695576,211.32200135358565,9.722945689626343,0.010666787766914671,0.07154337749905589,0.16126785452182701,1.0,0.9991855025291443,0.0,2.3126609325408936
cosserat_sweep_withleak_nobc,1337,val,cs_242_R11p1_L144p0_a05p5_k0p028,11.059500088639602,144.02331857351896,5.4797552543880785,0.027517248613048124,0.07678964905251859,0.3043270134751237,1.0,0.9994072914123535,0.0,1.9727847576141357
cosserat_sweep_withleak_nobc,1337,val,cs_261_R12p9_L253p3_a07p9_k0p018,12.906835133732944,253.2871487259385,7.877427617712564,0.0175134431064908,0.050957323333045944,0.22604312279948843,1.0,0.999302864074707,0.0,2.1394996643066406
cosserat_sweep_withleak_nobc,1337,val,cs_282_R10p0_L204p3_a04p6_k0p006,10.018613235043922,204.29971991412128,4.610087289346258,0.005659941338303978,0.04903880063690401,0.05670476320150444,1.0,0.9991153478622437,0.0,2.4102158546447754
cosserat_sweep_withleak_nobc,1337,val,cs_289_R10p0_L261p4_a06p9_k0p031,10.013484458500468,261.37708247023414,6.937621506430334,0.031176595146921768,0.038310491355495226,0.31218635097266223,1.0,0.9997785091400146,0.0,1.2060151100158691
cosserat_sweep_withleak_nobc,1337,val,cs_295_R15p8_L158p7_a04p0_k0p015,15.815991131355483,158.68764716391132,3.9849693050340145,0.014939235824352927,0.09966743734639195,0.23627882130719402,1.0,0.9996100664138794,0.0,1.6000995635986328
cosserat_sweep_withleak_nobc,2026,test,cs_008_R10p3_L219p9_a10p1_k0p005,10.332632062001387,219.86319845391617,10.142430618716505,0.0053904580648451985,0.046995732503942136,0.05569761982969345,1.0,0.9995130896568298,0.0,1.7880501747131348
cosserat_sweep_withleak_nobc,2026,test,cs_011_R14p0_L181p9_a03p0_k0p014,14.044006058026058,181.87220676453305,3.0168575708216334,0.014121937351325617,0.077219088654973,0.1983285737130814,1.0,0.9998555183410645,0.0,0.9738777279853821
cosserat_sweep_withleak_nobc,2026,test,cs_036_R17p3_L276p1_a08p0_k0p003,17.31499466778154,276.12701618004564,8.021361701813102,0.0029834969688785585,0.06270663011290241,0.05165923410747463,1.0,0.999343752861023,0.0,2.075845718383789
cosserat_sweep_withleak_nobc,2026,test,cs_041_R16p4_L126p5_a08p0_k0p021,16.380952953924872,126.50298452981617,7.9710182832138035,0.02124330119733147,0.1294906441520671,0.34798551749954276,1.0,0.9990152716636658,0.0,2.5429129600524902
cosserat_sweep_withleak_nobc,2026,test,cs_042_R09p1_L132p8_a10p7_k0p011,9.07428353129959,132.76355859514942,10.712075744884107,0.010660025037295294,0.06834920385774537,0.09673208963916997,1.0,0.9993627667427063,0.0,2.045548915863037
cosserat_sweep_withleak_nobc,2026,test,cs_043_R12p3_L259p6_a06p1_k0p020,12.297612930140655,259.5885815717731,6.138198863286343,0.01974936588961313,0.04737347403988381,0.24287005732618525,1.0,0.9994263648986816,0.0,1.9407798051834106
cosserat_sweep_withleak_nobc,2026,test,cs_069_R13p1_L102p9_a09p7_k0p009,13.148822734681907,102.86134202123537,9.659537039244858,0.008785096495739686,0.12783055787826858,0.11551367652955634,1.0,0.9997519850730896,0.0,1.2761023044586182
cosserat_sweep_withleak_nobc,2026,test,cs_073_R17p1_L219p1_a08p8_k0p003,17.052436405248233,219.11549442691114,8.814141439119714,0.0029927805368692127,0.07782396425158468,0.05103419977982692,1.0,0.9996875524520874,0.0,1.4323797225952148
cosserat_sweep_withleak_nobc,2026,test,cs_077_R09p2_L151p4_a10p0_k0p005,9.20785348784141,151.41657260303316,9.988312383907285,0.005444190983975563,0.06081139818150236,0.050129312940274146,1.0,0.9996345043182373,0.0,1.5491445064544678
cosserat_sweep_withleak_nobc,2026,test,cs_101_R17p1_L296p7_a11p6_k0p014,17.06116325157632,296.7454777876344,11.553969292706446,0.014261996667051307,0.05749426538451287,0.2433262534299997,1.0,0.9992827773094177,0.0,2.170154094696045
cosserat_sweep_withleak_nobc,2026,test,cs_103_R15p3_L286p2_a07p5_k0p006,15.26161829168939,286.18579683017697,7.52249632089859,0.006024006987283315,0.05332765797858813,0.09193609522638774,1.0,0.999620795249939,0.0,1.5779316425323486
cosserat_sweep_withleak_nobc,2026,test,cs_108_R15p3_L157p3_a02p2_k0p017,15.293754870832325,157.25614939483324,2.219900141123518,0.01652590291086547,0.09725377945274051,0.25274310813795087,1.0,0.9998767375946045,0.0,0.8997251987457275
cosserat_sweep_withleak_nobc,2026,test,cs_127_R09p9_L248p0_a10p7_k0p027,9.92130915509264,248.0385827557328,10.675877396634963,0.026674469300049557,0.03999905597292941,0.26464565647381927,1.0,0.9996296167373657,0.0,1.5594687461853027
cosserat_sweep_withleak_nobc,2026,test,cs_141_R11p5_L262p4_a02p2_k0p000,11.458340278600033,262.4340458867466,2.23603363554198,0.00012757021987368057,0.04366179029814172,0.0014617429887284563,1.0,0.9998389482498169,0.0,1.0283149480819702
cosserat_sweep_withleak_nobc,2026,test,cs_145_R10p7_L132p0_a11p4_k0p027,10.68541526716421,132.04906413974186,11.393989353830287,0.02683932389225749,0.08092003784181533,0.28678932127869333,0.758312269103636,0.9941603541374207,0.0,6.195015907287598
cosserat_sweep_withleak_nobc,2026,test,cs_150_R11p5_L181p7_a04p6_k0p020,11.518299636477002,181.71355082438,4.598057815988547,0.019514730234116283,0.0633871254192212,0.22477651016156833,1.0,0.9992358684539795,0.0,2.2400503158569336
cosserat_sweep_withleak_nobc,2026,test,cs_167_R08p2_L205p2_a11p9_k0p029,8.167573366253167,205.18563210404523,11.938348744333847,0.028818352151288754,0.03980577627439121,0.23537600549017068,1.0,0.9994232654571533,0.0,1.9460161924362183
cosserat_sweep_withleak_nobc,2026,test,cs_203_R08p2_L122p5_a11p7_k0p007,8.217382794358745,122.54736312710918,11.737120847034058,0.006959456601839249,0.0670547499731632,0.057188518938040216,1.0,0.9996077418327332,0.0,1.6048624515533447
cosserat_sweep_withleak_nobc,2026,test,cs_204_R12p4_L232p8_a05p2_k0p008,12.432576699850076,232.80822831481788,5.207207074882933,0.008287663442116892,0.05340265157225443,0.10303701140666176,1.0,0.9990769624710083,0.0,2.461958408355713
cosserat_sweep_withleak_nobc,2026,test,cs_206_R09p6_L215p3_a11p8_k0p017,9.638041884761433,215.2839528442758,11.817075619528502,0.017454471858595003,0.04476897491627277,0.16822693084952836,1.0,0.9992079734802246,0.0,2.280531883239746
cosserat_sweep_withleak_nobc,2026,test,cs_207_R14p8_L249p3_a02p6_k0p016,14.829240881322207,249.25664949252578,2.6215250192799315,0.01590100405059888,0.059493862697399674,0.23579981932121089,1.0,0.9997828006744385,0.0,1.1941936016082764
cosserat_sweep_withleak_nobc,2026,test,cs_209_R10p1_L101p7_a07p4_k0p010,10.120819917927488,101.7083360980719,7.440285153684869,0.00990678838805335,0.0995082635917721,0.1002648212405031,1.0,0.9999393224716187,0.0,0.6311807632446289
cosserat_sweep_withleak_nobc,2026,test,cs_212_R12p3_L211p8_a06p3_k0p019,12.338677853831664,211.80580528278526,6.342760122167442,0.018696010110296455,0.05825467265808934,0.23068404590292776,1.0,0.9998034238815308,0.0,1.1360831260681152
cosserat_sweep_withleak_nobc,2026,test,cs_221_R10p5_L204p7_a03p8_k0p014,10.490382252632225,204.67218480322697,3.8459641754550846,0.0138257058482252,0.05125455744129443,0.14503693926033523,1.0,0.9992379546165466,0.0,2.2369465827941895
cosserat_sweep_withleak_nobc,2026,test,cs_227_R14p4_L277p1_a05p3_k0p014,14.418427658248241,277.1340038172114,5.301363838105172,0.01396688597456547,0.052026916436274516,0.20138053503527423,1.0,0.9990397095680237,0.0,2.5111560821533203
cosserat_sweep_withleak_nobc,2026,test,cs_231_R13p0_L240p3_a05p5_k0p019,12.97148968239227,240.34910386029168,5.529877524013183,0.019003727820144537,0.053969369862648796,0.2465066593459958,1.0,0.9995784163475037,0.0,1.6637755632400513
cosserat_sweep_withleak_nobc,2026,test,cs_232_R15p7_L186p4_a07p6_k0p012,15.654714235548212,186.38536863997828,7.595966650351917,0.01240612882235181,0.08399111126467677,0.19421440148331587,1.0,0.9991852045059204,0.0,2.3130838871002197
cosserat_sweep_withleak_nobc,2026,test,cs_234_R09p0_L188p8_a06p9_k0p030,9.039784318877945,188.7543935856657,6.857262450562726,0.029651210053235406,0.0478917822634696,0.2680405436749935,1.0,0.9996516108512878,0.0,1.5124551057815552
cosserat_sweep_withleak_nobc,2026,test,cs_237_R11p3_L274p9_a11p9_k0p019,11.34108282364878,274.8799492157583,11.889809393813541,0.01891886211767744,0.04125831242331523,0.21456038220577117,1.0,0.9993108510971069,0.0,2.127298593521118
cosserat_sweep_withleak_nobc,2026,test,cs_243_R10p7_L196p9_a03p5_k0p020,10.685120152308635,196.91921575267133,3.4852042530363283,0.020074742814701573,0.054261439704945014,0.21450103900178072,1.0,0.9995760917663574,0.0,1.6684151887893677
cosserat_sweep_withleak_nobc,2026,test,cs_244_R11p7_L295p1_a04p8_k0p019,11.695820140082057,295.08370829461035,4.7886023453704265,0.01872456140796538,0.039635601055972226,0.21899910242948478,1.0,0.9998631477355957,0.0,0.9479131102561951
cosserat_sweep_withleak_nobc,2026,test,cs_249_R13p4_L183p9_a06p3_k0p012,13.379656937996563,183.94270592169076,6.253312234722841,0.011863671098384052,0.07273817611279805,0.15873184932160347,1.0,0.9994701147079468,0.0,1.8652960062026978
cosserat_sweep_withleak_nobc,2026,test,cs_255_R10p5_L206p1_a06p2_k0p025,10.526340555463111,206.14315889437802,6.240269051325278,0.02524660378219265,0.05106325435158639,0.26575434928020286,1.0,0.9994305372238159,0.0,1.9337079524993896
cosserat_sweep_withleak_nobc,2026,test,cs_267_R15p8_L136p0_a09p0_k0p011,15.841647847201518,136.00586823878572,9.002830388550995,0.010930430195646728,0.11647767888506334,0.17315602597785346,1.0,0.9997652769088745,0.0,1.2414350509643555
cosserat_sweep_withleak_nobc,2026,test,cs_291_R12p7_L154p6_a11p6_k0p026,12.732700950050912,154.56718024184406,11.635933302839938,0.026381135330233136,0.08237648464653784,0.33590310688268116,1.0,0.9993777871131897,0.0,2.021294593811035
cosserat_sweep_withleak_nobc,2026,test,cs_292_R14p4_L187p7_a06p1_k0p018,14.387564331140076,187.69446004590728,6.091070410185052,0.01817182441893697,0.07665417683410097,0.2614482928416378,1.0,0.9998335242271423,0.0,1.0454883575439453
cosserat_sweep_withleak_nobc,2026,val,cs_000_R09p8_L228p0_a06p7_k0p015,9.789348136754361,227.9826331430309,6.672684011434852,0.014820021084321922,0.04293900812441602,0.14507834578846715,1.0,0.9997323155403137,0.0,1.3257414102554321
cosserat_sweep_withleak_nobc,2026,val,cs_010_R11p6_L163p7_a05p1_k0p005,11.550610145885386,163.73579328774903,5.1366674156380805,0.004713985780975811,0.07054419753893616,0.05444941198929865,1.0,0.9998512268066406,0.0,0.9883375763893127
cosserat_sweep_withleak_nobc,2026,val,cs_044_R15p5_L133p3_a07p4_k0p004,15.535177069130189,133.3034756178414,7.401208121935621,0.004461336701963621,0.11653992513793807,0.06930765563001415,1.0,0.9998388290405273,0.0,1.0286954641342163
cosserat_sweep_withleak_nobc,2026,val,cs_056_R13p8_L203p6_a05p8_k0p003,13.778802937632774,203.5513047123528,5.821946206602572,0.0031107731319378563,0.06769203939569043,0.04286272996865444,1.0,0.9994114637374878,0.0,1.9658280611038208
cosserat_sweep_withleak_nobc,2026,val,cs_064_R10p8_L101p0_a03p4_k0p031,10.796119193782612,101.01214607231668,3.4248162866480163,0.03110729395226966,0.1068794161253979,0.3358380533047362,1.0,0.9996407628059387,0.0,1.5358233451843262
cosserat_sweep_withleak_nobc,2026,val,cs_074_R17p1_L141p4_a09p2_k0p020,17.100988944392856,141.41770281837591,9.179064872954681,0.019773118911264792,0.12092537641030571,0.3381398878977045,1.0,0.9993395805358887,0.0,2.082435131072998
cosserat_sweep_withleak_nobc,2026,val,cs_086_R10p0_L275p8_a10p8_k0p020,10.04139294969339,275.84623706717616,10.791822930263493,0.019800424415586795,0.03640213858435936,0.19882384212761012,1.0,0.999390721321106,0.0,2.000124454498291
cosserat_sweep_withleak_nobc,2026,val,cs_090_R13p9_L105p0_a06p5_k0p012,13.88716063125649,104.97689554401948,6.534815367450279,0.012241659663291484,0.1322877816046032,0.17000189413730207,1.0,0.9992068409919739,0.0,2.2821619510650635
cosserat_sweep_withleak_nobc,2026,val,cs_105_R12p5_L237p2_a07p2_k0p018,12.487717707176497,237.1990006516807,7.196482412958837,0.0181509031980451,0.05264658650697403,0.2266633552674743,1.0,0.9995810985565186,0.0,1.6584742069244385
cosserat_sweep_withleak_nobc,2026,val,cs_117_R12p5_L100p7_a10p5_k0p010,12.515629257465857,100.65926548640257,10.488117451574483,0.01024315845605953,0.12433658438682445,0.12819957366151744,1.0,0.9997777342796326,0.0,1.2080416679382324
cosserat_sweep_withleak_nobc,2026,val,cs_120_R10p1_L144p9_a04p9_k0p014,10.084726977879201,144.87440743102388,4.9044366749501185,0.014046124818042287,0.06961013443786224,0.14165133388716963,1.0,0.9992808103561401,0.0,2.173128366470337
cosserat_sweep_withleak_nobc,2026,val,cs_154_R09p8_L277p9_a04p5_k0p001,9.786235109693399,277.90254292644227,4.470856904033879,0.0010586313566167327,0.03521462958431333,0.010360015350345022,1.0,0.9993600249290466,0.0,2.04994535446167
cosserat_sweep_withleak_nobc,2026,val,cs_163_R16p2_L152p7_a09p6_k0p006,16.198749765649147,152.71987348386645,9.616329901244171,0.006459260849737745,0.1060683812533436,0.10463195017595601,1.0,0.999887228012085,0.0,0.860482931137085
cosserat_sweep_withleak_nobc,2026,val,cs_181_R08p3_L115p6_a11p2_k0p013,8.251120705485146,115.56542371606969,11.165520861428346,0.013081764804294354,0.07139783198266253,0.10793922044099999,1.0,0.9994617700576782,0.0,1.8798749446868896
cosserat_sweep_withleak_nobc,2026,val,cs_182_R08p6_L137p8_a02p8_k0p001,8.598629938826313,137.79496076059377,2.7830575511755864,0.0014826998156791183,0.06240162841488559,0.012749187025390723,1.0,0.9997339844703674,0.0,1.3216021060943604
cosserat_sweep_withleak_nobc,2026,val,cs_191_R11p6_L122p1_a04p5_k0p001,11.556692137858366,122.07713103471991,4.539556893118883,0.000992905899107872,0.09466713412990949,0.011474707797853135,1.0,0.9993709921836853,0.0,2.0323026180267334
cosserat_sweep_withleak_nobc,2026,val,cs_192_R09p6_L112p9_a08p3_k0p013,9.62626406234593,112.86084808263581,8.328318774743273,0.012966750816968898,0.08529321040807399,0.12482136739478242,1.0,0.9979153275489807,0.0,3.7002577781677246
cosserat_sweep_withleak_nobc,2026,val,cs_198_R10p6_L134p7_a03p0_k0p024,10.600010918578532,134.70627910668327,3.0387794839948383,0.023869624648933822,0.07868980561911035,0.25301828190106973,1.0,0.999815821647644,0.0,1.0996729135513306
cosserat_sweep_withleak_nobc,2026,val,cs_208_R15p1_L211p3_a09p7_k0p011,15.118689716695576,211.32200135358565,9.722945689626343,0.010666787766914671,0.07154337749905589,0.16126785452182701,1.0,0.9995081424713135,0.0,1.7971116304397583
cosserat_sweep_withleak_nobc,2026,val,cs_242_R11p1_L144p0_a05p5_k0p028,11.059500088639602,144.02331857351896,5.4797552543880785,0.027517248613048124,0.07678964905251859,0.3043270134751237,1.0,0.9992575645446777,0.0,2.2079732418060303
cosserat_sweep_withleak_nobc,2026,val,cs_261_R12p9_L253p3_a07p9_k0p018,12.906835133732944,253.2871487259385,7.877427617712564,0.0175134431064908,0.050957323333045944,0.22604312279948843,1.0,0.9994484186172485,0.0,1.9031033515930176
cosserat_sweep_withleak_nobc,2026,val,cs_282_R10p0_L204p3_a04p6_k0p006,10.018613235043922,204.29971991412128,4.610087289346258,0.005659941338303978,0.04903880063690401,0.05670476320150444,0.9897505318120287,0.9992678761482239,0.0,2.192584753036499
cosserat_sweep_withleak_nobc,2026,val,cs_289_R10p0_L261p4_a06p9_k0p031,10.013484458500468,261.37708247023414,6.937621506430334,0.031176595146921768,0.038310491355495226,0.31218635097266223,1.0,0.9996678829193115,0.0,1.4767099618911743
cosserat_sweep_withleak_nobc,2026,val,cs_295_R15p8_L158p7_a04p0_k0p015,15.815991131355483,158.68764716391132,3.9849693050340145,0.014939235824352927,0.09966743734639195,0.23627882130719402,1.0,0.9996520280838013,0.0,1.5115492343902588
cosserat_sweep_withleak_nobc,777,test,cs_008_R10p3_L219p9_a10p1_k0p005,10.332632062001387,219.86319845391617,10.142430618716505,0.0053904580648451985,0.046995732503942136,0.05569761982969345,1.0,0.9991426467895508,0.0,2.372689723968506
cosserat_sweep_withleak_nobc,777,test,cs_011_R14p0_L181p9_a03p0_k0p014,14.044006058026058,181.87220676453305,3.0168575708216334,0.014121937351325617,0.077219088654973,0.1983285737130814,1.0,0.9996823072433472,0.0,1.4443522691726685
cosserat_sweep_withleak_nobc,777,test,cs_036_R17p3_L276p1_a08p0_k0p003,17.31499466778154,276.12701618004564,8.021361701813102,0.0029834969688785585,0.06270663011290241,0.05165923410747463,1.0,0.9993354082107544,0.0,2.089003324508667
cosserat_sweep_withleak_nobc,777,test,cs_041_R16p4_L126p5_a08p0_k0p021,16.380952953924872,126.50298452981617,7.9710182832138035,0.02124330119733147,0.1294906441520671,0.34798551749954276,1.0,0.9994966387748718,0.0,1.8180075883865356
cosserat_sweep_withleak_nobc,777,test,cs_042_R09p1_L132p8_a10p7_k0p011,9.07428353129959,132.76355859514942,10.712075744884107,0.010660025037295294,0.06834920385774537,0.09673208963916997,1.0,0.9996805787086487,0.0,1.4482084512710571
cosserat_sweep_withleak_nobc,777,test,cs_043_R12p3_L259p6_a06p1_k0p020,12.297612930140655,259.5885815717731,6.138198863286343,0.01974936588961313,0.04737347403988381,0.24287005732618525,1.0,0.9993384480476379,0.0,2.0842196941375732
cosserat_sweep_withleak_nobc,777,test,cs_069_R13p1_L102p9_a09p7_k0p009,13.148822734681907,102.86134202123537,9.659537039244858,0.008785096495739686,0.12783055787826858,0.11551367652955634,1.0,0.9995307922363281,0.0,1.7552427053451538
cosserat_sweep_withleak_nobc,777,test,cs_073_R17p1_L219p1_a08p8_k0p003,17.052436405248233,219.11549442691114,8.814141439119714,0.0029927805368692127,0.07782396425158468,0.05103419977982692,1.0,0.9996349811553955,0.0,1.548196792602539
cosserat_sweep_withleak_nobc,777,test,cs_077_R09p2_L151p4_a10p0_k0p005,9.20785348784141,151.41657260303316,9.988312383907285,0.005444190983975563,0.06081139818150236,0.050129312940274146,1.0,0.9995642900466919,0.0,1.691422462463379
cosserat_sweep_withleak_nobc,777,test,cs_101_R17p1_L296p7_a11p6_k0p014,17.06116325157632,296.7454777876344,11.553969292706446,0.014261996667051307,0.05749426538451287,0.2433262534299997,1.0,0.9995318055152893,0.0,1.7533459663391113
cosserat_sweep_withleak_nobc,777,test,cs_103_R15p3_L286p2_a07p5_k0p006,15.26161829168939,286.18579683017697,7.52249632089859,0.006024006987283315,0.05332765797858813,0.09193609522638774,1.0,0.9998935461044312,0.0,0.8360306620597839
cosserat_sweep_withleak_nobc,777,test,cs_108_R15p3_L157p3_a02p2_k0p017,15.293754870832325,157.25614939483324,2.219900141123518,0.01652590291086547,0.09725377945274051,0.25274310813795087,1.0,0.9999063014984131,0.0,0.7844700813293457
cosserat_sweep_withleak_nobc,777,test,cs_127_R09p9_L248p0_a10p7_k0p027,9.92130915509264,248.0385827557328,10.675877396634963,0.026674469300049557,0.03999905597292941,0.26464565647381927,1.0,0.9995295405387878,0.0,1.757582664489746
cosserat_sweep_withleak_nobc,777,test,cs_141_R11p5_L262p4_a02p2_k0p000,11.458340278600033,262.4340458867466,2.23603363554198,0.00012757021987368057,0.04366179029814172,0.0014617429887284563,1.0,0.999768853187561,0.0,1.2319409847259521
cosserat_sweep_withleak_nobc,777,test,cs_145_R10p7_L132p0_a11p4_k0p027,10.68541526716421,132.04906413974186,11.393989353830287,0.02683932389225749,0.08092003784181533,0.28678932127869333,0.7690064164884308,0.9935842752456665,0.0,6.493710041046143
cosserat_sweep_withleak_nobc,777,test,cs_150_R11p5_L181p7_a04p6_k0p020,11.518299636477002,181.71355082438,4.598057815988547,0.019514730234116283,0.0633871254192212,0.22477651016156833,1.0,0.9994324445724487,0.0,1.9305171966552734
cosserat_sweep_withleak_nobc,777,test,cs_167_R08p2_L205p2_a11p9_k0p029,8.167573366253167,205.18563210404523,11.938348744333847,0.028818352151288754,0.03980577627439121,0.23537600549017068,1.0,0.999622106552124,0.0,1.5752010345458984
cosserat_sweep_withleak_nobc,777,test,cs_203_R08p2_L122p5_a11p7_k0p007,8.217382794358745,122.54736312710918,11.737120847034058,0.006959456601839249,0.0670547499731632,0.057188518938040216,1.0,0.9997478723526001,0.0,1.28663969039917
cosserat_sweep_withleak_nobc,777,test,cs_204_R12p4_L232p8_a05p2_k0p008,12.432576699850076,232.80822831481788,5.207207074882933,0.008287663442116892,0.05340265157225443,0.10303701140666176,1.0,0.9996354579925537,0.0,1.5471221208572388
cosserat_sweep_withleak_nobc,777,test,cs_206_R09p6_L215p3_a11p8_k0p017,9.638041884761433,215.2839528442758,11.817075619528502,0.017454471858595003,0.04476897491627277,0.16822693084952836,1.0,0.9997127056121826,0.0,1.3735172748565674
cosserat_sweep_withleak_nobc,777,test,cs_207_R14p8_L249p3_a02p6_k0p016,14.829240881322207,249.25664949252578,2.6215250192799315,0.01590100405059888,0.059493862697399674,0.23579981932121089,1.0,0.9998840093612671,0.0,0.8725643754005432
cosserat_sweep_withleak_nobc,777,test,cs_209_R10p1_L101p7_a07p4_k0p010,10.120819917927488,101.7083360980719,7.440285153684869,0.00990678838805335,0.0995082635917721,0.1002648212405031,1.0,0.9999172687530518,0.0,0.7371461391448975
cosserat_sweep_withleak_nobc,777,test,cs_212_R12p3_L211p8_a06p3_k0p019,12.338677853831664,211.80580528278526,6.342760122167442,0.018696010110296455,0.05825467265808934,0.23068404590292776,1.0,0.9998319149017334,0.0,1.0505295991897583
cosserat_sweep_withleak_nobc,777,test,cs_221_R10p5_L204p7_a03p8_k0p014,10.490382252632225,204.67218480322697,3.8459641754550846,0.0138257058482252,0.05125455744129443,0.14503693926033523,1.0,0.9996563792228699,0.0,1.5020685195922852
cosserat_sweep_withleak_nobc,777,test,cs_227_R14p4_L277p1_a05p3_k0p014,14.418427658248241,277.1340038172114,5.301363838105172,0.01396688597456547,0.052026916436274516,0.20138053503527423,1.0,0.9993119835853577,0.0,2.1255040168762207
cosserat_sweep_withleak_nobc,777,test,cs_231_R13p0_L240p3_a05p5_k0p019,12.97148968239227,240.34910386029168,5.529877524013183,0.019003727820144537,0.053969369862648796,0.2465066593459958,1.0,0.9996495842933655,0.0,1.5168479681015015
cosserat_sweep_withleak_nobc,777,test,cs_232_R15p7_L186p4_a07p6_k0p012,15.654714235548212,186.38536863997828,7.595966650351917,0.01240612882235181,0.08399111126467677,0.19421440148331587,1.0,0.9996762275695801,0.0,1.458039402961731
cosserat_sweep_withleak_nobc,777,test,cs_234_R09p0_L188p8_a06p9_k0p030,9.039784318877945,188.7543935856657,6.857262450562726,0.029651210053235406,0.0478917822634696,0.2680405436749935,1.0,0.9995715618133545,0.0,1.6772476434707642
cosserat_sweep_withleak_nobc,777,test,cs_237_R11p3_L274p9_a11p9_k0p019,11.34108282364878,274.8799492157583,11.889809393813541,0.01891886211767744,0.04125831242331523,0.21456038220577117,1.0,0.9996185302734375,0.0,1.5826992988586426
cosserat_sweep_withleak_nobc,777,test,cs_243_R10p7_L196p9_a03p5_k0p020,10.685120152308635,196.91921575267133,3.4852042530363283,0.020074742814701573,0.054261439704945014,0.21450103900178072,1.0,0.9994506239891052,0.0,1.8992944955825806
cosserat_sweep_withleak_nobc,777,test,cs_244_R11p7_L295p1_a04p8_k0p019,11.695820140082057,295.08370829461035,4.7886023453704265,0.01872456140796538,0.039635601055972226,0.21899910242948478,1.0,0.9998918175697327,0.0,0.842790961265564
cosserat_sweep_withleak_nobc,777,test,cs_249_R13p4_L183p9_a06p3_k0p012,13.379656937996563,183.94270592169076,6.253312234722841,0.011863671098384052,0.07273817611279805,0.15873184932160347,1.0,0.9993196129798889,0.0,2.113684892654419
cosserat_sweep_withleak_nobc,777,test,cs_255_R10p5_L206p1_a06p2_k0p025,10.526340555463111,206.14315889437802,6.240269051325278,0.02524660378219265,0.05106325435158639,0.26575434928020286,1.0,0.9992008805274963,0.0,2.290721893310547
cosserat_sweep_withleak_nobc,777,test,cs_267_R15p8_L136p0_a09p0_k0p011,15.841647847201518,136.00586823878572,9.002830388550995,0.010930430195646728,0.11647767888506334,0.17315602597785346,1.0,0.9997868537902832,0.0,1.1829156875610352
cosserat_sweep_withleak_nobc,777,test,cs_291_R12p7_L154p6_a11p6_k0p026,12.732700950050912,154.56718024184406,11.635933302839938,0.026381135330233136,0.08237648464653784,0.33590310688268116,0.9996178100515957,0.9996173977851868,0.0,1.5849851369857788
cosserat_sweep_withleak_nobc,777,test,cs_292_R14p4_L187p7_a06p1_k0p018,14.387564331140076,187.69446004590728,6.091070410185052,0.01817182441893697,0.07665417683410097,0.2614482928416378,1.0,0.9997416734695435,0.0,1.302361249923706
cosserat_sweep_withleak_nobc,777,val,cs_000_R09p8_L228p0_a06p7_k0p015,9.789348136754361,227.9826331430309,6.672684011434852,0.014820021084321922,0.04293900812441602,0.14507834578846715,1.0,0.999843955039978,0.0,1.0122041702270508
cosserat_sweep_withleak_nobc,777,val,cs_010_R11p6_L163p7_a05p1_k0p005,11.550610145885386,163.73579328774903,5.1366674156380805,0.004713985780975811,0.07054419753893616,0.05444941198929865,1.0,0.9997652769088745,0.0,1.241435170173645
cosserat_sweep_withleak_nobc,777,val,cs_044_R15p5_L133p3_a07p4_k0p004,15.535177069130189,133.3034756178414,7.401208121935621,0.004461336701963621,0.11653992513793807,0.06930765563001415,1.0,0.9998063445091248,0.0,1.1276116371154785
cosserat_sweep_withleak_nobc,777,val,cs_056_R13p8_L203p6_a05p8_k0p003,13.778802937632774,203.5513047123528,5.821946206602572,0.0031107731319378563,0.06769203939569043,0.04286272996865444,1.0,0.9990296959877014,0.0,2.524216890335083
cosserat_sweep_withleak_nobc,777,val,cs_064_R10p8_L101p0_a03p4_k0p031,10.796119193782612,101.01214607231668,3.4248162866480163,0.03110729395226966,0.1068794161253979,0.3358380533047362,1.0,0.9998198747634888,0.0,1.0874154567718506
cosserat_sweep_withleak_nobc,777,val,cs_074_R17p1_L141p4_a09p2_k0p020,17.100988944392856,141.41770281837591,9.179064872954681,0.019773118911264792,0.12092537641030571,0.3381398878977045,1.0,0.999499499797821,0.0,1.8128330707550049
cosserat_sweep_withleak_nobc,777,val,cs_086_R10p0_L275p8_a10p8_k0p020,10.04139294969339,275.84623706717616,10.791822930263493,0.019800424415586795,0.03640213858435936,0.19882384212761012,1.0,0.9994451999664307,0.0,1.9086997509002686
cosserat_sweep_withleak_nobc,777,val,cs_090_R13p9_L105p0_a06p5_k0p012,13.88716063125649,104.97689554401948,6.534815367450279,0.012241659663291484,0.1322877816046032,0.17000189413730207,1.0,0.9993563294410706,0.0,2.055856227874756
cosserat_sweep_withleak_nobc,777,val,cs_105_R12p5_L237p2_a07p2_k0p018,12.487717707176497,237.1990006516807,7.196482412958837,0.0181509031980451,0.05264658650697403,0.2266633552674743,1.0,0.9995510578155518,0.0,1.7169160842895508
cosserat_sweep_withleak_nobc,777,val,cs_117_R12p5_L100p7_a10p5_k0p010,12.515629257465857,100.65926548640257,10.488117451574483,0.01024315845605953,0.12433658438682445,0.12819957366151744,1.0,0.9996477365493774,0.0,1.52084219455719
cosserat_sweep_withleak_nobc,777,val,cs_120_R10p1_L144p9_a04p9_k0p014,10.084726977879201,144.87440743102388,4.9044366749501185,0.014046124818042287,0.06961013443786224,0.14165133388716963,1.0,0.9991046190261841,0.0,2.4247889518737793
cosserat_sweep_withleak_nobc,777,val,cs_154_R09p8_L277p9_a04p5_k0p001,9.786235109693399,277.90254292644227,4.470856904033879,0.0010586313566167327,0.03521462958431333,0.010360015350345022,1.0,0.9995672702789307,0.0,1.6856275796890259
cosserat_sweep_withleak_nobc,777,val,cs_163_R16p2_L152p7_a09p6_k0p006,16.198749765649147,152.71987348386645,9.616329901244171,0.006459260849737745,0.1060683812533436,0.10463195017595601,1.0,0.9998766183853149,0.0,0.9001600742340088
cosserat_sweep_withleak_nobc,777,val,cs_181_R08p3_L115p6_a11p2_k0p013,8.251120705485146,115.56542371606969,11.165520861428346,0.013081764804294354,0.07139783198266253,0.10793922044099999,1.0,0.9991570711135864,0.0,2.3527255058288574
cosserat_sweep_withleak_nobc,777,val,cs_182_R08p6_L137p8_a02p8_k0p001,8.598629938826313,137.79496076059377,2.7830575511755864,0.0014826998156791183,0.06240162841488559,0.012749187025390723,1.0,0.9995157122612,0.0,1.7832280397415161
cosserat_sweep_withleak_nobc,777,val,cs_191_R11p6_L122p1_a04p5_k0p001,11.556692137858366,122.07713103471991,4.539556893118883,0.000992905899107872,0.09466713412990949,0.011474707797853135,1.0,0.9998330473899841,0.0,1.0469844341278076
cosserat_sweep_withleak_nobc,777,val,cs_192_R09p6_L112p9_a08p3_k0p013,9.62626406234593,112.86084808263581,8.328318774743273,0.012966750816968898,0.08529321040807399,0.12482136739478242,1.0,0.9998123645782471,0.0,1.1099458932876587
cosserat_sweep_withleak_nobc,777,val,cs_198_R10p6_L134p7_a03p0_k0p024,10.600010918578532,134.70627910668327,3.0387794839948383,0.023869624648933822,0.07868980561911035,0.25301828190106973,1.0,0.9998241662979126,0.0,1.0745630264282227
cosserat_sweep_withleak_nobc,777,val,cs_208_R15p1_L211p3_a09p7_k0p011,15.118689716695576,211.32200135358565,9.722945689626343,0.010666787766914671,0.07154337749905589,0.16126785452182701,1.0,0.9998147487640381,0.0,1.1028714179992676
cosserat_sweep_withleak_nobc,777,val,cs_242_R11p1_L144p0_a05p5_k0p028,11.059500088639602,144.02331857351896,5.4797552543880785,0.027517248613048124,0.07678964905251859,0.3043270134751237,1.0,0.9993366599082947,0.0,2.0870349407196045
cosserat_sweep_withleak_nobc,777,val,cs_261_R12p9_L253p3_a07p9_k0p018,12.906835133732944,253.2871487259385,7.877427617712564,0.0175134431064908,0.050957323333045944,0.22604312279948843,1.0,0.9995940923690796,0.0,1.6325476169586182
cosserat_sweep_withleak_nobc,777,val,cs_282_R10p0_L204p3_a04p6_k0p006,10.018613235043922,204.29971991412128,4.610087289346258,0.005659941338303978,0.04903880063690401,0.05670476320150444,1.0,0.999545156955719,0.0,1.7281635999679565
cosserat_sweep_withleak_nobc,777,val,cs_289_R10p0_L261p4_a06p9_k0p031,10.013484458500468,261.37708247023414,6.937621506430334,0.031176595146921768,0.038310491355495226,0.31218635097266223,1.0,0.999792754650116,0.0,1.166507363319397
cosserat_sweep_withleak_nobc,777,val,cs_295_R15p8_L158p7_a04p0_k0p015,15.815991131355483,158.68764716391132,3.9849693050340145,0.014939235824352927,0.09966743734639195,0.23627882130719402,1.0,0.9996739625930786,0.0,1.4631307125091553
cosserat_sweep_leak_dir_only_nobc,1337,test,cs_008_R10p3_L219p9_a10p1_k0p005,10.332632062001387,219.86319845391617,10.142430618716505,0.0053904580648451985,0.046995732503942136,0.05569761982969345,1.0,0.9995744824409485,0.0,1.6715202331542969
cosserat_sweep_leak_dir_only_nobc,1337,test,cs_011_R14p0_L181p9_a03p0_k0p014,14.044006058026058,181.87220676453305,3.0168575708216334,0.014121937351325617,0.077219088654973,0.1983285737130814,1.0,0.9999784231185913,0.0,0.3766450881958008
cosserat_sweep_leak_dir_only_nobc,1337,test,cs_036_R17p3_L276p1_a08p0_k0p003,17.31499466778154,276.12701618004564,8.021361701813102,0.0029834969688785585,0.06270663011290241,0.05165923410747463,1.0,0.9996296763420105,0.0,1.5593433380126953
cosserat_sweep_leak_dir_only_nobc,1337,test,cs_041_R16p4_L126p5_a08p0_k0p021,16.380952953924872,126.50298452981617,7.9710182832138035,0.02124330119733147,0.1294906441520671,0.34798551749954276,1.0,0.9992032647132874,0.0,2.287302017211914
cosserat_sweep_leak_dir_only_nobc,1337,test,cs_042_R09p1_L132p8_a10p7_k0p011,9.07428353129959,132.76355859514942,10.712075744884107,0.010660025037295294,0.06834920385774537,0.09673208963916997,1.0,0.9992678761482239,0.0,2.192584753036499
cosserat_sweep_leak_dir_only_nobc,1337,test,cs_043_R12p3_L259p6_a06p1_k0p020,12.297612930140655,259.5885815717731,6.138198863286343,0.01974936588961313,0.04737347403988381,0.24287005732618525,1.0,0.9995719194412231,0.0,1.6765474081039429
cosserat_sweep_leak_dir_only_nobc,1337,test,cs_069_R13p1_L102p9_a09p7_k0p009,13.148822734681907,102.86134202123537,9.659537039244858,0.008785096495739686,0.12783055787826858,0.11551367652955634,1.0,0.9998533725738525,0.0,0.9811840653419495
cosserat_sweep_leak_dir_only_nobc,1337,test,cs_073_R17p1_L219p1_a08p8_k0p003,17.052436405248233,219.11549442691114,8.814141439119714,0.0029927805368692127,0.07782396425158468,0.05103419977982692,1.0,0.9996956586837769,0.0,1.4136083126068115
cosserat_sweep_leak_dir_only_nobc,1337,test,cs_077_R09p2_L151p4_a10p0_k0p005,9.20785348784141,151.41657260303316,9.988312383907285,0.005444190983975563,0.06081139818150236,0.050129312940274146,1.0,0.9998396635055542,0.0,1.0260289907455444
cosserat_sweep_leak_dir_only_nobc,1337,test,cs_101_R17p1_L296p7_a11p6_k0p014,17.06116325157632,296.7454777876344,11.553969292706446,0.014261996667051307,0.05749426538451287,0.2433262534299997,1.0,0.9996216297149658,0.0,1.5761322975158691
cosserat_sweep_leak_dir_only_nobc,1337,test,cs_103_R15p3_L286p2_a07p5_k0p006,15.26161829168939,286.18579683017697,7.52249632089859,0.006024006987283315,0.05332765797858813,0.09193609522638774,1.0,0.9998622536659241,0.0,0.9510045647621155
cosserat_sweep_leak_dir_only_nobc,1337,test,cs_108_R15p3_L157p3_a02p2_k0p017,15.293754870832325,157.25614939483324,2.219900141123518,0.01652590291086547,0.09725377945274051,0.25274310813795087,1.0,0.99982088804245,0.0,1.0844422578811646
cosserat_sweep_leak_dir_only_nobc,1337,test,cs_127_R09p9_L248p0_a10p7_k0p027,9.92130915509264,248.0385827557328,10.675877396634963,0.026674469300049557,0.03999905597292941,0.26464565647381927,1.0,0.99952232837677,0.0,1.771059513092041
cosserat_sweep_leak_dir_only_nobc,1337,test,cs_141_R11p5_L262p4_a02p2_k0p000,11.458340278600033,262.4340458867466,2.23603363554198,0.00012757021987368057,0.04366179029814172,0.0014617429887284563,1.0,0.9998565912246704,0.0,0.9702541828155518
cosserat_sweep_leak_dir_only_nobc,1337,test,cs_145_R10p7_L132p0_a11p4_k0p027,10.68541526716421,132.04906413974186,11.393989353830287,0.02683932389225749,0.08092003784181533,0.28678932127869333,0.5032082442154384,0.9851137399673462,0.0,9.898528099060059
cosserat_sweep_leak_dir_only_nobc,1337,test,cs_150_R11p5_L181p7_a04p6_k0p020,11.518299636477002,181.71355082438,4.598057815988547,0.019514730234116283,0.0633871254192212,0.22477651016156833,1.0,0.9994790554046631,0.0,1.8494908809661865
cosserat_sweep_leak_dir_only_nobc,1337,test,cs_167_R08p2_L205p2_a11p9_k0p029,8.167573366253167,205.18563210404523,11.938348744333847,0.028818352151288754,0.03980577627439121,0.23537600549017068,1.0,0.9992108345031738,0.0,2.2764086723327637
cosserat_sweep_leak_dir_only_nobc,1337,test,cs_203_R08p2_L122p5_a11p7_k0p007,8.217382794358745,122.54736312710918,11.737120847034058,0.006959456601839249,0.0670547499731632,0.057188518938040216,1.0,0.9996563196182251,0.0,1.5021986961364746
cosserat_sweep_leak_dir_only_nobc,1337,test,cs_204_R12p4_L232p8_a05p2_k0p008,12.432576699850076,232.80822831481788,5.207207074882933,0.008287663442116892,0.05340265157225443,0.10303701140666176,1.0,0.9996750354766846,0.0,1.4607882499694824
cosserat_sweep_leak_dir_only_nobc,1337,test,cs_206_R09p6_L215p3_a11p8_k0p017,9.638041884761433,215.2839528442758,11.817075619528502,0.017454471858595003,0.04476897491627277,0.16822693084952836,1.0,0.9994621276855469,0.0,1.8793022632598877
cosserat_sweep_leak_dir_only_nobc,1337,test,cs_207_R14p8_L249p3_a02p6_k0p016,14.829240881322207,249.25664949252578,2.6215250192799315,0.01590100405059888,0.059493862697399674,0.23579981932121089,1.0,0.9995511770248413,0.0,1.716745138168335
cosserat_sweep_leak_dir_only_nobc,1337,test,cs_209_R10p1_L101p7_a07p4_k0p010,10.120819917927488,101.7083360980719,7.440285153684869,0.00990678838805335,0.0995082635917721,0.1002648212405031,1.0,0.9999457001686096,0.0,0.5970886945724487
cosserat_sweep_leak_dir_only_nobc,1337,test,cs_212_R12p3_L211p8_a06p3_k0p019,12.338677853831664,211.80580528278526,6.342760122167442,0.018696010110296455,0.05825467265808934,0.23068404590292776,1.0,0.9998341202735901,0.0,1.0436148643493652
cosserat_sweep_leak_dir_only_nobc,1337,test,cs_221_R10p5_L204p7_a03p8_k0p014,10.490382252632225,204.67218480322697,3.8459641754550846,0.0138257058482252,0.05125455744129443,0.14503693926033523,1.0,0.9995759725570679,0.0,1.6686497926712036
cosserat_sweep_leak_dir_only_nobc,1337,test,cs_227_R14p4_L277p1_a05p3_k0p014,14.418427658248241,277.1340038172114,5.301363838105172,0.01396688597456547,0.052026916436274516,0.20138053503527423,1.0,0.999756395816803,0.0,1.2647037506103516
cosserat_sweep_leak_dir_only_nobc,1337,test,cs_231_R13p0_L240p3_a05p5_k0p019,12.97148968239227,240.34910386029168,5.529877524013183,0.019003727820144537,0.053969369862648796,0.2465066593459958,1.0,0.9997207522392273,0.0,1.354074478149414
cosserat_sweep_leak_dir_only_nobc,1337,test,cs_232_R15p7_L186p4_a07p6_k0p012,15.654714235548212,186.38536863997828,7.595966650351917,0.01240612882235181,0.08399111126467677,0.19421440148331587,1.0,0.9992222785949707,0.0,2.2598838806152344
cosserat_sweep_leak_dir_only_nobc,1337,test,cs_234_R09p0_L188p8_a06p9_k0p030,9.039784318877945,188.7543935856657,6.857262450562726,0.029651210053235406,0.0478917822634696,0.2680405436749935,1.0,0.9994894862174988,0.0,1.8308799266815186
cosserat_sweep_leak_dir_only_nobc,1337,test,cs_237_R11p3_L274p9_a11p9_k0p019,11.34108282364878,274.8799492157583,11.889809393813541,0.01891886211767744,0.04125831242331523,0.21456038220577117,1.0,0.9994319081306458,0.0,1.9313788414001465
cosserat_sweep_leak_dir_only_nobc,1337,test,cs_243_R10p7_L196p9_a03p5_k0p020,10.685120152308635,196.91921575267133,3.4852042530363283,0.020074742814701573,0.054261439704945014,0.21450103900178072,1.0,0.9997371435165405,0.0,1.3137309551239014
cosserat_sweep_leak_dir_only_nobc,1337,test,cs_244_R11p7_L295p1_a04p8_k0p019,11.695820140082057,295.08370829461035,4.7886023453704265,0.01872456140796538,0.039635601055972226,0.21899910242948478,1.0,0.9997597932815552,0.0,1.2558531761169434
cosserat_sweep_leak_dir_only_nobc,1337,test,cs_249_R13p4_L183p9_a06p3_k0p012,13.379656937996563,183.94270592169076,6.253312234722841,0.011863671098384052,0.07273817611279805,0.15873184932160347,1.0,0.9993762373924255,0.0,2.023810625076294
cosserat_sweep_leak_dir_only_nobc,1337,test,cs_255_R10p5_L206p1_a06p2_k0p025,10.526340555463111,206.14315889437802,6.240269051325278,0.02524660378219265,0.05106325435158639,0.26575434928020286,1.0,0.9998704195022583,0.0,0.9223846793174744
cosserat_sweep_leak_dir_only_nobc,1337,test,cs_267_R15p8_L136p0_a09p0_k0p011,15.841647847201518,136.00586823878572,9.002830388550995,0.010930430195646728,0.11647767888506334,0.17315602597785346,1.0,0.9995065331459045,0.0,1.8000495433807373
cosserat_sweep_leak_dir_only_nobc,1337,test,cs_291_R12p7_L154p6_a11p6_k0p026,12.732700950050912,154.56718024184406,11.635933302839938,0.026381135330233136,0.08237648464653784,0.33590310688268116,1.0,0.9995854496955872,0.0,1.6498377323150635
cosserat_sweep_leak_dir_only_nobc,1337,test,cs_292_R14p4_L187p7_a06p1_k0p018,14.387564331140076,187.69446004590728,6.091070410185052,0.01817182441893697,0.07665417683410097,0.2614482928416378,1.0,0.9999036192893982,0.0,0.7954925894737244
cosserat_sweep_leak_dir_only_nobc,1337,val,cs_000_R09p8_L228p0_a06p7_k0p015,9.789348136754361,227.9826331430309,6.672684011434852,0.014820021084321922,0.04293900812441602,0.14507834578846715,1.0,0.9999365210533142,0.0,0.6455869078636169
cosserat_sweep_leak_dir_only_nobc,1337,val,cs_010_R11p6_L163p7_a05p1_k0p005,11.550610145885386,163.73579328774903,5.1366674156380805,0.004713985780975811,0.07054419753893616,0.05444941198929865,1.0,0.9999290108680725,0.0,0.6827097535133362
cosserat_sweep_leak_dir_only_nobc,1337,val,cs_044_R15p5_L133p3_a07p4_k0p004,15.535177069130189,133.3034756178414,7.401208121935621,0.004461336701963621,0.11653992513793807,0.06930765563001415,1.0,0.9997666478157043,0.0,1.2378044128417969
cosserat_sweep_leak_dir_only_nobc,1337,val,cs_056_R13p8_L203p6_a05p8_k0p003,13.778802937632774,203.5513047123528,5.821946206602572,0.0031107731319378563,0.06769203939569043,0.04286272996865444,1.0,0.9999082088470459,0.0,0.7763209939002991
cosserat_sweep_leak_dir_only_nobc,1337,val,cs_064_R10p8_L101p0_a03p4_k0p031,10.796119193782612,101.01214607231668,3.4248162866480163,0.03110729395226966,0.1068794161253979,0.3358380533047362,1.0,0.999746561050415,0.0,1.2899055480957031
cosserat_sweep_leak_dir_only_nobc,1337,val,cs_074_R17p1_L141p4_a09p2_k0p020,17.100988944392856,141.41770281837591,9.179064872954681,0.019773118911264792,0.12092537641030571,0.3381398878977045,1.0,0.9993281960487366,0.0,2.100309133529663
cosserat_sweep_leak_dir_only_nobc,1337,val,cs_086_R10p0_L275p8_a10p8_k0p020,10.04139294969339,275.84623706717616,10.791822930263493,0.019800424415586795,0.03640213858435936,0.19882384212761012,1.0,0.9995133876800537,0.0,1.7875577211380005
cosserat_sweep_leak_dir_only_nobc,1337,val,cs_090_R13p9_L105p0_a06p5_k0p012,13.88716063125649,104.97689554401948,6.534815367450279,0.012241659663291484,0.1322877816046032,0.17000189413730207,1.0,0.999258816242218,0.0,2.206110954284668
cosserat_sweep_leak_dir_only_nobc,1337,val,cs_105_R12p5_L237p2_a07p2_k0p018,12.487717707176497,237.1990006516807,7.196482412958837,0.0181509031980451,0.05264658650697403,0.2266633552674743,1.0,0.9995951652526855,0.0,1.630388617515564
cosserat_sweep_leak_dir_only_nobc,1337,val,cs_117_R12p5_L100p7_a10p5_k0p010,12.515629257465857,100.65926548640257,10.488117451574483,0.01024315845605953,0.12433658438682445,0.12819957366151744,1.0,0.9995853304862976,0.0,1.65007483959198
cosserat_sweep_leak_dir_only_nobc,1337,val,cs_120_R10p1_L144p9_a04p9_k0p014,10.084726977879201,144.87440743102388,4.9044366749501185,0.014046124818042287,0.06961013443786224,0.14165133388716963,1.0,0.9990870952606201,0.0,2.4484057426452637
cosserat_sweep_leak_dir_only_nobc,1337,val,cs_154_R09p8_L277p9_a04p5_k0p001,9.786235109693399,277.90254292644227,4.470856904033879,0.0010586313566167327,0.03521462958431333,0.010360015350345022,1.0,0.9996992349624634,0.0,1.4052081108093262
cosserat_sweep_leak_dir_only_nobc,1337,val,cs_163_R16p2_L152p7_a09p6_k0p006,16.198749765649147,152.71987348386645,9.616329901244171,0.006459260849737745,0.1060683812533436,0.10463195017595601,1.0,0.9998277425765991,0.0,1.0634886026382446
cosserat_sweep_leak_dir_only_nobc,1337,val,cs_181_R08p3_L115p6_a11p2_k0p013,8.251120705485146,115.56542371606969,11.165520861428346,0.013081764804294354,0.07139783198266253,0.10793922044099999,1.0,0.9995678663253784,0.0,1.6844074726104736
cosserat_sweep_leak_dir_only_nobc,1337,val,cs_182_R08p6_L137p8_a02p8_k0p001,8.598629938826313,137.79496076059377,2.7830575511755864,0.0014826998156791183,0.06240162841488559,0.012749187025390723,1.0,0.9996120929718018,0.0,1.5959359407424927
cosserat_sweep_leak_dir_only_nobc,1337,val,cs_191_R11p6_L122p1_a04p5_k0p001,11.556692137858366,122.07713103471991,4.539556893118883,0.000992905899107872,0.09466713412990949,0.011474707797853135,1.0,0.9994240403175354,0.0,1.9447084665298462
cosserat_sweep_leak_dir_only_nobc,1337,val,cs_192_R09p6_L112p9_a08p3_k0p013,9.62626406234593,112.86084808263581,8.328318774743273,0.012966750816968898,0.08529321040807399,0.12482136739478242,1.0,0.9995437264442444,0.0,1.730879306793213
cosserat_sweep_leak_dir_only_nobc,1337,val,cs_198_R10p6_L134p7_a03p0_k0p024,10.600010918578532,134.70627910668327,3.0387794839948383,0.023869624648933822,0.07868980561911035,0.25301828190106973,1.0,0.999772310256958,0.0,1.2227734327316284
cosserat_sweep_leak_dir_only_nobc,1337,val,cs_208_R15p1_L211p3_a09p7_k0p011,15.118689716695576,211.32200135358565,9.722945689626343,0.010666787766914671,0.07154337749905589,0.16126785452182701,1.0,0.9994537234306335,0.0,1.8939290046691895
cosserat_sweep_leak_dir_only_nobc,1337,val,cs_242_R11p1_L144p0_a05p5_k0p028,11.059500088639602,144.02331857351896,5.4797552543880785,0.027517248613048124,0.07678964905251859,0.3043270134751237,1.0,0.999514639377594,0.0,1.7852022647857666
cosserat_sweep_leak_dir_only_nobc,1337,val,cs_261_R12p9_L253p3_a07p9_k0p018,12.906835133732944,253.2871487259385,7.877427617712564,0.0175134431064908,0.050957323333045944,0.22604312279948843,1.0,0.9995001554489136,0.0,1.8115912675857544
cosserat_sweep_leak_dir_only_nobc,1337,val,cs_282_R10p0_L204p3_a04p6_k0p006,10.018613235043922,204.29971991412128,4.610087289346258,0.005659941338303978,0.04903880063690401,0.05670476320150444,1.0,0.9997504353523254,0.0,1.2800830602645874
cosserat_sweep_leak_dir_only_nobc,1337,val,cs_289_R10p0_L261p4_a06p9_k0p031,10.013484458500468,261.37708247023414,6.937621506430334,0.031176595146921768,0.038310491355495226,0.31218635097266223,1.0,0.9997907876968384,0.0,1.1719465255737305
cosserat_sweep_leak_dir_only_nobc,1337,val,cs_295_R15p8_L158p7_a04p0_k0p015,15.815991131355483,158.68764716391132,3.9849693050340145,0.014939235824352927,0.09966743734639195,0.23627882130719402,1.0,0.9998571276664734,0.0,0.9685384035110474
cosserat_sweep_leak_dir_only_nobc,2026,test,cs_008_R10p3_L219p9_a10p1_k0p005,10.332632062001387,219.86319845391617,10.142430618716505,0.0053904580648451985,0.046995732503942136,0.05569761982969345,1.0,0.9997481107711792,0.0,1.2861073017120361
cosserat_sweep_leak_dir_only_nobc,2026,test,cs_011_R14p0_L181p9_a03p0_k0p014,14.044006058026058,181.87220676453305,3.0168575708216334,0.014121937351325617,0.077219088654973,0.1983285737130814,1.0,0.9997547268867493,0.0,1.2690285444259644
cosserat_sweep_leak_dir_only_nobc,2026,test,cs_036_R17p3_L276p1_a08p0_k0p003,17.31499466778154,276.12701618004564,8.021361701813102,0.0029834969688785585,0.06270663011290241,0.05165923410747463,1.0,0.9994913339614868,0.0,1.8275631666183472
cosserat_sweep_leak_dir_only_nobc,2026,test,cs_041_R16p4_L126p5_a08p0_k0p021,16.380952953924872,126.50298452981617,7.9710182832138035,0.02124330119733147,0.1294906441520671,0.34798551749954276,1.0,0.99965500831604,0.0,1.5050619840621948
cosserat_sweep_leak_dir_only_nobc,2026,test,cs_042_R09p1_L132p8_a10p7_k0p011,9.07428353129959,132.76355859514942,10.712075744884107,0.010660025037295294,0.06834920385774537,0.09673208963916997,1.0,0.9997438788414001,0.0,1.2967897653579712
cosserat_sweep_leak_dir_only_nobc,2026,test,cs_043_R12p3_L259p6_a06p1_k0p020,12.297612930140655,259.5885815717731,6.138198863286343,0.01974936588961313,0.04737347403988381,0.24287005732618525,1.0,0.9997144341468811,0.0,1.3693077564239502
cosserat_sweep_leak_dir_only_nobc,2026,test,cs_069_R13p1_L102p9_a09p7_k0p009,13.148822734681907,102.86134202123537,9.659537039244858,0.008785096495739686,0.12783055787826858,0.11551367652955634,1.0,0.99986732006073,0.0,0.9333510398864746
cosserat_sweep_leak_dir_only_nobc,2026,test,cs_073_R17p1_L219p1_a08p8_k0p003,17.052436405248233,219.11549442691114,8.814141439119714,0.0029927805368692127,0.07782396425158468,0.05103419977982692,1.0,0.9991937279701233,0.0,2.300952196121216
cosserat_sweep_leak_dir_only_nobc,2026,test,cs_077_R09p2_L151p4_a10p0_k0p005,9.20785348784141,151.41657260303316,9.988312383907285,0.005444190983975563,0.06081139818150236,0.050129312940274146,1.0,0.999006450176239,0.0,2.5542795658111572
cosserat_sweep_leak_dir_only_nobc,2026,test,cs_101_R17p1_L296p7_a11p6_k0p014,17.06116325157632,296.7454777876344,11.553969292706446,0.014261996667051307,0.05749426538451287,0.2433262534299997,1.0,0.9996631145477295,0.0,1.4872076511383057
cosserat_sweep_leak_dir_only_nobc,2026,test,cs_103_R15p3_L286p2_a07p5_k0p006,15.26161829168939,286.18579683017697,7.52249632089859,0.006024006987283315,0.05332765797858813,0.09193609522638774,1.0,0.999774694442749,0.0,1.2161942720413208
cosserat_sweep_leak_dir_only_nobc,2026,test,cs_108_R15p3_L157p3_a02p2_k0p017,15.293754870832325,157.25614939483324,2.219900141123518,0.01652590291086547,0.09725377945274051,0.25274310813795087,1.0,0.9998875856399536,0.0,0.8590036630630493
cosserat_sweep_leak_dir_only_nobc,2026,test,cs_127_R09p9_L248p0_a10p7_k0p027,9.92130915509264,248.0385827557328,10.675877396634963,0.026674469300049557,0.03999905597292941,0.26464565647381927,1.0,0.999697208404541,0.0,1.4100043773651123
cosserat_sweep_leak_dir_only_nobc,2026,test,cs_141_R11p5_L262p4_a02p2_k0p000,11.458340278600033,262.4340458867466,2.23603363554198,0.00012757021987368057,0.04366179029814172,0.0014617429887284563,1.0,0.9998099207878113,0.0,1.1171507835388184
cosserat_sweep_leak_dir_only_nobc,2026,test,cs_145_R10p7_L132p0_a11p4_k0p027,10.68541526716421,132.04906413974186,11.393989353830287,0.02683932389225749,0.08092003784181533,0.28678932127869333,0.5259576122885475,0.9865537285804749,0.0,9.406463623046875
cosserat_sweep_leak_dir_only_nobc,2026,test,cs_150_R11p5_L181p7_a04p6_k0p020,11.518299636477002,181.71355082438,4.598057815988547,0.019514730234116283,0.0633871254192212,0.22477651016156833,1.0,0.9994754791259766,0.0,1.8558290004730225
cosserat_sweep_leak_dir_only_nobc,2026,test,cs_167_R08p2_L205p2_a11p9_k0p029,8.167573366253167,205.18563210404523,11.938348744333847,0.028818352151288754,0.03980577627439121,0.23537600549017068,1.0,0.9995577931404114,0.0,1.7039872407913208
cosserat_sweep_leak_dir_only_nobc,2026,test,cs_203_R08p2_L122p5_a11p7_k0p007,8.217382794358745,122.54736312710918,11.737120847034058,0.006959456601839249,0.0670547499731632,0.057188518938040216,1.0,0.999767541885376,0.0,1.2354305982589722
cosserat_sweep_leak_dir_only_nobc,2026,test,cs_204_R12p4_L232p8_a05p2_k0p008,12.432576699850076,232.80822831481788,5.207207074882933,0.008287663442116892,0.05340265157225443,0.10303701140666176,1.0,0.9994293451309204,0.0,1.935781478881836
cosserat_sweep_leak_dir_only_nobc,2026,test,cs_206_R09p6_L215p3_a11p8_k0p017,9.638041884761433,215.2839528442758,11.817075619528502,0.017454471858595003,0.04476897491627277,0.16822693084952836,1.0,0.9990906119346619,0.0,2.4436845779418945
cosserat_sweep_leak_dir_only_nobc,2026,test,cs_207_R14p8_L249p3_a02p6_k0p016,14.829240881322207,249.25664949252578,2.6215250192799315,0.01590100405059888,0.059493862697399674,0.23579981932121089,1.0,0.9998787641525269,0.0,0.8920806646347046
cosserat_sweep_leak_dir_only_nobc,2026,test,cs_209_R10p1_L101p7_a07p4_k0p010,10.120819917927488,101.7083360980719,7.440285153684869,0.00990678838805335,0.0995082635917721,0.1002648212405031,1.0,0.9999054670333862,0.0,0.7879544496536255
cosserat_sweep_leak_dir_only_nobc,2026,test,cs_212_R12p3_L211p8_a06p3_k0p019,12.338677853831664,211.80580528278526,6.342760122167442,0.018696010110296455,0.05825467265808934,0.23068404590292776,1.0,0.9997978210449219,0.0,1.1521602869033813
cosserat_sweep_leak_dir_only_nobc,2026,test,cs_221_R10p5_L204p7_a03p8_k0p014,10.490382252632225,204.67218480322697,3.8459641754550846,0.0138257058482252,0.05125455744129443,0.14503693926033523,1.0,0.9995909929275513,0.0,1.638709545135498
cosserat_sweep_leak_dir_only_nobc,2026,test,cs_227_R14p4_L277p1_a05p3_k0p014,14.418427658248241,277.1340038172114,5.301363838105172,0.01396688597456547,0.052026916436274516,0.20138053503527423,1.0,0.9997248649597168,0.0,1.34406578540802
cosserat_sweep_leak_dir_only_nobc,2026,test,cs_231_R13p0_L240p3_a05p5_k0p019,12.97148968239227,240.34910386029168,5.529877524013183,0.019003727820144537,0.053969369862648796,0.2465066593459958,1.0,0.9995026588439941,0.0,1.8071025609970093
cosserat_sweep_leak_dir_only_nobc,2026,test,cs_232_R15p7_L186p4_a07p6_k0p012,15.654714235548212,186.38536863997828,7.595966650351917,0.01240612882235181,0.08399111126467677,0.19421440148331587,1.0,0.9996362924575806,0.0,1.545286774635315
cosserat_sweep_leak_dir_only_nobc,2026,test,cs_234_R09p0_L188p8_a06p9_k0p030,9.039784318877945,188.7543935856657,6.857262450562726,0.029651210053235406,0.0478917822634696,0.2680405436749935,1.0,0.9996955394744873,0.0,1.4138851165771484
cosserat_sweep_leak_dir_only_nobc,2026,test,cs_237_R11p3_L274p9_a11p9_k0p019,11.34108282364878,274.8799492157583,11.889809393813541,0.01891886211767744,0.04125831242331523,0.21456038220577117,1.0,0.9995375871658325,0.0,1.7424297332763672
cosserat_sweep_leak_dir_only_nobc,2026,test,cs_243_R10p7_L196p9_a03p5_k0p020,10.685120152308635,196.91921575267133,3.4852042530363283,0.020074742814701573,0.054261439704945014,0.21450103900178072,1.0,0.9994348883628845,0.0,1.9263055324554443
cosserat_sweep_leak_dir_only_nobc,2026,test,cs_244_R11p7_L295p1_a04p8_k0p019,11.695820140082057,295.08370829461035,4.7886023453704265,0.01872456140796538,0.039635601055972226,0.21899910242948478,1.0,0.9998695254325867,0.0,0.9255614280700684
cosserat_sweep_leak_dir_only_nobc,2026,test,cs_249_R13p4_L183p9_a06p3_k0p012,13.379656937996563,183.94270592169076,6.253312234722841,0.011863671098384052,0.07273817611279805,0.15873184932160347,1.0,0.9994385838508606,0.0,1.9199961423873901
cosserat_sweep_leak_dir_only_nobc,2026,test,cs_255_R10p5_L206p1_a06p2_k0p025,10.526340555463111,206.14315889437802,6.240269051325278,0.02524660378219265,0.05106325435158639,0.26575434928020286,1.0,0.9993709921836853,0.0,2.0323026180267334
cosserat_sweep_leak_dir_only_nobc,2026,test,cs_267_R15p8_L136p0_a09p0_k0p011,15.841647847201518,136.00586823878572,9.002830388550995,0.010930430195646728,0.11647767888506334,0.17315602597785346,1.0,0.9991014003753662,0.0,2.429103374481201
cosserat_sweep_leak_dir_only_nobc,2026,test,cs_291_R12p7_L154p6_a11p6_k0p026,12.732700950050912,154.56718024184406,11.635933302839938,0.026381135330233136,0.08237648464653784,0.33590310688268116,1.0,0.9995330572128296,0.0,1.7510006427764893
cosserat_sweep_leak_dir_only_nobc,2026,test,cs_292_R14p4_L187p7_a06p1_k0p018,14.387564331140076,187.69446004590728,6.091070410185052,0.01817182441893697,0.07665417683410097,0.2614482928416378,1.0,0.9995411038398743,0.0,1.7358468770980835
cosserat_sweep_leak_dir_only_nobc,2026,val,cs_000_R09p8_L228p0_a06p7_k0p015,9.789348136754361,227.9826331430309,6.672684011434852,0.014820021084321922,0.04293900812441602,0.14507834578846715,1.0,0.9996514916419983,0.0,1.51271390914917
cosserat_sweep_leak_dir_only_nobc,2026,val,cs_010_R11p6_L163p7_a05p1_k0p005,11.550610145885386,163.73579328774903,5.1366674156380805,0.004713985780975811,0.07054419753893616,0.05444941198929865,1.0,0.9998354911804199,0.0,1.0392934083938599
cosserat_sweep_leak_dir_only_nobc,2026,val,cs_044_R15p5_L133p3_a07p4_k0p004,15.535177069130189,133.3034756178414,7.401208121935621,0.004461336701963621,0.11653992513793807,0.06930765563001415,1.0,0.9998125433921814,0.0,1.1094168424606323
cosserat_sweep_leak_dir_only_nobc,2026,val,cs_056_R13p8_L203p6_a05p8_k0p003,13.778802937632774,203.5513047123528,5.821946206602572,0.0031107731319378563,0.06769203939569043,0.04286272996865444,1.0,0.9998618960380554,0.0,0.9522384405136108
cosserat_sweep_leak_dir_only_nobc,2026,val,cs_064_R10p8_L101p0_a03p4_k0p031,10.796119193782612,101.01214607231668,3.4248162866480163,0.03110729395226966,0.1068794161253979,0.3358380533047362,1.0,0.9997420310974121,0.0,1.3013842105865479
cosserat_sweep_leak_dir_only_nobc,2026,val,cs_074_R17p1_L141p4_a09p2_k0p020,17.100988944392856,141.41770281837591,9.179064872954681,0.019773118911264792,0.12092537641030571,0.3381398878977045,1.0,0.9995274543762207,0.0,1.7614753246307373
cosserat_sweep_leak_dir_only_nobc,2026,val,cs_086_R10p0_L275p8_a10p8_k0p020,10.04139294969339,275.84623706717616,10.791822930263493,0.019800424415586795,0.03640213858435936,0.19882384212761012,1.0,0.9996968507766724,0.0,1.4107675552368164
cosserat_sweep_leak_dir_only_nobc,2026,val,cs_090_R13p9_L105p0_a06p5_k0p012,13.88716063125649,104.97689554401948,6.534815367450279,0.012241659663291484,0.1322877816046032,0.17000189413730207,1.0,0.9990146160125732,0.0,2.54375958442688
cosserat_sweep_leak_dir_only_nobc,2026,val,cs_105_R12p5_L237p2_a07p2_k0p018,12.487717707176497,237.1990006516807,7.196482412958837,0.0181509031980451,0.05264658650697403,0.2266633552674743,1.0,0.9991506934165955,0.0,2.3615686893463135
cosserat_sweep_leak_dir_only_nobc,2026,val,cs_117_R12p5_L100p7_a10p5_k0p010,12.515629257465857,100.65926548640257,10.488117451574483,0.01024315845605953,0.12433658438682445,0.12819957366151744,1.0,0.999549150466919,0.0,1.7205597162246704
cosserat_sweep_leak_dir_only_nobc,2026,val,cs_120_R10p1_L144p9_a04p9_k0p014,10.084726977879201,144.87440743102388,4.9044366749501185,0.014046124818042287,0.06961013443786224,0.14165133388716963,1.0,0.9994328618049622,0.0,1.929756760597229
cosserat_sweep_leak_dir_only_nobc,2026,val,cs_154_R09p8_L277p9_a04p5_k0p001,9.786235109693399,277.90254292644227,4.470856904033879,0.0010586313566167327,0.03521462958431333,0.010360015350345022,1.0,0.9997042417526245,0.0,1.393601655960083
cosserat_sweep_leak_dir_only_nobc,2026,val,cs_163_R16p2_L152p7_a09p6_k0p006,16.198749765649147,152.71987348386645,9.616329901244171,0.006459260849737745,0.1060683812533436,0.10463195017595601,1.0,0.9997942447662354,0.0,1.1623060703277588
cosserat_sweep_leak_dir_only_nobc,2026,val,cs_181_R08p3_L115p6_a11p2_k0p013,8.251120705485146,115.56542371606969,11.165520861428346,0.013081764804294354,0.07139783198266253,0.10793922044099999,1.0,0.9998489618301392,0.0,0.995734453201294
cosserat_sweep_leak_dir_only_nobc,2026,val,cs_182_R08p6_L137p8_a02p8_k0p001,8.598629938826313,137.79496076059377,2.7830575511755864,0.0014826998156791183,0.06240162841488559,0.012749187025390723,1.0,0.9992316365242004,0.0,2.246201753616333
cosserat_sweep_leak_dir_only_nobc,2026,val,cs_191_R11p6_L122p1_a04p5_k0p001,11.556692137858366,122.07713103471991,4.539556893118883,0.000992905899107872,0.09466713412990949,0.011474707797853135,1.0,0.9993335604667664,0.0,2.0919055938720703
cosserat_sweep_leak_dir_only_nobc,2026,val,cs_192_R09p6_L112p9_a08p3_k0p013,9.62626406234593,112.86084808263581,8.328318774743273,0.012966750816968898,0.08529321040807399,0.12482136739478242,1.0,0.9994592070579529,0.0,1.884398102760315
cosserat_sweep_leak_dir_only_nobc,2026,val,cs_198_R10p6_L134p7_a03p0_k0p024,10.600010918578532,134.70627910668327,3.0387794839948383,0.023869624648933822,0.07868980561911035,0.25301828190106973,1.0,0.999698281288147,0.0,1.4075040817260742
cosserat_sweep_leak_dir_only_nobc,2026,val,cs_208_R15p1_L211p3_a09p7_k0p011,15.118689716695576,211.32200135358565,9.722945689626343,0.010666787766914671,0.07154337749905589,0.16126785452182701,1.0,0.9998382329940796,0.0,1.0305960178375244
cosserat_sweep_leak_dir_only_nobc,2026,val,cs_242_R11p1_L144p0_a05p5_k0p028,11.059500088639602,144.02331857351896,5.4797552543880785,0.027517248613048124,0.07678964905251859,0.3043270134751237,1.0,0.9996458292007446,0.0,1.5249543190002441
cosserat_sweep_leak_dir_only_nobc,2026,val,cs_261_R12p9_L253p3_a07p9_k0p018,12.906835133732944,253.2871487259385,7.877427617712564,0.0175134431064908,0.050957323333045944,0.22604312279948843,1.0,0.9994443655014038,0.0,1.910083293914795
cosserat_sweep_leak_dir_only_nobc,2026,val,cs_282_R10p0_L204p3_a04p6_k0p006,10.018613235043922,204.29971991412128,4.610087289346258,0.005659941338303978,0.04903880063690401,0.05670476320150444,1.0,0.9997777938842773,0.0,1.207879662513733
cosserat_sweep_leak_dir_only_nobc,2026,val,cs_289_R10p0_L261p4_a06p9_k0p031,10.013484458500468,261.37708247023414,6.937621506430334,0.031176595146921768,0.038310491355495226,0.31218635097266223,1.0,0.9995580315589905,0.0,1.7035276889801025
cosserat_sweep_leak_dir_only_nobc,2026,val,cs_295_R15p8_L158p7_a04p0_k0p015,15.815991131355483,158.68764716391132,3.9849693050340145,0.014939235824352927,0.09966743734639195,0.23627882130719402,1.0,0.9993760585784912,0.0,2.0241005420684814
cosserat_sweep_leak_dir_only_nobc,777,test,cs_008_R10p3_L219p9_a10p1_k0p005,10.332632062001387,219.86319845391617,10.142430618716505,0.0053904580648451985,0.046995732503942136,0.05569761982969345,1.0,0.9996726512908936,0.0,1.4660035371780396
cosserat_sweep_leak_dir_only_nobc,777,test,cs_011_R14p0_L181p9_a03p0_k0p014,14.044006058026058,181.87220676453305,3.0168575708216334,0.014121937351325617,0.077219088654973,0.1983285737130814,1.0,0.9998428821563721,0.0,1.0155818462371826
cosserat_sweep_leak_dir_only_nobc,777,test,cs_036_R17p3_L276p1_a08p0_k0p003,17.31499466778154,276.12701618004564,8.021361701813102,0.0029834969688785585,0.06270663011290241,0.05165923410747463,1.0,0.9995816946029663,0.0,1.657293677330017
cosserat_sweep_leak_dir_only_nobc,777,test,cs_041_R16p4_L126p5_a08p0_k0p021,16.380952953924872,126.50298452981617,7.9710182832138035,0.02124330119733147,0.1294906441520671,0.34798551749954276,1.0,0.9995995163917542,0.0,1.6216027736663818
cosserat_sweep_leak_dir_only_nobc,777,test,cs_042_R09p1_L132p8_a10p7_k0p011,9.07428353129959,132.76355859514942,10.712075744884107,0.010660025037295294,0.06834920385774537,0.09673208963916997,1.0,0.9996755719184875,0.0,1.45951509475708
cosserat_sweep_leak_dir_only_nobc,777,test,cs_043_R12p3_L259p6_a06p1_k0p020,12.297612930140655,259.5885815717731,6.138198863286343,0.01974936588961313,0.04737347403988381,0.24287005732618525,1.0,0.9996588826179504,0.0,1.4965866804122925
cosserat_sweep_leak_dir_only_nobc,777,test,cs_069_R13p1_L102p9_a09p7_k0p009,13.148822734681907,102.86134202123537,9.659537039244858,0.008785096495739686,0.12783055787826858,0.11551367652955634,1.0,0.9997707605361938,0.0,1.2268476486206055
cosserat_sweep_leak_dir_only_nobc,777,test,cs_073_R17p1_L219p1_a08p8_k0p003,17.052436405248233,219.11549442691114,8.814141439119714,0.0029927805368692127,0.07782396425158468,0.05103419977982692,1.0,0.9995012283325195,0.0,1.809645652770996
cosserat_sweep_leak_dir_only_nobc,777,test,cs_077_R09p2_L151p4_a10p0_k0p005,9.20785348784141,151.41657260303316,9.988312383907285,0.005444190983975563,0.06081139818150236,0.050129312940274146,1.0,0.9995884895324707,0.0,1.6437771320343018
cosserat_sweep_leak_dir_only_nobc,777,test,cs_101_R17p1_L296p7_a11p6_k0p014,17.06116325157632,296.7454777876344,11.553969292706446,0.014261996667051307,0.05749426538451287,0.2433262534299997,1.0,0.99976646900177,0.0,1.2381994724273682
cosserat_sweep_leak_dir_only_nobc,777,test,cs_103_R15p3_L286p2_a07p5_k0p006,15.26161829168939,286.18579683017697,7.52249632089859,0.006024006987283315,0.05332765797858813,0.09193609522638774,1.0,0.999850332736969,0.0,0.9913030862808228
cosserat_sweep_leak_dir_only_nobc,777,test,cs_108_R15p3_L157p3_a02p2_k0p017,15.293754870832325,157.25614939483324,2.219900141123518,0.01652590291086547,0.09725377945274051,0.25274310813795087,1.0,0.9998300075531006,0.0,1.0564733743667603
cosserat_sweep_leak_dir_only_nobc,777,test,cs_127_R09p9_L248p0_a10p7_k0p027,9.92130915509264,248.0385827557328,10.675877396634963,0.026674469300049557,0.03999905597292941,0.26464565647381927,1.0,0.9995845556259155,0.0,1.6515567302703857
cosserat_sweep_leak_dir_only_nobc,777,test,cs_141_R11p5_L262p4_a02p2_k0p000,11.458340278600033,262.4340458867466,2.23603363554198,0.00012757021987368057,0.04366179029814172,0.0014617429887284563,1.0,0.9997808933258057,0.0,1.199507236480713
cosserat_sweep_leak_dir_only_nobc,777,test,cs_145_R10p7_L132p0_a11p4_k0p027,10.68541526716421,132.04906413974186,11.393989353830287,0.02683932389225749,0.08092003784181533,0.28678932127869333,0.5191522457709508,0.9871315360069275,0.0,9.20169448852539
cosserat_sweep_leak_dir_only_nobc,777,test,cs_150_R11p5_L181p7_a04p6_k0p020,11.518299636477002,181.71355082438,4.598057815988547,0.019514730234116283,0.0633871254192212,0.22477651016156833,1.0,0.9996053576469421,0.0,1.6097323894500732
cosserat_sweep_leak_dir_only_nobc,777,test,cs_167_R08p2_L205p2_a11p9_k0p029,8.167573366253167,205.18563210404523,11.938348744333847,0.028818352151288754,0.03980577627439121,0.23537600549017068,1.0,0.9997797012329102,0.0,1.2026842832565308
cosserat_sweep_leak_dir_only_nobc,777,test,cs_203_R08p2_L122p5_a11p7_k0p007,8.217382794358745,122.54736312710918,11.737120847034058,0.006959456601839249,0.0670547499731632,0.057188518938040216,1.0,0.9997550249099731,0.0,1.26825749874115
cosserat_sweep_leak_dir_only_nobc,777,test,cs_204_R12p4_L232p8_a05p2_k0p008,12.432576699850076,232.80822831481788,5.207207074882933,0.008287663442116892,0.05340265157225443,0.10303701140666176,1.0,0.9998034238815308,0.0,1.136169195175171
cosserat_sweep_leak_dir_only_nobc,777,test,cs_206_R09p6_L215p3_a11p8_k0p017,9.638041884761433,215.2839528442758,11.817075619528502,0.017454471858595003,0.04476897491627277,0.16822693084952836,1.0,0.9997246265411377,0.0,1.3447208404541016
cosserat_sweep_leak_dir_only_nobc,777,test,cs_207_R14p8_L249p3_a02p6_k0p016,14.829240881322207,249.25664949252578,2.6215250192799315,0.01590100405059888,0.059493862697399674,0.23579981932121089,1.0,0.9997394680976868,0.0,1.3079088926315308
cosserat_sweep_leak_dir_only_nobc,777,test,cs_209_R10p1_L101p7_a07p4_k0p010,10.120819917927488,101.7083360980719,7.440285153684869,0.00990678838805335,0.0995082635917721,0.1002648212405031,1.0,0.9998830556869507,0.0,0.8763684034347534
cosserat_sweep_leak_dir_only_nobc,777,test,cs_212_R12p3_L211p8_a06p3_k0p019,12.338677853831664,211.80580528278526,6.342760122167442,0.018696010110296455,0.05825467265808934,0.23068404590292776,1.0,0.9997881650924683,0.0,1.1793535947799683
cosserat_sweep_leak_dir_only_nobc,777,test,cs_221_R10p5_L204p7_a03p8_k0p014,10.490382252632225,204.67218480322697,3.8459641754550846,0.0138257058482252,0.05125455744129443,0.14503693926033523,1.0,0.9994726181030273,0.0,1.8609366416931152
cosserat_sweep_leak_dir_only_nobc,777,test,cs_227_R14p4_L277p1_a05p3_k0p014,14.418427658248241,277.1340038172114,5.301363838105172,0.01396688597456547,0.052026916436274516,0.20138053503527423,1.0,0.9996920228004456,0.0,1.4220277070999146
cosserat_sweep_leak_dir_only_nobc,777,test,cs_231_R13p0_L240p3_a05p5_k0p019,12.97148968239227,240.34910386029168,5.529877524013183,0.019003727820144537,0.053969369862648796,0.2465066593459958,1.0,0.9996604919433594,0.0,1.4930520057678223
cosserat_sweep_leak_dir_only_nobc,777,test,cs_232_R15p7_L186p4_a07p6_k0p012,15.654714235548212,186.38536863997828,7.595966650351917,0.01240612882235181,0.08399111126467677,0.19421440148331587,1.0,0.9998413324356079,0.0,1.020770788192749
cosserat_sweep_leak_dir_only_nobc,777,test,cs_234_R09p0_L188p8_a06p9_k0p030,9.039784318877945,188.7543935856657,6.857262450562726,0.029651210053235406,0.0478917822634696,0.2680405436749935,1.0,0.9995978474617004,0.0,1.6249783039093018
cosserat_sweep_leak_dir_only_nobc,777,test,cs_237_R11p3_L274p9_a11p9_k0p019,11.34108282364878,274.8799492157583,11.889809393813541,0.01891886211767744,0.04125831242331523,0.21456038220577117,1.0,0.9995874166488647,0.0,1.6459187269210815
cosserat_sweep_leak_dir_only_nobc,777,test,cs_243_R10p7_L196p9_a03p5_k0p020,10.685120152308635,196.91921575267133,3.4852042530363283,0.020074742814701573,0.054261439704945014,0.21450103900178072,1.0,0.9996974468231201,0.0,1.4094491004943848
cosserat_sweep_leak_dir_only_nobc,777,test,cs_244_R11p7_L295p1_a04p8_k0p019,11.695820140082057,295.08370829461035,4.7886023453704265,0.01872456140796538,0.039635601055972226,0.21899910242948478,1.0,0.9999279379844666,0.0,0.6878494024276733
cosserat_sweep_leak_dir_only_nobc,777,test,cs_249_R13p4_L183p9_a06p3_k0p012,13.379656937996563,183.94270592169076,6.253312234722841,0.011863671098384052,0.07273817611279805,0.15873184932160347,1.0,0.9997765421867371,0.0,1.211276888847351
cosserat_sweep_leak_dir_only_nobc,777,test,cs_255_R10p5_L206p1_a06p2_k0p025,10.526340555463111,206.14315889437802,6.240269051325278,0.02524660378219265,0.05106325435158639,0.26575434928020286,1.0,0.9994207620620728,0.0,1.9502357244491577
cosserat_sweep_leak_dir_only_nobc,777,test,cs_267_R15p8_L136p0_a09p0_k0p011,15.841647847201518,136.00586823878572,9.002830388550995,0.010930430195646728,0.11647767888506334,0.17315602597785346,1.0,0.9994797706604004,0.0,1.848273754119873
cosserat_sweep_leak_dir_only_nobc,777,test,cs_291_R12p7_L154p6_a11p6_k0p026,12.732700950050912,154.56718024184406,11.635933302839938,0.026381135330233136,0.08237648464653784,0.33590310688268116,1.0,0.9997314810752869,0.0,1.3278064727783203
cosserat_sweep_leak_dir_only_nobc,777,test,cs_292_R14p4_L187p7_a06p1_k0p018,14.387564331140076,187.69446004590728,6.091070410185052,0.01817182441893697,0.07665417683410097,0.2614482928416378,1.0,0.9997586607933044,0.0,1.25881028175354
cosserat_sweep_leak_dir_only_nobc,777,val,cs_000_R09p8_L228p0_a06p7_k0p015,9.789348136754361,227.9826331430309,6.672684011434852,0.014820021084321922,0.04293900812441602,0.14507834578846715,1.0,0.9998025298118591,0.0,1.1386637687683105
cosserat_sweep_leak_dir_only_nobc,777,val,cs_010_R11p6_L163p7_a05p1_k0p005,11.550610145885386,163.73579328774903,5.1366674156380805,0.004713985780975811,0.07054419753893616,0.05444941198929865,1.0,0.9998706579208374,0.0,0.9215357899665833
cosserat_sweep_leak_dir_only_nobc,777,val,cs_044_R15p5_L133p3_a07p4_k0p004,15.535177069130189,133.3034756178414,7.401208121935621,0.004461336701963621,0.11653992513793807,0.06930765563001415,1.0,0.9996651411056519,0.0,1.4827935695648193
cosserat_sweep_leak_dir_only_nobc,777,val,cs_056_R13p8_L203p6_a05p8_k0p003,13.778802937632774,203.5513047123528,5.821946206602572,0.0031107731319378563,0.06769203939569043,0.04286272996865444,1.0,0.9999123215675354,0.0,0.758729875087738
cosserat_sweep_leak_dir_only_nobc,777,val,cs_064_R10p8_L101p0_a03p4_k0p031,10.796119193782612,101.01214607231668,3.4248162866480163,0.03110729395226966,0.1068794161253979,0.3358380533047362,1.0,0.9997121095657349,0.0,1.3748700618743896
cosserat_sweep_leak_dir_only_nobc,777,val,cs_074_R17p1_L141p4_a09p2_k0p020,17.100988944392856,141.41770281837591,9.179064872954681,0.019773118911264792,0.12092537641030571,0.3381398878977045,1.0,0.9995405077934265,0.0,1.7369738817214966
cosserat_sweep_leak_dir_only_nobc,777,val,cs_086_R10p0_L275p8_a10p8_k0p020,10.04139294969339,275.84623706717616,10.791822930263493,0.019800424415586795,0.03640213858435936,0.19882384212761012,1.0,0.9997540712356567,0.0,1.2708008289337158
cosserat_sweep_leak_dir_only_nobc,777,val,cs_090_R13p9_L105p0_a06p5_k0p012,13.88716063125649,104.97689554401948,6.534815367450279,0.012241659663291484,0.1322877816046032,0.17000189413730207,1.0,0.9994907379150391,0.0,1.8286339044570923
cosserat_sweep_leak_dir_only_nobc,777,val,cs_105_R12p5_L237p2_a07p2_k0p018,12.487717707176497,237.1990006516807,7.196482412958837,0.0181509031980451,0.05264658650697403,0.2266633552674743,1.0,0.9995928406715393,0.0,1.6350631713867188
cosserat_sweep_leak_dir_only_nobc,777,val,cs_117_R12p5_L100p7_a10p5_k0p010,12.515629257465857,100.65926548640257,10.488117451574483,0.01024315845605953,0.12433658438682445,0.12819957366151744,1.0,0.9998032450675964,0.0,1.1365997791290283
cosserat_sweep_leak_dir_only_nobc,777,val,cs_120_R10p1_L144p9_a04p9_k0p014,10.084726977879201,144.87440743102388,4.9044366749501185,0.014046124818042287,0.06961013443786224,0.14165133388716963,1.0,0.9994744658470154,0.0,1.8576209545135498
cosserat_sweep_leak_dir_only_nobc,777,val,cs_154_R09p8_L277p9_a04p5_k0p001,9.786235109693399,277.90254292644227,4.470856904033879,0.0010586313566167327,0.03521462958431333,0.010360015350345022,1.0,0.9998220205307007,0.0,1.0809177160263062
cosserat_sweep_leak_dir_only_nobc,777,val,cs_163_R16p2_L152p7_a09p6_k0p006,16.198749765649147,152.71987348386645,9.616329901244171,0.006459260849737745,0.1060683812533436,0.10463195017595601,1.0,0.9997188448905945,0.0,1.3586912155151367
cosserat_sweep_leak_dir_only_nobc,777,val,cs_181_R08p3_L115p6_a11p2_k0p013,8.251120705485146,115.56542371606969,11.165520861428346,0.013081764804294354,0.07139783198266253,0.10793922044099999,1.0,0.9995706081390381,0.0,1.6791716814041138
cosserat_sweep_leak_dir_only_nobc,777,val,cs_182_R08p6_L137p8_a02p8_k0p001,8.598629938826313,137.79496076059377,2.7830575511755864,0.0014826998156791183,0.06240162841488559,0.012749187025390723,1.0,0.9998019337654114,0.0,1.1403809785842896
cosserat_sweep_leak_dir_only_nobc,777,val,cs_191_R11p6_L122p1_a04p5_k0p001,11.556692137858366,122.07713103471991,4.539556893118883,0.000992905899107872,0.09466713412990949,0.011474707797853135,1.0,0.9995795488357544,0.0,1.6615393161773682
cosserat_sweep_leak_dir_only_nobc,777,val,cs_192_R09p6_L112p9_a08p3_k0p013,9.62626406234593,112.86084808263581,8.328318774743273,0.012966750816968898,0.08529321040807399,0.12482136739478242,1.0,0.9997708797454834,0.0,1.2266082763671875
cosserat_sweep_leak_dir_only_nobc,777,val,cs_198_R10p6_L134p7_a03p0_k0p024,10.600010918578532,134.70627910668327,3.0387794839948383,0.023869624648933822,0.07868980561911035,0.25301828190106973,1.0,0.9997014999389648,0.0,1.399976134300232
cosserat_sweep_leak_dir_only_nobc,777,val,cs_208_R15p1_L211p3_a09p7_k0p011,15.118689716695576,211.32200135358565,9.722945689626343,0.010666787766914671,0.07154337749905589,0.16126785452182701,1.0,0.9998893141746521,0.0,0.8524866700172424
cosserat_sweep_leak_dir_only_nobc,777,val,cs_242_R11p1_L144p0_a05p5_k0p028,11.059500088639602,144.02331857351896,5.4797552543880785,0.027517248613048124,0.07678964905251859,0.3043270134751237,1.0,0.9997197389602661,0.0,1.3565291166305542
cosserat_sweep_leak_dir_only_nobc,777,val,cs_261_R12p9_L253p3_a07p9_k0p018,12.906835133732944,253.2871487259385,7.877427617712564,0.0175134431064908,0.050957323333045944,0.22604312279948843,1.0,0.9996381998062134,0.0,1.541292428970337
cosserat_sweep_leak_dir_only_nobc,777,val,cs_282_R10p0_L204p3_a04p6_k0p006,10.018613235043922,204.29971991412128,4.610087289346258,0.005659941338303978,0.04903880063690401,0.05670476320150444,1.0,0.9997028112411499,0.0,1.396897554397583
cosserat_sweep_leak_dir_only_nobc,777,val,cs_289_R10p0_L261p4_a06p9_k0p031,10.013484458500468,261.37708247023414,6.937621506430334,0.031176595146921768,0.038310491355495226,0.31218635097266223,1.0,0.9998162984848022,0.0,1.0981593132019043
cosserat_sweep_leak_dir_only_nobc,777,val,cs_295_R15p8_L158p7_a04p0_k0p015,15.815991131355483,158.68764716391132,3.9849693050340145,0.014939235824352927,0.09966743734639195,0.23627882130719402,1.0,0.9996333718299866,0.0,1.55154287815094
cosserat_sweep_leak_mag_only_nobc,1337,test,cs_008_R10p3_L219p9_a10p1_k0p005,10.332632062001387,219.86319845391617,10.142430618716505,0.0053904580648451985,0.046995732503942136,0.05569761982969345,0.036921881072677805,0.6858252286911011,0.020015546055188495,46.699459075927734
cosserat_sweep_leak_mag_only_nobc,1337,test,cs_011_R14p0_L181p9_a03p0_k0p014,14.044006058026058,181.87220676453305,3.0168575708216334,0.014121937351325617,0.077219088654973,0.1983285737130814,0.06487956487956488,0.8426027297973633,0.0,32.5839958190918
cosserat_sweep_leak_mag_only_nobc,1337,test,cs_036_R17p3_L276p1_a08p0_k0p003,17.31499466778154,276.12701618004564,8.021361701813102,0.0029834969688785585,0.06270663011290241,0.05165923410747463,0.00038662284941040013,0.8583167791366577,0.0,30.87188720703125
cosserat_sweep_leak_mag_only_nobc,1337,test,cs_041_R16p4_L126p5_a08p0_k0p021,16.380952953924872,126.50298452981617,7.9710182832138035,0.02124330119733147,0.1294906441520671,0.34798551749954276,0.0,-0.8724312782287598,1.0,150.74240112304688
cosserat_sweep_leak_mag_only_nobc,1337,test,cs_042_R09p1_L132p8_a10p7_k0p011,9.07428353129959,132.76355859514942,10.712075744884107,0.010660025037295294,0.06834920385774537,0.09673208963916997,0.0,-0.950249195098877,0.9955400426604615,161.8509063720703
cosserat_sweep_leak_mag_only_nobc,1337,test,cs_043_R12p3_L259p6_a06p1_k0p020,12.297612930140655,259.5885815717731,6.138198863286343,0.01974936588961313,0.04737347403988381,0.24287005732618525,0.06032660902977906,0.7118114829063416,0.15600384245917387,44.61750411987305
cosserat_sweep_leak_mag_only_nobc,1337,test,cs_069_R13p1_L102p9_a09p7_k0p009,13.148822734681907,102.86134202123537,9.659537039244858,0.008785096495739686,0.12783055787826858,0.11551367652955634,0.23720568203930725,0.9579965472221375,0.0,16.665260314941406
cosserat_sweep_leak_mag_only_nobc,1337,test,cs_073_R17p1_L219p1_a08p8_k0p003,17.052436405248233,219.11549442691114,8.814141439119714,0.0029927805368692127,0.07782396425158468,0.05103419977982692,0.014649190439475714,0.9173665046691895,0.0,23.4559326171875
cosserat_sweep_leak_mag_only_nobc,1337,test,cs_077_R09p2_L151p4_a10p0_k0p005,9.20785348784141,151.41657260303316,9.988312383907285,0.005444190983975563,0.06081139818150236,0.050129312940274146,0.0,0.7106048464775085,0.02669948873319447,44.71584701538086
cosserat_sweep_leak_mag_only_nobc,1337,test,cs_101_R17p1_L296p7_a11p6_k0p014,17.06116325157632,296.7454777876344,11.553969292706446,0.014261996667051307,0.05749426538451287,0.2433262534299997,0.0,-0.230873703956604,0.593579766536965,103.3485107421875
cosserat_sweep_leak_mag_only_nobc,1337,test,cs_103_R15p3_L286p2_a07p5_k0p006,15.26161829168939,286.18579683017697,7.52249632089859,0.006024006987283315,0.05332765797858813,0.09193609522638774,0.0,0.5556917786598206,0.008998875140607425,56.24162292480469
cosserat_sweep_leak_mag_only_nobc,1337,test,cs_108_R15p3_L157p3_a02p2_k0p017,15.293754870832325,157.25614939483324,2.219900141123518,0.01652590291086547,0.09725377945274051,0.25274310813795087,0.22121329211746524,0.9220669865608215,0.0,22.769840240478516
cosserat_sweep_leak_mag_only_nobc,1337,test,cs_127_R09p9_L248p0_a10p7_k0p027,9.92130915509264,248.0385827557328,10.675877396634963,0.026674469300049557,0.03999905597292941,0.26464565647381927,0.013228527607361963,-0.6791166067123413,0.7256518404907976,132.774658203125
cosserat_sweep_leak_mag_only_nobc,1337,test,cs_141_R11p5_L262p4_a02p2_k0p000,11.458340278600033,262.4340458867466,2.23603363554198,0.00012757021987368057,0.04366179029814172,0.0014617429887284563,0.0,-0.49556034803390503,0.785796766743649,119.70670318603516
cosserat_sweep_leak_mag_only_nobc,1337,test,cs_145_R10p7_L132p0_a11p4_k0p027,10.68541526716421,132.04906413974186,11.393989353830287,0.02683932389225749,0.08092003784181533,0.28678932127869333,0.0025277075636787865,0.44377222657203674,0.2504374878475598,63.65518569946289
cosserat_sweep_leak_mag_only_nobc,1337,test,cs_150_R11p5_L181p7_a04p6_k0p020,11.518299636477002,181.71355082438,4.598057815988547,0.019514730234116283,0.0633871254192212,0.22477651016156833,0.026664071623199687,0.3504433035850525,0.12534059945504086,69.48556518554688
cosserat_sweep_leak_mag_only_nobc,1337,test,cs_167_R08p2_L205p2_a11p9_k0p029,8.167573366253167,205.18563210404523,11.938348744333847,0.028818352151288754,0.03980577627439121,0.23537600549017068,0.04180439432237994,-0.12746047973632812,0.549873614621816,97.32286834716797
cosserat_sweep_leak_mag_only_nobc,1337,test,cs_203_R08p2_L122p5_a11p7_k0p007,8.217382794358745,122.54736312710918,11.737120847034058,0.006959456601839249,0.0670547499731632,0.057188518938040216,0.003147565265691539,0.47022417187690735,0.27680059248287353,61.95115280151367
cosserat_sweep_leak_mag_only_nobc,1337,test,cs_204_R12p4_L232p8_a05p2_k0p008,12.432576699850076,232.80822831481788,5.207207074882933,0.008287663442116892,0.05340265157225443,0.10303701140666176,0.0,0.5267753601074219,0.2057483350858745,58.21216583251953
cosserat_sweep_leak_mag_only_nobc,1337,test,cs_206_R09p6_L215p3_a11p8_k0p017,9.638041884761433,215.2839528442758,11.817075619528502,0.017454471858595003,0.04476897491627277,0.16822693084952836,0.0,-0.7954937219619751,0.9697986577181208,142.70191955566406
cosserat_sweep_leak_mag_only_nobc,1337,test,cs_207_R14p8_L249p3_a02p6_k0p016,14.829240881322207,249.25664949252578,2.6215250192799315,0.01590100405059888,0.059493862697399674,0.23579981932121089,0.08352623456790123,0.6829396486282349,0.0775462962962963,46.926212310791016
cosserat_sweep_leak_mag_only_nobc,1337,test,cs_209_R10p1_L101p7_a07p4_k0p010,10.120819917927488,101.7083360980719,7.440285153684869,0.00990678838805335,0.0995082635917721,0.1002648212405031,0.3717651602935496,0.9767512679100037,0.0,12.37890625
cosserat_sweep_leak_mag_only_nobc,1337,test,cs_212_R12p3_L211p8_a06p3_k0p019,12.338677853831664,211.80580528278526,6.342760122167442,0.018696010110296455,0.05825467265808934,0.23068404590292776,0.0,0.824635922908783,0.03836465801201318,34.448402404785156
cosserat_sweep_leak_mag_only_nobc,1337,test,cs_221_R10p5_L204p7_a03p8_k0p014,10.490382252632225,204.67218480322697,3.8459641754550846,0.0138257058482252,0.05125455744129443,0.14503693926033523,0.007779074290159471,0.8648442625999451,0.0,30.13507080078125
cosserat_sweep_leak_mag_only_nobc,1337,test,cs_227_R14p4_L277p1_a05p3_k0p014,14.418427658248241,277.1340038172114,5.301363838105172,0.01396688597456547,0.052026916436274516,0.20138053503527423,0.0,-0.6336225867271423,0.9812921890067502,129.31788635253906
cosserat_sweep_leak_mag_only_nobc,1337,test,cs_231_R13p0_L240p3_a05p5_k0p019,12.97148968239227,240.34910386029168,5.529877524013183,0.019003727820144537,0.053969369862648796,0.2465066593459958,0.15318085719777053,0.8731185793876648,0.07303478762252547,29.17691421508789
cosserat_sweep_leak_mag_only_nobc,1337,test,cs_232_R15p7_L186p4_a07p6_k0p012,15.654714235548212,186.38536863997828,7.595966650351917,0.01240612882235181,0.08399111126467677,0.19421440148331587,0.0,-0.9707157611846924,1.0,166.09982299804688
cosserat_sweep_leak_mag_only_nobc,1337,test,cs_234_R09p0_L188p8_a06p9_k0p030,9.039784318877945,188.7543935856657,6.857262450562726,0.029651210053235406,0.0478917822634696,0.2680405436749935,0.01535213970447131,-0.2660697400569916,0.6808673958933026,105.4305191040039
cosserat_sweep_leak_mag_only_nobc,1337,test,cs_237_R11p3_L274p9_a11p9_k0p019,11.34108282364878,274.8799492157583,11.889809393813541,0.01891886211767744,0.04125831242331523,0.21456038220577117,0.0,-0.07762698829174042,0.5266640716231997,94.45217895507812
cosserat_sweep_leak_mag_only_nobc,1337,test,cs_243_R10p7_L196p9_a03p5_k0p020,10.685120152308635,196.91921575267133,3.4852042530363283,0.020074742814701573,0.054261439704945014,0.21450103900178072,0.0,-0.0008847308345139027,0.50076074553062,90.05068969726562
cosserat_sweep_leak_mag_only_nobc,1337,test,cs_244_R11p7_L295p1_a04p8_k0p019,11.695820140082057,295.08370829461035,4.7886023453704265,0.01872456140796538,0.039635601055972226,0.21899910242948478,0.0,-0.31067290902137756,0.6048903551329323,108.09978485107422
cosserat_sweep_leak_mag_only_nobc,1337,test,cs_249_R13p4_L183p9_a06p3_k0p012,13.379656937996563,183.94270592169076,6.253312234722841,0.011863671098384052,0.07273817611279805,0.15873184932160347,0.0,-0.843486487865448,1.0,147.5101318359375
cosserat_sweep_leak_mag_only_nobc,1337,test,cs_255_R10p5_L206p1_a06p2_k0p025,10.526340555463111,206.14315889437802,6.240269051325278,0.02524660378219265,0.05106325435158639,0.26575434928020286,0.0,0.23974567651748657,0.3750721292556261,76.12846374511719
cosserat_sweep_leak_mag_only_nobc,1337,test,cs_267_R15p8_L136p0_a09p0_k0p011,15.841647847201518,136.00586823878572,9.002830388550995,0.010930430195646728,0.11647767888506334,0.17315602597785346,0.0,0.9044597744941711,0.0,25.249374389648438
cosserat_sweep_leak_mag_only_nobc,1337,test,cs_291_R12p7_L154p6_a11p6_k0p026,12.732700950050912,154.56718024184406,11.635933302839938,0.026381135330233136,0.08237648464653784,0.33590310688268116,0.0,-0.7539898157119751,0.8840053506592777,138.9371795654297
cosserat_sweep_leak_mag_only_nobc,1337,test,cs_292_R14p4_L187p7_a06p1_k0p018,14.387564331140076,187.69446004590728,6.091070410185052,0.01817182441893697,0.07665417683410097,0.2614482928416378,0.10167533217793183,0.801693320274353,0.13133063739649528,36.707889556884766
cosserat_sweep_leak_mag_only_nobc,1337,val,cs_000_R09p8_L228p0_a06p7_k0p015,9.789348136754361,227.9826331430309,6.672684011434852,0.014820021084321922,0.04293900812441602,0.14507834578846715,0.056010668698799775,0.6357902884483337,0.04877119451324062,50.5213737487793
cosserat_sweep_leak_mag_only_nobc,1337,val,cs_010_R11p6_L163p7_a05p1_k0p005,11.550610145885386,163.73579328774903,5.1366674156380805,0.004713985780975811,0.07054419753893616,0.05444941198929865,0.2479593687647379,0.9607816338539124,0.0,16.099485397338867
cosserat_sweep_leak_mag_only_nobc,1337,val,cs_044_R15p5_L133p3_a07p4_k0p004,15.535177069130189,133.3034756178414,7.401208121935621,0.004461336701963621,0.11653992513793807,0.06930765563001415,0.0,-0.9850698113441467,1.0,170.0868377685547
cosserat_sweep_leak_mag_only_nobc,1337,val,cs_056_R13p8_L203p6_a05p8_k0p003,13.778802937632774,203.5513047123528,5.821946206602572,0.0031107731319378563,0.06769203939569043,0.04286272996865444,0.2860198327824227,0.9581485986709595,0.003111024693758507,16.634855270385742
cosserat_sweep_leak_mag_only_nobc,1337,val,cs_064_R10p8_L101p0_a03p4_k0p031,10.796119193782612,101.01214607231668,3.4248162866480163,0.03110729395226966,0.1068794161253979,0.3358380533047362,0.0,-0.8409889936447144,1.0,147.2447052001953
cosserat_sweep_leak_mag_only_nobc,1337,val,cs_074_R17p1_L141p4_a09p2_k0p020,17.100988944392856,141.41770281837591,9.179064872954681,0.019773118911264792,0.12092537641030571,0.3381398878977045,0.0,-0.9121814966201782,0.9820636451301832,155.80857849121094
cosserat_sweep_leak_mag_only_nobc,1337,val,cs_086_R10p0_L275p8_a10p8_k0p020,10.04139294969339,275.84623706717616,10.791822930263493,0.019800424415586795,0.03640213858435936,0.19882384212761012,0.0,-0.4786407947540283,0.6766757070902751,118.59666442871094
cosserat_sweep_leak_mag_only_nobc,1337,val,cs_090_R13p9_L105p0_a06p5_k0p012,13.88716063125649,104.97689554401948,6.534815367450279,0.012241659663291484,0.1322877816046032,0.17000189413730207,0.016163171060227053,-0.09749961644411087,0.519338079661343,95.59519958496094
cosserat_sweep_leak_mag_only_nobc,1337,val,cs_105_R12p5_L237p2_a07p2_k0p018,12.487717707176497,237.1990006516807,7.196482412958837,0.0181509031980451,0.05264658650697403,0.2266633552674743,0.0,-0.11551164835691452,0.6931309593306091,96.63313293457031
cosserat_sweep_leak_mag_only_nobc,1337,val,cs_117_R12p5_L100p7_a10p5_k0p010,12.515629257465857,100.65926548640257,10.488117451574483,0.01024315845605953,0.12433658438682445,0.12819957366151744,0.0,-0.9177854657173157,1.0,156.6044464111328
cosserat_sweep_leak_mag_only_nobc,1337,val,cs_120_R10p1_L144p9_a04p9_k0p014,10.084726977879201,144.87440743102388,4.9044366749501185,0.014046124818042287,0.06961013443786224,0.14165133388716963,0.0,-0.8434112071990967,1.0,147.50210571289062
cosserat_sweep_leak_mag_only_nobc,1337,val,cs_154_R09p8_L277p9_a04p5_k0p001,9.786235109693399,277.90254292644227,4.470856904033879,0.0010586313566167327,0.03521462958431333,0.010360015350345022,0.5377068103116583,0.985247015953064,0.0,9.854007720947266
cosserat_sweep_leak_mag_only_nobc,1337,val,cs_163_R16p2_L152p7_a09p6_k0p006,16.198749765649147,152.71987348386645,9.616329901244171,0.006459260849737745,0.1060683812533436,0.10463195017595601,0.3637602179836512,0.9774379730224609,0.0,12.194011688232422
cosserat_sweep_leak_mag_only_nobc,1337,val,cs_181_R08p3_L115p6_a11p2_k0p013,8.251120705485146,115.56542371606969,11.165520861428346,0.013081764804294354,0.07139783198266253,0.10793922044099999,0.3904798761609907,0.9735571146011353,0.0021284829721362228,13.205472946166992
cosserat_sweep_leak_mag_only_nobc,1337,val,cs_182_R08p6_L137p8_a02p8_k0p001,8.598629938826313,137.79496076059377,2.7830575511755864,0.0014826998156791183,0.06240162841488559,0.012749187025390723,0.0,-0.8689798712730408,1.0,150.34031677246094
cosserat_sweep_leak_mag_only_nobc,1337,val,cs_191_R11p6_L122p1_a04p5_k0p001,11.556692137858366,122.07713103471991,4.539556893118883,0.000992905899107872,0.09466713412990949,0.011474707797853135,0.0,0.8948782682418823,0.0,26.507200241088867
cosserat_sweep_leak_mag_only_nobc,1337,val,cs_192_R09p6_L112p9_a08p3_k0p013,9.62626406234593,112.86084808263581,8.328318774743273,0.012966750816968898,0.08529321040807399,0.12482136739478242,0.005436893203883495,-0.2995331287384033,0.7139805825242719,107.42955780029297
cosserat_sweep_leak_mag_only_nobc,1337,val,cs_198_R10p6_L134p7_a03p0_k0p024,10.600010918578532,134.70627910668327,3.0387794839948383,0.023869624648933822,0.07868980561911035,0.25301828190106973,0.0,-0.9485405683517456,1.0,161.53919982910156
cosserat_sweep_leak_mag_only_nobc,1337,val,cs_208_R15p1_L211p3_a09p7_k0p011,15.118689716695576,211.32200135358565,9.722945689626343,0.010666787766914671,0.07154337749905589,0.16126785452182701,0.0,-0.946836531162262,1.0,161.23330688476562
cosserat_sweep_leak_mag_only_nobc,1337,val,cs_242_R11p1_L144p0_a05p5_k0p028,11.059500088639602,144.02331857351896,5.4797552543880785,0.027517248613048124,0.07678964905251859,0.3043270134751237,0.09450805356103241,0.7927260398864746,0.04346982340384242,37.558998107910156
cosserat_sweep_leak_mag_only_nobc,1337,val,cs_261_R12p9_L253p3_a07p9_k0p018,12.906835133732944,253.2871487259385,7.877427617712564,0.0175134431064908,0.050957323333045944,0.22604312279948843,0.0,0.14477534592151642,0.3520864381520119,81.67572784423828
cosserat_sweep_leak_mag_only_nobc,1337,val,cs_282_R10p0_L204p3_a04p6_k0p006,10.018613235043922,204.29971991412128,4.610087289346258,0.005659941338303978,0.04903880063690401,0.05670476320150444,0.0,-0.5480066537857056,0.9802746083929608,123.23036193847656
cosserat_sweep_leak_mag_only_nobc,1337,val,cs_289_R10p0_L261p4_a06p9_k0p031,10.013484458500468,261.37708247023414,6.937621506430334,0.031176595146921768,0.038310491355495226,0.31218635097266223,0.0,0.17052887380123138,0.43364019946298427,80.18142700195312
cosserat_sweep_leak_mag_only_nobc,1337,val,cs_295_R15p8_L158p7_a04p0_k0p015,15.815991131355483,158.68764716391132,3.9849693050340145,0.014939235824352927,0.09966743734639195,0.23627882130719402,0.12531620937925667,0.9432260990142822,0.0,19.39940643310547
cosserat_sweep_leak_mag_only_nobc,2026,test,cs_008_R10p3_L219p9_a10p1_k0p005,10.332632062001387,219.86319845391617,10.142430618716505,0.0053904580648451985,0.046995732503942136,0.05569761982969345,0.0029148853478429848,0.7501821517944336,0.017877963466770307,41.39384460449219
cosserat_sweep_leak_mag_only_nobc,2026,test,cs_011_R14p0_L181p9_a03p0_k0p014,14.044006058026058,181.87220676453305,3.0168575708216334,0.014121937351325617,0.077219088654973,0.1983285737130814,0.09168609168609168,0.7714443206787109,0.0017482517482517483,39.51622772216797
cosserat_sweep_leak_mag_only_nobc,2026,test,cs_036_R17p3_L276p1_a08p0_k0p003,17.31499466778154,276.12701618004564,8.021361701813102,0.0029834969688785585,0.06270663011290241,0.05165923410747463,0.010052194084670405,0.9542553424835205,0.0,17.39712142944336
cosserat_sweep_leak_mag_only_nobc,2026,test,cs_041_R16p4_L126p5_a08p0_k0p021,16.380952953924872,126.50298452981617,7.9710182832138035,0.02124330119733147,0.1294906441520671,0.34798551749954276,0.0,-0.8568286895751953,1.0,148.96234130859375
cosserat_sweep_leak_mag_only_nobc,2026,test,cs_042_R09p1_L132p8_a10p7_k0p011,9.07428353129959,132.76355859514942,10.712075744884107,0.010660025037295294,0.06834920385774537,0.09673208963916997,0.0,-0.5742694139480591,0.9840992825286019,125.04847717285156
cosserat_sweep_leak_mag_only_nobc,2026,test,cs_043_R12p3_L259p6_a06p1_k0p020,12.297612930140655,259.5885815717731,6.138198863286343,0.01974936588961313,0.04737347403988381,0.24287005732618525,0.0,0.503241240978241,0.28895292987512006,59.78532409667969
cosserat_sweep_leak_mag_only_nobc,2026,test,cs_069_R13p1_L102p9_a09p7_k0p009,13.148822734681907,102.86134202123537,9.659537039244858,0.008785096495739686,0.12783055787826858,0.11551367652955634,0.5615878575598365,0.9874553680419922,0.0,9.084931373596191
cosserat_sweep_leak_mag_only_nobc,2026,test,cs_073_R17p1_L219p1_a08p8_k0p003,17.052436405248233,219.11549442691114,8.814141439119714,0.0029927805368692127,0.07782396425158468,0.05103419977982692,0.0,0.9028189182281494,0.0,25.46889305114746
cosserat_sweep_leak_mag_only_nobc,2026,test,cs_077_R09p2_L151p4_a10p0_k0p005,9.20785348784141,151.41657260303316,9.988312383907285,0.005444190983975563,0.06081139818150236,0.050129312940274146,0.23328914978223822,0.8910472989082336,0.0,26.99485206604004
cosserat_sweep_leak_mag_only_nobc,2026,test,cs_101_R17p1_L296p7_a11p6_k0p014,17.06116325157632,296.7454777876344,11.553969292706446,0.014261996667051307,0.05749426538451287,0.2433262534299997,0.0,0.09557908773422241,0.45875486381322955,84.51535034179688
cosserat_sweep_leak_mag_only_nobc,2026,test,cs_103_R15p3_L286p2_a07p5_k0p006,15.26161829168939,286.18579683017697,7.52249632089859,0.006024006987283315,0.05332765797858813,0.09193609522638774,0.050243719535058115,0.8309317231178284,0.0,33.80542755126953
cosserat_sweep_leak_mag_only_nobc,2026,test,cs_108_R15p3_L157p3_a02p2_k0p017,15.293754870832325,157.25614939483324,2.219900141123518,0.01652590291086547,0.09725377945274051,0.25274310813795087,0.005023183925811438,0.5970356464385986,0.2374420401854714,53.34210968017578
cosserat_sweep_leak_mag_only_nobc,2026,test,cs_127_R09p9_L248p0_a10p7_k0p027,9.92130915509264,248.0385827557328,10.675877396634963,0.026674469300049557,0.03999905597292941,0.26464565647381927,0.010927914110429447,-0.2473742961883545,0.6067868098159509,104.32218933105469
cosserat_sweep_leak_mag_only_nobc,2026,test,cs_141_R11p5_L262p4_a02p2_k0p000,11.458340278600033,262.4340458867466,2.23603363554198,0.00012757021987368057,0.04366179029814172,0.0014617429887284563,0.0,-0.016436252743005753,0.7242109314857583,90.9417724609375
cosserat_sweep_leak_mag_only_nobc,2026,test,cs_145_R10p7_L132p0_a11p4_k0p027,10.68541526716421,132.04906413974186,11.393989353830287,0.02683932389225749,0.08092003784181533,0.28678932127869333,0.008360878864475986,0.5450210571289062,0.1810227493680731,56.97389602661133
cosserat_sweep_leak_mag_only_nobc,2026,test,cs_150_R11p5_L181p7_a04p6_k0p020,11.518299636477002,181.71355082438,4.598057815988547,0.019514730234116283,0.0633871254192212,0.22477651016156833,0.001946282600233554,-0.1769816279411316,0.5644219540677307,100.19400024414062
cosserat_sweep_leak_mag_only_nobc,2026,test,cs_167_R08p2_L205p2_a11p9_k0p029,8.167573366253167,205.18563210404523,11.938348744333847,0.028818352151288754,0.03980577627439121,0.23537600549017068,0.0,0.30001723766326904,0.4116274547929224,72.5413589477539
cosserat_sweep_leak_mag_only_nobc,2026,test,cs_203_R08p2_L122p5_a11p7_k0p007,8.217382794358745,122.54736312710918,11.737120847034058,0.006959456601839249,0.0670547499731632,0.057188518938040216,0.0018515089798185522,0.1904679238796234,0.3058692834660248,79.01990509033203
cosserat_sweep_leak_mag_only_nobc,2026,test,cs_204_R12p4_L232p8_a05p2_k0p008,12.432576699850076,232.80822831481788,5.207207074882933,0.008287663442116892,0.05340265157225443,0.10303701140666176,0.0,0.7286613583564758,0.0,43.2257080078125
cosserat_sweep_leak_mag_only_nobc,2026,test,cs_206_R09p6_L215p3_a11p8_k0p017,9.638041884761433,215.2839528442758,11.817075619528502,0.017454471858595003,0.04476897491627277,0.16822693084952836,0.0,-0.5323178768157959,0.785048471290082,122.16220092773438
cosserat_sweep_leak_mag_only_nobc,2026,test,cs_207_R14p8_L249p3_a02p6_k0p016,14.829240881322207,249.25664949252578,2.6215250192799315,0.01590100405059888,0.059493862697399674,0.23579981932121089,0.0,0.10836754739284515,0.4731867283950617,83.77877807617188
cosserat_sweep_leak_mag_only_nobc,2026,test,cs_209_R10p1_L101p7_a07p4_k0p010,10.120819917927488,101.7083360980719,7.440285153684869,0.00990678838805335,0.0995082635917721,0.1002648212405031,0.0,0.8688315153121948,0.0,29.676864624023438
cosserat_sweep_leak_mag_only_nobc,2026,test,cs_212_R12p3_L211p8_a06p3_k0p019,12.338677853831664,211.80580528278526,6.342760122167442,0.018696010110296455,0.05825467265808934,0.23068404590292776,0.030807982949040885,0.6451637148857117,0.10075566750629723,49.822044372558594
cosserat_sweep_leak_mag_only_nobc,2026,test,cs_221_R10p5_L204p7_a03p8_k0p014,10.490382252632225,204.67218480322697,3.8459641754550846,0.0138257058482252,0.05125455744129443,0.14503693926033523,0.028199144301828082,0.8344630599021912,0.0,33.440025329589844
cosserat_sweep_leak_mag_only_nobc,2026,test,cs_227_R14p4_L277p1_a05p3_k0p014,14.418427658248241,277.1340038172114,5.301363838105172,0.01396688597456547,0.052026916436274516,0.20138053503527423,0.0,-0.5558856725692749,0.9392478302796529,123.77173614501953
cosserat_sweep_leak_mag_only_nobc,2026,test,cs_231_R13p0_L240p3_a05p5_k0p019,12.97148968239227,240.34910386029168,5.529877524013183,0.019003727820144537,0.053969369862648796,0.2465066593459958,0.0005765904285988853,0.45009469985961914,0.3344224485873534,63.250240325927734
cosserat_sweep_leak_mag_only_nobc,2026,test,cs_232_R15p7_L186p4_a07p6_k0p012,15.654714235548212,186.38536863997828,7.595966650351917,0.01240612882235181,0.08399111126467677,0.19421440148331587,0.0,-0.947994589805603,1.0,161.440673828125
cosserat_sweep_leak_mag_only_nobc,2026,test,cs_234_R09p0_L188p8_a06p9_k0p030,9.039784318877945,188.7543935856657,6.857262450562726,0.029651210053235406,0.0478917822634696,0.2680405436749935,0.0,-0.38314586877822876,0.6411437344079831,112.52867889404297
cosserat_sweep_leak_mag_only_nobc,2026,test,cs_237_R11p3_L274p9_a11p9_k0p019,11.34108282364878,274.8799492157583,11.889809393813541,0.01891886211767744,0.04125831242331523,0.21456038220577117,0.0,-0.16526693105697632,0.5687037757882445,99.51274108886719
cosserat_sweep_leak_mag_only_nobc,2026,test,cs_243_R10p7_L196p9_a03p5_k0p020,10.685120152308635,196.91921575267133,3.4852042530363283,0.020074742814701573,0.054261439704945014,0.21450103900178072,0.01901863826550019,-0.11567066609859467,0.5564853556485355,96.64230346679688
cosserat_sweep_leak_mag_only_nobc,2026,test,cs_244_R11p7_L295p1_a04p8_k0p019,11.695820140082057,295.08370829461035,4.7886023453704265,0.01872456140796538,0.039635601055972226,0.21899910242948478,0.0,-0.24824164807796478,0.6889190762662527,104.37348175048828
cosserat_sweep_leak_mag_only_nobc,2026,test,cs_249_R13p4_L183p9_a06p3_k0p012,13.379656937996563,183.94270592169076,6.253312234722841,0.011863671098384052,0.07273817611279805,0.15873184932160347,0.0,-0.8781191110610962,0.9986410405746458,151.41629028320312
cosserat_sweep_leak_mag_only_nobc,2026,test,cs_255_R10p5_L206p1_a06p2_k0p025,10.526340555463111,206.14315889437802,6.240269051325278,0.02524660378219265,0.05106325435158639,0.26575434928020286,0.0,0.16179940104484558,0.3702635122138873,80.68863677978516
cosserat_sweep_leak_mag_only_nobc,2026,test,cs_267_R15p8_L136p0_a09p0_k0p011,15.841647847201518,136.00586823878572,9.002830388550995,0.010930430195646728,0.11647767888506334,0.17315602597785346,0.23912198912198912,0.9687632322311401,0.0,14.358460426330566
cosserat_sweep_leak_mag_only_nobc,2026,test,cs_291_R12p7_L154p6_a11p6_k0p026,12.732700950050912,154.56718024184406,11.635933302839938,0.026381135330233136,0.08237648464653784,0.33590310688268116,0.0,-0.49899742007255554,0.7424039747754634,119.9336929321289
cosserat_sweep_leak_mag_only_nobc,2026,test,cs_292_R14p4_L187p7_a06p1_k0p018,14.387564331140076,187.69446004590728,6.091070410185052,0.01817182441893697,0.07665417683410097,0.2614482928416378,0.016368187945310995,-0.258650541305542,0.5748122472559214,104.98999786376953
cosserat_sweep_leak_mag_only_nobc,2026,val,cs_000_R09p8_L228p0_a06p7_k0p015,9.789348136754361,227.9826331430309,6.672684011434852,0.014820021084321922,0.04293900812441602,0.14507834578846715,0.0,0.6404245495796204,0.23585444846637454,50.176513671875
cosserat_sweep_leak_mag_only_nobc,2026,val,cs_010_R11p6_L163p7_a05p1_k0p005,11.550610145885386,163.73579328774903,5.1366674156380805,0.004713985780975811,0.07054419753893616,0.05444941198929865,0.9345184110284781,0.9940642714500427,0.0,6.245822429656982
cosserat_sweep_leak_mag_only_nobc,2026,val,cs_044_R15p5_L133p3_a07p4_k0p004,15.535177069130189,133.3034756178414,7.401208121935621,0.004461336701963621,0.11653992513793807,0.06930765563001415,0.0,-0.8259695172309875,1.0,145.68690490722656
cosserat_sweep_leak_mag_only_nobc,2026,val,cs_056_R13p8_L203p6_a05p8_k0p003,13.778802937632774,203.5513047123528,5.821946206602572,0.0031107731319378563,0.06769203939569043,0.04286272996865444,0.5969278631149135,0.9919195175170898,0.0,7.288683891296387
cosserat_sweep_leak_mag_only_nobc,2026,val,cs_064_R10p8_L101p0_a03p4_k0p031,10.796119193782612,101.01214607231668,3.4248162866480163,0.03110729395226966,0.1068794161253979,0.3358380533047362,0.0,-0.8172886967658997,1.0,144.81430053710938
cosserat_sweep_leak_mag_only_nobc,2026,val,cs_074_R17p1_L141p4_a09p2_k0p020,17.100988944392856,141.41770281837591,9.179064872954681,0.019773118911264792,0.12092537641030571,0.3381398878977045,0.003085824493731919,-0.13870789110660553,0.5720347155255545,97.97308349609375
cosserat_sweep_leak_mag_only_nobc,2026,val,cs_086_R10p0_L275p8_a10p8_k0p020,10.04139294969339,275.84623706717616,10.791822930263493,0.019800424415586795,0.03640213858435936,0.19882384212761012,0.0,-0.6192374229431152,0.6923672994963193,128.26046752929688
cosserat_sweep_leak_mag_only_nobc,2026,val,cs_090_R13p9_L105p0_a06p5_k0p012,13.88716063125649,104.97689554401948,6.534815367450279,0.012241659663291484,0.1322877816046032,0.17000189413730207,0.00692707331152588,0.3278263807296753,0.18414469886472964,70.86309814453125
cosserat_sweep_leak_mag_only_nobc,2026,val,cs_105_R12p5_L237p2_a07p2_k0p018,12.487717707176497,237.1990006516807,7.196482412958837,0.0181509031980451,0.05264658650697403,0.2266633552674743,0.0,0.2822766602039337,0.3498735162482973,73.60386657714844
cosserat_sweep_leak_mag_only_nobc,2026,val,cs_117_R12p5_L100p7_a10p5_k0p010,12.515629257465857,100.65926548640257,10.488117451574483,0.01024315845605953,0.12433658438682445,0.12819957366151744,0.0,-0.8571159839630127,1.0,148.99427795410156
cosserat_sweep_leak_mag_only_nobc,2026,val,cs_120_R10p1_L144p9_a04p9_k0p014,10.084726977879201,144.87440743102388,4.9044366749501185,0.014046124818042287,0.06961013443786224,0.14165133388716963,0.0,-0.8288365006446838,0.9803387190967491,145.97940063476562
cosserat_sweep_leak_mag_only_nobc,2026,val,cs_154_R09p8_L277p9_a04p5_k0p001,9.786235109693399,277.90254292644227,4.470856904033879,0.0010586313566167327,0.03521462958431333,0.010360015350345022,0.07118122354751828,0.9774371385574341,0.0,12.194246292114258
cosserat_sweep_leak_mag_only_nobc,2026,val,cs_163_R16p2_L152p7_a09p6_k0p006,16.198749765649147,152.71987348386645,9.616329901244171,0.006459260849737745,0.1060683812533436,0.10463195017595601,0.0,0.182460218667984,0.11502530167380304,79.48690795898438
cosserat_sweep_leak_mag_only_nobc,2026,val,cs_181_R08p3_L115p6_a11p2_k0p013,8.251120705485146,115.56542371606969,11.165520861428346,0.013081764804294354,0.07139783198266253,0.10793922044099999,0.18363003095975233,0.9472577571868896,0.0,18.691505432128906
cosserat_sweep_leak_mag_only_nobc,2026,val,cs_182_R08p6_L137p8_a02p8_k0p001,8.598629938826313,137.79496076059377,2.7830575511755864,0.0014826998156791183,0.06240162841488559,0.012749187025390723,0.0,-0.42662912607192993,1.0,115.25382232666016
cosserat_sweep_leak_mag_only_nobc,2026,val,cs_191_R11p6_L122p1_a04p5_k0p001,11.556692137858366,122.07713103471991,4.539556893118883,0.000992905899107872,0.09466713412990949,0.011474707797853135,0.0,0.7018066644668579,0.0,45.42786407470703
cosserat_sweep_leak_mag_only_nobc,2026,val,cs_192_R09p6_L112p9_a08p3_k0p013,9.62626406234593,112.86084808263581,8.328318774743273,0.012966750816968898,0.08529321040807399,0.12482136739478242,0.0,-0.5223235487937927,0.9875728155339806,121.48823547363281
cosserat_sweep_leak_mag_only_nobc,2026,val,cs_198_R10p6_L134p7_a03p0_k0p024,10.600010918578532,134.70627910668327,3.0387794839948383,0.023869624648933822,0.07868980561911035,0.25301828190106973,0.0,-0.9222900867462158,1.0,157.26319885253906
cosserat_sweep_leak_mag_only_nobc,2026,val,cs_208_R15p1_L211p3_a09p7_k0p011,15.118689716695576,211.32200135358565,9.722945689626343,0.010666787766914671,0.07154337749905589,0.16126785452182701,0.0,-0.9209293127059937,1.0,157.06231689453125
cosserat_sweep_leak_mag_only_nobc,2026,val,cs_242_R11p1_L144p0_a05p5_k0p028,11.059500088639602,144.02331857351896,5.4797552543880785,0.027517248613048124,0.07678964905251859,0.3043270134751237,0.0,0.5045021176338196,0.32563555210556955,59.701690673828125
cosserat_sweep_leak_mag_only_nobc,2026,val,cs_261_R12p9_L253p3_a07p9_k0p018,12.906835133732944,253.2871487259385,7.877427617712564,0.0175134431064908,0.050957323333045944,0.22604312279948843,0.0,-0.19277456402778625,0.7177719821162444,101.11474609375
cosserat_sweep_leak_mag_only_nobc,2026,val,cs_282_R10p0_L204p3_a04p6_k0p006,10.018613235043922,204.29971991412128,4.610087289346258,0.005659941338303978,0.04903880063690401,0.05670476320150444,0.0,-0.7586495876312256,0.9802746083929608,139.3452911376953
cosserat_sweep_leak_mag_only_nobc,2026,val,cs_289_R10p0_L261p4_a06p9_k0p031,10.013484458500468,261.37708247023414,6.937621506430334,0.031176595146921768,0.038310491355495226,0.31218635097266223,0.0,0.3866950273513794,0.3674721902570004,67.25099182128906
cosserat_sweep_leak_mag_only_nobc,2026,val,cs_295_R15p8_L158p7_a04p0_k0p015,15.815991131355483,158.68764716391132,3.9849693050340145,0.014939235824352927,0.09966743734639195,0.23627882130719402,0.0033080365829928,0.8435231447219849,0.0,32.4859504699707
cosserat_sweep_leak_mag_only_nobc,777,test,cs_008_R10p3_L219p9_a10p1_k0p005,10.332632062001387,219.86319845391617,10.142430618716505,0.0053904580648451985,0.046995732503942136,0.05569761982969345,0.02506801399144967,0.5894811153411865,0.04003109211037699,53.87980651855469
cosserat_sweep_leak_mag_only_nobc,777,test,cs_011_R14p0_L181p9_a03p0_k0p014,14.044006058026058,181.87220676453305,3.0168575708216334,0.014121937351325617,0.077219088654973,0.1983285737130814,0.052059052059052056,0.7893902063369751,0.0,37.87143325805664
cosserat_sweep_leak_mag_only_nobc,777,test,cs_036_R17p3_L276p1_a08p0_k0p003,17.31499466778154,276.12701618004564,8.021361701813102,0.0029834969688785585,0.06270663011290241,0.05165923410747463,0.0036729170693988013,0.9014856219291687,0.0,25.645959854125977
cosserat_sweep_leak_mag_only_nobc,777,test,cs_041_R16p4_L126p5_a08p0_k0p021,16.380952953924872,126.50298452981617,7.9710182832138035,0.02124330119733147,0.1294906441520671,0.34798551749954276,0.0,-0.844669759273529,1.0,147.63656616210938
cosserat_sweep_leak_mag_only_nobc,777,test,cs_042_R09p1_L132p8_a10p7_k0p011,9.07428353129959,132.76355859514942,10.712075744884107,0.010660025037295294,0.06834920385774537,0.09673208963916997,0.0,-0.797778844833374,0.992049641264301,142.91851806640625
cosserat_sweep_leak_mag_only_nobc,777,test,cs_043_R12p3_L259p6_a06p1_k0p020,12.297612930140655,259.5885815717731,6.138198863286343,0.01974936588961313,0.04737347403988381,0.24287005732618525,0.0760806916426513,0.6673301458358765,0.13006724303554273,48.1386604309082
cosserat_sweep_leak_mag_only_nobc,777,test,cs_069_R13p1_L102p9_a09p7_k0p009,13.148822734681907,102.86134202123537,9.659537039244858,0.008785096495739686,0.12783055787826858,0.11551367652955634,0.2893559058182526,0.9665700793266296,0.0,14.856709480285645
cosserat_sweep_leak_mag_only_nobc,777,test,cs_073_R17p1_L219p1_a08p8_k0p003,17.052436405248233,219.11549442691114,8.814141439119714,0.0029927805368692127,0.07782396425158468,0.05103419977982692,0.001156515034695451,0.8758166432380676,0.0,28.85822296142578
cosserat_sweep_leak_mag_only_nobc,777,test,cs_077_R09p2_L151p4_a10p0_k0p005,9.20785348784141,151.41657260303316,9.988312383907285,0.005444190983975563,0.06081139818150236,0.050129312940274146,0.05775421321719371,0.6537529826164246,0.0073849649687559174,49.174835205078125
cosserat_sweep_leak_mag_only_nobc,777,test,cs_101_R17p1_L296p7_a11p6_k0p014,17.06116325157632,296.7454777876344,11.553969292706446,0.014261996667051307,0.05749426538451287,0.2433262534299997,0.0,-0.13606798648834229,0.5863813229571985,97.82038116455078
cosserat_sweep_leak_mag_only_nobc,777,test,cs_103_R15p3_L286p2_a07p5_k0p006,15.26161829168939,286.18579683017697,7.52249632089859,0.006024006987283315,0.05332765797858813,0.09193609522638774,0.0,0.9371097087860107,0.00018747656542932134,20.428295135498047
cosserat_sweep_leak_mag_only_nobc,777,test,cs_108_R15p3_L157p3_a02p2_k0p017,15.293754870832325,157.25614939483324,2.219900141123518,0.01652590291086547,0.09725377945274051,0.25274310813795087,0.0,0.7251018285751343,0.0028979907264296756,43.52267837524414
cosserat_sweep_leak_mag_only_nobc,777,test,cs_127_R09p9_L248p0_a10p7_k0p027,9.92130915509264,248.0385827557328,10.675877396634963,0.026674469300049557,0.03999905597292941,0.26464565647381927,0.009202453987730062,-0.5390899181365967,0.6934432515337423,122.62169647216797
cosserat_sweep_leak_mag_only_nobc,777,test,cs_141_R11p5_L262p4_a02p2_k0p000,11.458340278600033,262.4340458867466,2.23603363554198,0.00012757021987368057,0.04366179029814172,0.0014617429887284563,0.0,-0.6066351532936096,0.7463433410315627,127.34659576416016
cosserat_sweep_leak_mag_only_nobc,777,test,cs_145_R10p7_L132p0_a11p4_k0p027,10.68541526716421,132.04906413974186,11.393989353830287,0.02683932389225749,0.08092003784181533,0.28678932127869333,0.026054831810227493,0.3262180984020233,0.3266575928446432,70.96060943603516
cosserat_sweep_leak_mag_only_nobc,777,test,cs_150_R11p5_L181p7_a04p6_k0p020,11.518299636477002,181.71355082438,4.598057815988547,0.019514730234116283,0.0633871254192212,0.22477651016156833,0.0013623978201634877,0.20788827538490295,0.35013623978201636,78.00137329101562
cosserat_sweep_leak_mag_only_nobc,777,test,cs_167_R08p2_L205p2_a11p9_k0p029,8.167573366253167,205.18563210404523,11.938348744333847,0.028818352151288754,0.03980577627439121,0.23537600549017068,0.0,0.1278814822435379,0.45090414155162356,82.6528091430664
cosserat_sweep_leak_mag_only_nobc,777,test,cs_203_R08p2_L122p5_a11p7_k0p007,8.217382794358745,122.54736312710918,11.737120847034058,0.006959456601839249,0.0670547499731632,0.057188518938040216,0.0,0.245383620262146,0.02795778559526014,75.79549407958984
cosserat_sweep_leak_mag_only_nobc,777,test,cs_204_R12p4_L232p8_a05p2_k0p008,12.432576699850076,232.80822831481788,5.207207074882933,0.008287663442116892,0.05340265157225443,0.10303701140666176,0.38135296179460215,0.9614337682723999,0.0,15.964191436767578
cosserat_sweep_leak_mag_only_nobc,777,test,cs_206_R09p6_L215p3_a11p8_k0p017,9.638041884761433,215.2839528442758,11.817075619528502,0.017454471858595003,0.04476897491627277,0.16822693084952836,0.0,-0.7160948514938354,0.9347501864280388,135.73300170898438
cosserat_sweep_leak_mag_only_nobc,777,test,cs_207_R14p8_L249p3_a02p6_k0p016,14.829240881322207,249.25664949252578,2.6215250192799315,0.01590100405059888,0.059493862697399674,0.23579981932121089,0.0,0.41679447889328003,0.3722993827160494,65.36763000488281
cosserat_sweep_leak_mag_only_nobc,777,test,cs_209_R10p1_L101p7_a07p4_k0p010,10.120819917927488,101.7083360980719,7.440285153684869,0.00990678838805335,0.0995082635917721,0.1002648212405031,0.2522209347238316,0.9448240995407104,0.0,19.121845245361328
cosserat_sweep_leak_mag_only_nobc,777,test,cs_212_R12p3_L211p8_a06p3_k0p019,12.338677853831664,211.80580528278526,6.342760122167442,0.018696010110296455,0.05825467265808934,0.23068404590292776,0.0,0.7860329151153564,0.006975392365820577,38.18368911743164
cosserat_sweep_leak_mag_only_nobc,777,test,cs_221_R10p5_L204p7_a03p8_k0p014,10.490382252632225,204.67218480322697,3.8459641754550846,0.0138257058482252,0.05125455744129443,0.14503693926033523,0.0,0.8917820453643799,0.0,26.901962280273438
cosserat_sweep_leak_mag_only_nobc,777,test,cs_227_R14p4_L277p1_a05p3_k0p014,14.418427658248241,277.1340038172114,5.301363838105172,0.01396688597456547,0.052026916436274516,0.20138053503527423,0.0,-0.6902614831924438,1.0,133.65081787109375
cosserat_sweep_leak_mag_only_nobc,777,test,cs_231_R13p0_L240p3_a05p5_k0p019,12.97148968239227,240.34910386029168,5.529877524013183,0.019003727820144537,0.053969369862648796,0.2465066593459958,0.06803767057466846,0.5942701101303101,0.19085143186623102,53.53937911987305
cosserat_sweep_leak_mag_only_nobc,777,test,cs_232_R15p7_L186p4_a07p6_k0p012,15.654714235548212,186.38536863997828,7.595966650351917,0.01240612882235181,0.08399111126467677,0.19421440148331587,0.0,-0.9882427453994751,1.0,171.2053680419922
cosserat_sweep_leak_mag_only_nobc,777,test,cs_234_R09p0_L188p8_a06p9_k0p030,9.039784318877945,188.7543935856657,6.857262450562726,0.029651210053235406,0.0478917822634696,0.2680405436749935,0.0,-0.626677930355072,0.7322970639032815,128.80545043945312
cosserat_sweep_leak_mag_only_nobc,777,test,cs_237_R11p3_L274p9_a11p9_k0p019,11.34108282364878,274.8799492157583,11.889809393813541,0.01891886211767744,0.04125831242331523,0.21456038220577117,0.00019462826002335538,0.1129220724105835,0.4604904632152589,83.5162124633789
cosserat_sweep_leak_mag_only_nobc,777,test,cs_243_R10p7_L196p9_a03p5_k0p020,10.685120152308635,196.91921575267133,3.4852042530363283,0.020074742814701573,0.054261439704945014,0.21450103900178072,0.0,0.02293986827135086,0.4876378851274249,88.6855239868164
cosserat_sweep_leak_mag_only_nobc,777,test,cs_244_R11p7_L295p1_a04p8_k0p019,11.695820140082057,295.08370829461035,4.7886023453704265,0.01872456140796538,0.039635601055972226,0.21899910242948478,0.0,-0.4697417914867401,0.7411216766931884,118.01753234863281
cosserat_sweep_leak_mag_only_nobc,777,test,cs_249_R13p4_L183p9_a06p3_k0p012,13.379656937996563,183.94270592169076,6.253312234722841,0.011863671098384052,0.07273817611279805,0.15873184932160347,0.0,-0.8440946340560913,1.0,147.57505798339844
cosserat_sweep_leak_mag_only_nobc,777,test,cs_255_R10p5_L206p1_a06p2_k0p025,10.526340555463111,206.14315889437802,6.240269051325278,0.02524660378219265,0.05106325435158639,0.26575434928020286,0.011733025581842662,0.41073447465896606,0.1513752644739373,65.74901580810547
cosserat_sweep_leak_mag_only_nobc,777,test,cs_267_R15p8_L136p0_a09p0_k0p011,15.841647847201518,136.00586823878572,9.002830388550995,0.010930430195646728,0.11647767888506334,0.17315602597785346,0.017676767676767676,0.8640007972717285,0.0,30.23119354248047
cosserat_sweep_leak_mag_only_nobc,777,test,cs_291_R12p7_L154p6_a11p6_k0p026,12.732700950050912,154.56718024184406,11.635933302839938,0.026381135330233136,0.08237648464653784,0.33590310688268116,0.0,-0.6924876570701599,0.822281673991974,133.82736206054688
cosserat_sweep_leak_mag_only_nobc,777,test,cs_292_R14p4_L187p7_a06p1_k0p018,14.387564331140076,187.69446004590728,6.091070410185052,0.01817182441893697,0.07665417683410097,0.2614482928416378,0.0,0.11241791397333145,0.45099171962256884,83.5452880859375
cosserat_sweep_leak_mag_only_nobc,777,val,cs_000_R09p8_L228p0_a06p7_k0p015,9.789348136754361,227.9826331430309,6.672684011434852,0.014820021084321922,0.04293900812441602,0.14507834578846715,0.05963040579157935,0.6013103127479553,0.0,53.03619384765625
cosserat_sweep_leak_mag_only_nobc,777,val,cs_010_R11p6_L163p7_a05p1_k0p005,11.550610145885386,163.73579328774903,5.1366674156380805,0.004713985780975811,0.07054419753893616,0.05444941198929865,0.007981135497914021,0.9541594386100769,0.0,17.415491104125977
cosserat_sweep_leak_mag_only_nobc,777,val,cs_044_R15p5_L133p3_a07p4_k0p004,15.535177069130189,133.3034756178414,7.401208121935621,0.004461336701963621,0.11653992513793807,0.06930765563001415,0.0,-0.9367945790290833,1.0,159.52003479003906
cosserat_sweep_leak_mag_only_nobc,777,val,cs_056_R13p8_L203p6_a05p8_k0p003,13.778802937632774,203.5513047123528,5.821946206602572,0.0031107731319378563,0.06769203939569043,0.04286272996865444,0.23702119385572623,0.94667649269104,0.0,18.795156478881836
cosserat_sweep_leak_mag_only_nobc,777,val,cs_064_R10p8_L101p0_a03p4_k0p031,10.796119193782612,101.01214607231668,3.4248162866480163,0.03110729395226966,0.1068794161253979,0.3358380533047362,0.0,-0.8775371313095093,1.0,151.3466796875
cosserat_sweep_leak_mag_only_nobc,777,val,cs_074_R17p1_L141p4_a09p2_k0p020,17.100988944392856,141.41770281837591,9.179064872954681,0.019773118911264792,0.12092537641030571,0.3381398878977045,0.0,-0.6896271705627441,0.8719382835101254,133.60060119628906
cosserat_sweep_leak_mag_only_nobc,777,val,cs_086_R10p0_L275p8_a10p8_k0p020,10.04139294969339,275.84623706717616,10.791822930263493,0.019800424415586795,0.03640213858435936,0.19882384212761012,0.0,-0.6011689901351929,0.7043781480046494,126.95365905761719
cosserat_sweep_leak_mag_only_nobc,777,val,cs_090_R13p9_L105p0_a06p5_k0p012,13.88716063125649,104.97689554401948,6.534815367450279,0.012241659663291484,0.1322877816046032,0.17000189413730207,0.14392918991725995,0.6170316934585571,0.19915335770636905,51.900306701660156
cosserat_sweep_leak_mag_only_nobc,777,val,cs_105_R12p5_L237p2_a07p2_k0p018,12.487717707176497,237.1990006516807,7.196482412958837,0.0181509031980451,0.05264658650697403,0.2266633552674743,0.001945903872348706,0.06800585985183716,0.4078614516442888,86.10054016113281
cosserat_sweep_leak_mag_only_nobc,777,val,cs_117_R12p5_L100p7_a10p5_k0p010,12.515629257465857,100.65926548640257,10.488117451574483,0.01024315845605953,0.12433658438682445,0.12819957366151744,0.0,-0.8803590536117554,1.0,151.68569946289062
cosserat_sweep_leak_mag_only_nobc,777,val,cs_120_R10p1_L144p9_a04p9_k0p014,10.084726977879201,144.87440743102388,4.9044366749501185,0.014046124818042287,0.06961013443786224,0.14165133388716963,0.0,-0.8107408881187439,1.0,144.1683807373047
cosserat_sweep_leak_mag_only_nobc,777,val,cs_154_R09p8_L277p9_a04p5_k0p001,9.786235109693399,277.90254292644227,4.470856904033879,0.0010586313566167327,0.03521462958431333,0.010360015350345022,0.1375529049634475,0.9585580825805664,0.0,16.55270767211914
cosserat_sweep_leak_mag_only_nobc,777,val,cs_163_R16p2_L152p7_a09p6_k0p006,16.198749765649147,152.71987348386645,9.616329901244171,0.006459260849737745,0.1060683812533436,0.10463195017595601,0.0,0.5639509558677673,0.09186453873102375,55.6705207824707
cosserat_sweep_leak_mag_only_nobc,777,val,cs_181_R08p3_L115p6_a11p2_k0p013,8.251120705485146,115.56542371606969,11.165520861428346,0.013081764804294354,0.07139783198266253,0.10793922044099999,0.4309210526315789,0.963898777961731,0.0,15.442371368408203
cosserat_sweep_leak_mag_only_nobc,777,val,cs_182_R08p6_L137p8_a02p8_k0p001,8.598629938826313,137.79496076059377,2.7830575511755864,0.0014826998156791183,0.06240162841488559,0.012749187025390723,0.0,-0.8018061518669128,1.0,143.30291748046875
cosserat_sweep_leak_mag_only_nobc,777,val,cs_191_R11p6_L122p1_a04p5_k0p001,11.556692137858366,122.07713103471991,4.539556893118883,0.000992905899107872,0.09466713412990949,0.011474707797853135,0.2495870801982015,0.9727579951286316,0.0,13.404420852661133
cosserat_sweep_leak_mag_only_nobc,777,val,cs_192_R09p6_L112p9_a08p3_k0p013,9.62626406234593,112.86084808263581,8.328318774743273,0.012966750816968898,0.08529321040807399,0.12482136739478242,0.0031067961165048546,0.5382912158966064,0.03650485436893204,57.4326057434082
cosserat_sweep_leak_mag_only_nobc,777,val,cs_198_R10p6_L134p7_a03p0_k0p024,10.600010918578532,134.70627910668327,3.0387794839948383,0.023869624648933822,0.07868980561911035,0.25301828190106973,0.0,-0.9648549556732178,1.0,164.76473999023438
cosserat_sweep_leak_mag_only_nobc,777,val,cs_208_R15p1_L211p3_a09p7_k0p011,15.118689716695576,211.32200135358565,9.722945689626343,0.010666787766914671,0.07154337749905589,0.16126785452182701,0.0,-0.9508959054946899,1.0,161.97023010253906
cosserat_sweep_leak_mag_only_nobc,777,val,cs_242_R11p1_L144p0_a05p5_k0p028,11.059500088639602,144.02331857351896,5.4797552543880785,0.027517248613048124,0.07678964905251859,0.3043270134751237,0.042693576557345236,0.6498366594314575,0.19250921793130216,49.47071075439453
cosserat_sweep_leak_mag_only_nobc,777,val,cs_261_R12p9_L253p3_a07p9_k0p018,12.906835133732944,253.2871487259385,7.877427617712564,0.0175134431064908,0.050957323333045944,0.22604312279948843,0.0,0.022651303559541702,0.470193740685544,88.70206451416016
cosserat_sweep_leak_mag_only_nobc,777,val,cs_282_R10p0_L204p3_a04p6_k0p006,10.018613235043922,204.29971991412128,4.610087289346258,0.005659941338303978,0.04903880063690401,0.05670476320150444,0.0,-0.8041548728942871,0.9827886288918971,143.52871704101562
cosserat_sweep_leak_mag_only_nobc,777,val,cs_289_R10p0_L261p4_a06p9_k0p031,10.013484458500468,261.37708247023414,6.937621506430334,0.031176595146921768,0.038310491355495226,0.31218635097266223,0.0005753739930955121,0.3884180188179016,0.2821250479478328,67.14389038085938
cosserat_sweep_leak_mag_only_nobc,777,val,cs_295_R15p8_L158p7_a04p0_k0p015,15.815991131355483,158.68764716391132,3.9849693050340145,0.014939235824352927,0.09966743734639195,0.23627882130719402,0.1722124927028605,0.934744119644165,0.0,20.813154220581055
cosserat_sweep_noleak_nobc,1337,test,cs_008_R10p3_L219p9_a10p1_k0p005,10.332632062001387,219.86319845391617,10.142430618716505,0.0053904580648451985,0.046995732503942136,0.05569761982969345,0.003497862417411582,0.6699749231338501,0.020015546055188495,47.93486785888672
cosserat_sweep_noleak_nobc,1337,test,cs_011_R14p0_L181p9_a03p0_k0p014,14.044006058026058,181.87220676453305,3.0168575708216334,0.014121937351325617,0.077219088654973,0.1983285737130814,0.030885780885780884,0.778194785118103,0.0,38.9044075012207
cosserat_sweep_noleak_nobc,1337,test,cs_036_R17p3_L276p1_a08p0_k0p003,17.31499466778154,276.12701618004564,8.021361701813102,0.0029834969688785585,0.06270663011290241,0.05165923410747463,0.0,0.8974223732948303,0.0,26.178707122802734
cosserat_sweep_noleak_nobc,1337,test,cs_041_R16p4_L126p5_a08p0_k0p021,16.380952953924872,126.50298452981617,7.9710182832138035,0.02124330119733147,0.1294906441520671,0.34798551749954276,0.0,-0.8290420174598694,1.0,146.0004425048828
cosserat_sweep_noleak_nobc,1337,test,cs_042_R09p1_L132p8_a10p7_k0p011,9.07428353129959,132.76355859514942,10.712075744884107,0.010660025037295294,0.06834920385774537,0.09673208963916997,0.00019391118867558658,-0.949135959148407,0.8450649602482063,161.64723205566406
cosserat_sweep_noleak_nobc,1337,test,cs_043_R12p3_L259p6_a06p1_k0p020,12.297612930140655,259.5885815717731,6.138198863286343,0.01974936588961313,0.04737347403988381,0.24287005732618525,0.0,0.5529431700706482,0.2868395773294909,56.43083572387695
cosserat_sweep_noleak_nobc,1337,test,cs_069_R13p1_L102p9_a09p7_k0p009,13.148822734681907,102.86134202123537,9.659537039244858,0.008785096495739686,0.12783055787826858,0.11551367652955634,0.0,0.8842402100563049,0.0,27.84183120727539
cosserat_sweep_noleak_nobc,1337,test,cs_073_R17p1_L219p1_a08p8_k0p003,17.052436405248233,219.11549442691114,8.814141439119714,0.0029927805368692127,0.07782396425158468,0.05103419977982692,0.0,0.7719130516052246,0.0,39.47400665283203
cosserat_sweep_noleak_nobc,1337,test,cs_077_R09p2_L151p4_a10p0_k0p005,9.20785348784141,151.41657260303316,9.988312383907285,0.005444190983975563,0.06081139818150236,0.050129312940274146,0.056049990532096194,0.6259371638298035,0.021018746449536073,51.248992919921875
cosserat_sweep_noleak_nobc,1337,test,cs_101_R17p1_L296p7_a11p6_k0p014,17.06116325157632,296.7454777876344,11.553969292706446,0.014261996667051307,0.05749426538451287,0.2433262534299997,0.0,-0.18737126886844635,0.5929961089494163,100.79940795898438
cosserat_sweep_noleak_nobc,1337,test,cs_103_R15p3_L286p2_a07p5_k0p006,15.26161829168939,286.18579683017697,7.52249632089859,0.006024006987283315,0.05332765797858813,0.09193609522638774,0.0,0.7665786743164062,0.0,39.95235061645508
cosserat_sweep_noleak_nobc,1337,test,cs_108_R15p3_L157p3_a02p2_k0p017,15.293754870832325,157.25614939483324,2.219900141123518,0.01652590291086547,0.09725377945274051,0.25274310813795087,0.3954791344667697,0.9676764607429504,0.0,14.607433319091797
cosserat_sweep_noleak_nobc,1337,test,cs_127_R09p9_L248p0_a10p7_k0p027,9.92130915509264,248.0385827557328,10.675877396634963,0.026674469300049557,0.03999905597292941,0.26464565647381927,0.0,-0.6866496205329895,0.7160659509202454,133.36549377441406
cosserat_sweep_noleak_nobc,1337,test,cs_141_R11p5_L262p4_a02p2_k0p000,11.458340278600033,262.4340458867466,2.23603363554198,0.00012757021987368057,0.04366179029814172,0.0014617429887284563,0.0,0.27767395973205566,0.3027328714395689,73.87857055664062
cosserat_sweep_noleak_nobc,1337,test,cs_145_R10p7_L132p0_a11p4_k0p027,10.68541526716421,132.04906413974186,11.393989353830287,0.02683932389225749,0.08092003784181533,0.28678932127869333,0.07349795839004472,0.5019456744194031,0.22341046082053276,59.87118148803711
cosserat_sweep_noleak_nobc,1337,test,cs_150_R11p5_L181p7_a04p6_k0p020,11.518299636477002,181.71355082438,4.598057815988547,0.019514730234116283,0.0633871254192212,0.22477651016156833,0.001557026080186843,0.299193799495697,0.3404048267808486,72.59081268310547
cosserat_sweep_noleak_nobc,1337,test,cs_167_R08p2_L205p2_a11p9_k0p029,8.167573366253167,205.18563210404523,11.938348744333847,0.028818352151288754,0.03980577627439121,0.23537600549017068,0.039860003888780866,-0.05033012852072716,0.5181800505541513,92.88491821289062
cosserat_sweep_noleak_nobc,1337,test,cs_203_R08p2_L122p5_a11p7_k0p007,8.217382794358745,122.54736312710918,11.737120847034058,0.006959456601839249,0.0670547499731632,0.057188518938040216,0.08498426217367154,0.6928411722183228,0.0,46.144561767578125
cosserat_sweep_noleak_nobc,1337,test,cs_204_R12p4_L232p8_a05p2_k0p008,12.432576699850076,232.80822831481788,5.207207074882933,0.008287663442116892,0.05340265157225443,0.10303701140666176,0.03242201191728006,0.5673985481262207,0.07150368033648791,55.43098068237305
cosserat_sweep_noleak_nobc,1337,test,cs_206_R09p6_L215p3_a11p8_k0p017,9.638041884761433,215.2839528442758,11.817075619528502,0.017454471858595003,0.04476897491627277,0.16822693084952836,0.0,-0.762731671333313,0.9299030574198359,139.70559692382812
cosserat_sweep_noleak_nobc,1337,test,cs_207_R14p8_L249p3_a02p6_k0p016,14.829240881322207,249.25664949252578,2.6215250192799315,0.01590100405059888,0.059493862697399674,0.23579981932121089,0.0,0.451873779296875,0.11535493827160494,63.13603210449219
cosserat_sweep_noleak_nobc,1337,test,cs_209_R10p1_L101p7_a07p4_k0p010,10.120819917927488,101.7083360980719,7.440285153684869,0.00990678838805335,0.0995082635917721,0.1002648212405031,0.06199304750869061,0.9446179866790771,0.0,19.157852172851562
cosserat_sweep_noleak_nobc,1337,test,cs_212_R12p3_L211p8_a06p3_k0p019,12.338677853831664,211.80580528278526,6.342760122167442,0.018696010110296455,0.05825467265808934,0.23068404590292776,0.11180003875217981,0.8300194144248962,0.0025188916876574307,33.89926528930664
cosserat_sweep_noleak_nobc,1337,test,cs_221_R10p5_L204p7_a03p8_k0p014,10.490382252632225,204.67218480322697,3.8459641754550846,0.0138257058482252,0.05125455744129443,0.14503693926033523,0.0019447685725398677,0.919426441192627,0.0,23.15762710571289
cosserat_sweep_noleak_nobc,1337,test,cs_227_R14p4_L277p1_a05p3_k0p014,14.418427658248241,277.1340038172114,5.301363838105172,0.01396688597456547,0.052026916436274516,0.20138053503527423,0.0,-0.6395739912986755,0.8003857280617165,129.76007080078125
cosserat_sweep_noleak_nobc,1337,test,cs_231_R13p0_L240p3_a05p5_k0p019,12.97148968239227,240.34910386029168,5.529877524013183,0.019003727820144537,0.053969369862648796,0.2465066593459958,0.0,0.6709709763526917,0.1416490486257928,47.857948303222656
cosserat_sweep_noleak_nobc,1337,test,cs_232_R15p7_L186p4_a07p6_k0p012,15.654714235548212,186.38536863997828,7.595966650351917,0.01240612882235181,0.08399111126467677,0.19421440148331587,0.0,-0.9331920742988586,1.0,158.93798828125
cosserat_sweep_noleak_nobc,1337,test,cs_234_R09p0_L188p8_a06p9_k0p030,9.039784318877945,188.7543935856657,6.857262450562726,0.029651210053235406,0.0478917822634696,0.2680405436749935,0.0,-0.2477959543466568,0.609479946267511,104.34712219238281
cosserat_sweep_noleak_nobc,1337,test,cs_237_R11p3_L274p9_a11p9_k0p019,11.34108282364878,274.8799492157583,11.889809393813541,0.01891886211767744,0.04125831242331523,0.21456038220577117,0.0,-0.09511229395866394,0.5365901128843908,95.45777893066406
cosserat_sweep_noleak_nobc,1337,test,cs_243_R10p7_L196p9_a03p5_k0p020,10.685120152308635,196.91921575267133,3.4852042530363283,0.020074742814701573,0.054261439704945014,0.21450103900178072,0.0,-0.14757105708122253,0.5867249904906808,98.48619079589844
cosserat_sweep_noleak_nobc,1337,test,cs_244_R11p7_L295p1_a04p8_k0p019,11.695820140082057,295.08370829461035,4.7886023453704265,0.01872456140796538,0.039635601055972226,0.21899910242948478,0.0,-0.309337854385376,0.6159518726955172,108.01932525634766
cosserat_sweep_noleak_nobc,1337,test,cs_249_R13p4_L183p9_a06p3_k0p012,13.379656937996563,183.94270592169076,6.253312234722841,0.011863671098384052,0.07273817611279805,0.15873184932160347,0.0,-0.9172341227531433,1.0,156.5250244140625
cosserat_sweep_noleak_nobc,1337,test,cs_255_R10p5_L206p1_a06p2_k0p025,10.526340555463111,206.14315889437802,6.240269051325278,0.02524660378219265,0.05106325435158639,0.26575434928020286,0.0,0.2725273072719574,0.3760338526639738,74.18528747558594
cosserat_sweep_noleak_nobc,1337,test,cs_267_R15p8_L136p0_a09p0_k0p011,15.841647847201518,136.00586823878572,9.002830388550995,0.010930430195646728,0.11647767888506334,0.17315602597785346,0.03904428904428905,0.920243501663208,0.0,23.038288116455078
cosserat_sweep_noleak_nobc,1337,test,cs_291_R12p7_L154p6_a11p6_k0p026,12.732700950050912,154.56718024184406,11.635933302839938,0.026381135330233136,0.08237648464653784,0.33590310688268116,0.0,-0.7524926066398621,0.8440665010510223,138.8067626953125
cosserat_sweep_noleak_nobc,1337,test,cs_292_R14p4_L187p7_a06p1_k0p018,14.387564331140076,187.69446004590728,6.091070410185052,0.01817182441893697,0.07665417683410097,0.2614482928416378,0.0,0.5162007212638855,0.23570190641247835,58.92224884033203
cosserat_sweep_noleak_nobc,1337,val,cs_000_R09p8_L228p0_a06p7_k0p015,9.789348136754361,227.9826331430309,6.672684011434852,0.014820021084321922,0.04293900812441602,0.14507834578846715,0.0,0.4606701731681824,0.0916365021908935,62.569637298583984
cosserat_sweep_noleak_nobc,1337,val,cs_010_R11p6_L163p7_a05p1_k0p005,11.550610145885386,163.73579328774903,5.1366674156380805,0.004713985780975811,0.07054419753893616,0.05444941198929865,0.19209142027933973,0.9598295092582703,0.0,16.295055389404297
cosserat_sweep_noleak_nobc,1337,val,cs_044_R15p5_L133p3_a07p4_k0p004,15.535177069130189,133.3034756178414,7.401208121935621,0.004461336701963621,0.11653992513793807,0.06930765563001415,0.0,-0.9459357857704163,1.0,161.0735626220703
cosserat_sweep_noleak_nobc,1337,val,cs_056_R13p8_L203p6_a05p8_k0p003,13.778802937632774,203.5513047123528,5.821946206602572,0.0031107731319378563,0.06769203939569043,0.04286272996865444,0.38460042776589537,0.971329927444458,0.00019443904335990667,13.752925872802734
cosserat_sweep_noleak_nobc,1337,val,cs_064_R10p8_L101p0_a03p4_k0p031,10.796119193782612,101.01214607231668,3.4248162866480163,0.03110729395226966,0.1068794161253979,0.3358380533047362,0.0,-0.9388713836669922,1.0,159.8628692626953
cosserat_sweep_noleak_nobc,1337,val,cs_074_R17p1_L141p4_a09p2_k0p020,17.100988944392856,141.41770281837591,9.179064872954681,0.019773118911264792,0.12092537641030571,0.3381398878977045,0.0,-0.6233633160591125,0.9760848601735777,128.56216430664062
cosserat_sweep_noleak_nobc,1337,val,cs_086_R10p0_L275p8_a10p8_k0p020,10.04139294969339,275.84623706717616,10.791822930263493,0.019800424415586795,0.03640213858435936,0.19882384212761012,0.0,-0.404138445854187,0.6737698566447113,113.83714294433594
cosserat_sweep_noleak_nobc,1337,val,cs_090_R13p9_L105p0_a06p5_k0p012,13.88716063125649,104.97689554401948,6.534815367450279,0.012241659663291484,0.1322877816046032,0.17000189413730207,0.0,0.18755848705768585,0.31864537233019047,79.18966674804688
cosserat_sweep_noleak_nobc,1337,val,cs_105_R12p5_L237p2_a07p2_k0p018,12.487717707176497,237.1990006516807,7.196482412958837,0.0181509031980451,0.05264658650697403,0.2266633552674743,0.0,-0.08827298879623413,0.7034442498540572,95.06426239013672
cosserat_sweep_noleak_nobc,1337,val,cs_117_R12p5_L100p7_a10p5_k0p010,12.515629257465857,100.65926548640257,10.488117451574483,0.01024315845605953,0.12433658438682445,0.12819957366151744,0.0,-0.75690758228302,1.0,139.1923370361328
cosserat_sweep_noleak_nobc,1337,val,cs_120_R10p1_L144p9_a04p9_k0p014,10.084726977879201,144.87440743102388,4.9044366749501185,0.014046124818042287,0.06961013443786224,0.14165133388716963,0.0,-0.7801123857498169,1.0,141.2708740234375
cosserat_sweep_noleak_nobc,1337,val,cs_154_R09p8_L277p9_a04p5_k0p001,9.786235109693399,277.90254292644227,4.470856904033879,0.0010586313566167327,0.03521462958431333,0.010360015350345022,0.037514428626394765,0.9763184785842896,0.0,12.494056701660156
cosserat_sweep_noleak_nobc,1337,val,cs_163_R16p2_L152p7_a09p6_k0p006,16.198749765649147,152.71987348386645,9.616329901244171,0.006459260849737745,0.1060683812533436,0.10463195017595601,0.00019462826002335538,0.6387186050415039,0.020435967302452316,50.30365753173828
cosserat_sweep_noleak_nobc,1337,val,cs_181_R08p3_L115p6_a11p2_k0p013,8.251120705485146,115.56542371606969,11.165520861428346,0.013081764804294354,0.07139783198266253,0.10793922044099999,0.33088235294117646,0.9720284938812256,0.0,13.583550453186035
cosserat_sweep_noleak_nobc,1337,val,cs_182_R08p6_L137p8_a02p8_k0p001,8.598629938826313,137.79496076059377,2.7830575511755864,0.0014826998156791183,0.06240162841488559,0.012749187025390723,0.0,-0.7483034133911133,1.0,138.44361877441406
cosserat_sweep_noleak_nobc,1337,val,cs_191_R11p6_L122p1_a04p5_k0p001,11.556692137858366,122.07713103471991,4.539556893118883,0.000992905899107872,0.09466713412990949,0.011474707797853135,0.0,0.9316905736923218,0.0,21.30010223388672
cosserat_sweep_noleak_nobc,1337,val,cs_192_R09p6_L112p9_a08p3_k0p013,9.62626406234593,112.86084808263581,8.328318774743273,0.012966750816968898,0.08529321040807399,0.12482136739478242,0.0,-0.5403760671615601,0.9231067961165048,122.70924377441406
cosserat_sweep_noleak_nobc,1337,val,cs_198_R10p6_L134p7_a03p0_k0p024,10.600010918578532,134.70627910668327,3.0387794839948383,0.023869624648933822,0.07868980561911035,0.25301828190106973,0.0,-0.9685845375061035,1.0,165.60031127929688
cosserat_sweep_noleak_nobc,1337,val,cs_208_R15p1_L211p3_a09p7_k0p011,15.118689716695576,211.32200135358565,9.722945689626343,0.010666787766914671,0.07154337749905589,0.16126785452182701,0.0,-0.9436727166175842,1.0,160.6777801513672
cosserat_sweep_noleak_nobc,1337,val,cs_242_R11p1_L144p0_a05p5_k0p028,11.059500088639602,144.02331857351896,5.4797552543880785,0.027517248613048124,0.07678964905251859,0.3043270134751237,0.014360566660197943,0.8456986546516418,0.017465554046186688,32.25312805175781
cosserat_sweep_noleak_nobc,1337,val,cs_261_R12p9_L253p3_a07p9_k0p018,12.906835133732944,253.2871487259385,7.877427617712564,0.0175134431064908,0.050957323333045944,0.22604312279948843,0.0,0.1994497925043106,0.35078241430700446,78.49520874023438
cosserat_sweep_noleak_nobc,1337,val,cs_282_R10p0_L204p3_a04p6_k0p006,10.018613235043922,204.29971991412128,4.610087289346258,0.005659941338303978,0.04903880063690401,0.05670476320150444,0.0,-0.7623988389968872,1.0,139.67613220214844
cosserat_sweep_noleak_nobc,1337,val,cs_289_R10p0_L261p4_a06p9_k0p031,10.013484458500468,261.37708247023414,6.937621506430334,0.031176595146921768,0.038310491355495226,0.31218635097266223,0.0019179133103183737,0.14847832918167114,0.4441887226697353,81.46124267578125
cosserat_sweep_noleak_nobc,1337,val,cs_295_R15p8_L158p7_a04p0_k0p015,15.815991131355483,158.68764716391132,3.9849693050340145,0.014939235824352927,0.09966743734639195,0.23627882130719402,0.14905623662191086,0.9132514595985413,0.0,24.041379928588867
cosserat_sweep_noleak_nobc,2026,test,cs_008_R10p3_L219p9_a10p1_k0p005,10.332632062001387,219.86319845391617,10.142430618716505,0.0053904580648451985,0.046995732503942136,0.05569761982969345,0.0,0.7396669387817383,0.018655266226195105,42.29694366455078
cosserat_sweep_noleak_nobc,2026,test,cs_011_R14p0_L181p9_a03p0_k0p014,14.044006058026058,181.87220676453305,3.0168575708216334,0.014121937351325617,0.077219088654973,0.1983285737130814,0.04875679875679876,0.7548137903213501,0.002136752136752137,40.99089431762695
cosserat_sweep_noleak_nobc,2026,test,cs_036_R17p3_L276p1_a08p0_k0p003,17.31499466778154,276.12701618004564,8.021361701813102,0.0029834969688785585,0.06270663011290241,0.05165923410747463,0.007152522714092403,0.9455512762069702,0.0,18.994243621826172
cosserat_sweep_noleak_nobc,2026,test,cs_041_R16p4_L126p5_a08p0_k0p021,16.380952953924872,126.50298452981617,7.9710182832138035,0.02124330119733147,0.1294906441520671,0.34798551749954276,0.0,-0.8800672292709351,1.0,151.65048217773438
cosserat_sweep_noleak_nobc,2026,test,cs_042_R09p1_L132p8_a10p7_k0p011,9.07428353129959,132.76355859514942,10.712075744884107,0.010660025037295294,0.06834920385774537,0.09673208963916997,0.0,-0.5041407346725464,0.9736280783401202,120.27432250976562
cosserat_sweep_noleak_nobc,2026,test,cs_043_R12p3_L259p6_a06p1_k0p020,12.297612930140655,259.5885815717731,6.138198863286343,0.01974936588961313,0.04737347403988381,0.24287005732618525,0.0,0.49449408054351807,0.29510086455331414,60.36360168457031
cosserat_sweep_noleak_nobc,2026,test,cs_069_R13p1_L102p9_a09p7_k0p009,13.148822734681907,102.86134202123537,9.659537039244858,0.008785096495739686,0.12783055787826858,0.11551367652955634,0.48297334111694884,0.9843006730079651,0.0,10.165949821472168
cosserat_sweep_noleak_nobc,2026,test,cs_073_R17p1_L219p1_a08p8_k0p003,17.052436405248233,219.11549442691114,8.814141439119714,0.0029927805368692127,0.07782396425158468,0.05103419977982692,0.0,0.8577624559402466,0.0,30.933727264404297
cosserat_sweep_noleak_nobc,2026,test,cs_077_R09p2_L151p4_a10p0_k0p005,9.20785348784141,151.41657260303316,9.988312383907285,0.005444190983975563,0.06081139818150236,0.050129312940274146,0.1776178754023859,0.908307671546936,0.0,24.72747802734375
cosserat_sweep_noleak_nobc,2026,test,cs_101_R17p1_L296p7_a11p6_k0p014,17.06116325157632,296.7454777876344,11.553969292706446,0.014261996667051307,0.05749426538451287,0.2433262534299997,0.0,0.11198656260967255,0.45505836575875486,83.57015228271484
cosserat_sweep_noleak_nobc,2026,test,cs_103_R15p3_L286p2_a07p5_k0p006,15.26161829168939,286.18579683017697,7.52249632089859,0.006024006987283315,0.05332765797858813,0.09193609522638774,0.13104611923509563,0.8172407746315002,0.0,35.190467834472656
cosserat_sweep_noleak_nobc,2026,test,cs_108_R15p3_L157p3_a02p2_k0p017,15.293754870832325,157.25614939483324,2.219900141123518,0.01652590291086547,0.09725377945274051,0.25274310813795087,0.0,0.6342489719390869,0.20962132921174653,50.63569259643555
cosserat_sweep_noleak_nobc,2026,test,cs_127_R09p9_L248p0_a10p7_k0p027,9.92130915509264,248.0385827557328,10.675877396634963,0.026674469300049557,0.03999905597292941,0.26464565647381927,0.004792944785276074,-0.2682667076587677,0.6180981595092024,105.56114959716797
cosserat_sweep_noleak_nobc,2026,test,cs_141_R11p5_L262p4_a02p2_k0p000,11.458340278600033,262.4340458867466,2.23603363554198,0.00012757021987368057,0.04366179029814172,0.0014617429887284563,0.0,-0.004877898842096329,0.5612009237875288,90.27947998046875
cosserat_sweep_noleak_nobc,2026,test,cs_145_R10p7_L132p0_a11p4_k0p027,10.68541526716421,132.04906413974186,11.393989353830287,0.02683932389225749,0.08092003784181533,0.28678932127869333,0.005055415127357573,0.5415922999382019,0.1810227493680731,57.2078971862793
cosserat_sweep_noleak_nobc,2026,test,cs_150_R11p5_L181p7_a04p6_k0p020,11.518299636477002,181.71355082438,4.598057815988547,0.019514730234116283,0.0633871254192212,0.22477651016156833,0.004476449980537174,-0.1519823968410492,0.561891786687427,98.7418212890625
cosserat_sweep_noleak_nobc,2026,test,cs_167_R08p2_L205p2_a11p9_k0p029,8.167573366253167,205.18563210404523,11.938348744333847,0.028818352151288754,0.03980577627439121,0.23537600549017068,0.0,0.30020877718925476,0.41240521096636207,72.52985382080078
cosserat_sweep_noleak_nobc,2026,test,cs_203_R08p2_L122p5_a11p7_k0p007,8.217382794358745,122.54736312710918,11.737120847034058,0.006959456601839249,0.0670547499731632,0.057188518938040216,0.003147565265691539,0.32139334082603455,0.15830401777448622,71.25279235839844
cosserat_sweep_noleak_nobc,2026,test,cs_204_R12p4_L232p8_a05p2_k0p008,12.432576699850076,232.80822831481788,5.207207074882933,0.008287663442116892,0.05340265157225443,0.10303701140666176,0.0,0.6679195165634155,0.0,48.093299865722656
cosserat_sweep_noleak_nobc,2026,test,cs_206_R09p6_L215p3_a11p8_k0p017,9.638041884761433,215.2839528442758,11.817075619528502,0.017454471858595003,0.04476897491627277,0.16822693084952836,0.0,-0.5329036712646484,0.796420581655481,122.20185089111328
cosserat_sweep_noleak_nobc,2026,test,cs_207_R14p8_L249p3_a02p6_k0p016,14.829240881322207,249.25664949252578,2.6215250192799315,0.01590100405059888,0.059493862697399674,0.23579981932121089,0.0,0.14283278584480286,0.46064814814814814,81.78820037841797
cosserat_sweep_noleak_nobc,2026,test,cs_209_R10p1_L101p7_a07p4_k0p010,10.120819917927488,101.7083360980719,7.440285153684869,0.00990678838805335,0.0995082635917721,0.1002648212405031,0.0,0.8625385761260986,0.0,30.397178649902344
cosserat_sweep_noleak_nobc,2026,test,cs_212_R12p3_L211p8_a06p3_k0p019,12.338677853831664,211.80580528278526,6.342760122167442,0.018696010110296455,0.05825467265808934,0.23068404590292776,0.0,0.6468815207481384,0.08602983917845379,49.6931037902832
cosserat_sweep_noleak_nobc,2026,test,cs_221_R10p5_L204p7_a03p8_k0p014,10.490382252632225,204.67218480322697,3.8459641754550846,0.0138257058482252,0.05125455744129443,0.14503693926033523,0.018864255153636718,0.835328221321106,0.0,33.34996032714844
cosserat_sweep_noleak_nobc,2026,test,cs_227_R14p4_L277p1_a05p3_k0p014,14.418427658248241,277.1340038172114,5.301363838105172,0.01396688597456547,0.052026916436274516,0.20138053503527423,0.0,-0.5629549622535706,0.9741562198649952,124.2603988647461
cosserat_sweep_noleak_nobc,2026,test,cs_231_R13p0_L240p3_a05p5_k0p019,12.97148968239227,240.34910386029168,5.529877524013183,0.019003727820144537,0.053969369862648796,0.2465066593459958,0.0,0.5015074610710144,0.2929079377282337,59.90021514892578
cosserat_sweep_noleak_nobc,2026,test,cs_232_R15p7_L186p4_a07p6_k0p012,15.654714235548212,186.38536863997828,7.595966650351917,0.01240612882235181,0.08399111126467677,0.19421440148331587,0.0,-0.9492329359054565,1.0,161.66488647460938
cosserat_sweep_noleak_nobc,2026,test,cs_234_R09p0_L188p8_a06p9_k0p030,9.039784318877945,188.7543935856657,6.857262450562726,0.029651210053235406,0.0478917822634696,0.2680405436749935,0.0,-0.44314855337142944,0.6777969679524084,116.30494689941406
cosserat_sweep_noleak_nobc,2026,test,cs_237_R11p3_L274p9_a11p9_k0p019,11.34108282364878,274.8799492157583,11.889809393813541,0.01891886211767744,0.04125831242331523,0.21456038220577117,0.0,-0.1763375997543335,0.5718178279486181,100.15650939941406
cosserat_sweep_noleak_nobc,2026,test,cs_243_R10p7_L196p9_a03p5_k0p020,10.685120152308635,196.91921575267133,3.4852042530363283,0.020074742814701573,0.054261439704945014,0.21450103900178072,0.02073031570939521,-0.12397715449333191,0.5635222518067706,97.12168884277344
cosserat_sweep_noleak_nobc,2026,test,cs_244_R11p7_L295p1_a04p8_k0p019,11.695820140082057,295.08370829461035,4.7886023453704265,0.01872456140796538,0.039635601055972226,0.21899910242948478,0.0,-0.22693368792533875,0.7083252474286823,103.11660766601562
cosserat_sweep_noleak_nobc,2026,test,cs_249_R13p4_L183p9_a06p3_k0p012,13.379656937996563,183.94270592169076,6.253312234722841,0.011863671098384052,0.07273817611279805,0.15873184932160347,0.0,-0.8717570900917053,1.0,150.66346740722656
cosserat_sweep_noleak_nobc,2026,test,cs_255_R10p5_L206p1_a06p2_k0p025,10.526340555463111,206.14315889437802,6.240269051325278,0.02524660378219265,0.05106325435158639,0.26575434928020286,0.0,0.1615058183670044,0.3627620696287748,80.7056884765625
cosserat_sweep_noleak_nobc,2026,test,cs_267_R15p8_L136p0_a09p0_k0p011,15.841647847201518,136.00586823878572,9.002830388550995,0.010930430195646728,0.11647767888506334,0.17315602597785346,0.24883449883449885,0.9688733816146851,0.0,14.332988739013672
cosserat_sweep_noleak_nobc,2026,test,cs_291_R12p7_L154p6_a11p6_k0p026,12.732700950050912,154.56718024184406,11.635933302839938,0.026381135330233136,0.08237648464653784,0.33590310688268116,0.0,-0.500787079334259,0.750621058666157,120.05208587646484
cosserat_sweep_noleak_nobc,2026,test,cs_292_R14p4_L187p7_a06p1_k0p018,14.387564331140076,187.69446004590728,6.091070410185052,0.01817182441893697,0.07665417683410097,0.2614482928416378,0.006932409012131715,-0.23763462901115417,0.5686501059118043,103.74697875976562
cosserat_sweep_noleak_nobc,2026,val,cs_000_R09p8_L228p0_a06p7_k0p015,9.789348136754361,227.9826331430309,6.672684011434852,0.014820021084321922,0.04293900812441602,0.14507834578846715,0.0,0.6097219586372375,0.24099828538769288,52.43059539794922
cosserat_sweep_noleak_nobc,2026,val,cs_010_R11p6_L163p7_a05p1_k0p005,11.550610145885386,163.73579328774903,5.1366674156380805,0.004713985780975811,0.07054419753893616,0.05444941198929865,0.7418828224197351,0.9916159510612488,0.0,7.424520015716553
cosserat_sweep_noleak_nobc,2026,val,cs_044_R15p5_L133p3_a07p4_k0p004,15.535177069130189,133.3034756178414,7.401208121935621,0.004461336701963621,0.11653992513793807,0.06930765563001415,0.0,-0.8594839572906494,0.9996127783155857,149.25869750976562
cosserat_sweep_noleak_nobc,2026,val,cs_056_R13p8_L203p6_a05p8_k0p003,13.778802937632774,203.5513047123528,5.821946206602572,0.0031107731319378563,0.06769203939569043,0.04286272996865444,0.6165662064942641,0.9934114217758179,0.0,6.58070182800293
cosserat_sweep_noleak_nobc,2026,val,cs_064_R10p8_L101p0_a03p4_k0p031,10.796119193782612,101.01214607231668,3.4248162866480163,0.03110729395226966,0.1068794161253979,0.3358380533047362,0.0,-0.8212844133377075,1.0,145.21356201171875
cosserat_sweep_noleak_nobc,2026,val,cs_074_R17p1_L141p4_a09p2_k0p020,17.100988944392856,141.41770281837591,9.179064872954681,0.019773118911264792,0.12092537641030571,0.3381398878977045,0.0019286403085824494,-0.19857025146484375,0.5849566055930568,101.45336151123047
cosserat_sweep_noleak_nobc,2026,val,cs_086_R10p0_L275p8_a10p8_k0p020,10.04139294969339,275.84623706717616,10.791822930263493,0.019800424415586795,0.03640213858435936,0.19882384212761012,0.0,-0.6168844103813171,0.6894614490507556,128.08897399902344
cosserat_sweep_noleak_nobc,2026,val,cs_090_R13p9_L105p0_a06p5_k0p012,13.88716063125649,104.97689554401948,6.534815367450279,0.012241659663291484,0.1322877816046032,0.17000189413730207,0.008274004233211469,0.25724858045578003,0.2961323840677314,75.09313201904297
cosserat_sweep_noleak_nobc,2026,val,cs_105_R12p5_L237p2_a07p2_k0p018,12.487717707176497,237.1990006516807,7.196482412958837,0.0181509031980451,0.05264658650697403,0.2266633552674743,0.0,0.2750530242919922,0.3475384316014789,74.03482055664062
cosserat_sweep_noleak_nobc,2026,val,cs_117_R12p5_L100p7_a10p5_k0p010,12.515629257465857,100.65926548640257,10.488117451574483,0.01024315845605953,0.12433658438682445,0.12819957366151744,0.0,-0.8629243969917297,1.0,149.64654541015625
cosserat_sweep_noleak_nobc,2026,val,cs_120_R10p1_L144p9_a04p9_k0p014,10.084726977879201,144.87440743102388,4.9044366749501185,0.014046124818042287,0.06961013443786224,0.14165133388716963,0.0,-0.8192254900932312,0.980533385244306,145.00733947753906
cosserat_sweep_noleak_nobc,2026,val,cs_154_R09p8_L277p9_a04p5_k0p001,9.786235109693399,277.90254292644227,4.470856904033879,0.0010586313566167327,0.03521462958431333,0.010360015350345022,0.38476337052712584,0.9837225079536438,0.0,10.351951599121094
cosserat_sweep_noleak_nobc,2026,val,cs_163_R16p2_L152p7_a09p6_k0p006,16.198749765649147,152.71987348386645,9.616329901244171,0.006459260849737745,0.1060683812533436,0.10463195017595601,0.0,0.1439354568719864,0.2849357726741923,81.72434997558594
cosserat_sweep_noleak_nobc,2026,val,cs_181_R08p3_L115p6_a11p2_k0p013,8.251120705485146,115.56542371606969,11.165520861428346,0.013081764804294354,0.07139783198266253,0.10793922044099999,0.17937306501547987,0.9537670612335205,0.0,17.490447998046875
cosserat_sweep_noleak_nobc,2026,val,cs_182_R08p6_L137p8_a02p8_k0p001,8.598629938826313,137.79496076059377,2.7830575511755864,0.0014826998156791183,0.06240162841488559,0.012749187025390723,0.0,-0.44335973262786865,1.0,116.31844329833984
cosserat_sweep_noleak_nobc,2026,val,cs_191_R11p6_L122p1_a04p5_k0p001,11.556692137858366,122.07713103471991,4.539556893118883,0.000992905899107872,0.09466713412990949,0.011474707797853135,0.0,0.7132892608642578,0.0,44.496822357177734
cosserat_sweep_noleak_nobc,2026,val,cs_192_R09p6_L112p9_a08p3_k0p013,9.62626406234593,112.86084808263581,8.328318774743273,0.012966750816968898,0.08529321040807399,0.12482136739478242,0.0,-0.5450797080993652,0.9918446601941747,123.03010559082031
cosserat_sweep_noleak_nobc,2026,val,cs_198_R10p6_L134p7_a03p0_k0p024,10.600010918578532,134.70627910668327,3.0387794839948383,0.023869624648933822,0.07868980561911035,0.25301828190106973,0.0,-0.9408173561096191,1.0,160.18927001953125
cosserat_sweep_noleak_nobc,2026,val,cs_208_R15p1_L211p3_a09p7_k0p011,15.118689716695576,211.32200135358565,9.722945689626343,0.010666787766914671,0.07154337749905589,0.16126785452182701,0.0,-0.9238314628601074,1.0,157.4927978515625
cosserat_sweep_noleak_nobc,2026,val,cs_242_R11p1_L144p0_a05p5_k0p028,11.059500088639602,144.02331857351896,5.4797552543880785,0.027517248613048124,0.07678964905251859,0.3043270134751237,0.0,0.4609830379486084,0.35358043857946825,62.549442291259766
cosserat_sweep_noleak_nobc,2026,val,cs_261_R12p9_L253p3_a07p9_k0p018,12.906835133732944,253.2871487259385,7.877427617712564,0.0175134431064908,0.050957323333045944,0.22604312279948843,0.0,-0.20203852653503418,0.7228017883755589,101.65618896484375
cosserat_sweep_noleak_nobc,2026,val,cs_282_R10p0_L204p3_a04p6_k0p006,10.018613235043922,204.29971991412128,4.610087289346258,0.005659941338303978,0.04903880063690401,0.05670476320150444,0.0,-0.7841159105300903,0.9795010636240572,141.63897705078125
cosserat_sweep_noleak_nobc,2026,val,cs_289_R10p0_L261p4_a06p9_k0p031,10.013484458500468,261.37708247023414,6.937621506430334,0.031176595146921768,0.038310491355495226,0.31218635097266223,0.0,0.35424545407295227,0.3676639815880322,69.25279235839844
cosserat_sweep_noleak_nobc,2026,val,cs_295_R15p8_L158p7_a04p0_k0p015,15.815991131355483,158.68764716391132,3.9849693050340145,0.014939235824352927,0.09966743734639195,0.23627882130719402,0.0,0.8351892828941345,0.0,33.364444732666016
cosserat_sweep_noleak_nobc,777,test,cs_008_R10p3_L219p9_a10p1_k0p005,10.332632062001387,219.86319845391617,10.142430618716505,0.0053904580648451985,0.046995732503942136,0.05569761982969345,0.0,0.6400535106658936,0.03497862417411582,50.204185485839844
cosserat_sweep_noleak_nobc,777,test,cs_011_R14p0_L181p9_a03p0_k0p014,14.044006058026058,181.87220676453305,3.0168575708216334,0.014121937351325617,0.077219088654973,0.1983285737130814,0.0,0.752451479434967,0.0,41.196815490722656
cosserat_sweep_noleak_nobc,777,test,cs_036_R17p3_L276p1_a08p0_k0p003,17.31499466778154,276.12701618004564,8.021361701813102,0.0029834969688785585,0.06270663011290241,0.05165923410747463,0.005219408467040402,0.8883687257766724,0.0,27.331026077270508
cosserat_sweep_noleak_nobc,777,test,cs_041_R16p4_L126p5_a08p0_k0p021,16.380952953924872,126.50298452981617,7.9710182832138035,0.02124330119733147,0.1294906441520671,0.34798551749954276,0.0,-0.8760186433792114,1.0,151.16575622558594
cosserat_sweep_noleak_nobc,777,test,cs_042_R09p1_L132p8_a10p7_k0p011,9.07428353129959,132.76355859514942,10.712075744884107,0.010660025037295294,0.06834920385774537,0.09673208963916997,0.0,-0.5727617144584656,0.9761489237929029,124.94303131103516
cosserat_sweep_noleak_nobc,777,test,cs_043_R12p3_L259p6_a06p1_k0p020,12.297612930140655,259.5885815717731,6.138198863286343,0.01974936588961313,0.04737347403988381,0.24287005732618525,0.1659942363112392,0.8894942998886108,0.10835734870317003,27.190229415893555
cosserat_sweep_noleak_nobc,777,test,cs_069_R13p1_L102p9_a09p7_k0p009,13.148822734681907,102.86134202123537,9.659537039244858,0.008785096495739686,0.12783055787826858,0.11551367652955634,0.22591943957968477,0.9498618841171265,0.0,18.220197677612305
cosserat_sweep_noleak_nobc,777,test,cs_073_R17p1_L219p1_a08p8_k0p003,17.052436405248233,219.11549442691114,8.814141439119714,0.0029927805368692127,0.07782396425158468,0.05103419977982692,0.037393986121819586,0.896100640296936,0.0,26.34984588623047
cosserat_sweep_noleak_nobc,777,test,cs_077_R09p2_L151p4_a10p0_k0p005,9.20785348784141,151.41657260303316,9.988312383907285,0.005444190983975563,0.06081139818150236,0.050129312940274146,0.0,0.5048230290412903,0.031433440636243135,59.68038558959961
cosserat_sweep_noleak_nobc,777,test,cs_101_R17p1_L296p7_a11p6_k0p014,17.06116325157632,296.7454777876344,11.553969292706446,0.014261996667051307,0.05749426538451287,0.2433262534299997,0.0,-0.263499915599823,0.6060311284046692,105.27783203125
cosserat_sweep_noleak_nobc,777,test,cs_103_R15p3_L286p2_a07p5_k0p006,15.26161829168939,286.18579683017697,7.52249632089859,0.006024006987283315,0.05332765797858813,0.09193609522638774,0.0,0.8512255549430847,0.0013123359580052493,31.654775619506836
cosserat_sweep_noleak_nobc,777,test,cs_108_R15p3_L157p3_a02p2_k0p017,15.293754870832325,157.25614939483324,2.219900141123518,0.01652590291086547,0.09725377945274051,0.25274310813795087,0.0,0.8373036980628967,0.0,33.143516540527344
cosserat_sweep_noleak_nobc,777,test,cs_127_R09p9_L248p0_a10p7_k0p027,9.92130915509264,248.0385827557328,10.675877396634963,0.026674469300049557,0.03999905597292941,0.26464565647381927,0.010352760736196318,-0.5183823108673096,0.6892254601226994,121.22380065917969
cosserat_sweep_noleak_nobc,777,test,cs_141_R11p5_L262p4_a02p2_k0p000,11.458340278600033,262.4340458867466,2.23603363554198,0.00012757021987368057,0.04366179029814172,0.0014617429887284563,0.0,0.06228727102279663,0.4590069284064665,86.42888641357422
cosserat_sweep_noleak_nobc,777,test,cs_145_R10p7_L132p0_a11p4_k0p027,10.68541526716421,132.04906413974186,11.393989353830287,0.02683932389225749,0.08092003784181533,0.28678932127869333,0.03927668675870115,0.42316529154777527,0.29379739451681897,64.96540832519531
cosserat_sweep_noleak_nobc,777,test,cs_150_R11p5_L181p7_a04p6_k0p020,11.518299636477002,181.71355082438,4.598057815988547,0.019514730234116283,0.0633871254192212,0.22477651016156833,0.00019462826002335538,0.24722500145435333,0.32833787465940056,75.68663024902344
cosserat_sweep_noleak_nobc,777,test,cs_167_R08p2_L205p2_a11p9_k0p029,8.167573366253167,205.18563210404523,11.938348744333847,0.028818352151288754,0.03980577627439121,0.23537600549017068,0.011277464514874587,0.14210624992847443,0.4514874586817033,81.83025360107422
cosserat_sweep_noleak_nobc,777,test,cs_203_R08p2_L122p5_a11p7_k0p007,8.217382794358745,122.54736312710918,11.737120847034058,0.006959456601839249,0.0670547499731632,0.057188518938040216,0.0,0.6701853275299072,0.0,47.91863250732422
cosserat_sweep_noleak_nobc,777,test,cs_204_R12p4_L232p8_a05p2_k0p008,12.432576699850076,232.80822831481788,5.207207074882933,0.008287663442116892,0.05340265157225443,0.10303701140666176,0.0,0.533245325088501,0.0001752541184717841,57.77500915527344
cosserat_sweep_noleak_nobc,777,test,cs_206_R09p6_L215p3_a11p8_k0p017,9.638041884761433,215.2839528442758,11.817075619528502,0.017454471858595003,0.04476897491627277,0.16822693084952836,0.0,-0.6972711682319641,0.906599552572707,134.20848083496094
cosserat_sweep_noleak_nobc,777,test,cs_207_R14p8_L249p3_a02p6_k0p016,14.829240881322207,249.25664949252578,2.6215250192799315,0.01590100405059888,0.059493862697399674,0.23579981932121089,0.0005787037037037037,0.5199908018112183,0.31828703703703703,58.668357849121094
cosserat_sweep_noleak_nobc,777,test,cs_209_R10p1_L101p7_a07p4_k0p010,10.120819917927488,101.7083360980719,7.440285153684869,0.00990678838805335,0.0995082635917721,0.1002648212405031,0.06160679799150251,0.9598478078842163,0.00019312475859405175,16.291324615478516
cosserat_sweep_noleak_nobc,777,test,cs_212_R12p3_L211p8_a06p3_k0p019,12.338677853831664,211.80580528278526,6.342760122167442,0.018696010110296455,0.05825467265808934,0.23068404590292776,0.0,0.752623438835144,0.037783375314861464,41.181854248046875
cosserat_sweep_noleak_nobc,777,test,cs_221_R10p5_L204p7_a03p8_k0p014,10.490382252632225,204.67218480322697,3.8459641754550846,0.0138257058482252,0.05125455744129443,0.14503693926033523,0.0,0.8663869500160217,0.0,29.958541870117188
cosserat_sweep_noleak_nobc,777,test,cs_227_R14p4_L277p1_a05p3_k0p014,14.418427658248241,277.1340038172114,5.301363838105172,0.01396688597456547,0.052026916436274516,0.20138053503527423,0.0,-0.7999359965324402,1.0,143.1239776611328
cosserat_sweep_noleak_nobc,777,test,cs_231_R13p0_L240p3_a05p5_k0p019,12.97148968239227,240.34910386029168,5.529877524013183,0.019003727820144537,0.053969369862648796,0.2465066593459958,0.012684989429175475,0.6999159455299377,0.14357101672112244,45.57973861694336
cosserat_sweep_noleak_nobc,777,test,cs_232_R15p7_L186p4_a07p6_k0p012,15.654714235548212,186.38536863997828,7.595966650351917,0.01240612882235181,0.08399111126467677,0.19421440148331587,0.0,-0.9755706787109375,1.0,167.30941772460938
cosserat_sweep_noleak_nobc,777,test,cs_234_R09p0_L188p8_a06p9_k0p030,9.039784318877945,188.7543935856657,6.857262450562726,0.029651210053235406,0.0478917822634696,0.2680405436749935,0.018422567645365574,-0.3875711262226105,0.6735751295336787,112.80345153808594
cosserat_sweep_noleak_nobc,777,test,cs_237_R11p3_L274p9_a11p9_k0p019,11.34108282364878,274.8799492157583,11.889809393813541,0.01891886211767744,0.04125831242331523,0.21456038220577117,0.0,0.010550865903496742,0.4974698326196964,89.39546203613281
cosserat_sweep_noleak_nobc,777,test,cs_243_R10p7_L196p9_a03p5_k0p020,10.685120152308635,196.91921575267133,3.4852042530363283,0.020074742814701573,0.054261439704945014,0.21450103900178072,0.0,0.02999899536371231,0.4887790034233549,88.28092956542969
cosserat_sweep_noleak_nobc,777,test,cs_244_R11p7_L295p1_a04p8_k0p019,11.695820140082057,295.08370829461035,4.7886023453704265,0.01872456140796538,0.039635601055972226,0.21899910242948478,0.0,-0.5174300670623779,0.7292839122841064,121.16001892089844
cosserat_sweep_noleak_nobc,777,test,cs_249_R13p4_L183p9_a06p3_k0p012,13.379656937996563,183.94270592169076,6.253312234722841,0.011863671098384052,0.07273817611279805,0.15873184932160347,0.0,-0.8432825803756714,1.0,147.48838806152344
cosserat_sweep_noleak_nobc,777,test,cs_255_R10p5_L206p1_a06p2_k0p025,10.526340555463111,206.14315889437802,6.240269051325278,0.02524660378219265,0.05106325435158639,0.26575434928020286,0.0,0.2059525102376938,0.382381227159069,78.11473846435547
cosserat_sweep_noleak_nobc,777,test,cs_267_R15p8_L136p0_a09p0_k0p011,15.841647847201518,136.00586823878572,9.002830388550995,0.010930430195646728,0.11647767888506334,0.17315602597785346,0.05244755244755245,0.9336369037628174,0.0,20.990962982177734
cosserat_sweep_noleak_nobc,777,test,cs_291_R12p7_L154p6_a11p6_k0p026,12.732700950050912,154.56718024184406,11.635933302839938,0.026381135330233136,0.08237648464653784,0.33590310688268116,0.0,-0.6802796721458435,0.8433021211542137,132.86550903320312
cosserat_sweep_noleak_nobc,777,test,cs_292_R14p4_L187p7_a06p1_k0p018,14.387564331140076,187.69446004590728,6.091070410185052,0.01817182441893697,0.07665417683410097,0.2614482928416378,0.002503369921047564,0.5046784281730652,0.2824956672443674,59.68999099731445
cosserat_sweep_noleak_nobc,777,val,cs_000_R09p8_L228p0_a06p7_k0p015,9.789348136754361,227.9826331430309,6.672684011434852,0.014820021084321922,0.04293900812441602,0.14507834578846715,0.07639550390550581,0.6099259257316589,0.040769670413412076,52.41584777832031
cosserat_sweep_noleak_nobc,777,val,cs_010_R11p6_L163p7_a05p1_k0p005,11.550610145885386,163.73579328774903,5.1366674156380805,0.004713985780975811,0.07054419753893616,0.05444941198929865,0.2933067295483403,0.9625769853591919,0.0,15.724279403686523
cosserat_sweep_noleak_nobc,777,val,cs_044_R15p5_L133p3_a07p4_k0p004,15.535177069130189,133.3034756178414,7.401208121935621,0.004461336701963621,0.11653992513793807,0.06930765563001415,0.0,-0.9397439360618591,0.9899322362052275,160.0085906982422
cosserat_sweep_noleak_nobc,777,val,cs_056_R13p8_L203p6_a05p8_k0p003,13.778802937632774,203.5513047123528,5.821946206602572,0.0031107731319378563,0.06769203939569043,0.04286272996865444,0.3037137857281742,0.9610057473182678,0.0,16.053115844726562
cosserat_sweep_noleak_nobc,777,val,cs_064_R10p8_L101p0_a03p4_k0p031,10.796119193782612,101.01214607231668,3.4248162866480163,0.03110729395226966,0.1068794161253979,0.3358380533047362,0.0,-0.8820745348930359,1.0,151.8936309814453
cosserat_sweep_noleak_nobc,777,val,cs_074_R17p1_L141p4_a09p2_k0p020,17.100988944392856,141.41770281837591,9.179064872954681,0.019773118911264792,0.12092537641030571,0.3381398878977045,0.0,-0.8175015449523926,0.9758919961427194,144.83546447753906
cosserat_sweep_noleak_nobc,777,val,cs_086_R10p0_L275p8_a10p8_k0p020,10.04139294969339,275.84623706717616,10.791822930263493,0.019800424415586795,0.03640213858435936,0.19882384212761012,0.0,-0.6036367416381836,0.6995350639287098,127.13081359863281
cosserat_sweep_noleak_nobc,777,val,cs_090_R13p9_L105p0_a06p5_k0p012,13.88716063125649,104.97689554401948,6.534815367450279,0.012241659663291484,0.1322877816046032,0.17000189413730207,0.026746199730613814,0.12606343626976013,0.41158360592649607,82.75782775878906
cosserat_sweep_noleak_nobc,777,val,cs_105_R12p5_L237p2_a07p2_k0p018,12.487717707176497,237.1990006516807,7.196482412958837,0.0181509031980451,0.05264658650697403,0.2266633552674743,0.0,-0.1426248401403427,0.5767659077641565,98.19976043701172
cosserat_sweep_noleak_nobc,777,val,cs_117_R12p5_L100p7_a10p5_k0p010,12.515629257465857,100.65926548640257,10.488117451574483,0.01024315845605953,0.12433658438682445,0.12819957366151744,0.0,-0.8811095952987671,1.0,151.77650451660156
cosserat_sweep_noleak_nobc,777,val,cs_120_R10p1_L144p9_a04p9_k0p014,10.084726977879201,144.87440743102388,4.9044366749501185,0.014046124818042287,0.06961013443786224,0.14165133388716963,0.0,-0.8614707589149475,1.0,149.48211669921875
cosserat_sweep_noleak_nobc,777,val,cs_154_R09p8_L277p9_a04p5_k0p001,9.786235109693399,277.90254292644227,4.470856904033879,0.0010586313566167327,0.03521462958431333,0.010360015350345022,0.45671412081569834,0.9826686978340149,0.0,10.682734489440918
cosserat_sweep_noleak_nobc,777,val,cs_163_R16p2_L152p7_a09p6_k0p006,16.198749765649147,152.71987348386645,9.616329901244171,0.006459260849737745,0.1060683812533436,0.10463195017595601,0.018295056442195406,0.33453989028930664,0.2199299338263916,70.45543670654297
cosserat_sweep_noleak_nobc,777,val,cs_181_R08p3_L115p6_a11p2_k0p013,8.251120705485146,115.56542371606969,11.165520861428346,0.013081764804294354,0.07139783198266253,0.10793922044099999,0.33223684210526316,0.9677429795265198,0.015092879256965945,14.59231185913086
cosserat_sweep_noleak_nobc,777,val,cs_182_R08p6_L137p8_a02p8_k0p001,8.598629938826313,137.79496076059377,2.7830575511755864,0.0014826998156791183,0.06240162841488559,0.012749187025390723,0.0,-0.8072717189788818,1.0,143.83023071289062
cosserat_sweep_noleak_nobc,777,val,cs_191_R11p6_L122p1_a04p5_k0p001,11.556692137858366,122.07713103471991,4.539556893118883,0.000992905899107872,0.09466713412990949,0.011474707797853135,0.5239493485043127,0.9852562546730042,0.0,9.85091495513916
cosserat_sweep_noleak_nobc,777,val,cs_192_R09p6_L112p9_a08p3_k0p013,9.62626406234593,112.86084808263581,8.328318774743273,0.012966750816968898,0.08529321040807399,0.12482136739478242,0.0011650485436893205,-0.3230762481689453,0.7541747572815534,108.84906768798828
cosserat_sweep_noleak_nobc,777,val,cs_198_R10p6_L134p7_a03p0_k0p024,10.600010918578532,134.70627910668327,3.0387794839948383,0.023869624648933822,0.07868980561911035,0.25301828190106973,0.0,-0.9637457728385925,1.0,164.52474975585938
cosserat_sweep_noleak_nobc,777,val,cs_208_R15p1_L211p3_a09p7_k0p011,15.118689716695576,211.32200135358565,9.722945689626343,0.010666787766914671,0.07154337749905589,0.16126785452182701,0.0,-0.9232355952262878,1.0,157.40377807617188
cosserat_sweep_noleak_nobc,777,val,cs_242_R11p1_L144p0_a05p5_k0p028,11.059500088639602,144.02331857351896,5.4797552543880785,0.027517248613048124,0.07678964905251859,0.3043270134751237,0.03531923151562197,0.6111753582954407,0.16495245488065205,52.325462341308594
cosserat_sweep_noleak_nobc,777,val,cs_261_R12p9_L253p3_a07p9_k0p018,12.906835133732944,253.2871487259385,7.877427617712564,0.0175134431064908,0.050957323333045944,0.22604312279948843,0.0,-0.06810180842876434,0.5717213114754098,93.90496826171875
cosserat_sweep_noleak_nobc,777,val,cs_282_R10p0_L204p3_a04p6_k0p006,10.018613235043922,204.29971991412128,4.610087289346258,0.005659941338303978,0.04903880063690401,0.05670476320150444,0.0,-0.8038457632064819,0.9661574163604718,143.49891662597656
cosserat_sweep_noleak_nobc,777,val,cs_289_R10p0_L261p4_a06p9_k0p031,10.013484458500468,261.37708247023414,6.937621506430334,0.031176595146921768,0.038310491355495226,0.31218635097266223,0.004794783275795934,0.4916115701198578,0.24299961641733794,60.553436279296875
cosserat_sweep_noleak_nobc,777,val,cs_295_R15p8_L158p7_a04p0_k0p015,15.815991131355483,158.68764716391132,3.9849693050340145,0.014939235824352927,0.09966743734639195,0.23627882130719402,0.15294804436660828,0.9522373080253601,0.0,17.77976417541504
